year,commodity,price_real,price_nominal,unit,log_price_real
1960,Aluminum,2672.0,511.0,($/mt),7.890582534656536
1960,"Banana, US",0.75,0.14,($/kg),-0.2876820724517809
1960,Barley,105.3,20.2,($/mt),4.6568134191399295
1960,Beef,3.85,0.74,($/kg),1.3480731482996928
1960,Chicken,1.57,0.3,($/kg),0.45107561936021673
1960,Cocoa,3.08,0.59,($/kg),1.1249295969854831
1960,Coconut oil,1632.0,312.0,($/mt),7.397561535524052
1960,"Coffee, Arabica",4.82,0.92,($/kg),1.572773928062509
1960,"Coffee, Robusta",3.64,0.7,($/kg),1.2919836816486494
1960,Copper,3546.0,679.0,($/mt),8.173575486634153
1960,"Cotton, A Index",3.42,0.65,($/kg),1.2296405510745139
1960,"Crude oil, Brent",8.5,1.6,($/bbl),2.1400661634962708
1960,"Crude oil, Dubai",8.5,1.6,($/bbl),2.1400661634962708
1960,"Crude oil, average",8.5,1.6,($/bbl),2.1400661634962708
1960,Gold,184.0,35.0,($/troy oz),5.214935757608986
1960,Groundnut oil,1708.0,327.0,($/mt),7.443078374348516
1960,"Iron ore, cfr spot",59.7,11.4,($/dmtu),4.089332020398556
1960,Lead,1039.0,199.0,($/mt),6.946013991099227
1960,"Logs, Malaysian",166.9,31.9,($/cubic meter),5.11739483066779
1960,MUV Index,19.1,,(2010=100),2.9496883350525844
1960,Maize,232.5,44.5,($/mt),5.448890225027411
1960,"Natural gas, Europe",2.11,0.4,($/mmbtu),0.7466879474879751
1960,"Natural gas, US",0.73,0.14,($/mmbtu),-0.31471074483970024
1960,Nickel,8520.0,1631.0,($/mt),9.050171619823361
1960,Orange,0.68,0.13,($/kg),-0.3856624808119846
1960,Palm oil,1172.0,224.0,($/mt),7.066466970136958
1960,Phosphate rock,67.9,13.0,($/mt),4.21803603456465
1960,Platinum,436.0,84.0,($/troy oz),6.077642243349034
1960,Potassium chloride,148.9,28.5,($/mt),5.003274939689963
1960,"Rice, Thai 5%",560.8,107.3,($/mt),6.32936433572038
1960,"Rubber, RSS3",4.08,0.78,($/kg),1.4060969884160703
1960,"Sawnwood, Malaysian",779.3,149.2,($/cubic meter),6.658396080849515
1960,"Shrimps, Mexican",8.39,1.61,($/kg),2.127040520479115
1960,Silver,4.8,0.9,($/troy oz),1.5686159179138452
1960,Sorghum,191.1,36.6,($/mt),5.252796851246227
1960,Soybean meal,423.0,81.0,($/mt),6.0473721790462776
1960,Soybean oil,1170.0,224.0,($/mt),7.064759027791802
1960,Soybeans,480.0,92.0,($/mt),6.173786103901937
1960,"Sugar, EU",0.64,0.12,($/kg),-0.4462871026284195
1960,"Sugar, US",0.66,0.13,($/kg),-0.4155154439616658
1960,"Sugar, world",0.35,0.07,($/kg),-1.0498221244986778
1960,TSP,276.9,53.0,($/mt),5.623656430176916
1960,"Tea, Colombo",4.86,0.93,($/kg),1.5810384379124025
1960,"Tea, Kolkata",5.86,1.12,($/kg),1.7681496035889213
1960,"Tea, Mombasa",5.42,1.04,($/kg),1.6900958154515549
1960,"Tea, avg 3 auctions",5.38,1.03,($/kg),1.682688374173693
1960,Tin,11476.0,2197.0,($/mt),9.348013177101256
1960,"Tobacco, US import u.v.",9073.0,1737.0,($/mt),9.11305824916963
1960,Urea,220.7,42.3,($/mt),5.396804313262691
1960,"Wheat, US HRW",303.0,58.0,($/mt),5.713732805509369
1960,Zinc,1286.0,246.0,($/mt),7.1592919047975645
1961,Aluminum,2621.0,511.0,($/mt),7.8713112033234065
1961,"Banana, US",0.69,0.13,($/kg),-0.37106368139083207
1961,Barley,106.3,20.7,($/mt),4.666265285347902
1961,Beef,3.49,0.68,($/kg),1.2499017362143359
1961,Chicken,1.6,0.31,($/kg),0.47000362924573563
1961,Cocoa,2.45,0.48,($/kg),0.8960880245566357
1961,Coconut oil,1299.0,253.0,($/mt),7.1693500166706
1961,"Coffee, Arabica",4.59,0.9,($/kg),1.5238800240724537
1961,"Coffee, Robusta",3.43,0.67,($/kg),1.2325602611778486
1961,Copper,3244.0,633.0,($/mt),8.084562415235304
1961,"Cotton, A Index",3.44,0.67,($/kg),1.235471471385307
1961,"Crude oil, Brent",8.0,1.6,($/bbl),2.0794415416798357
1961,"Crude oil, Dubai",8.0,1.6,($/bbl),2.0794415416798357
1961,"Crude oil, average",8.0,1.6,($/bbl),2.0794415416798357
1961,Gold,181.0,35.0,($/troy oz),5.198497031265826
1961,Groundnut oil,1692.0,330.0,($/mt),7.433666540166168
1961,"Iron ore, cfr spot",56.5,11.0,($/dmtu),4.034240638152395
1961,Lead,907.0,177.0,($/mt),6.810142450115136
1961,"Logs, Malaysian",169.4,33.1,($/cubic meter),5.132262782217954
1961,MUV Index,19.5,,(2010=100),2.970414465569701
1961,Maize,230.4,45.0,($/mt),5.439816928821736
1961,"Natural gas, Europe",2.07,0.4,($/mmbtu),0.7275486072772777
1961,"Natural gas, US",0.77,0.15,($/mmbtu),-0.2613647641344075
1961,Nickel,8768.0,1711.0,($/mt),9.078864009187797
1961,Orange,0.68,0.13,($/kg),-0.3856624808119846
1961,Palm oil,1170.0,228.0,($/mt),7.064759027791802
1961,Phosphate rock,66.6,13.0,($/mt),4.198704577546343
1961,Platinum,428.0,84.0,($/troy oz),6.059123195581797
1961,Potassium chloride,153.7,30.0,($/mt),5.03500265054455
1961,"Rice, Thai 5%",609.5,119.0,($/mt),6.412638948921326
1961,"Rubber, RSS3",3.08,0.6,($/kg),1.1249295969854831
1961,"Sawnwood, Malaysian",778.8,152.0,($/cubic meter),6.657754273498044
1961,"Shrimps, Mexican",8.68,1.69,($/kg),2.1610215286722587
1961,Silver,4.7,0.9,($/troy oz),1.547562508716013
1961,Sorghum,212.2,41.4,($/mt),5.357529226179882
1961,Soybean meal,497.0,97.0,($/mt),6.208590026096629
1961,Soybean oil,1472.0,287.0,($/mt),7.294377299288821
1961,Soybeans,560.0,109.0,($/mt),6.327936783729195
1961,"Sugar, EU",0.64,0.12,($/kg),-0.4462871026284195
1961,"Sugar, US",0.64,0.13,($/kg),-0.4462871026284195
1961,"Sugar, world",0.3,0.06,($/kg),-1.2039728043259361
1961,TSP,266.5,52.0,($/mt),5.585374243605899
1961,"Tea, Colombo",4.57,0.89,($/kg),1.5195132049061133
1961,"Tea, Kolkata",5.01,0.98,($/kg),1.6114359150967734
1961,"Tea, Mombasa",5.04,0.98,($/kg),1.6174060820832772
1961,"Tea, avg 3 auctions",4.88,0.95,($/kg),1.5851452198650557
1961,Tin,12554.0,2450.0,($/mt),9.437794618877478
1961,"Tobacco, US import u.v.",8010.0,1563.0,($/mt),8.988446040062405
1961,Urea,216.5,42.3,($/mt),5.377590547442544
1961,"Wheat, US HRW",300.3,58.6,($/mt),5.7047819749892845
1961,Zinc,1098.0,214.0,($/mt),7.001245622069476
1962,Aluminum,2505.0,498.0,($/mt),7.826044013518965
1962,"Banana, US",0.66,0.13,($/kg),-0.4155154439616658
1962,Barley,114.2,22.7,($/mt),4.73795129722191
1962,Beef,3.59,0.71,($/kg),1.2781522025001875
1962,Chicken,1.61,0.32,($/kg),0.4762341789963717
1962,Cocoa,2.3,0.46,($/kg),0.8329091229351039
1962,Coconut oil,1264.0,251.0,($/mt),7.142036574706803
1962,"Coffee, Arabica",4.19,0.83,($/kg),1.4327007339340465
1962,"Coffee, Robusta",3.43,0.68,($/kg),1.2325602611778486
1962,Copper,3245.0,645.0,($/mt),8.08487062913819
1962,"Cotton, A Index",3.27,0.65,($/kg),1.184789984909162
1962,"Crude oil, Brent",7.6,1.5,($/bbl),2.028148247292285
1962,"Crude oil, Dubai",7.6,1.5,($/bbl),2.028148247292285
1962,"Crude oil, average",7.6,1.5,($/bbl),2.028148247292285
1962,Gold,177.0,35.0,($/troy oz),5.176149732573829
1962,Groundnut oil,1380.0,274.0,($/mt),7.22983877815125
1962,"Iron ore, cfr spot",55.4,11.0,($/dmtu),4.014579593753238
1962,Lead,781.0,155.0,($/mt),6.660575149839686
1962,"Logs, Malaysian",183.1,36.4,($/cubic meter),5.210032451680465
1962,MUV Index,19.9,,(2010=100),2.990719731730447
1962,Maize,244.7,48.7,($/mt),5.5000329704486255
1962,"Natural gas, Europe",2.04,0.4,($/mmbtu),0.712949807856125
1962,"Natural gas, US",0.8,0.16,($/mmbtu),-0.2231435513142097
1962,Nickel,8858.0,1761.0,($/mt),9.089076284483143
1962,Orange,0.54,0.11,($/kg),-0.616186139423817
1962,Palm oil,1088.0,216.0,($/mt),6.992096427415888
1962,Phosphate rock,57.8,11.5,($/mt),4.056988775678332
1962,Platinum,420.0,84.0,($/troy oz),6.040254711277414
1962,Potassium chloride,150.9,30.0,($/mt),5.016617365773803
1962,"Rice, Thai 5%",678.7,134.9,($/mt),6.520179203709713
1962,"Rubber, RSS3",2.84,0.56,($/kg),1.0438040521731147
1962,"Sawnwood, Malaysian",805.2,160.1,($/cubic meter),6.691090693765636
1962,"Shrimps, Mexican",11.33,2.25,($/kg),2.427454075039915
1962,Silver,5.5,1.1,($/troy oz),1.7047480922384253
1962,Sorghum,224.9,44.7,($/mt),5.41565585896527
1962,Soybean meal,448.0,89.0,($/mt),6.104793232414985
1962,Soybean oil,1142.0,227.0,($/mt),7.040536390215956
1962,Soybeans,506.0,101.0,($/mt),6.226536669287466
1962,"Sugar, EU",0.64,0.13,($/kg),-0.4462871026284195
1962,"Sugar, US",0.65,0.13,($/kg),-0.4307829160924542
1962,"Sugar, world",0.31,0.06,($/kg),-1.171182981502945
1962,TSP,256.5,51.0,($/mt),5.547128664610824
1962,"Tea, Colombo",4.33,0.86,($/kg),1.4655675420143985
1962,"Tea, Kolkata",5.56,1.1,($/kg),1.715598108262491
1962,"Tea, Mombasa",4.8,0.95,($/kg),1.5686159179138452
1962,"Tea, avg 3 auctions",4.89,0.97,($/kg),1.5871923034867805
1962,Tin,12432.0,2471.0,($/mt),9.428029072607428
1962,"Tobacco, US import u.v.",7067.0,1405.0,($/mt),8.863191340690854
1962,Urea,212.5,42.3,($/mt),5.358941988364472
1962,"Wheat, US HRW",323.6,64.3,($/mt),5.779508185184337
1962,Zinc,935.0,186.0,($/mt),6.840546529288687
1963,Aluminum,2556.0,499.0,($/mt),7.846198815497425
1963,"Banana, US",0.74,0.14,($/kg),-0.3011050927839216
1963,Barley,122.9,24.0,($/mt),4.811371016571989
1963,Beef,3.41,0.67,($/kg),1.2267122912954254
1963,Chicken,1.68,0.33,($/kg),0.5187937934151675
1963,Cocoa,2.83,0.55,($/kg),1.0402767116551463
1963,Coconut oil,1467.0,286.0,($/mt),7.2909747781429814
1963,"Coffee, Arabica",4.13,0.81,($/kg),1.4182774069729414
1963,"Coffee, Robusta",3.19,0.62,($/kg),1.1600209167967532
1963,Copper,3310.0,646.0,($/mt),8.104703468371108
1963,"Cotton, A Index",3.31,0.65,($/kg),1.1969481893889715
1963,"Crude oil, Brent",7.7,1.5,($/bbl),2.0412203288596382
1963,"Crude oil, Dubai",7.7,1.5,($/bbl),2.0412203288596382
1963,"Crude oil, average",7.7,1.5,($/bbl),2.0412203288596382
1963,Gold,180.0,35.0,($/troy oz),5.19295685089021
1963,Groundnut oil,1376.0,269.0,($/mt),7.226936018493289
1963,"Iron ore, cfr spot",56.5,11.0,($/dmtu),4.034240638152395
1963,Lead,896.0,175.0,($/mt),6.79794041297493
1963,"Logs, Malaysian",181.8,35.5,($/cubic meter),5.202907181743378
1963,MUV Index,19.5,,(2010=100),2.970414465569701
1963,Maize,275.5,53.8,($/mt),5.6185876285929695
1963,"Natural gas, Europe",2.01,0.39,($/mmbtu),0.6981347220709843
1963,"Natural gas, US",0.82,0.16,($/mmbtu),-0.19845093872383832
1963,Nickel,8925.0,1742.0,($/mt),9.09661160664784
1963,Orange,0.48,0.09,($/kg),-0.7339691750802004
1963,Palm oil,1140.0,222.0,($/mt),7.038783541388542
1963,Phosphate rock,58.9,11.5,($/mt),4.075841090657541
1963,Platinum,415.0,81.0,($/troy oz),6.028278520230698
1963,Potassium chloride,153.7,30.0,($/mt),5.03500265054455
1963,"Rice, Thai 5%",643.9,125.7,($/mt),6.467543434544138
1963,"Rubber, RSS3",2.67,0.52,($/kg),0.9820784724121582
1963,"Sawnwood, Malaysian",808.8,157.8,($/cubic meter),6.695551667706262
1963,"Shrimps, Mexican",10.23,2.0,($/kg),2.325324579963535
1963,Silver,6.6,1.3,($/troy oz),1.8870696490323797
1963,Sorghum,245.1,47.8,($/mt),5.501666290534067
1963,Soybean meal,466.0,91.0,($/mt),6.144185634125646
1963,Soybean oil,1146.0,224.0,($/mt),7.044032897274685
1963,Soybeans,564.0,110.0,($/mt),6.335054251498059
1963,"Sugar, EU",0.65,0.13,($/kg),-0.4307829160924542
1963,"Sugar, US",0.85,0.17,($/kg),-0.16251892949777494
1963,"Sugar, world",0.94,0.18,($/kg),-0.06187540371808753
1963,TSP,266.5,52.0,($/mt),5.585374243605899
1963,"Tea, Colombo",4.18,0.81,($/kg),1.430311246536665
1963,"Tea, Kolkata",5.55,1.08,($/kg),1.713797927758343
1963,"Tea, Mombasa",4.92,0.96,($/kg),1.5933085305042167
1963,"Tea, avg 3 auctions",4.88,0.95,($/kg),1.5851452198650557
1963,Tin,12850.0,2508.0,($/mt),9.461099090323366
1963,"Tobacco, US import u.v.",6885.0,1344.0,($/mt),8.837100411162755
1963,Urea,216.5,42.3,($/mt),5.377590547442544
1963,"Wheat, US HRW",330.4,64.5,($/mt),5.800304041646823
1963,Zinc,1084.0,212.0,($/mt),6.988413181999592
1964,Aluminum,2658.0,526.0,($/mt),7.885329239273191
1964,"Banana, US",0.86,0.17,($/kg),-0.15082288973458366
1964,Barley,127.1,25.1,($/mt),4.844974178195408
1964,Beef,4.25,0.84,($/kg),1.4469189829363254
1964,Chicken,1.71,0.34,($/kg),0.5364933705145685
1964,Cocoa,2.56,0.51,($/kg),0.9400072584914712
1964,Coconut oil,1498.0,296.0,($/mt),7.311886164077165
1964,"Coffee, Arabica",5.1,1.01,($/kg),1.62924053973028
1964,"Coffee, Robusta",3.98,0.79,($/kg),1.3812818192963463
1964,Copper,4901.0,970.0,($/mt),8.497194544909547
1964,"Cotton, A Index",3.29,0.65,($/kg),1.1908875647772805
1964,"Crude oil, Brent",7.3,1.5,($/bbl),1.9878743481543455
1964,"Crude oil, Dubai",7.3,1.5,($/bbl),1.9878743481543455
1964,"Crude oil, average",7.3,1.5,($/bbl),1.9878743481543455
1964,Gold,177.0,35.0,($/troy oz),5.176149732573829
1964,Groundnut oil,1594.0,315.0,($/mt),7.374001859350161
1964,"Iron ore, cfr spot",51.7,10.2,($/dmtu),3.9454577815143836
1964,Lead,1404.0,278.0,($/mt),7.247080584585756
1964,"Logs, Malaysian",152.9,30.3,($/cubic meter),5.029784112935016
1964,MUV Index,19.8,,(2010=100),2.9856819377004897
1964,Maize,276.1,54.6,($/mt),5.620763118936109
1964,"Natural gas, Europe",1.94,0.38,($/mmbtu),0.6626879730752367
1964,"Natural gas, US",0.76,0.15,($/mmbtu),-0.2744368457017603
1964,Nickel,8802.0,1742.0,($/mt),9.082734247371036
1964,Orange,0.42,0.08,($/kg),-0.8675005677047231
1964,Palm oil,1210.0,239.0,($/mt),7.098375638590786
1964,Phosphate rock,63.2,12.5,($/mt),4.146304301152812
1964,Platinum,447.0,88.0,($/troy oz),6.102558594613569
1964,Potassium chloride,164.2,32.5,($/mt),5.101085197018328
1964,"Rice, Thai 5%",607.2,120.1,($/mt),6.408858226081421
1964,"Rubber, RSS3",2.48,0.49,($/kg),0.9082585601768908
1964,"Sawnwood, Malaysian",731.9,144.8,($/cubic meter),6.595643892607181
1964,"Shrimps, Mexican",9.16,1.81,($/kg),2.214846178686039
1964,Silver,6.5,1.3,($/troy oz),1.8718021769015913
1964,Sorghum,243.8,48.2,($/mt),5.496348217047172
1964,Soybean meal,450.0,89.0,($/mt),6.1092475827643655
1964,Soybean oil,1177.0,233.0,($/mt),7.0707241072602764
1964,Soybeans,558.0,111.0,($/mt),6.324358962381311
1964,"Sugar, EU",0.64,0.13,($/kg),-0.4462871026284195
1964,"Sugar, US",0.7,0.14,($/kg),-0.35667494393873245
1964,"Sugar, world",0.64,0.13,($/kg),-0.4462871026284195
1964,TSP,267.8,53.0,($/mt),5.5902404332570725
1964,"Tea, Colombo",4.14,0.82,($/kg),1.4206957878372228
1964,"Tea, Kolkata",5.25,1.04,($/kg),1.6582280766035324
1964,"Tea, Mombasa",4.66,0.92,($/kg),1.5390154481375546
1964,"Tea, avg 3 auctions",4.68,0.93,($/kg),1.5432981099295553
1964,Tin,17246.0,3413.0,($/mt),9.75533551151227
1964,"Tobacco, US import u.v.",7521.0,1488.0,($/mt),8.925454386826402
1964,Urea,305.7,60.5,($/mt),5.722604228896789
1964,"Wheat, US HRW",341.2,67.5,($/mt),5.832468815617524
1964,Zinc,1650.0,326.0,($/mt),7.408530566894626
1965,Aluminum,2704.0,540.0,($/mt),7.902487437162855
1965,"Banana, US",0.8,0.16,($/kg),-0.2231435513142097
1965,Barley,121.9,24.3,($/mt),4.803201036487226
1965,Beef,4.41,0.88,($/kg),1.4838746894587547
1965,Chicken,1.75,0.35,($/kg),0.5596157879354227
1965,Cocoa,1.83,0.37,($/kg),0.6043159668533296
1965,Coconut oil,1753.0,350.0,($/mt),7.469083884921234
1965,"Coffee, Arabica",5.01,1.0,($/kg),1.6114359150967734
1965,"Coffee, Robusta",3.39,0.68,($/kg),1.220829921392359
1965,Copper,6471.0,1293.0,($/mt),8.775085935057266
1965,"Cotton, A Index",3.19,0.64,($/kg),1.1600209167967532
1965,"Crude oil, Brent",7.1,1.4,($/bbl),1.9600947840472698
1965,"Crude oil, Dubai",7.1,1.4,($/bbl),1.9600947840472698
1965,"Crude oil, average",7.1,1.4,($/bbl),1.9600947840472698
1965,Gold,176.0,35.0,($/troy oz),5.170483995038151
1965,Groundnut oil,1621.0,324.0,($/mt),7.390798521735676
1965,"Iron ore, cfr spot",53.4,10.7,($/dmtu),3.977810745966149
1965,Lead,1588.0,317.0,($/mt),7.370230641807081
1965,"Logs, Malaysian",175.3,35.0,($/cubic meter),5.1664987919271885
1965,MUV Index,20.0,,(2010=100),2.995732273553991
1965,Maize,278.7,55.7,($/mt),5.630135934487902
1965,"Natural gas, Europe",2.06,0.41,($/mmbtu),0.7227059828014898
1965,"Natural gas, US",0.8,0.16,($/mmbtu),-0.2231435513142097
1965,Nickel,8684.0,1735.0,($/mt),9.069237530998182
1965,Orange,0.48,0.1,($/kg),-0.7339691750802004
1965,Palm oil,1364.0,273.0,($/mt),7.218176838403408
1965,Phosphate rock,70.1,14.0,($/mt),4.249922794040544
1965,Platinum,491.0,98.0,($/troy oz),6.19644412779452
1965,Potassium chloride,147.7,29.5,($/mt),4.995183189537334
1965,"Rice, Thai 5%",594.6,118.8,($/mt),6.387888910563998
1965,"Rubber, RSS3",2.53,0.5,($/kg),0.9282193027394288
1965,"Sawnwood, Malaysian",784.6,156.7,($/cubic meter),6.665174033775452
1965,"Shrimps, Mexican",9.95,1.99,($/kg),2.2975725511705014
1965,Silver,6.5,1.3,($/troy oz),1.8718021769015913
1965,Sorghum,239.9,47.9,($/mt),5.480222169845649
1965,Soybean meal,486.0,97.0,($/mt),6.186208623900494
1965,Soybean oil,1351.0,270.0,($/mt),7.208600337960199
1965,Soybeans,585.0,117.0,($/mt),6.371611847231857
1965,"Sugar, EU",0.62,0.12,($/kg),-0.4780358009429998
1965,"Sugar, US",0.68,0.14,($/kg),-0.3856624808119846
1965,"Sugar, world",0.22,0.04,($/kg),-1.5141277326297755
1965,TSP,270.3,54.0,($/mt),5.599532453282402
1965,"Tea, Colombo",4.24,0.85,($/kg),1.4445632692438664
1965,"Tea, Kolkata",5.72,1.14,($/kg),1.7439688053917064
1965,"Tea, Mombasa",5.07,1.01,($/kg),1.623340817603092
1965,"Tea, avg 3 auctions",5.01,1.0,($/kg),1.6114359150967734
1965,Tin,19475.0,3891.0,($/mt),9.876886870738948
1965,"Tobacco, US import u.v.",6334.0,1265.0,($/mt),8.753687227098585
1965,Urea,329.1,65.8,($/mt),5.796361655949294
1965,"Wheat, US HRW",297.6,59.5,($/mt),5.6957503029589365
1965,Zinc,1558.0,311.0,($/mt),7.351158226430694
1966,Aluminum,2607.0,540.0,($/mt),7.865955413933502
1966,"Banana, US",0.74,0.15,($/kg),-0.3011050927839216
1966,Barley,125.1,25.9,($/mt),4.829113417472866
1966,Beef,4.94,1.02,($/kg),1.5973653311998313
1966,Chicken,1.76,0.36,($/kg),0.5653138090500605
1966,Cocoa,2.5,0.52,($/kg),0.9162907318741551
1966,Coconut oil,1563.0,324.0,($/mt),7.354362330421477
1966,"Coffee, Arabica",4.48,0.93,($/kg),1.4996230464268938
1966,"Coffee, Robusta",3.57,0.74,($/kg),1.2725655957915476
1966,Copper,7393.0,1532.0,($/mt),8.9082888855571
1966,"Cotton, A Index",3.01,0.62,($/kg),1.1019400787607843
1966,"Crude oil, Brent",6.6,1.4,($/bbl),1.8870696490323797
1966,"Crude oil, Dubai",6.6,1.4,($/bbl),1.8870696490323797
1966,"Crude oil, average",6.6,1.4,($/bbl),1.8870696490323797
1966,Gold,170.0,35.0,($/troy oz),5.135798437050262
1966,Groundnut oil,1430.0,296.0,($/mt),7.265429723253953
1966,"Iron ore, cfr spot",46.0,9.5,($/dmtu),3.828641396489095
1966,Lead,1258.0,261.0,($/mt),7.1372784372603855
1966,"Logs, Malaysian",177.8,36.8,($/cubic meter),5.180659323079804
1966,MUV Index,20.7,,(2010=100),3.0301337002713233
1966,Maize,281.4,58.3,($/mt),5.639777144680289
1966,"Natural gas, Europe",2.05,0.42,($/mmbtu),0.7178397931503168
1966,"Natural gas, US",0.77,0.16,($/mmbtu),-0.2613647641344075
1966,Nickel,8395.0,1739.0,($/mt),9.035391569511642
1966,Orange,0.41,0.08,($/kg),-0.8915981192837836
1966,Palm oil,1138.0,236.0,($/mt),7.037027614686276
1966,Phosphate rock,62.8,13.0,($/mt),4.139955073474153
1966,Platinum,481.0,100.0,($/troy oz),6.175867270105761
1966,Potassium chloride,132.8,27.5,($/mt),4.888844237042334
1966,"Rice, Thai 5%",700.9,145.2,($/mt),6.552365223506279
1966,"Rubber, RSS3",2.28,0.47,($/kg),0.8241754429663494
1966,"Sawnwood, Malaysian",777.6,161.1,($/cubic meter),6.656212253146229
1966,"Shrimps, Mexican",11.17,2.31,($/kg),2.413231613081109
1966,Silver,6.2,1.3,($/troy oz),1.824549292051046
1966,Sorghum,234.5,48.6,($/mt),5.457455587886334
1966,Soybean meal,517.0,107.0,($/mt),6.248042874508429
1966,Soybean oil,1262.0,262.0,($/mt),7.140453043101158
1966,Soybeans,607.0,126.0,($/mt),6.408528791059498
1966,"Sugar, EU",0.63,0.13,($/kg),-0.4620354595965587
1966,"Sugar, US",0.68,0.14,($/kg),-0.3856624808119846
1966,"Sugar, world",0.19,0.04,($/kg),-1.6607312068216509
1966,TSP,241.4,50.0,($/mt),5.486455308663431
1966,"Tea, Colombo",3.67,0.76,($/kg),1.3001916620664788
1966,"Tea, Kolkata",4.58,0.95,($/kg),1.5216989981260935
1966,"Tea, Mombasa",4.41,0.91,($/kg),1.4838746894587547
1966,"Tea, avg 3 auctions",4.22,0.87,($/kg),1.4398351280479205
1966,Tin,17251.0,3574.0,($/mt),9.755625391793744
1966,"Tobacco, US import u.v.",7633.0,1581.0,($/mt),8.94023623179847
1966,Urea,286.0,59.3,($/mt),5.655991810819852
1966,"Wheat, US HRW",303.9,63.0,($/mt),5.716698699922747
1966,Zinc,1357.0,281.0,($/mt),7.213031659834869
1967,Aluminum,2585.0,540.0,($/mt),7.85748078694253
1967,"Banana, US",0.76,0.16,($/kg),-0.2744368457017603
1967,Barley,125.6,26.3,($/mt),4.833102254034098
1967,Beef,4.98,1.04,($/kg),1.6054298910365616
1967,Chicken,1.78,0.37,($/kg),0.5766133643039938
1967,Cocoa,2.86,0.6,($/kg),1.0508216248317612
1967,Coconut oil,1562.0,326.0,($/mt),7.3537223303996315
1967,"Coffee, Arabica",4.14,0.86,($/kg),1.4206957878372228
1967,"Coffee, Robusta",3.54,0.74,($/kg),1.264126727145683
1967,Copper,5430.0,1135.0,($/mt),8.599694412927981
1967,"Cotton, A Index",3.24,0.68,($/kg),1.1755733298042381
1967,"Crude oil, Brent",6.4,1.3,($/bbl),1.8562979903656263
1967,"Crude oil, Dubai",6.4,1.3,($/bbl),1.8562979903656263
1967,"Crude oil, average",6.4,1.3,($/bbl),1.8562979903656263
1967,DAP,327.8,68.5,($/mt),5.792403666309729
1967,Gold,167.0,35.0,($/troy oz),5.117993812416755
1967,Groundnut oil,1354.0,283.0,($/mt),7.21081845347222
1967,"Iron ore, cfr spot",42.4,8.9,($/dmtu),3.7471483622379123
1967,Lead,1089.0,228.0,($/mt),6.9930151229329605
1967,"Logs, Malaysian",188.2,39.3,($/cubic meter),5.23750522715128
1967,MUV Index,20.9,,(2010=100),3.039749158970765
1967,Maize,258.9,54.1,($/mt),5.556441886757492
1967,"Natural gas, Europe",2.19,0.46,($/mmbtu),0.7839015438284094
1967,"Natural gas, US",0.77,0.16,($/mmbtu),-0.2613647641344075
1967,Nickel,9263.0,1936.0,($/mt),9.133783249254028
1967,Orange,0.76,0.16,($/kg),-0.2744368457017603
1967,Palm oil,1069.0,223.0,($/mt),6.974478911025045
1967,Phosphate rock,57.4,12.0,($/mt),4.050044303325521
1967,Platinum,528.0,110.0,($/troy oz),6.269096283706261
1967,Potassium chloride,122.0,25.5,($/mt),4.804021044733257
1967,"Rice, Thai 5%",906.2,189.4,($/mt),6.809260032233038
1967,"Rubber, RSS3",1.87,0.39,($/kg),0.6259384308664954
1967,"Sawnwood, Malaysian",798.6,166.9,($/cubic meter),6.682860194629121
1967,"Shrimps, Mexican",10.97,2.29,($/kg),2.395164274287139
1967,Silver,7.4,1.5,($/troy oz),2.0014800002101243
1967,Sorghum,248.3,51.9,($/mt),5.514637692514121
1967,Soybean meal,473.0,99.0,($/mt),6.159095388491933
1967,Soybean oil,1038.0,217.0,($/mt),6.945051063725834
1967,Soybeans,549.0,115.0,($/mt),6.3080984415095305
1967,"Sugar, EU",0.62,0.13,($/kg),-0.4780358009429998
1967,"Sugar, US",0.7,0.15,($/kg),-0.35667494393873245
1967,"Sugar, world",0.2,0.04,($/kg),-1.6094379124341003
1967,TSP,215.3,45.0,($/mt),5.372032404370318
1967,"Tea, Colombo",3.44,0.72,($/kg),1.235471471385307
1967,"Tea, Kolkata",3.82,0.8,($/kg),1.3402504226184837
1967,"Tea, Mombasa",4.74,0.99,($/kg),1.556037135706985
1967,"Tea, avg 3 auctions",4.0,0.84,($/kg),1.3862943611198906
1967,Tin,15830.0,3308.0,($/mt),9.669662152875057
1967,"Tobacco, US import u.v.",6218.0,1299.0,($/mt),8.735203590618699
1967,Urea,235.7,49.3,($/mt),5.462559809942086
1967,"Wheat, US HRW",314.4,65.7,($/mt),5.7506660605550515
1967,Zinc,1308.0,273.0,($/mt),7.176254532017144
1968,Aluminum,2669.0,553.0,($/mt),7.889459149404524
1968,"Banana, US",0.74,0.15,($/kg),-0.3011050927839216
1968,Barley,121.5,25.2,($/mt),4.799914262780603
1968,Beef,5.24,1.09,($/kg),1.6563214983329508
1968,Chicken,1.85,0.38,($/kg),0.6151856390902335
1968,Cocoa,3.48,0.72,($/kg),1.247032293786383
1968,Coconut oil,1927.0,399.0,($/mt),7.563719668414366
1968,"Coffee, Arabica",4.19,0.87,($/kg),1.4327007339340465
1968,"Coffee, Robusta",3.6,0.75,($/kg),1.2809338454620642
1968,Copper,5995.0,1242.0,($/mt),8.698681067461614
1968,"Cotton, A Index",3.3,0.68,($/kg),1.1939224684724346
1968,"Crude oil, Brent",6.4,1.3,($/bbl),1.8562979903656263
1968,"Crude oil, Dubai",6.4,1.3,($/bbl),1.8562979903656263
1968,"Crude oil, average",6.4,1.3,($/bbl),1.8562979903656263
1968,DAP,292.1,60.5,($/mt),5.677096209393695
1968,Gold,188.0,39.0,($/troy oz),5.236441962829949
1968,Groundnut oil,1307.0,271.0,($/mt),7.175489713624222
1968,"Iron ore, cfr spot",42.3,8.8,($/dmtu),3.744787086052232
1968,Lead,1161.0,240.0,($/mt),7.057036981697891
1968,"Logs, Malaysian",193.3,40.0,($/cubic meter),5.264243386214285
1968,MUV Index,20.7,,(2010=100),3.0301337002713233
1968,Maize,231.5,48.0,($/mt),5.444579873526289
1968,"Natural gas, Europe",2.18,0.45,($/mmbtu),0.7793248768009977
1968,"Natural gas, US",0.77,0.16,($/mmbtu),-0.2613647641344075
1968,Nickel,10014.0,2075.0,($/mt),9.211739392889891
1968,Orange,0.81,0.17,($/kg),-0.21072103131565253
1968,Palm oil,815.0,169.0,($/mt),6.703188113240863
1968,Phosphate rock,55.5,11.5,($/mt),4.0163830207523885
1968,Platinum,566.0,117.0,($/troy oz),6.338594078203183
1968,Potassium chloride,115.9,24.0,($/mt),4.752727750345706
1968,"Rice, Thai 5%",883.0,182.9,($/mt),6.78332520060396
1968,"Rubber, RSS3",1.84,0.38,($/kg),0.6097655716208943
1968,"Sawnwood, Malaysian",813.6,168.5,($/cubic meter),6.70146884473435
1968,"Shrimps, Mexican",12.45,2.58,($/kg),2.5217206229107165
1968,Silver,10.4,2.1,($/troy oz),2.341805806147327
1968,Sorghum,253.8,52.6,($/mt),5.536546555280287
1968,Soybean meal,465.0,96.0,($/mt),6.142037405587356
1968,Soybean oil,860.0,178.0,($/mt),6.756932389247553
1968,Soybeans,535.0,111.0,($/mt),6.282266746896006
1968,"Sugar, EU",0.54,0.11,($/kg),-0.616186139423817
1968,"Sugar, US",0.74,0.15,($/kg),-0.3011050927839216
1968,"Sugar, world",0.2,0.04,($/kg),-1.6094379124341003
1968,TSP,181.0,37.5,($/mt),5.198497031265826
1968,"Tea, Colombo",3.27,0.68,($/kg),1.184789984909162
1968,"Tea, Kolkata",3.54,0.73,($/kg),1.264126727145683
1968,"Tea, Mombasa",4.03,0.84,($/kg),1.3937663759585917
1968,"Tea, avg 3 auctions",3.61,0.75,($/kg),1.2837077723447896
1968,Tin,15095.0,3127.0,($/mt),9.622118842140939
1968,"Tobacco, US import u.v.",5814.0,1204.0,($/mt),8.668024081118821
1968,Urea,171.4,35.5,($/mt),5.1440000061636795
1968,"Wheat, US HRW",303.0,62.8,($/mt),5.713732805509369
1968,Zinc,1269.0,263.0,($/mt),7.1459844677143876
1969,Aluminum,2696.0,588.0,($/mt),7.899524472032198
1969,"Banana, US",0.73,0.16,($/kg),-0.31471074483970024
1969,Barley,117.2,25.6,($/mt),4.763881877142913
1969,Beef,5.6,1.22,($/kg),1.7227665977411035
1969,Chicken,1.84,0.4,($/kg),0.6097655716208943
1969,Cocoa,4.11,0.9,($/kg),1.4134230285081433
1969,Coconut oil,1655.0,361.0,($/mt),7.411556287811163
1969,"Coffee, Arabica",4.02,0.88,($/kg),1.3912819026309295
1969,"Coffee, Robusta",3.34,0.73,($/kg),1.205970806988609
1969,Copper,6723.0,1467.0,($/mt),8.813289762469037
1969,"Cotton, A Index",2.87,0.63,($/kg),1.0543120297715298
1969,"Crude oil, Brent",5.8,1.3,($/bbl),1.7578579175523736
1969,"Crude oil, Dubai",5.8,1.3,($/bbl),1.7578579175523736
1969,"Crude oil, average",5.8,1.3,($/bbl),1.7578579175523736
1969,DAP,265.8,58.0,($/mt),5.582744146279145
1969,Gold,188.0,41.0,($/troy oz),5.236441962829949
1969,Groundnut oil,1519.0,332.0,($/mt),7.325807502595773
1969,"Iron ore, cfr spot",45.1,9.8,($/dmtu),3.8088822465086327
1969,Lead,1328.0,290.0,($/mt),7.191429330036379
1969,"Logs, Malaysian",178.2,38.9,($/cubic meter),5.182906515036709
1969,MUV Index,21.8,,(2010=100),3.0819099697950434
1969,Maize,239.6,52.3,($/mt),5.478970866241294
1969,"Natural gas, Europe",2.07,0.45,($/mmbtu),0.7275486072772777
1969,"Natural gas, US",0.78,0.17,($/mmbtu),-0.2484613592984996
1969,Nickel,10829.0,2363.0,($/mt),9.28998299962838
1969,Orange,0.78,0.17,($/kg),-0.2484613592984996
1969,Palm oil,830.0,181.0,($/mt),6.721425700790643
1969,Phosphate rock,51.5,11.3,($/mt),3.9415818076696905
1969,Platinum,569.0,124.0,($/troy oz),6.343880434126331
1969,Potassium chloride,100.8,22.0,($/mt),4.613138355637268
1969,"Rice, Thai 5%",771.5,168.4,($/mt),6.648336671803215
1969,"Rubber, RSS3",2.3,0.5,($/kg),0.8329091229351039
1969,"Sawnwood, Malaysian",760.2,165.9,($/cubic meter),6.633581556555148
1969,"Shrimps, Mexican",13.13,2.87,($/kg),2.574899688314705
1969,Silver,8.2,1.8,($/troy oz),2.1041341542702074
1969,Sorghum,246.3,53.8,($/mt),5.506550305126492
1969,Soybean meal,434.0,95.0,($/mt),6.073044534100405
1969,Soybean oil,903.0,197.0,($/mt),6.805722553416985
1969,Soybeans,489.0,107.0,($/mt),6.192362489474872
1969,"Sugar, EU",0.51,0.11,($/kg),-0.6733445532637656
1969,"Sugar, US",0.72,0.16,($/kg),-0.3285040669720361
1969,"Sugar, world",0.32,0.07,($/kg),-1.1394342831883648
1969,TSP,179.8,39.3,($/mt),5.19184512203752
1969,"Tea, Colombo",2.73,0.6,($/kg),1.0043016091968684
1969,"Tea, Kolkata",3.95,0.86,($/kg),1.3737155789130306
1969,"Tea, Mombasa",3.3,0.72,($/kg),1.1939224684724346
1969,"Tea, avg 3 auctions",3.33,0.73,($/kg),1.2029723039923526
1969,Tin,15705.0,3427.0,($/mt),9.661734411972747
1969,"Tobacco, US import u.v.",5097.0,1112.0,($/mt),8.536407410340042
1969,Urea,121.9,26.6,($/mt),4.803201036487226
1969,"Wheat, US HRW",267.6,58.4,($/mt),5.589493328254074
1969,Zinc,1312.0,286.0,($/mt),7.179307969504034
1970,Aluminum,2646.0,614.0,($/mt),7.880804344674901
1970,"Banana, US",0.72,0.17,($/kg),-0.3285040669720361
1970,Barley,113.5,26.4,($/mt),4.7318028369214575
1970,Beef,5.62,1.3,($/kg),1.7263316639055997
1970,Chicken,1.81,0.42,($/kg),0.5933268452777344
1970,"Coal, Australian",33.6,7.8,($/mt),3.5145260669691587
1970,Cocoa,2.91,0.68,($/kg),1.0681530811834012
1970,Coconut oil,1711.0,397.0,($/mt),7.444833273892193
1970,"Coffee, Arabica",4.94,1.15,($/kg),1.5973653311998313
1970,"Coffee, Robusta",3.94,0.91,($/kg),1.3711807233098425
1970,Copper,6098.0,1416.0,($/mt),8.7157161275482
1970,"Cotton, A Index",2.91,0.68,($/kg),1.0681530811834012
1970,"Crude oil, Brent",5.2,1.2,($/bbl),1.6486586255873816
1970,"Crude oil, Dubai",5.2,1.2,($/bbl),1.6486586255873816
1970,"Crude oil, average",5.2,1.2,($/bbl),1.6486586255873816
1970,DAP,232.6,54.0,($/mt),5.449320240084564
1970,Gold,155.0,36.0,($/troy oz),5.043425116919247
1970,Groundnut oil,1631.0,379.0,($/mt),7.396948602621014
1970,"Iron ore, cfr spot",42.4,9.8,($/dmtu),3.7471483622379123
1970,Lead,1305.0,303.0,($/mt),7.173958319756794
1970,"Logs, Cameroon",185.2,43.0,($/cubic meter),5.221436322212079
1970,"Logs, Malaysian",185.8,43.1,($/cubic meter),5.224670826379739
1970,MUV Index,23.2,,(2010=100),3.1441522786722644
1970,Maize,251.6,58.4,($/mt),5.527840524826286
1970,"Natural gas, Europe",1.93,0.45,($/mmbtu),0.6575200029167941
1970,"Natural gas, US",0.73,0.17,($/mmbtu),-0.31471074483970024
1970,Nickel,12260.0,2846.0,($/mt),9.414097209490203
1970,Orange,0.72,0.17,($/kg),-0.3285040669720361
1970,Palm oil,1120.0,260.0,($/mt),7.02108396428914
1970,Phosphate rock,47.4,11.0,($/mt),3.858622228701031
1970,Platinum,571.0,133.0,($/troy oz),6.3473892096560105
1970,Potassium chloride,135.7,31.5,($/mt),4.9104465668408235
1970,"Rice, Thai 5%",544.1,126.3,($/mt),6.29913305349188
1970,"Rubber, RSS3",1.75,0.41,($/kg),0.5596157879354227
1970,"Sawnwood, Cameroon",753.8,175.0,($/cubic meter),6.625127080833035
1970,"Sawnwood, Malaysian",755.6,175.4,($/cubic meter),6.627512135627354
1970,"Shrimps, Mexican",11.78,2.73,($/kg),2.4664031782234406
1970,Silver,7.6,1.8,($/troy oz),2.028148247292285
1970,Sorghum,223.1,51.8,($/mt),5.407620101438487
1970,Soybean meal,442.0,103.0,($/mt),6.091309882077698
1970,Soybean oil,1233.0,286.0,($/mt),7.117205503164344
1970,Soybeans,504.0,117.0,($/mt),6.222576268071369
1970,"Sugar, EU",0.48,0.11,($/kg),-0.7339691750802004
1970,"Sugar, US",0.71,0.17,($/kg),-0.342490308946776
1970,"Sugar, world",0.35,0.08,($/kg),-1.0498221244986778
1970,TSP,183.1,42.5,($/mt),5.210032451680465
1970,"Tea, Colombo",2.7,0.63,($/kg),0.9932517730102834
1970,"Tea, Kolkata",4.27,0.99,($/kg),1.451613827240533
1970,"Tea, Mombasa",3.82,0.89,($/kg),1.3402504226184837
1970,"Tea, avg 3 auctions",3.6,0.84,($/kg),1.2809338454620642
1970,Tin,15824.0,3673.0,($/mt),9.669283053862493
1970,"Tobacco, US import u.v.",4635.0,1076.0,($/mt),8.441391477999955
1970,Urea,78.6,18.3,($/mt),4.364371699435161
1970,"Wheat, US HRW",236.5,54.9,($/mt),5.465948207931988
1970,Zinc,1274.0,296.0,($/mt),7.149916836132109
1971,Aluminum,2572.0,628.0,($/mt),7.85243908535751
1971,"Banana, US",0.57,0.14,($/kg),-0.5621189181535413
1971,Barley,116.3,28.4,($/mt),4.7561730595246186
1971,Beef,5.51,1.35,($/kg),1.706564623164823
1971,Chicken,1.8,0.44,($/kg),0.5877866649021191
1971,"Coal, Australian",35.6,8.7,($/mt),3.572345637857985
1971,Cocoa,2.2,0.54,($/kg),0.7884573603642703
1971,Coconut oil,1497.0,366.0,($/mt),7.311218384419629
1971,"Coffee, Arabica",4.06,0.99,($/kg),1.4011829736136412
1971,"Coffee, Robusta",3.82,0.93,($/kg),1.3402504226184837
1971,Copper,4429.0,1081.0,($/mt),8.395929103923198
1971,"Cotton, A Index",3.21,0.78,($/kg),1.1662709371419244
1971,"Crude oil, Brent",6.9,1.7,($/bbl),1.9315214116032138
1971,"Crude oil, Dubai",6.9,1.7,($/bbl),1.9315214116032138
1971,"Crude oil, average",6.9,1.7,($/bbl),1.9315214116032138
1971,DAP,252.9,61.8,($/mt),5.5329941536759195
1971,Gold,167.0,41.0,($/troy oz),5.117993812416755
1971,Groundnut oil,1805.0,441.0,($/mt),7.498315870766981
1971,"Iron ore, cfr spot",42.3,10.3,($/dmtu),3.744787086052232
1971,Lamb,3.26,,($/kg),1.1817271953786161
1971,Lamb **,,0.8,,
1971,Lead,1039.0,254.0,($/mt),6.946013991099227
1971,"Logs, Cameroon",182.0,44.4,($/cubic meter),5.204006687076795
1971,"Logs, Malaysian",177.2,43.3,($/cubic meter),5.177279038170981
1971,MUV Index,24.4,,(2010=100),3.1945831322991562
1971,Maize,239.2,58.4,($/mt),5.477300022076476
1971,"Natural gas, Europe",2.06,0.5,($/mmbtu),0.7227059828014898
1971,"Natural gas, US",0.74,0.18,($/mmbtu),-0.3011050927839216
1971,Nickel,12010.0,2932.0,($/mt),9.39349491507403
1971,Orange,0.63,0.15,($/kg),-0.4620354595965587
1971,Palm oil,1069.0,261.0,($/mt),6.974478911025045
1971,Phosphate rock,46.1,11.3,($/mt),3.8308129500026027
1971,Platinum,504.0,123.0,($/troy oz),6.222576268071369
1971,Potassium chloride,133.1,32.5,($/mt),4.891100725401066
1971,"Rice, Thai 5%",456.8,111.5,($/mt),6.124245658341801
1971,"Rubber, RSS3",1.36,0.33,($/kg),0.3074846997479607
1971,"Sawnwood, Malaysian",719.7,175.7,($/cubic meter),6.578834458513759
1971,"Shrimps, Mexican",13.54,3.31,($/kg),2.605648267484129
1971,Silver,6.3,1.5,($/troy oz),1.840549633397487
1971,Sorghum,228.4,55.8,($/mt),5.431098477781855
1971,Soybean meal,419.0,102.0,($/mt),6.037870919922137
1971,Soybean oil,1244.0,304.0,($/mt),7.126087273299125
1971,Soybeans,514.0,126.0,($/mt),6.2422232654551655
1971,"Sugar, EU",0.47,0.11,($/kg),-0.7550225842780328
1971,"Sugar, US",0.72,0.17,($/kg),-0.3285040669720361
1971,"Sugar, world",0.41,0.1,($/kg),-0.8915981192837836
1971,TSP,177.1,43.3,($/mt),5.176714544788788
1971,"Tea, Colombo",2.77,0.68,($/kg),1.0188473201992472
1971,"Tea, Kolkata",3.99,0.97,($/kg),1.3837912309017721
1971,"Tea, Mombasa",3.69,0.9,($/kg),1.3056264580524357
1971,"Tea, avg 3 auctions",3.48,0.85,($/kg),1.247032293786383
1971,Tin,14385.0,3512.0,($/mt),9.573941275985648
1971,"Tobacco, US import u.v.",4271.0,1043.0,($/mt),8.359603270841466
1971,Urea,65.5,16.0,($/mt),4.182050142641207
1971,"Wheat, US HRW",252.8,61.7,($/mt),5.532598662272703
1971,Zinc,1267.0,309.0,($/mt),7.144407180321139
1972,Aluminum,2216.0,590.0,($/mt),7.703459047867175
1972,"Banana, US",0.51,0.14,($/kg),-0.6733445532637656
1972,Barley,112.9,30.1,($/mt),4.726502471155617
1972,Beef,5.56,1.48,($/kg),1.715598108262491
1972,Chicken,1.77,0.47,($/kg),0.5709795465857378
1972,"Coal, Australian",36.0,9.6,($/mt),3.58351893845611
1972,Cocoa,2.42,0.64,($/kg),0.883767540168595
1972,Coconut oil,879.0,234.0,($/mt),6.778784897685177
1972,"Coffee, Arabica",4.17,1.11,($/kg),1.4279160358107101
1972,"Coffee, Robusta",3.74,1.0,($/kg),1.3190856114264407
1972,Copper,3971.0,1058.0,($/mt),8.286773231131251
1972,"Cotton, A Index",3.11,0.83,($/kg),1.1346227261911428
1972,"Crude oil, Brent",6.8,1.8,($/bbl),1.916922612182061
1972,"Crude oil, Dubai",6.8,1.8,($/bbl),1.916922612182061
1972,"Crude oil, average",6.8,1.8,($/bbl),1.916922612182061
1972,DAP,341.7,91.0,($/mt),5.833933159121246
1972,Gold,218.0,58.0,($/troy oz),5.384495062789089
1972,Groundnut oil,1599.0,426.0,($/mt),7.377133712833954
1972,"Iron ore, cfr spot",38.8,10.3,($/dmtu),3.6584202466292277
1972,Lamb,4.01,,($/kg),1.3887912413184778
1972,Lamb **,,1.07,,
1972,Lead,1133.0,302.0,($/mt),7.0326242610280065
1972,"Logs, Cameroon",197.1,52.5,($/cubic meter),5.283711214158674
1972,"Logs, Malaysian",154.4,41.1,($/cubic meter),5.039546637590676
1972,MUV Index,26.6,,(2010=100),3.2809112157876537
1972,Maize,209.3,55.8,($/mt),5.343768629451954
1972,"Natural gas, Europe",2.04,0.54,($/mmbtu),0.712949807856125
1972,"Natural gas, US",0.71,0.19,($/mmbtu),-0.342490308946776
1972,Nickel,11564.0,3080.0,($/mt),9.355652103136237
1972,Orange,0.58,0.15,($/kg),-0.5447271754416722
1972,Palm oil,816.0,217.0,($/mt),6.704414354964107
1972,Phosphate rock,43.2,11.5,($/mt),3.765840495250065
1972,Platinum,477.0,127.0,($/troy oz),6.1675164908883415
1972,Potassium chloride,125.8,33.5,($/mt),4.8346933442663405
1972,"Rice, Thai 5%",486.1,129.4,($/mt),6.1864143640514095
1972,"Rubber, RSS3",1.25,0.33,($/kg),0.22314355131420976
1972,"Sawnwood, Malaysian",641.8,170.9,($/cubic meter),6.464276728675756
1972,"Shrimps, Mexican",15.48,4.12,($/kg),2.739548868161581
1972,Silver,6.3,1.7,($/troy oz),1.840549633397487
1972,Sorghum,211.2,56.2,($/mt),5.352805551832106
1972,Soybean meal,487.0,130.0,($/mt),6.18826412308259
1972,Soybean oil,903.0,241.0,($/mt),6.805722553416985
1972,Soybeans,526.0,140.0,($/mt),6.26530121273771
1972,"Sugar, EU",0.56,0.15,($/kg),-0.579818495252942
1972,"Sugar, US",0.71,0.19,($/kg),-0.342490308946776
1972,"Sugar, world",0.6,0.16,($/kg),-0.5108256237659907
1972,TSP,253.4,67.5,($/mt),5.534969267887039
1972,"Tea, Colombo",2.63,0.7,($/kg),0.9669838461896731
1972,"Tea, Kolkata",3.14,0.84,($/kg),1.144222799920162
1972,"Tea, Mombasa",3.04,0.81,($/kg),1.1118575154181303
1972,"Tea, avg 3 auctions",2.94,0.78,($/kg),1.0784095813505903
1972,Tin,14043.0,3740.0,($/mt),9.54987932996818
1972,"Tobacco, US import u.v.",4031.0,1074.0,($/mt),8.301769763117166
1972,Urea,109.8,29.3,($/mt),4.69866052907543
1972,"Wheat, US HRW",262.1,69.8,($/mt),5.568726110329361
1972,Zinc,1418.0,378.0,($/mt),7.257002707092073
1973,Aluminum,1940.0,599.0,($/mt),7.570443252057374
1973,"Banana, US",0.47,0.15,($/kg),-0.7550225842780328
1973,Barley,165.2,51.0,($/mt),5.107156861086878
1973,Beef,6.51,2.01,($/kg),1.873339456220478
1973,Chicken,1.71,0.53,($/kg),0.5364933705145685
1973,"Coal, Australian",37.2,11.5,($/mt),3.616308761279101
1973,Cocoa,3.66,1.13,($/kg),1.297463147413275
1973,Coconut oil,1661.0,513.0,($/mt),7.415175109613295
1973,"Coffee, Arabica",4.45,1.37,($/kg),1.4929040961781488
1973,"Coffee, Robusta",3.56,1.1,($/kg),1.269760544863939
1973,Copper,5780.0,1785.0,($/mt),8.662158961666423
1973,"Cotton, A Index",4.5,1.39,($/kg),1.5040773967762742
1973,"Crude oil, Brent",9.1,2.8,($/bbl),2.2082744135228043
1973,"Crude oil, Dubai",9.1,2.8,($/bbl),2.2082744135228043
1973,"Crude oil, average",9.1,2.8,($/bbl),2.2082744135228043
1973,DAP,384.5,118.8,($/mt),5.951943788945699
1973,Gold,315.0,97.0,($/troy oz),5.752572638825633
1973,Groundnut oil,1768.0,546.0,($/mt),7.477604243197589
1973,"Iron ore, cfr spot",33.4,10.3,($/dmtu),3.5085558999826545
1973,Lamb,4.5,,($/kg),1.5040773967762742
1973,Lamb **,,1.39,,
1973,Lead,1391.0,430.0,($/mt),7.237778191923443
1973,"Logs, Cameroon",432.1,133.5,($/cubic meter),6.068657042937888
1973,"Logs, Malaysian",220.3,68.0,($/cubic meter),5.394990253808298
1973,MUV Index,30.9,,(2010=100),3.4307561839036995
1973,Maize,316.7,97.8,($/mt),5.757954953544594
1973,"Natural gas, Europe",2.25,0.69,($/mmbtu),0.8109302162163288
1973,"Natural gas, US",0.68,0.21,($/mmbtu),-0.3856624808119846
1973,Nickel,10921.0,3373.0,($/mt),9.298442820197728
1973,Orange,0.53,0.16,($/kg),-0.6348782724359695
1973,Palm oil,1222.0,378.0,($/mt),7.108244139731541
1973,Phosphate rock,44.5,13.8,($/mt),3.7954891891721947
1973,Platinum,493.0,152.0,($/troy oz),6.20050917404269
1973,Potassium chloride,137.6,42.5,($/mt),4.924350925499243
1973,"Rice, Thai 5%",937.6,289.6,($/mt),6.843323418822748
1973,"Rubber, RSS3",2.2,0.68,($/kg),0.7884573603642703
1973,"Sawnwood, Malaysian",723.7,223.5,($/cubic meter),6.584376941872082
1973,"Shrimps, Mexican",16.2,5.0,($/kg),2.785011242238338
1973,Silver,8.3,2.6,($/troy oz),2.1162555148025524
1973,Sorghum,302.4,93.4,($/mt),5.711750644305378
1973,Soybean meal,977.0,302.0,($/mt),6.884486652042782
1973,Soybean oil,1412.0,436.0,($/mt),7.252762418053187
1973,Soybeans,940.0,290.0,($/mt),6.84587987526405
1973,"Sugar, EU",0.48,0.15,($/kg),-0.7339691750802004
1973,"Sugar, US",0.73,0.23,($/kg),-0.31471074483970024
1973,"Sugar, world",0.68,0.21,($/kg),-0.3856624808119846
1973,TSP,322.1,99.5,($/mt),5.774862056337153
1973,"Tea, Colombo",2.14,0.66,($/kg),0.7608058290337602
1973,"Tea, Kolkata",2.8,0.87,($/kg),1.0296194171811581
1973,"Tea, Mombasa",2.71,0.84,($/kg),0.9969486348916096
1973,"Tea, avg 3 auctions",2.55,0.79,($/kg),0.9360933591703348
1973,Tin,15548.0,4802.0,($/mt),9.651687291972113
1973,"Tobacco, US import u.v.",3652.0,1128.0,($/mt),8.20303024171486
1973,Urea,209.6,64.8,($/mt),5.345200952446887
1973,"Wheat, US HRW",452.7,139.8,($/mt),6.1152296544419125
1973,Zinc,2737.0,845.0,($/mt),7.914617709040679
1974,Aluminum,2032.0,765.0,($/mt),7.616775808698373
1974,"Banana, US",0.49,0.18,($/kg),-0.7133498878774648
1974,Barley,172.5,64.9,($/mt),5.150397236471415
1974,Beef,4.2,1.58,($/kg),1.4350845252893227
1974,Chicken,1.48,0.56,($/kg),0.3920420877760237
1974,"Coal, Australian",44.9,16.9,($/mt),3.8044377947482086
1974,Cocoa,4.15,1.56,($/kg),1.423108334242607
1974,Coconut oil,2650.0,998.0,($/mt),7.882314918980268
1974,"Coffee, Arabica",3.86,1.45,($/kg),1.3506671834767394
1974,"Coffee, Robusta",3.44,1.29,($/kg),1.235471471385307
1974,Copper,5469.0,2059.0,($/mt),8.606851063346772
1974,"Cotton, A Index",3.88,1.46,($/kg),1.355835153635182
1974,"Crude oil, Brent",29.2,11.0,($/bbl),3.374168709274236
1974,"Crude oil, Dubai",29.2,11.0,($/bbl),3.374168709274236
1974,"Crude oil, average",29.2,11.0,($/bbl),3.374168709274236
1974,DAP,883.7,332.6,($/mt),6.784117638523959
1974,Gold,423.0,159.0,($/troy oz),6.0473721790462776
1974,Groundnut oil,2861.0,1077.0,($/mt),7.95892649305011
1974,"Iron ore, cfr spot",35.5,13.4,($/dmtu),3.56953269648137
1974,Lamb,3.78,,($/kg),1.3297240096314962
1974,Lamb **,,1.42,,
1974,Lead,1573.0,592.0,($/mt),7.360739903058278
1974,"Logs, Cameroon",320.0,120.4,($/cubic meter),5.768320995793772
1974,"Logs, Malaysian",217.0,81.7,($/cubic meter),5.37989735354046
1974,MUV Index,37.6,,(2010=100),3.6270040503958487
1974,Maize,348.6,131.2,($/mt),5.85392513308592
1974,"Natural gas, Europe",4.6,1.73,($/mmbtu),1.5260563034950492
1974,"Natural gas, US",0.77,0.29,($/mmbtu),-0.2613647641344075
1974,Nickel,10163.0,3825.0,($/mt),9.226508953137767
1974,Orange,0.49,0.18,($/kg),-0.7133498878774648
1974,Palm oil,1778.0,669.0,($/mt),7.48324441607385
1974,Phosphate rock,144.8,54.5,($/mt),4.975353479951616
1974,Platinum,491.0,185.0,($/troy oz),6.19644412779452
1974,Potassium chloride,160.7,60.5,($/mt),5.0795392727434665
1974,"Rice, Thai 5%",1374.0,517.2,($/mt),7.2254814727822945
1974,"Rubber, RSS3",2.0,0.75,($/kg),0.6931471805599453
1974,"Sawnwood, Malaysian",655.8,246.8,($/cubic meter),6.4858558644105475
1974,"Shrimps, Mexican",12.36,4.65,($/kg),2.514465452029545
1974,Silver,12.5,4.7,($/troy oz),2.5257286443082556
1974,Sorghum,321.3,120.9,($/mt),5.772375266121813
1974,Soybean meal,490.0,184.0,($/mt),6.194405391104672
1974,Soybean oil,2211.0,832.0,($/mt),7.701200180857446
1974,Soybeans,736.0,277.0,($/mt),6.601230118728877
1974,"Sugar, EU",0.62,0.23,($/kg),-0.4780358009429998
1974,"Sugar, US",1.73,0.65,($/kg),0.5481214085096876
1974,"Sugar, world",1.74,0.65,($/kg),0.5538851132264376
1974,TSP,806.5,303.6,($/mt),6.692703897565264
1974,"Tea, Colombo",2.36,0.89,($/kg),0.8586616190375187
1974,"Tea, Kolkata",3.33,1.25,($/kg),1.2029723039923526
1974,"Tea, Mombasa",3.02,1.14,($/kg),1.1052568313867783
1974,"Tea, avg 3 auctions",2.91,1.09,($/kg),1.0681530811834012
1974,Tin,21744.0,8184.0,($/mt),9.987093136390925
1974,"Tobacco, US import u.v.",3937.0,1482.0,($/mt),8.278174290943738
1974,Urea,759.2,285.8,($/mt),6.632265247295718
1974,"Wheat, US HRW",477.4,179.7,($/mt),6.16835471390473
1974,Zinc,3293.0,1240.0,($/mt),8.099554282376364
1975,Aluminum,2077.0,868.0,($/mt),7.638679823876112
1975,"Banana, US",0.52,0.22,($/kg),-0.6539264674066639
1975,Barley,141.1,59.0,($/mt),4.9494688588587685
1975,Beef,3.17,1.33,($/kg),1.1537315878891892
1975,Chicken,1.39,0.58,($/kg),0.3293037471426003
1975,"Coal, Australian",64.2,26.8,($/mt),4.162003210695915
1975,Cocoa,2.98,1.25,($/kg),1.091923300517313
1975,Coconut oil,941.0,394.0,($/mt),6.846943139585379
1975,"Coffee, Arabica",3.45,1.44,($/kg),1.2383742310432684
1975,"Coffee, Robusta",3.22,1.35,($/kg),1.169381359556317
1975,Copper,2954.0,1235.0,($/mt),7.9909154630913255
1975,"Cotton, A Index",2.93,1.22,($/kg),1.075002423028976
1975,"Crude oil, Brent",25.0,10.4,($/bbl),3.2188758248682006
1975,"Crude oil, Dubai",25.0,10.4,($/bbl),3.2188758248682006
1975,"Crude oil, average",25.0,10.4,($/bbl),3.2188758248682006
1975,DAP,580.1,242.5,($/mt),6.363200502472019
1975,Gold,385.0,161.0,($/troy oz),5.953243334287785
1975,Groundnut oil,2051.0,858.0,($/mt),7.62608275807238
1975,"Iron ore, cfr spot",41.4,17.3,($/dmtu),3.7232808808312687
1975,Lamb,3.53,,($/kg),1.2612978709452054
1975,Lamb **,,1.48,,
1975,Lead,985.0,412.0,($/mt),6.892641641172089
1975,"Logs, Cameroon",302.8,126.6,($/cubic meter),5.713072521563293
1975,"Logs, Malaysian",161.5,67.5,($/cubic meter),5.084505142662711
1975,MUV Index,41.8,,(2010=100),3.7328963395307104
1975,Maize,286.2,119.6,($/mt),5.65669086712235
1975,"Natural gas, Europe",4.02,1.68,($/mmbtu),1.3912819026309295
1975,"Natural gas, US",1.03,0.43,($/mmbtu),0.02955880224154443
1975,Nickel,10935.0,4571.0,($/mt),9.299723933110869
1975,Orange,0.55,0.23,($/kg),-0.5978370007556204
1975,Palm oil,1039.0,434.0,($/mt),6.946013991099227
1975,Phosphate rock,160.7,67.2,($/mt),5.0795392727434665
1975,Platinum,406.0,170.0,($/troy oz),6.0063531596017325
1975,Potassium chloride,194.6,81.3,($/mt),5.270946169751904
1975,"Rice, Thai 5%",816.8,341.4,($/mt),6.705394266850456
1975,"Rubber, RSS3",1.34,0.56,($/kg),0.29266961396282004
1975,"Sawnwood, Malaysian",534.5,223.4,($/cubic meter),6.2813317304651
1975,"Shrimps, Mexican",14.08,5.89,($/kg),2.644755350729896
1975,Silver,10.6,4.4,($/troy oz),2.3608540011180215
1975,Sorghum,267.6,111.9,($/mt),5.589493328254074
1975,Soybean meal,371.0,155.0,($/mt),5.916202062607435
1975,Soybean oil,1348.0,563.0,($/mt),7.206377291472252
1975,Soybeans,526.0,220.0,($/mt),6.26530121273771
1975,"Sugar, EU",0.81,0.34,($/kg),-0.21072103131565253
1975,"Sugar, US",1.19,0.5,($/kg),0.17395330712343798
1975,"Sugar, world",1.08,0.45,($/kg),0.0769610411361284
1975,TSP,484.4,202.5,($/mt),6.182911011678937
1975,"Tea, Colombo",2.11,0.88,($/kg),0.7466879474879751
1975,"Tea, Kolkata",3.47,1.45,($/kg),1.244154593958768
1975,"Tea, Mombasa",2.62,1.1,($/kg),0.9631743177730056
1975,"Tea, avg 3 auctions",2.73,1.14,($/kg),1.0043016091968684
1975,Tin,16450.0,6877.0,($/mt),9.708080756193517
1975,"Tobacco, US import u.v.",4406.0,1842.0,($/mt),8.39072252736229
1975,Urea,401.9,168.0,($/mt),5.9962033014551555
1975,"Wheat, US HRW",356.6,149.1,($/mt),5.8766147054290405
1975,Zinc,1783.0,745.0,($/mt),7.48605261786314
1976,Aluminum,2103.0,890.0,($/mt),7.6511201757027
1976,"Banana, US",0.61,0.26,($/kg),-0.4942963218147801
1976,Barley,131.9,55.8,($/mt),4.882044059723269
1976,Beef,3.74,1.58,($/kg),1.3190856114264407
1976,Chicken,1.44,0.61,($/kg),0.36464311358790924
1976,"Coal, Australian",64.2,27.2,($/mt),4.162003210695915
1976,Cocoa,4.83,2.05,($/kg),1.5748464676644813
1976,Coconut oil,989.0,419.0,($/mt),6.8966943316227125
1976,"Coffee, Arabica",7.44,3.15,($/kg),2.0068708488450007
1976,"Coffee, Robusta",6.65,2.81,($/kg),1.8946168546677629
1976,Copper,3310.0,1401.0,($/mt),8.104703468371108
1976,"Cotton, A Index",4.13,1.75,($/kg),1.4182774069729414
1976,"Crude oil, Brent",27.5,11.6,($/bbl),3.3141860046725258
1976,"Crude oil, Dubai",27.5,11.6,($/bbl),3.3141860046725258
1976,"Crude oil, average",27.5,11.6,($/bbl),3.3141860046725258
1976,DAP,283.4,119.9,($/mt),5.64685932725658
1976,Gold,295.0,125.0,($/troy oz),5.68697535633982
1976,Groundnut oil,1685.0,713.0,($/mt),7.429520842786462
1976,"Iron ore, cfr spot",53.7,22.7,($/dmtu),3.983413001514819
1976,Lamb,3.7,,($/kg),1.308332819650179
1976,Lamb **,,1.57,,
1976,Lead,1055.0,446.0,($/mt),6.961296045910167
1976,"Logs, Cameroon",336.4,142.3,($/cubic meter),5.818300928098793
1976,"Logs, Malaysian",217.5,92.0,($/cubic meter),5.382198850528739
1976,MUV Index,42.3,,(2010=100),3.744787086052232
1976,Maize,265.6,112.4,($/mt),5.5819914176022785
1976,"Natural gas, Europe",4.1,1.74,($/mmbtu),1.410986973710262
1976,"Natural gas, US",1.37,0.58,($/mmbtu),0.3148107398400336
1976,Nickel,11752.0,4973.0,($/mt),9.371778717853713
1976,Orange,0.51,0.22,($/kg),-0.6733445532637656
1976,Palm oil,961.0,407.0,($/mt),6.8679744089702925
1976,Phosphate rock,84.7,35.8,($/mt),4.439115601658009
1976,Platinum,377.0,160.0,($/troy oz),5.932245187448011
1976,Potassium chloride,131.2,55.5,($/mt),4.876722876509988
1976,"Rice, Thai 5%",554.6,234.7,($/mt),6.318247133181678
1976,"Rubber, RSS3",1.83,0.77,($/kg),0.6043159668533296
1976,"Sawnwood, Malaysian",622.8,263.5,($/cubic meter),6.434225439959843
1976,"Shrimps, Mexican",19.64,8.31,($/kg),2.97756830292632
1976,Silver,10.3,4.4,($/troy oz),2.33214389523559
1976,Sorghum,248.6,105.2,($/mt),5.515845179076611
1976,Soybean meal,473.0,200.0,($/mt),6.159095388491933
1976,Soybean oil,1036.0,438.0,($/mt),6.943122422819428
1976,Soybeans,546.0,231.0,($/mt),6.302618975744905
1976,"Sugar, EU",0.7,0.3,($/kg),-0.35667494393873245
1976,"Sugar, US",0.69,0.29,($/kg),-0.37106368139083207
1976,"Sugar, world",0.6,0.25,($/kg),-0.5108256237659907
1976,TSP,214.9,90.9,($/mt),5.370172803648464
1976,"Tea, Colombo",2.19,0.93,($/kg),0.7839015438284094
1976,"Tea, Kolkata",3.35,1.42,($/kg),1.208960345836975
1976,"Tea, Mombasa",2.87,1.22,($/kg),1.0543120297715298
1976,"Tea, avg 3 auctions",2.81,1.19,($/kg),1.0331844833456545
1976,Tin,17926.0,7586.0,($/mt),9.794007451917308
1976,"Tobacco, US import u.v.",5168.0,2187.0,($/mt),8.550241045462437
1976,Urea,193.8,82.0,($/mt),5.266826699456666
1976,"Wheat, US HRW",314.1,132.9,($/mt),5.749711406544601
1976,Zinc,1681.0,711.0,($/mt),7.427144133408616
1977,Aluminum,2501.0,1144.0,($/mt),7.824445930877619
1977,"Banana, US",0.6,0.27,($/kg),-0.5108256237659907
1977,Barley,104.7,47.9,($/mt),4.651099117876491
1977,Beef,3.29,1.51,($/kg),1.1908875647772805
1977,Chicken,1.42,0.65,($/kg),0.35065687161316933
1977,"Coal, Australian",62.7,28.7,($/mt),4.138361447638875
1977,Cocoa,8.29,3.79,($/kg),2.1150499691472033
1977,Coconut oil,1264.0,578.0,($/mt),7.142036574706803
1977,"Coffee, Arabica",11.3,5.17,($/kg),2.424802725718295
1977,"Coffee, Robusta",10.78,4.93,($/kg),2.377692565480851
1977,Copper,2861.0,1309.0,($/mt),7.95892649305011
1977,"Cotton, A Index",3.56,1.63,($/kg),1.269760544863939
1977,"Crude oil, Brent",27.5,12.6,($/bbl),3.3141860046725258
1977,"Crude oil, Dubai",27.5,12.6,($/bbl),3.3141860046725258
1977,"Crude oil, average",27.5,12.6,($/bbl),3.3141860046725258
1977,DAP,293.1,134.1,($/mt),5.680513847716846
1977,Gold,323.0,148.0,($/troy oz),5.777652323222656
1977,Groundnut oil,1864.0,853.0,($/mt),7.530479995245536
1977,"Iron ore, cfr spot",50.4,23.1,($/dmtu),3.919991175077323
1977,Lamb,3.72,,($/kg),1.3137236682850553
1977,Lamb **,,1.7,,
1977,Lead,1351.0,618.0,($/mt),7.208600337960199
1977,"Liquefied natural gas, Japan",6.06,2.77,($/mmbtu),1.801709800081223
1977,"Logs, Cameroon",347.1,158.8,($/cubic meter),5.849612922867741
1977,"Logs, Malaysian",202.4,92.6,($/cubic meter),5.310245937413311
1977,MUV Index,45.7,,(2010=100),3.822098297900159
1977,Maize,208.5,95.4,($/mt),5.339939041238856
1977,Natural gas index,43.7,20.0,(2010=100),3.7773481021015445
1977,"Natural gas, Europe",3.92,1.79,($/mmbtu),1.366091653802371
1977,"Natural gas, US",1.73,0.79,($/mmbtu),0.5481214085096876
1977,Nickel,11189.0,5118.0,($/mt),9.322686431807721
1977,Orange,0.56,0.25,($/kg),-0.579818495252942
1977,Palm oil,1159.0,530.0,($/mt),7.055312843339752
1977,Phosphate rock,135.1,61.8,($/mt),4.906015244966153
1977,Platinum,346.0,158.0,($/troy oz),5.846438775057725
1977,Potassium chloride,120.9,55.3,($/mt),4.794963757620747
1977,"Rice, Thai 5%",551.4,252.2,($/mt),6.312460498589696
1977,"Rubber, RSS3",1.78,0.81,($/kg),0.5766133643039938
1977,"Sawnwood, Malaysian",579.3,265.0,($/cubic meter),6.361820478102579
1977,"Shrimps, Mexican",17.3,7.91,($/kg),2.8507065015037334
1977,Silver,10.1,4.6,($/troy oz),2.312535423847214
1977,Sorghum,193.2,88.4,($/mt),5.263725921778417
1977,Soybean meal,502.0,230.0,($/mt),6.218600119691729
1977,Soybean oil,1269.0,580.0,($/mt),7.1459844677143876
1977,Soybeans,612.0,280.0,($/mt),6.416732282512326
1977,"Sugar, EU",0.68,0.31,($/kg),-0.3856624808119846
1977,"Sugar, US",0.53,0.24,($/kg),-0.6348782724359695
1977,"Sugar, world",0.39,0.18,($/kg),-0.941608539858445
1977,TSP,214.1,97.9,($/mt),5.366443195595637
1977,"Tea, Colombo",3.71,1.7,($/kg),1.3110318766193438
1977,"Tea, Kolkata",4.52,2.07,($/kg),1.5085119938441398
1977,"Tea, Mombasa",4.59,2.1,($/kg),1.5238800240724537
1977,"Tea, avg 3 auctions",4.27,1.95,($/kg),1.451613827240533
1977,Tin,23620.0,10804.0,($/mt),10.069849089751353
1977,"Tobacco, US import u.v.",4927.0,2254.0,($/mt),8.502485562543963
1977,Urea,264.0,120.8,($/mt),5.575949103146316
1977,"Wheat, US HRW",225.7,103.2,($/mt),5.41920668382349
1977,Zinc,1289.0,590.0,($/mt),7.161622002939187
1978,Aluminum,2492.0,1325.0,($/mt),7.820840879907344
1978,"Banana, US",0.54,0.29,($/kg),-0.616186139423817
1978,Barley,103.4,55.0,($/mt),4.638604962074329
1978,Beef,4.02,2.14,($/kg),1.3912819026309295
1978,Chicken,1.31,0.7,($/kg),0.2700271372130602
1978,"Coal, Australian",54.7,29.1,($/mt),4.001863709427935
1978,Cocoa,6.4,3.4,($/kg),1.8562979903656263
1978,Coconut oil,1285.0,683.0,($/mt),7.158513997329321
1978,"Coffee, Arabica",6.75,3.59,($/kg),1.9095425048844386
1978,"Coffee, Robusta",6.12,3.25,($/kg),1.8115620965242347
1978,Copper,2568.0,1365.0,($/mt),7.850882664809852
1978,"Cotton, A Index",3.02,1.61,($/kg),1.1052568313867783
1978,"Crude oil, Brent",24.3,12.9,($/bbl),3.190476350346503
1978,"Crude oil, Dubai",24.3,12.9,($/bbl),3.190476350346503
1978,"Crude oil, average",24.3,12.9,($/bbl),3.190476350346503
1978,DAP,263.1,139.8,($/mt),5.572534188046247
1978,Gold,364.0,193.0,($/troy oz),5.8971538676367405
1978,Groundnut oil,2030.0,1079.0,($/mt),7.615791072035833
1978,"Iron ore, cfr spot",40.4,21.5,($/dmtu),3.6988297849671046
1978,Lamb,4.13,,($/kg),1.4182774069729414
1978,Lamb **,,2.19,,
1978,Lead,1245.0,662.0,($/mt),7.126890808898808
1978,"Liquefied natural gas, Japan",5.71,3.04,($/mmbtu),1.742219023667919
1978,"Logs, Cameroon",359.8,191.3,($/cubic meter),5.885548321516433
1978,"Logs, Malaysian",183.1,97.4,($/cubic meter),5.210032451680465
1978,MUV Index,53.2,,(2010=100),3.9740583963475986
1978,Maize,189.5,100.7,($/mt),5.244389024522481
1978,Natural gas index,45.2,24.0,(2010=100),3.8110970868381857
1978,"Natural gas, Europe",4.33,2.3,($/mmbtu),1.4655675420143985
1978,"Natural gas, US",1.7,0.91,($/mmbtu),0.5306282510621704
1978,Nickel,8671.0,4609.0,($/mt),9.06773940337716
1978,Orange,0.56,0.3,($/kg),-0.579818495252942
1978,Palm oil,1129.0,600.0,($/mt),7.029087564149662
1978,Phosphate rock,58.8,31.3,($/mt),4.074141854904581
1978,Platinum,490.0,261.0,($/troy oz),6.194405391104672
1978,Potassium chloride,111.0,59.0,($/mt),4.709530201312334
1978,"Rice, Thai 5%",650.2,345.7,($/mt),6.477280007869805
1978,"Rubber, RSS3",1.85,0.99,($/kg),0.6151856390902335
1978,"Sawnwood, Malaysian",512.2,272.3,($/cubic meter),6.238715173765425
1978,"Shrimps, Mexican",15.18,8.07,($/kg),2.719978771967484
1978,Silver,10.2,5.4,($/troy oz),2.322387720290225
1978,Sorghum,176.5,93.8,($/mt),5.173320876373351
1978,Soybean meal,401.0,213.0,($/mt),5.993961427306569
1978,Soybean oil,1142.0,607.0,($/mt),7.040536390215956
1978,Soybeans,505.0,268.0,($/mt),6.22455842927536
1978,"Sugar, EU",0.66,0.35,($/kg),-0.4155154439616658
1978,"Sugar, US",0.58,0.31,($/kg),-0.5447271754416722
1978,"Sugar, world",0.32,0.17,($/kg),-1.1394342831883648
1978,TSP,184.4,98.0,($/mt),5.2171073111224935
1978,"Tea, Colombo",1.4,0.75,($/kg),0.3364722366212129
1978,"Tea, Kolkata",3.53,1.87,($/kg),1.2612978709452054
1978,"Tea, Mombasa",3.02,1.61,($/kg),1.1052568313867783
1978,"Tea, avg 3 auctions",2.65,1.41,($/kg),0.9745596399981308
1978,Tin,24221.0,12875.0,($/mt),10.094975304446326
1978,"Tobacco, US import u.v.",4267.0,2268.0,($/mt),8.358666283188
1978,Urea,255.9,136.0,($/mt),5.544786743165743
1978,"Wheat, US HRW",240.3,127.7,($/mt),5.481888142742423
1978,Zinc,1117.0,594.0,($/mt),7.018401799069201
1979,Aluminum,2703.0,1603.0,($/mt),7.902117546276448
1979,"Banana, US",0.55,0.33,($/kg),-0.5978370007556204
1979,Barley,110.0,65.2,($/mt),4.700480365792417
1979,Beef,4.86,2.88,($/kg),1.5810384379124025
1979,Chicken,1.25,0.74,($/kg),0.22314355131420976
1979,"Coal, Australian",52.1,30.9,($/mt),3.9531649487593215
1979,Cocoa,5.55,3.29,($/kg),1.713797927758343
1979,Coconut oil,1660.0,985.0,($/mt),7.414572881350589
1979,"Coffee, Arabica",6.45,3.83,($/kg),1.864080130807681
1979,"Coffee, Robusta",6.16,3.65,($/kg),1.8180767775454285
1979,Copper,3348.0,1985.0,($/mt),8.116118431609365
1979,"Cotton, A Index",2.88,1.71,($/kg),1.0577902941478545
1979,"Crude oil, Brent",54.2,32.1,($/bbl),3.9926809084456005
1979,"Crude oil, Dubai",50.3,29.8,($/bbl),3.9180050771056933
1979,"Crude oil, average",52.2,31.0,($/bbl),3.955082494888593
1979,DAP,326.0,193.3,($/mt),5.786897381366708
1979,Fish meal,666.0,395.0,($/mt),6.501289670540389
1979,Gold,517.0,307.0,($/troy oz),6.248042874508429
1979,Groundnut oil,1499.0,889.0,($/mt),7.312553498102598
1979,"Iron ore, cfr spot",39.6,23.5,($/dmtu),3.6788291182604347
1979,Lamb,4.0,,($/kg),1.3862943611198906
1979,Lamb **,,2.37,,
1979,Lead,2038.0,1208.0,($/mt),7.61972421378267
1979,"Liquefied natural gas, Japan",6.23,3.69,($/mmbtu),1.8293763327993617
1979,"Logs, Cameroon",356.7,211.5,($/cubic meter),5.876895092364846
1979,"Logs, Malaysian",286.8,170.0,($/cubic meter),5.658785108725465
1979,MUV Index,59.3,,(2010=100),4.08260930600368
1979,Maize,194.8,115.5,($/mt),5.271973391208435
1979,Natural gas index,54.5,32.3,(2010=100),3.9982007016691985
1979,"Natural gas, Europe",5.5,3.26,($/mmbtu),1.7047480922384253
1979,"Natural gas, US",1.99,1.18,($/mmbtu),0.688134638736401
1979,Nickel,10095.0,5986.0,($/mt),9.219795530746937
1979,Orange,0.67,0.4,($/kg),-0.40047756659712525
1979,Palm oil,1103.0,654.0,($/mt),7.005789019253503
1979,Phosphate rock,59.8,35.5,($/mt),4.091005660956586
1979,Platinum,747.0,443.0,($/troy oz),6.616065185132817
1979,Plywood,442.7,262.5,(¢/sheet),6.092892339738095
1979,Potassium chloride,129.0,76.5,($/mt),4.859812404361672
1979,"Rice, Thai 5%",528.0,313.1,($/mt),6.269096283706261
1979,"Rubber, RSS3",2.13,1.26,($/kg),0.7561219797213337
1979,"Sawnwood, Malaysian",617.1,365.9,($/cubic meter),6.425031085327022
1979,"Shrimps, Mexican",20.19,11.97,($/kg),3.005187432324746
1979,Silver,18.7,11.1,($/troy oz),2.928523523860541
1979,Sorghum,182.3,108.1,($/mt),5.205653681684617
1979,Soybean meal,410.0,243.0,($/mt),6.016157159698354
1979,Soybean oil,1117.0,662.0,($/mt),7.018401799069201
1979,Soybeans,502.0,298.0,($/mt),6.218600119691729
1979,"Sugar, EU",0.72,0.43,($/kg),-0.3285040669720361
1979,"Sugar, US",0.58,0.34,($/kg),-0.5447271754416722
1979,"Sugar, world",0.36,0.21,($/kg),-1.0216512475319814
1979,TSP,246.6,146.2,($/mt),5.507767590730244
1979,"Tea, Colombo",1.32,0.78,($/kg),0.27763173659827955
1979,"Tea, Kolkata",3.55,2.1,($/kg),1.2669476034873244
1979,"Tea, Mombasa",2.75,1.63,($/kg),1.0116009116784799
1979,"Tea, avg 3 auctions",2.54,1.51,($/kg),0.9321640810304452
1979,Tin,26050.0,15447.0,($/mt),10.167773047181512
1979,"Tobacco, US import u.v.",3954.0,2344.0,($/mt),8.282483003730562
1979,Urea,258.0,153.0,($/mt),5.552959584921617
1979,"Wheat, US HRW",270.3,160.3,($/mt),5.599532453282402
1979,"Wheat, US SRW",263.6,156.3,($/mt),5.574432802628352
1979,Zinc,1251.0,742.0,($/mt),7.1316985104669115
1980,Aluminum,2721.0,1775.0,($/mt),7.908754738783246
1980,"Banana, US",0.58,0.38,($/kg),-0.5447271754416722
1980,Barley,119.9,78.2,($/mt),4.786658062033468
1980,Beef,4.23,2.76,($/kg),1.4422019930581866
1980,Chicken,1.16,0.76,($/kg),0.14842000511827322
1980,"Coal, Australian",61.5,40.1,($/mt),4.119037174812473
1980,Cocoa,3.99,2.6,($/kg),1.3837912309017721
1980,Coconut oil,1033.0,674.0,($/mt),6.940222469119639
1980,"Coffee, Arabica",5.31,3.47,($/kg),1.6695918352538475
1980,"Coffee, Robusta",4.97,3.24,($/kg),1.6034198401085373
1980,Copper,3346.0,2182.0,($/mt),8.11552088154677
1980,"Cotton, A Index",3.16,2.06,($/kg),1.1505720275988207
1980,"Crude oil, Brent",58.1,37.9,($/bbl),4.062165663857866
1980,"Crude oil, Dubai",55.0,35.8,($/bbl),4.007333185232471
1980,"Crude oil, average",56.5,36.9,($/bbl),4.034240638152395
1980,DAP,340.7,222.2,($/mt),5.831002324666921
1980,Fish meal,773.0,504.0,($/mt),6.650279048587422
1980,Gold,932.0,608.0,($/troy oz),6.837332814685591
1980,Groundnut oil,1317.0,859.0,($/mt),7.183111701743281
1980,Groundnuts,1896.0,1237.0,($/mt),7.547501682814967
1980,"Iron ore, cfr spot",43.1,28.1,($/dmtu),3.763522997109702
1980,Lamb,4.41,,($/kg),1.4838746894587547
1980,Lamb **,,2.88,,
1980,Lead,1389.0,906.0,($/mt),7.236339342754344
1980,"Liquefied natural gas, Japan",8.73,5.7,($/mmbtu),2.166765369851511
1980,"Logs, Cameroon",385.9,251.7,($/cubic meter),5.955578268543573
1980,"Logs, Malaysian",299.8,195.5,($/cubic meter),5.703115585668497
1980,MUV Index,65.2,,(2010=100),4.177459468932607
1980,Maize,192.0,125.3,($/mt),5.2574953720277815
1980,Natural gas index,66.3,43.2,(2010=100),4.194189897191817
1980,"Natural gas, Europe",6.47,4.22,($/mmbtu),1.8671761085128091
1980,"Natural gas, US",2.44,1.59,($/mmbtu),0.8919980393051105
1980,Nickel,9994.0,6519.0,($/mt),9.20974019190415
1980,Orange,0.61,0.4,($/kg),-0.4942963218147801
1980,Palm oil,895.0,584.0,($/mt),6.796823718274855
1980,Phosphate rock,68.5,44.7,($/mt),4.22683374526818
1980,Platinum,1041.0,679.0,($/troy oz),6.947937068614969
1980,Plywood,419.8,273.8,(¢/sheet),6.039778407386533
1980,Potassium chloride,163.3,106.5,($/mt),5.095588999976419
1980,"Rice, Thai 5%",629.7,410.7,($/mt),6.445243515494697
1980,"Rubber, RSS3",2.18,1.42,($/kg),0.7793248768009977
1980,"Sawnwood, Cameroon",607.1,396.0,($/cubic meter),6.408693522136389
1980,"Sawnwood, Malaysian",607.4,396.2,($/cubic meter),6.409187552611648
1980,"Shrimps, Mexican",15.55,10.14,($/kg),2.744060638625243
1980,Silver,31.9,20.8,($/troy oz),3.462606009790799
1980,Sorghum,197.6,128.9,($/mt),5.286244785313768
1980,Soybean meal,402.0,262.0,($/mt),5.996452088619021
1980,Soybean oil,916.0,598.0,($/mt),6.82001636467413
1980,Soybeans,454.0,296.0,($/mt),6.118097198041348
1980,"Sugar, EU",0.75,0.49,($/kg),-0.2876820724517809
1980,"Sugar, US",1.02,0.66,($/kg),0.01980262729617973
1980,"Sugar, world",0.97,0.63,($/kg),-0.030459207484708574
1980,TSP,276.4,180.3,($/mt),5.621849091893515
1980,"Tea, Colombo",1.7,1.11,($/kg),0.5306282510621704
1980,"Tea, Kolkata",3.14,2.05,($/kg),1.144222799920162
1980,"Tea, Mombasa",2.79,1.82,($/kg),1.0260415958332743
1980,"Tea, avg 3 auctions",2.54,1.66,($/kg),0.9321640810304452
1980,Tin,25719.0,16775.0,($/mt),10.154985297346865
1980,"Tobacco, US import u.v.",3489.0,2276.0,($/mt),8.157370441186774
1980,Urea,307.5,200.6,($/mt),5.728475087246572
1980,"Wheat, US HRW",264.8,172.7,($/mt),5.578974824062853
1980,"Wheat, US SRW",258.0,168.3,($/mt),5.552959584921617
1980,Zinc,1167.0,761.0,($/mt),7.062191632286556
1981,Aluminum,1934.0,1263.0,($/mt),7.56734567601324
1981,"Banana, US",0.61,0.4,($/kg),-0.4942963218147801
1981,Barley,122.1,79.7,($/mt),4.804840381116659
1981,Beef,3.79,2.47,($/kg),1.332366019094335
1981,Chicken,1.19,0.77,($/kg),0.17395330712343798
1981,"Coal, Australian",82.1,53.6,($/mt),4.407938016458383
1981,Cocoa,3.18,2.08,($/kg),1.1568811967920856
1981,Coconut oil,873.0,570.0,($/mt),6.771935555839602
1981,"Coffee, Arabica",4.39,2.87,($/kg),1.47932922708708
1981,"Coffee, Robusta",3.43,2.24,($/kg),1.2325602611778486
1981,Copper,2668.0,1742.0,($/mt),7.889084407035514
1981,"Cotton, A Index",2.87,1.87,($/kg),1.0543120297715298
1981,"Crude oil, Brent",56.2,36.7,($/bbl),4.028916756899646
1981,"Crude oil, Dubai",52.5,34.3,($/bbl),3.960813169597578
1981,"Crude oil, average",54.3,35.5,($/bbl),3.9945242269398897
1981,DAP,272.0,177.6,($/mt),5.605802066295998
1981,Fish meal,716.0,467.0,($/mt),6.573680166960646
1981,Gold,704.0,460.0,($/troy oz),6.556778356158042
1981,Groundnut oil,1597.0,1043.0,($/mt),7.3758821482150125
1981,Groundnuts,1926.0,1257.0,($/mt),7.563200592358071
1981,"Iron ore, cfr spot",43.0,28.1,($/dmtu),3.7612001156935624
1981,Lamb,4.19,,($/kg),1.4327007339340465
1981,Lamb **,,2.74,,
1981,Lead,1113.0,727.0,($/mt),7.014814351275545
1981,"Liquefied natural gas, Japan",9.23,6.03,($/mmbtu),2.222459048514761
1981,"Logs, Cameroon",325.9,212.8,($/cubic meter),5.786590585843515
1981,"Logs, Malaysian",236.7,154.6,($/cubic meter),5.466793516519938
1981,MUV Index,65.3,,(2010=100),4.178992036282385
1981,Maize,200.3,130.8,($/mt),5.299816242671772
1981,Natural gas index,76.6,50.0,(2010=100),4.338597076746545
1981,"Natural gas, Europe",7.04,4.6,($/mmbtu),1.951608170169951
1981,"Natural gas, US",3.04,1.98,($/mmbtu),1.1118575154181303
1981,Nickel,9117.0,5953.0,($/mt),9.117896081584902
1981,Orange,0.62,0.41,($/kg),-0.4780358009429998
1981,Palm oil,874.0,571.0,($/mt),6.773080375655535
1981,Phosphate rock,75.0,49.0,($/mt),4.31748811353631
1981,Platinum,685.0,447.0,($/troy oz),6.529418838262226
1981,Plywood,374.7,244.7,(¢/sheet),5.926125705799642
1981,Potassium chloride,168.7,110.2,($/mt),5.128121989551922
1981,"Rice, Thai 5%",702.9,459.0,($/mt),6.555214634181859
1981,"Rubber, RSS3",1.72,1.12,($/kg),0.5423242908253617
1981,"Sawnwood, Malaysian",535.1,349.4,($/cubic meter),6.282453645317259
1981,"Shrimps, Mexican",15.56,10.16,($/kg),2.7447035187502458
1981,Silver,16.1,10.5,($/troy oz),2.7788192719904172
1981,Sorghum,193.5,126.4,($/mt),5.2652775124698366
1981,Soybean meal,387.0,253.0,($/mt),5.958424693029782
1981,Soybean oil,776.0,507.0,($/mt),6.654152520183219
1981,Soybeans,442.0,288.0,($/mt),6.091309882077698
1981,"Sugar, EU",0.64,0.42,($/kg),-0.4462871026284195
1981,"Sugar, US",0.67,0.43,($/kg),-0.40047756659712525
1981,"Sugar, world",0.57,0.37,($/kg),-0.5621189181535413
1981,TSP,247.1,161.3,($/mt),5.509793112994564
1981,"Tea, Colombo",1.49,0.97,($/kg),0.3987761199573678
1981,"Tea, Kolkata",2.78,1.81,($/kg),1.0224509277025455
1981,"Tea, Mombasa",2.49,1.62,($/kg),0.9122827104766164
1981,"Tea, avg 3 auctions",2.25,1.47,($/kg),0.8109302162163288
1981,Tin,21684.0,14159.0,($/mt),9.98432994038023
1981,"Tobacco, US import u.v.",3555.0,2322.0,($/mt),8.176110342237342
1981,Urea,279.5,182.5,($/mt),5.633002292595154
1981,"Wheat, US HRW",267.9,175.0,($/mt),5.590613776550563
1981,"Wheat, US SRW",236.7,154.6,($/mt),5.466793516519938
1981,Zinc,1295.0,846.0,($/mt),7.166265974133638
1982,Aluminum,1565.0,992.0,($/mt),7.355641102974253
1982,"Banana, US",0.59,0.37,($/kg),-0.527632742082372
1982,Barley,100.6,63.7,($/mt),4.611152257665639
1982,Beef,3.77,2.39,($/kg),1.3270750014599193
1982,Chicken,1.2,0.76,($/kg),0.1823215567939546
1982,"Coal, Australian",86.4,54.8,($/mt),4.45898767581001
1982,Cocoa,2.74,1.74,($/kg),1.007957920399979
1982,Coconut oil,733.0,464.0,($/mt),6.597145701886651
1982,"Coffee, Arabica",4.87,3.09,($/kg),1.5830939370944985
1982,"Coffee, Robusta",3.83,2.42,($/kg),1.3428648031925547
1982,Copper,2337.0,1480.0,($/mt),7.756623334538858
1982,"Cotton, A Index",2.52,1.6,($/kg),0.9242589015233319
1982,"Crude oil, Brent",52.7,33.4,($/bbl),3.9646154555473165
1982,"Crude oil, Dubai",50.1,31.8,($/bbl),3.914021008090819
1982,"Crude oil, WTI",51.7,32.8,($/bbl),3.9454577815143836
1982,"Crude oil, average",51.5,32.6,($/bbl),3.9415818076696905
1982,DAP,263.0,166.6,($/mt),5.572154032177765
1982,Fish meal,557.0,353.0,($/mt),6.322565239927284
1982,Gold,593.0,376.0,($/troy oz),6.385194398997726
1982,Groundnut oil,923.0,585.0,($/mt),6.827629234502852
1982,Groundnuts,1306.0,828.0,($/mt),7.174724309836376
1982,"Iron ore, cfr spot",51.3,32.5,($/dmtu),3.937690752176724
1982,Lamb,3.75,,($/kg),1.3217558399823195
1982,Lamb **,,2.38,,
1982,Lead,861.0,546.0,($/mt),6.7580945044277305
1982,"Liquefied natural gas, Japan",9.55,6.05,($/mmbtu),2.256541154492639
1982,"Logs, Cameroon",277.7,175.9,($/cubic meter),5.626541394312754
1982,"Logs, Malaysian",231.2,146.5,($/cubic meter),5.443283136798223
1982,MUV Index,63.4,,(2010=100),4.14946386144318
1982,Maize,172.5,109.3,($/mt),5.150397236471415
1982,Natural gas index,87.1,55.2,(2010=100),4.467056883858457
1982,"Natural gas, Europe",7.02,4.45,($/mmbtu),1.9487632180377197
1982,"Natural gas, US",3.89,2.47,($/mmbtu),1.358409157630355
1982,Nickel,7636.0,4837.0,($/mt),8.940629184845639
1982,Orange,0.61,0.38,($/kg),-0.4942963218147801
1982,Palm oil,703.0,445.0,($/mt),6.555356891810665
1982,Phosphate rock,67.8,43.0,($/mt),4.216562194946349
1982,Platinum,518.0,328.0,($/troy oz),6.249975242259483
1982,Plywood,366.9,232.4,(¢/sheet),5.9050893313612365
1982,Potassium chloride,131.4,83.3,($/mt),4.8782461060505105
1982,"Rice, Thai 5%",430.1,272.5,($/mt),6.064017739789691
1982,"Rubber, RSS3",1.35,0.86,($/kg),0.30010459245033816
1982,"Sawnwood, Malaysian",535.7,339.4,($/cubic meter),6.283574302886914
1982,"Shrimps, Mexican",20.97,13.28,($/kg),3.0430928449138284
1982,Silver,12.5,7.9,($/troy oz),2.5257286443082556
1982,Sorghum,171.3,108.5,($/mt),5.143416405330075
1982,Soybean meal,345.0,219.0,($/mt),5.84354441703136
1982,Soybean oil,706.0,447.0,($/mt),6.559615237493242
1982,Soybeans,386.0,245.0,($/mt),5.955837369464831
1982,"Sugar, EU",0.63,0.4,($/kg),-0.4620354595965587
1982,"Sugar, US",0.69,0.44,($/kg),-0.37106368139083207
1982,"Sugar, world",0.29,0.19,($/kg),-1.2378743560016174
1982,TSP,218.5,138.4,($/mt),5.3867860145356445
1982,"Tea, Colombo",1.81,1.14,($/kg),0.5933268452777344
1982,"Tea, Kolkata",2.91,1.85,($/kg),1.0681530811834012
1982,"Tea, Mombasa",2.59,1.64,($/kg),0.9516578757114463
1982,"Tea, avg 3 auctions",2.44,1.54,($/kg),0.8919980393051105
1982,Tin,20245.0,12826.0,($/mt),9.915663128466262
1982,"Tobacco, US import u.v.",4047.0,2564.0,($/mt),8.305731144875866
1982,Urea,195.7,124.0,($/mt),5.27658287440203
1982,"Wheat, US HRW",253.1,160.4,($/mt),5.533784667551078
1982,"Wheat, US SRW",209.2,132.6,($/mt),5.343290732190768
1982,Zinc,1176.0,745.0,($/mt),7.069874128458572
1983,Aluminum,2332.0,1438.0,($/mt),7.754481547470383
1983,"Banana, US",0.7,0.43,($/kg),-0.35667494393873245
1983,Barley,114.9,70.9,($/mt),4.74406218485471
1983,Beef,3.96,2.44,($/kg),1.3762440252663892
1983,Chicken,1.25,0.77,($/kg),0.22314355131420976
1983,"Coal, Australian",61.9,38.2,($/mt),4.12552017969055
1983,Cocoa,3.44,2.12,($/kg),1.235471471385307
1983,Coconut oil,1183.0,730.0,($/mt),7.075808863978387
1983,"Coffee, Arabica",4.72,2.91,($/kg),1.5518087995974639
1983,"Coffee, Robusta",4.43,2.73,($/kg),1.4883995840570443
1983,Copper,2581.0,1592.0,($/mt),7.855932199718614
1983,"Cotton, A Index",3.01,1.85,($/kg),1.1019400787607843
1983,"Crude oil, Brent",48.4,29.8,($/bbl),3.879499813722586
1983,"Crude oil, Dubai",46.6,28.7,($/bbl),3.8416005411316
1983,"Crude oil, WTI",49.3,30.4,($/bbl),3.8979240810486444
1983,"Crude oil, average",48.1,29.7,($/bbl),3.8732821771117156
1983,DAP,274.2,169.1,($/mt),5.613857767128214
1983,Fish meal,734.0,453.0,($/mt),6.598509028614515
1983,Gold,685.0,423.0,($/troy oz),6.529418838262226
1983,Groundnut oil,1153.0,711.0,($/mt),7.050122520269059
1983,Groundnuts,1565.0,965.0,($/mt),7.355641102974253
1983,"Iron ore, cfr spot",47.0,29.0,($/dmtu),3.8501476017100584
1983,Lamb,3.13,,($/kg),1.1410330045520618
1983,Lamb **,,1.93,,
1983,Lead,690.0,425.0,($/mt),6.536691597591305
1983,"Liquefied natural gas, Japan",8.99,5.55,($/mmbtu),2.196112848483529
1983,"Logs, Cameroon",260.7,160.8,($/cubic meter),5.563370320939456
1983,"Logs, Malaysian",223.3,137.7,($/cubic meter),5.408516158846112
1983,MUV Index,61.7,,(2010=100),4.122283930911342
1983,Maize,220.5,136.0,($/mt),5.395897694886901
1983,Natural gas index,88.4,54.5,(2010=100),4.481871969643598
1983,"Natural gas, Europe",6.57,4.05,($/mmbtu),1.8825138324965192
1983,"Natural gas, US",4.2,2.59,($/mmbtu),1.4350845252893227
1983,Nickel,7577.0,4673.0,($/mt),8.932872621931374
1983,Orange,0.61,0.37,($/kg),-0.4942963218147801
1983,Palm oil,813.0,501.0,($/mt),6.70073110954781
1983,Phosphate rock,64.5,39.8,($/mt),4.1666652238017265
1983,Platinum,686.0,423.0,($/troy oz),6.530877627725885
1983,Plywood,372.6,229.8,(¢/sheet),5.920505458167488
1983,Potassium chloride,120.7,74.4,($/mt),4.793308128103486
1983,"Rice, Thai 5%",416.4,256.8,($/mt),6.031646336740814
1983,"Rubber, RSS3",1.73,1.06,($/kg),0.5481214085096876
1983,"Sawnwood, Malaysian",532.0,328.1,($/cubic meter),6.2766434893416445
1983,"Shrimps, Mexican",21.42,13.21,($/kg),3.064325065019603
1983,Silver,18.5,11.4,($/troy oz),2.917770732084279
1983,Sorghum,208.8,128.8,($/mt),5.341376856008484
1983,Soybean meal,386.0,238.0,($/mt),5.955837369464831
1983,Soybean oil,854.0,527.0,($/mt),6.74993119378857
1983,Soybeans,457.0,282.0,($/mt),6.124683390894205
1983,"Sugar, EU",0.63,0.39,($/kg),-0.4620354595965587
1983,"Sugar, US",0.79,0.49,($/kg),-0.23572233352106983
1983,"Sugar, world",0.3,0.19,($/kg),-1.2039728043259361
1983,TSP,218.4,134.7,($/mt),5.38632824387075
1983,"Tea, Colombo",3.01,1.86,($/kg),1.1019400787607843
1983,"Tea, Kolkata",4.09,2.52,($/kg),1.4085449700547104
1983,"Tea, Mombasa",3.1,1.91,($/kg),1.1314021114911006
1983,"Tea, avg 3 auctions",3.4,2.1,($/kg),1.2237754316221157
1983,Tin,21059.0,12988.0,($/mt),9.955083301179778
1983,"Tobacco, US import u.v.",4307.0,2657.0,($/mt),8.36799688505411
1983,Urea,185.7,114.5,($/mt),5.22413246835866
1983,"Wheat, US HRW",255.2,157.4,($/mt),5.542047551470635
1983,"Wheat, US SRW",222.6,137.3,($/mt),5.4053764388414445
1983,Zinc,1239.0,764.0,($/mt),7.122059881629142
1984,Aluminum,2075.0,1251.0,($/mt),7.637716432664798
1984,"Banana, US",0.61,0.37,($/kg),-0.4942963218147801
1984,Barley,130.5,78.7,($/mt),4.871373226762748
1984,Beef,3.77,2.27,($/kg),1.3270750014599193
1984,Chicken,1.45,0.87,($/kg),0.371563556432483
1984,"Coal, Australian",51.3,31.0,($/mt),3.937690752176724
1984,"Coal, South African",54.5,32.9,($/mt),3.9982007016691985
1984,Cocoa,3.97,2.4,($/kg),1.3787660946990992
1984,Coconut oil,1914.0,1155.0,($/mt),7.5569505720129
1984,"Coffee, Arabica",5.29,3.19,($/kg),1.665818245870208
1984,"Coffee, Robusta",5.03,3.04,($/kg),1.6154199841116479
1984,Copper,2283.0,1377.0,($/mt),7.733245646529795
1984,"Cotton, A Index",2.96,1.78,($/kg),1.085189268335969
1984,"Crude oil, Brent",47.8,28.8,($/bbl),3.86702563949741
1984,"Crude oil, Dubai",45.6,27.5,($/bbl),3.8199077165203406
1984,"Crude oil, WTI",48.7,29.4,($/bbl),3.885679030088544
1984,"Crude oil, average",47.3,28.6,($/bbl),3.856510295497887
1984,DAP,291.2,175.6,($/mt),5.674010316322531
1984,Fish meal,619.0,373.0,($/mt),6.428105272684596
1984,Gold,598.0,360.0,($/troy oz),6.393590753950631
1984,Groundnut oil,1686.0,1017.0,($/mt),7.430114138561801
1984,Groundnuts,1387.0,837.0,($/mt),7.234898420314831
1984,"Iron ore, cfr spot",43.4,26.2,($/dmtu),3.770459441106359
1984,Lamb,3.19,,($/kg),1.1600209167967532
1984,Lamb **,,1.92,,
1984,Lead,734.0,443.0,($/mt),6.598509028614515
1984,"Liquefied natural gas, Japan",8.68,5.24,($/mmbtu),2.1610215286722587
1984,"Logs, Cameroon",291.2,175.6,($/cubic meter),5.674010316322531
1984,"Logs, Malaysian",259.9,156.8,($/cubic meter),5.560296941647445
1984,MUV Index,60.3,,(2010=100),4.09933210373314
1984,Maize,225.4,135.9,($/mt),5.417876601605676
1984,Natural gas index,89.0,53.7,(2010=100),4.48863636973214
1984,"Natural gas, Europe",6.23,3.76,($/mmbtu),1.8293763327993617
1984,"Natural gas, US",4.4,2.66,($/mmbtu),1.4816045409242156
1984,Nickel,7879.0,4752.0,($/mt),8.971956271245688
1984,Orange,0.58,0.35,($/kg),-0.5447271754416722
1984,Palm oil,1208.0,729.0,($/mt),7.0967213784947605
1984,Phosphate rock,54.8,33.1,($/mt),4.00369019395397
1984,Platinum,593.0,358.0,($/troy oz),6.385194398997726
1984,Plywood,376.3,227.0,(¢/sheet),5.930386697599392
1984,Potassium chloride,139.5,84.1,($/mt),4.93806460126142
1984,"Rice, Thai 5%",385.5,232.5,($/mt),5.954541193003384
1984,"Rubber, RSS3",1.59,0.96,($/kg),0.4637340162321402
1984,"Sawnwood, Malaysian",583.0,351.6,($/cubic meter),6.368187186350492
1984,"Shrimps, Mexican",19.46,11.74,($/kg),2.968361076757859
1984,Silver,13.5,8.1,($/troy oz),2.6026896854443837
1984,Sorghum,195.9,118.2,($/mt),5.277604324950495
1984,Soybean meal,327.0,197.0,($/mt),5.7899601708972535
1984,Soybean oil,1200.0,724.0,($/mt),7.090076835776092
1984,Soybeans,468.0,282.0,($/mt),6.148468295917647
1984,"Sugar, EU",0.6,0.36,($/kg),-0.5108256237659907
1984,"Sugar, US",0.79,0.48,($/kg),-0.23572233352106983
1984,"Sugar, world",0.19,0.11,($/kg),-1.6607312068216509
1984,TSP,217.6,131.3,($/mt),5.382658514981787
1984,"Tea, Colombo",4.15,2.5,($/kg),1.423108334242607
1984,"Tea, Kolkata",4.83,2.91,($/kg),1.5748464676644813
1984,"Tea, Mombasa",4.66,2.81,($/kg),1.5390154481375546
1984,"Tea, avg 3 auctions",4.55,2.74,($/kg),1.5151272329628591
1984,Tin,20282.0,12233.0,($/mt),9.917489072171941
1984,"Tobacco, US import u.v.",4619.0,2786.0,($/mt),8.437933510430605
1984,Urea,249.0,150.2,($/mt),5.517452896464707
1984,"Wheat, US HRW",252.6,152.3,($/mt),5.531807209916391
1984,"Wheat, US SRW",232.5,140.2,($/mt),5.448890225027411
1984,Zinc,1528.0,922.0,($/mt),7.331714969726466
1985,Aluminum,1744.0,1041.0,($/mt),7.463936604468925
1985,"Banana, US",0.63,0.38,($/kg),-0.4620354595965587
1985,Barley,98.5,58.8,($/mt),4.590056548178043
1985,Beef,3.61,2.15,($/kg),1.2837077723447896
1985,Chicken,1.4,0.84,($/kg),0.3364722366212129
1985,"Coal, Australian",56.5,33.8,($/mt),4.034240638152395
1985,"Coal, South African",58.5,34.9,($/mt),4.069026754237811
1985,Cocoa,3.78,2.25,($/kg),1.3297240096314962
1985,Coconut oil,989.0,590.0,($/mt),6.8966943316227125
1985,"Coffee, Arabica",5.41,3.23,($/kg),1.6882490928583902
1985,"Coffee, Robusta",4.44,2.65,($/kg),1.4906543764441336
1985,Copper,2375.0,1417.0,($/mt),7.772752716468742
1985,"Cotton, A Index",2.21,1.32,($/kg),0.7929925155296614
1985,"Crude oil, Brent",45.8,27.3,($/bbl),3.824284091120139
1985,"Crude oil, Dubai",44.3,26.5,($/bbl),3.7909846770510898
1985,"Crude oil, WTI",46.5,27.8,($/bbl),3.8394523125933104
1985,"Crude oil, average",45.5,27.2,($/bbl),3.817712325956905
1985,DAP,263.3,157.2,($/mt),5.573294066502264
1985,Fish meal,469.0,280.0,($/mt),6.150602768446279
1985,Gold,533.0,318.0,($/troy oz),6.278521424165844
1985,Groundnut oil,1516.0,905.0,($/mt),7.323830566202317
1985,Groundnuts,1132.0,676.0,($/mt),7.0317412587631285
1985,"Iron ore, cfr spot",44.5,26.6,($/dmtu),3.7954891891721947
1985,Lamb,3.09,,($/kg),1.128171090909654
1985,Lamb **,,1.84,,
1985,Lead,655.0,391.0,($/mt),6.484635235635252
1985,"Liquefied natural gas, Japan",8.76,5.23,($/mmbtu),2.1701959049483
1985,"Logs, Cameroon",291.3,173.9,($/cubic meter),5.674353663965389
1985,"Logs, Malaysian",204.0,121.7,($/cubic meter),5.318119993844216
1985,MUV Index,59.7,,(2010=100),4.089332020398556
1985,Maize,188.0,112.2,($/mt),5.236441962829949
1985,Natural gas index,86.1,51.4,(2010=100),4.455509411433685
1985,"Natural gas, Europe",6.12,3.65,($/mmbtu),1.8115620965242347
1985,"Natural gas, US",4.21,2.51,($/mmbtu),1.43746264769429
1985,Nickel,8208.0,4899.0,($/mt),9.012864567410551
1985,Orange,0.67,0.4,($/kg),-0.40047756659712525
1985,Palm oil,839.0,501.0,($/mt),6.732210706467206
1985,Phosphate rock,60.3,36.0,($/mt),4.09933210373314
1985,Platinum,490.0,292.0,($/troy oz),6.194405391104672
1985,Plywood,353.3,210.9,(¢/sheet),5.8673175543650995
1985,Potassium chloride,139.4,83.2,($/mt),4.937347498326424
1985,"Rice, Thai 5%",329.9,196.9,($/mt),5.798789578234536
1985,"Rubber, RSS3",1.27,0.76,($/kg),0.23901690047049992
1985,"Sawnwood, Cameroon",514.3,307.0,($/cubic meter),6.24280675278087
1985,"Sawnwood, Malaysian",514.6,307.1,($/cubic meter),6.243389899847644
1985,"Shrimps, Mexican",17.58,10.49,($/kg),2.866761892257031
1985,Silver,10.2,6.1,($/troy oz),2.322387720290225
1985,Sorghum,172.6,103.0,($/mt),5.150976778649327
1985,Soybean meal,263.0,157.0,($/mt),5.572154032177765
1985,Soybean oil,958.0,572.0,($/mt),6.86484777797086
1985,Soybeans,376.0,224.0,($/mt),5.929589143389895
1985,"Sugar, EU",0.59,0.35,($/kg),-0.527632742082372
1985,"Sugar, US",0.75,0.45,($/kg),-0.2876820724517809
1985,"Sugar, world",0.15,0.09,($/kg),-1.8971199848858813
1985,TSP,203.4,121.4,($/mt),5.315174483614459
1985,"Tea, Colombo",2.44,1.46,($/kg),0.8919980393051105
1985,"Tea, Kolkata",3.69,2.2,($/kg),1.3056264580524357
1985,"Tea, Mombasa",2.66,1.59,($/kg),0.9783261227936078
1985,"Tea, avg 3 auctions",2.93,1.75,($/kg),1.075002423028976
1985,Tin,19332.0,11539.0,($/mt),9.869517032964975
1985,"Tobacco, US import u.v.",4376.0,2612.0,($/mt),8.383890344101816
1985,Urea,187.0,111.6,($/mt),5.231108616854587
1985,"Wheat, US HRW",227.6,135.8,($/mt),5.427589702252176
1985,"Wheat, US SRW",215.6,128.7,($/mt),5.3734248390348425
1985,Zinc,1313.0,783.0,($/mt),7.180069874302796
1986,Aluminum,1675.0,1150.0,($/mt),7.423568444259167
1986,"Banana, US",0.56,0.38,($/kg),-0.579818495252942
1986,Barley,69.3,47.6,($/mt),4.238444906195857
1986,Beef,3.05,2.09,($/kg),1.1151415906193203
1986,Chicken,1.35,0.93,($/kg),0.30010459245033816
1986,"Coal, Australian",45.3,31.1,($/mt),3.8133070324889884
1986,"Coal, South African",44.2,30.4,($/mt),3.7887247890836524
1986,Cocoa,3.01,2.07,($/kg),1.1019400787607843
1986,Coconut oil,432.0,297.0,($/mt),6.068425588244111
1986,"Coffee, Arabica",6.25,4.29,($/kg),1.8325814637483102
1986,"Coffee, Robusta",4.73,3.24,($/kg),1.5539252025038417
1986,Copper,2001.0,1374.0,($/mt),7.601402334583733
1986,"Cotton, A Index",1.54,1.06,($/kg),0.43178241642553783
1986,"Crude oil, Brent",21.5,14.8,($/bbl),3.068052935133617
1986,"Crude oil, Dubai",19.2,13.2,($/bbl),2.954910279033736
1986,"Crude oil, WTI",22.0,15.1,($/bbl),3.091042453358316
1986,"Crude oil, average",20.9,14.4,($/bbl),3.039749158970765
1986,DAP,201.3,138.2,($/mt),5.304796332645746
1986,Fish meal,467.0,321.0,($/mt),6.1463292576688975
1986,Gold,536.0,368.0,($/troy oz),6.284134161070802
1986,Groundnut oil,829.0,569.0,($/mt),6.720220155135295
1986,Groundnuts,1447.0,994.0,($/mt),7.277247726631484
1986,"Iron ore, cfr spot",38.3,26.3,($/dmtu),3.6454498961866
1986,Lamb,3.14,,($/kg),1.144222799920162
1986,Lamb **,,2.15,,
1986,Lead,592.0,406.0,($/mt),6.3835066348840055
1986,"Liquefied natural gas, Japan",5.97,4.1,($/mmbtu),1.7867469274045107
1986,"Logs, Cameroon",322.9,221.6,($/cubic meter),5.77734267776423
1986,"Logs, Malaysian",201.9,138.6,($/cubic meter),5.307772525318792
1986,MUV Index,68.7,,(2010=100),4.229749199228304
1986,Maize,127.5,87.6,($/mt),4.848116364598481
1986,Natural gas index,63.5,43.6,(2010=100),4.151039905898646
1986,"Natural gas, Europe",5.32,3.65,($/mmbtu),1.6714733033535532
1986,"Natural gas, US",2.82,1.94,($/mmbtu),1.0367368849500223
1986,Nickel,5654.0,3881.0,($/mt),8.640118538253535
1986,Orange,0.57,0.39,($/kg),-0.5621189181535413
1986,Palm oil,374.0,257.0,($/mt),5.924255797414532
1986,Phosphate rock,52.4,36.0,($/mt),3.9589065913269965
1986,Platinum,677.0,465.0,($/troy oz),6.517671272912275
1986,Plywood,398.7,273.7,(¢/sheet),5.988209254387309
1986,Potassium chloride,106.3,73.0,($/mt),4.666265285347902
1986,"Rice, Thai 25%",151.7,104.1,($/mt),5.021904886354487
1986,"Rice, Thai 5%",271.3,186.2,($/mt),5.603225219664886
1986,"Rice, Thai A.1",151.9,104.3,($/mt),5.023222409601727
1986,"Rubber, RSS3",1.17,0.81,($/kg),0.1570037488096647
1986,"Sawnwood, Malaysian",479.7,329.3,($/cubic meter),6.173160908508018
1986,"Shrimps, Mexican",18.77,12.89,($/kg),2.9322598505984176
1986,Silver,7.9,5.4,($/troy oz),2.066862759472976
1986,Sorghum,120.0,82.4,($/mt),4.787491742782046
1986,Soybean meal,269.0,185.0,($/mt),5.594711379601839
1986,Soybean oil,499.0,342.0,($/mt),6.212606095751519
1986,Soybeans,304.0,208.0,($/mt),5.717027701406222
1986,"Sugar, EU",0.6,0.41,($/kg),-0.5108256237659907
1986,"Sugar, US",0.67,0.46,($/kg),-0.40047756659712525
1986,"Sugar, world",0.19,0.13,($/kg),-1.6607312068216509
1986,TSP,176.5,121.2,($/mt),5.173320876373351
1986,"Tea, Colombo",1.61,1.11,($/kg),0.4762341789963717
1986,"Tea, Kolkata",3.15,2.16,($/kg),1.1474024528375417
1986,"Tea, Mombasa",2.49,1.71,($/kg),0.9122827104766164
1986,"Tea, avg 3 auctions",2.42,1.66,($/kg),0.883767540168595
1986,Tin,8975.0,6161.0,($/mt),9.10219821335648
1986,"Tobacco, US import u.v.",3873.0,2659.0,($/mt),8.261784679514752
1986,Urea,103.1,70.8,($/mt),4.635699391022914
1986,"Wheat, US HRW",167.4,114.9,($/mt),5.120386158055375
1986,"Wheat, US SRW",172.5,118.4,($/mt),5.150397236471415
1986,Zinc,1098.0,754.0,($/mt),7.001245622069476
1987,Aluminum,2081.0,1565.0,($/mt),7.640603826393634
1987,"Banana, US",0.52,0.39,($/kg),-0.6539264674066639
1987,Barley,73.1,55.0,($/mt),4.291828366755733
1987,Beef,3.17,2.39,($/kg),1.1537315878891892
1987,Chicken,1.21,0.91,($/kg),0.1906203596086497
1987,"Coal, Australian",36.6,27.5,($/mt),3.6000482404073204
1987,"Coal, South African",35.2,26.5,($/mt),3.5610460826040513
1987,Cocoa,2.65,1.99,($/kg),0.9745596399981308
1987,Coconut oil,588.0,442.0,($/mt),6.376726947898627
1987,"Coffee, Arabica",3.33,2.5,($/kg),1.2029723039923526
1987,"Coffee, Robusta",2.99,2.25,($/kg),1.095273387402595
1987,Copper,2369.0,1783.0,($/mt),7.7702232041587855
1987,"Cotton, A Index",2.19,1.65,($/kg),0.7839015438284094
1987,"Crude oil, Brent",24.4,18.3,($/bbl),3.1945831322991562
1987,"Crude oil, Dubai",22.5,16.9,($/bbl),3.1135153092103742
1987,"Crude oil, WTI",25.5,19.2,($/bbl),3.2386784521643803
1987,"Crude oil, average",24.1,18.1,($/bbl),3.1822118404966093
1987,DAP,212.7,160.0,($/mt),5.3598827222061916
1987,Fish meal,510.0,383.0,($/mt),6.234410725718371
1987,Gold,593.0,446.0,($/troy oz),6.385194398997726
1987,Groundnut oil,664.0,500.0,($/mt),6.498282149476434
1987,Groundnuts,1008.0,759.0,($/mt),6.915723448631314
1987,"Iron ore, cfr spot",33.6,25.3,($/dmtu),3.5145260669691587
1987,Lamb,2.87,,($/kg),1.0543120297715298
1987,Lamb **,,2.16,,
1987,Lead,793.0,597.0,($/mt),6.675823221634848
1987,"Liquefied natural gas, Japan",4.45,3.35,($/mmbtu),1.4929040961781488
1987,"Logs, Cameroon",344.2,258.9,($/cubic meter),5.841222883777439
1987,"Logs, Malaysian",268.2,201.8,($/cubic meter),5.591732970847578
1987,MUV Index,75.2,,(2010=100),4.320151230955794
1987,Maize,100.6,75.7,($/mt),4.611152257665639
1987,Natural gas index,46.2,34.8,(2010=100),3.832979798087693
1987,"Natural gas, Europe",3.44,2.59,($/mmbtu),1.235471471385307
1987,"Natural gas, US",2.21,1.66,($/mmbtu),0.7929925155296614
1987,Nickel,6476.0,4872.0,($/mt),8.775858314797526
1987,Orange,0.61,0.46,($/kg),-0.4942963218147801
1987,Palm oil,455.0,343.0,($/mt),6.12029741895095
1987,Phosphate rock,45.4,34.1,($/mt),3.8155121050473024
1987,Platinum,739.0,556.0,($/troy oz),6.6052979209482015
1987,Plywood,530.9,399.4,(¢/sheet),6.274573679589626
1987,Potassium chloride,89.4,67.3,($/mt),4.493120682179469
1987,"Rice, Thai 25%",253.9,191.0,($/mt),5.536940488710632
1987,"Rice, Thai 5%",285.3,214.6,($/mt),5.653541258219454
1987,"Rice, Thai A.1",204.6,153.9,($/mt),5.321056853517526
1987,"Rubber, RSS3",1.31,0.98,($/kg),0.2700271372130602
1987,"Sawnwood, Malaysian",533.4,401.3,($/cubic meter),6.279271611747914
1987,"Shrimps, Mexican",15.21,11.44,($/kg),2.7219531062712017
1987,Silver,9.3,7.0,($/troy oz),2.2300144001592104
1987,Sorghum,96.7,72.8,($/mt),4.571613402459248
1987,Soybean meal,270.0,203.0,($/mt),5.598421958998375
1987,Soybean oil,444.0,334.0,($/mt),6.095824562432225
1987,Soybeans,287.0,216.0,($/mt),5.659482215759621
1987,"Sugar, EU",0.63,0.47,($/kg),-0.4620354595965587
1987,"Sugar, US",0.64,0.48,($/kg),-0.4462871026284195
1987,"Sugar, world",0.2,0.15,($/kg),-1.6094379124341003
1987,TSP,183.4,138.0,($/mt),5.211669559822364
1987,"Tea, Colombo",1.79,1.35,($/kg),0.5822156198526637
1987,"Tea, Kolkata",3.05,2.29,($/kg),1.1151415906193203
1987,"Tea, Mombasa",1.74,1.31,($/kg),0.5538851132264376
1987,"Tea, avg 3 auctions",2.19,1.65,($/kg),0.7839015438284094
1987,Tin,8859.0,6665.0,($/mt),9.089189170412032
1987,"Tobacco, US import u.v.",3650.0,2746.0,($/mt),8.202482446576537
1987,Urea,109.7,82.5,($/mt),4.697749367281185
1987,"Wheat, US HRW",150.1,112.9,($/mt),5.011301738639416
1987,"Wheat, US SRW",149.0,112.1,($/mt),5.003946305945459
1987,Zinc,1062.0,799.0,($/mt),6.967909201801884
1988,Aluminum,3184.0,2550.0,($/mt),8.065893546964274
1988,"Banana, US",0.6,0.48,($/kg),-0.5108256237659907
1988,Barley,87.8,70.3,($/mt),4.475061500641071
1988,Beef,3.14,2.52,($/kg),1.144222799920162
1988,Chicken,1.25,1.0,($/kg),0.22314355131420976
1988,"Coal, Australian",43.5,34.9,($/mt),3.7727609380946383
1988,"Coal, South African",35.1,28.1,($/mt),3.55820113047182
1988,Cocoa,1.98,1.58,($/kg),0.6830968447064438
1988,Coconut oil,705.0,565.0,($/mt),6.558197802812269
1988,"Coffee, Arabica",3.79,3.03,($/kg),1.332366019094335
1988,"Coffee, Robusta",2.6,2.08,($/kg),0.9555114450274363
1988,Copper,3247.0,2602.0,($/mt),8.085486772102845
1988,"Cotton, A Index",1.75,1.4,($/kg),0.5596157879354227
1988,"Crude oil, Brent",18.7,15.0,($/bbl),2.928523523860541
1988,"Crude oil, Dubai",16.5,13.2,($/bbl),2.803360380906535
1988,"Crude oil, WTI",19.9,16.0,($/bbl),2.990719731730447
1988,"Crude oil, average",18.4,14.7,($/bbl),2.91235066461494
1988,DAP,224.9,180.2,($/mt),5.41565585896527
1988,Fish meal,680.0,544.0,($/mt),6.522092798170152
1988,Gold,546.0,437.0,($/troy oz),6.302618975744905
1988,Groundnut oil,737.0,590.0,($/mt),6.602587892189336
1988,Groundnuts,1168.0,936.0,($/mt),7.0630481633881725
1988,"Iron ore, cfr spot",30.3,24.3,($/dmtu),3.4111477125153233
1988,Lamb,3.01,,($/kg),1.1019400787607843
1988,Lamb **,,2.41,,
1988,Lead,819.0,656.0,($/mt),6.70808408385307
1988,"Liquefied natural gas, Japan",4.17,3.34,($/mmbtu),1.4279160358107101
1988,"Logs, Cameroon",338.7,271.3,($/cubic meter),5.825114759823726
1988,"Logs, Malaysian",250.7,200.9,($/cubic meter),5.524257005164247
1988,MUV Index,80.1,,(2010=100),4.383275854074314
1988,Maize,133.4,106.9,($/mt),4.893352133481524
1988,Natural gas index,42.3,33.9,(2010=100),3.744787086052232
1988,"Natural gas, Europe",2.95,2.36,($/mmbtu),1.0818051703517284
1988,"Natural gas, US",2.1,1.68,($/mmbtu),0.7419373447293773
1988,Nickel,17199.0,13778.0,($/mt),9.752606521576492
1988,Orange,0.57,0.45,($/kg),-0.5621189181535413
1988,Palm oil,546.0,437.0,($/mt),6.302618975744905
1988,Phosphate rock,39.4,31.6,($/mt),3.673765816303888
1988,Platinum,662.0,530.0,($/troy oz),6.495265555937008
1988,Plywood,447.9,358.8,(¢/sheet),6.104569993213254
1988,Potassium chloride,108.4,86.8,($/mt),4.685828089005546
1988,"Rice, Thai 5%",346.3,277.5,($/mt),5.847305451408376
1988,"Rice, Thai A.1",274.3,219.8,($/mt),5.614222397943558
1988,"Rubber, RSS3",1.48,1.18,($/kg),0.3920420877760237
1988,"Sawnwood, Malaysian",502.2,402.3,($/cubic meter),6.218998446723485
1988,"Shrimps, Mexican",15.53,12.44,($/kg),2.7427736371605955
1988,Silver,8.2,6.5,($/troy oz),2.1041341542702074
1988,Sorghum,122.9,98.5,($/mt),4.811371016571989
1988,Soybean meal,334.0,268.0,($/mt),5.811140992976701
1988,Soybean oil,578.0,463.0,($/mt),6.359573868672378
1988,Soybeans,379.0,304.0,($/mt),5.937536205082426
1988,"Sugar, EU",0.66,0.53,($/kg),-0.4155154439616658
1988,"Sugar, US",0.61,0.49,($/kg),-0.4942963218147801
1988,"Sugar, world",0.28,0.22,($/kg),-1.2729656758128873
1988,TSP,197.7,158.4,($/mt),5.286750730176571
1988,"Tea, Colombo",1.7,1.36,($/kg),0.5306282510621704
1988,"Tea, Kolkata",2.51,2.01,($/kg),0.9202827531436925
1988,"Tea, Mombasa",1.7,1.36,($/kg),0.5306282510621704
1988,"Tea, avg 3 auctions",1.97,1.58,($/kg),0.6780335427498971
1988,Tin,8802.0,7052.0,($/mt),9.082734247371036
1988,"Tobacco, US import u.v.",3081.0,2468.0,($/mt),8.033009498596668
1988,Urea,141.7,113.5,($/mt),4.953712146696635
1988,"Wheat, US HRW",181.2,145.2,($/mt),5.199601393608879
1988,"Wheat, US SRW",175.7,140.7,($/mt),5.168777995193051
1988,Zinc,1550.0,1242.0,($/mt),7.346010209913293
1989,Aluminum,2450.0,1951.0,($/mt),7.803843303538772
1989,"Banana, US",0.69,0.55,($/kg),-0.37106368139083207
1989,Barley,94.4,75.1,($/mt),4.547541073151455
1989,Beef,3.23,2.57,($/kg),1.172482137234565
1989,Chicken,1.38,1.1,($/kg),0.3220834991691132
1989,"Coal, Australian",47.7,38.0,($/mt),3.8649313978942956
1989,"Coal, South African",38.9,31.0,($/mt),3.6609942506244004
1989,Cocoa,1.56,1.24,($/kg),0.44468582126144574
1989,Coconut oil,649.0,517.0,($/mt),6.47543271670409
1989,"Coffee, Arabica",3.0,2.39,($/kg),1.0986122886681098
1989,"Coffee, Robusta",2.08,1.66,($/kg),0.7323678937132266
1989,Copper,3577.0,2848.0,($/mt),8.182279739259018
1989,"Cotton, A Index",2.1,1.67,($/kg),0.7419373447293773
1989,"Crude oil, Brent",22.9,18.2,($/bbl),3.131136910560194
1989,"Crude oil, Dubai",19.7,15.7,($/bbl),2.9806186357439426
1989,"Crude oil, WTI",24.6,19.6,($/bbl),3.202746442938317
1989,"Crude oil, average",22.4,17.8,($/bbl),3.109060958860994
1989,DAP,195.0,155.3,($/mt),5.272999558563747
1989,Fish meal,513.0,408.0,($/mt),6.240275845170769
1989,Gold,479.0,381.0,($/troy oz),6.171700597410915
1989,Groundnut oil,973.0,775.0,($/mt),6.880384082186005
1989,Groundnuts,1027.0,818.0,($/mt),6.934397209928558
1989,"Iron ore, cfr spot",34.9,27.8,($/dmtu),3.5524868292083815
1989,Lamb,2.91,,($/kg),1.0681530811834012
1989,Lamb **,,2.32,,
1989,Lead,846.0,673.0,($/mt),6.740519359606223
1989,"Liquefied natural gas, Japan",4.12,3.28,($/mmbtu),1.415853163361435
1989,"Logs, Cameroon",343.8,273.8,($/cubic meter),5.8400600929487485
1989,"Logs, Malaysian",239.3,190.6,($/cubic meter),5.477717994914328
1989,MUV Index,79.6,,(2010=100),4.377014092850337
1989,Maize,140.0,111.5,($/mt),4.941642422609304
1989,Natural gas index,41.1,32.8,(2010=100),3.716008121502189
1989,"Natural gas, Europe",2.62,2.09,($/mmbtu),0.9631743177730056
1989,"Natural gas, US",2.13,1.7,($/mmbtu),0.7561219797213337
1989,Nickel,16712.0,13308.0,($/mt),9.723882303236401
1989,Orange,0.56,0.45,($/kg),-0.579818495252942
1989,Palm oil,440.0,350.0,($/mt),6.0867747269123065
1989,Phosphate rock,38.9,31.0,($/mt),3.6609942506244004
1989,Platinum,640.0,510.0,($/troy oz),6.461468176353717
1989,Plywood,439.9,350.3,(¢/sheet),6.086547428354674
1989,Potassium chloride,123.5,98.3,($/mt),4.816241156068032
1989,"Rice, Thai 5%",375.7,299.2,($/mt),5.928790952579924
1989,"Rice, Thai A.1",274.5,218.6,($/mt),5.614951260949585
1989,"Rubber, RSS3",1.22,0.97,($/kg),0.19885085874516517
1989,"Sawnwood, Malaysian",609.4,485.3,($/cubic meter),6.412474866551609
1989,"Shrimps, Mexican",14.01,11.16,($/kg),2.6397713603489157
1989,Silver,6.9,5.5,($/troy oz),1.9315214116032138
1989,Sorghum,133.0,105.9,($/mt),4.890349128221754
1989,Soybean meal,311.0,248.0,($/mt),5.739792912179234
1989,Soybean oil,542.0,432.0,($/mt),6.295266001439646
1989,Soybeans,345.0,275.0,($/mt),5.84354441703136
1989,"Sugar, EU",0.63,0.5,($/kg),-0.4620354595965587
1989,"Sugar, US",0.63,0.5,($/kg),-0.4620354595965587
1989,"Sugar, world",0.35,0.28,($/kg),-1.0498221244986778
1989,TSP,180.8,144.0,($/mt),5.1973914479580765
1989,"Tea, Colombo",1.92,1.53,($/kg),0.6523251860396901
1989,"Tea, Kolkata",3.05,2.43,($/kg),1.1151415906193203
1989,"Tea, Mombasa",1.91,1.52,($/kg),0.6471032420585384
1989,"Tea, avg 3 auctions",2.29,1.82,($/kg),0.8285518175661483
1989,Tin,10717.0,8534.0,($/mt),9.279586544712997
1989,"Tobacco, US import u.v.",3978.0,3168.0,($/mt),8.288534459413917
1989,Urea,129.3,103.0,($/mt),4.8621352857778115
1989,"Wheat, US HRW",212.5,169.2,($/mt),5.358941988364472
1989,"Wheat, US SRW",202.5,161.3,($/mt),5.310739886546594
1989,Zinc,2083.0,1659.0,($/mt),7.641564441260972
1990,Aluminum,1983.0,1639.0,($/mt),7.592366128519796
1990,"Banana, US",0.65,0.54,($/kg),-0.4307829160924542
1990,Barley,96.7,79.9,($/mt),4.571613402459248
1990,Beef,3.1,2.56,($/kg),1.1314021114911006
1990,Chicken,1.31,1.08,($/kg),0.2700271372130602
1990,"Coal, Australian",48.0,39.7,($/mt),3.871201010907891
1990,"Coal, South African",39.8,32.9,($/mt),3.6838669122903918
1990,Cocoa,1.53,1.27,($/kg),0.4252677354043441
1990,Coconut oil,407.0,337.0,($/mt),6.008813185442595
1990,"Coffee, Arabica",2.39,1.97,($/kg),0.8712933659434193
1990,"Coffee, Robusta",1.43,1.18,($/kg),0.3576744442718159
1990,Copper,3219.0,2661.0,($/mt),8.076826031298808
1990,"Cotton, A Index",2.2,1.82,($/kg),0.7884573603642703
1990,"Crude oil, Brent",28.6,23.7,($/bbl),3.353406717825807
1990,"Crude oil, Dubai",24.8,20.5,($/bbl),3.2108436531709366
1990,"Crude oil, WTI",29.6,24.5,($/bbl),3.3877743613300146
1990,"Crude oil, average",27.7,22.9,($/bbl),3.3214324131932926
1990,DAP,187.1,154.7,($/mt),5.231643233280044
1990,Fish meal,499.0,412.0,($/mt),6.212606095751519
1990,Gold,464.0,383.0,($/troy oz),6.139884552226255
1990,Groundnut oil,1166.0,964.0,($/mt),7.061334366910438
1990,Groundnuts,1603.0,1326.0,($/mt),7.3796321526095525
1990,"Iron ore, cfr spot",39.3,32.5,($/dmtu),3.6712245188752153
1990,Lamb,3.21,,($/kg),1.1662709371419244
1990,Lamb **,,2.66,,
1990,Lead,980.0,811.0,($/mt),6.887552571664617
1990,"Liquefied natural gas, Japan",4.4,3.64,($/mmbtu),1.4816045409242156
1990,"Logs, Cameroon",415.4,343.5,($/cubic meter),6.0292419114420115
1990,"Logs, Malaysian",214.3,177.2,($/cubic meter),5.367376902479531
1990,MUV Index,82.7,,(2010=100),4.415219602029645
1990,Maize,132.2,109.3,($/mt),4.884315927417586
1990,Natural gas index,44.1,36.5,(2010=100),3.7864597824528
1990,"Natural gas, Europe",3.41,2.82,($/mmbtu),1.2267122912954254
1990,"Natural gas, US",2.05,1.7,($/mmbtu),0.7178397931503168
1990,Nickel,10722.0,8864.0,($/mt),9.280052984387483
1990,Orange,0.64,0.53,($/kg),-0.4462871026284195
1990,Palm oil,350.0,290.0,($/mt),5.857933154483459
1990,Phosphate rock,37.9,31.3,($/mt),3.634951112088381
1990,Platinum,570.0,472.0,($/troy oz),6.345636360828596
1990,Plywood,429.2,354.9,(¢/sheet),6.061923010756543
1990,Potassium chloride,114.5,94.6,($/mt),4.740574822994295
1990,"Rice, Thai 5%",327.6,270.9,($/mt),5.791793351978915
1990,"Rice, Thai A.1",188.9,156.2,($/mt),5.241217774507464
1990,"Rubber, RSS3",1.05,0.86,($/kg),0.04879016416943205
1990,"Sawnwood, Cameroon",644.7,533.0,($/cubic meter),6.468785092316574
1990,"Sawnwood, Malaysian",644.8,533.1,($/cubic meter),6.468940191192418
1990,"Shrimps, Mexican",13.05,10.79,($/kg),2.5687881337687024
1990,Silver,5.8,4.8,($/troy oz),1.7578579175523736
1990,Sorghum,125.7,103.9,($/mt),4.8338981155962015
1990,Soybean meal,242.0,200.0,($/mt),5.488937726156687
1990,Soybean oil,541.0,447.0,($/mt),6.293419278846481
1990,Soybeans,298.0,247.0,($/mt),5.697093486505405
1990,"Sugar, EU",0.71,0.58,($/kg),-0.342490308946776
1990,"Sugar, US",0.62,0.51,($/kg),-0.4780358009429998
1990,"Sugar, world",0.33,0.28,($/kg),-1.1086626245216111
1990,TSP,159.4,131.8,($/mt),5.071416766356115
1990,"Tea, Colombo",2.27,1.88,($/kg),0.8197798314933114
1990,"Tea, Kolkata",3.4,2.81,($/kg),1.2237754316221157
1990,"Tea, Mombasa",1.8,1.49,($/kg),0.5877866649021191
1990,"Tea, avg 3 auctions",2.49,2.06,($/kg),0.9122827104766164
1990,Tin,7361.0,6085.0,($/mt),8.903951072058707
1990,"Tobacco, US import u.v.",4103.0,3392.0,($/mt),8.319473692442186
1990,Urea,139.9,115.6,($/mt),4.940927881671436
1990,"Wheat, US HRW",163.9,135.5,($/mt),5.099256485749784
1990,"Wheat, US SRW",156.1,129.1,($/mt),5.050496827521386
1990,Zinc,1831.0,1513.0,($/mt),7.5126175446745105
1991,Aluminum,1590.0,1302.0,($/mt),7.371489295214277
1991,"Banana, US",0.68,0.56,($/kg),-0.3856624808119846
1991,Barley,95.6,78.3,($/mt),4.560172820057356
1991,Beef,3.25,2.66,($/kg),1.1786549963416462
1991,Chicken,1.29,1.06,($/kg),0.25464221837358075
1991,"Coal, Australian",48.4,39.7,($/mt),3.879499813722586
1991,"Coal, South African",38.5,31.5,($/mt),3.6506582412937387
1991,Cocoa,1.46,1.2,($/kg),0.37843643572024505
1991,Coconut oil,529.0,433.0,($/mt),6.270988431858299
1991,"Coffee, Arabica",2.29,1.87,($/kg),0.8285518175661483
1991,"Coffee, Robusta",1.31,1.07,($/kg),0.2700271372130602
1991,Copper,2855.0,2339.0,($/mt),7.956827122090111
1991,"Cotton, A Index",2.05,1.68,($/kg),0.7178397931503168
1991,"Crude oil, Brent",24.5,20.1,($/bbl),3.1986731175506815
1991,"Crude oil, Dubai",20.2,16.6,($/bbl),3.005682604407159
1991,"Crude oil, WTI",26.2,21.5,($/bbl),3.265759410767051
1991,"Crude oil, average",23.6,19.4,($/bbl),3.1612467120315646
1991,DAP,193.2,158.3,($/mt),5.263725921778417
1991,Fish meal,583.0,478.0,($/mt),6.368187186350492
1991,Gold,442.0,362.0,($/troy oz),6.091309882077698
1991,Groundnut oil,1092.0,895.0,($/mt),6.9957661563048505
1991,Groundnuts,1511.0,1238.0,($/mt),7.32052696227274
1991,"Iron ore, cfr spot",42.4,34.8,($/dmtu),3.7471483622379123
1991,Lamb,2.85,,($/kg),1.0473189942805592
1991,Lamb **,,2.33,,
1991,Lead,681.0,558.0,($/mt),6.523562306149512
1991,"Liquefied natural gas, Japan",4.87,3.99,($/mmbtu),1.5830939370944985
1991,"Logs, Cameroon",385.8,316.0,($/cubic meter),5.955319100471629
1991,"Logs, Malaysian",233.8,191.5,($/cubic meter),5.454466049037968
1991,MUV Index,81.9,,(2010=100),4.405498990859024
1991,Maize,131.1,107.4,($/mt),4.875960390769654
1991,Natural gas index,43.4,35.6,(2010=100),3.770459441106359
1991,"Natural gas, Europe",3.8,3.11,($/mmbtu),1.33500106673234
1991,"Natural gas, US",1.81,1.49,($/mmbtu),0.5933268452777344
1991,Nickel,9957.0,8156.0,($/mt),9.206031100388085
1991,Orange,0.64,0.52,($/kg),-0.4462871026284195
1991,Palm oil,414.0,339.0,($/mt),6.025865973825314
1991,Phosphate rock,38.5,31.5,($/mt),3.6506582412937387
1991,Platinum,459.0,376.0,($/troy oz),6.129050210060545
1991,Plywood,454.6,372.4,(¢/sheet),6.119417911418443
1991,Potassium chloride,129.9,106.4,($/mt),4.866764923676554
1991,"Rice, Thai 25%",292.4,239.5,($/mt),5.678122727875623
1991,"Rice, Thai 5%",358.0,293.3,($/mt),5.8805329864007
1991,"Rice, Thai A.1",218.7,179.2,($/mt),5.387700927682722
1991,"Rubber, RSS3",1.01,0.83,($/kg),0.009950330853168092
1991,"Sawnwood, Malaysian",674.5,552.5,($/cubic meter),6.51397167564781
1991,"Shrimps, Mexican",14.09,11.54,($/kg),2.645465325910589
1991,Silver,4.9,4.1,($/troy oz),1.589235205116581
1991,Sorghum,128.3,105.1,($/mt),4.8543712716215905
1991,Soybean meal,241.0,197.0,($/mt),5.484796933490655
1991,Soybean oil,554.0,454.0,($/mt),6.317164686747284
1991,Soybeans,292.0,240.0,($/mt),5.676753802268282
1991,"Sugar, EU",0.75,0.61,($/kg),-0.2876820724517809
1991,"Sugar, US",0.58,0.48,($/kg),-0.5447271754416722
1991,"Sugar, world",0.24,0.2,($/kg),-1.4271163556401458
1991,TSP,162.5,133.1,($/mt),5.090678001769792
1991,"Tea, Colombo",1.75,1.43,($/kg),0.5596157879354227
1991,"Tea, Kolkata",2.64,2.16,($/kg),0.9707789171582248
1991,"Tea, Mombasa",1.74,1.43,($/kg),0.5538851132264376
1991,"Tea, avg 3 auctions",2.04,1.67,($/kg),0.712949807856125
1991,Tin,6831.0,5595.0,($/mt),8.82922635473185
1991,"Tobacco, US import u.v.",4273.0,3500.0,($/mt),8.360071435644025
1991,Urea,169.0,138.4,($/mt),5.1298987149230735
1991,"Wheat, US HRW",157.1,128.7,($/mt),5.056882545261575
1991,"Wheat, US SRW",154.0,126.1,($/mt),5.0369526024136295
1991,Zinc,1364.0,1117.0,($/mt),7.218176838403408
1992,Aluminum,1503.0,1254.0,($/mt),7.315218389752975
1992,"Banana, US",0.57,0.47,($/kg),-0.5621189181535413
1992,Barley,94.3,78.7,($/mt),4.546481189639412
1992,Beef,2.94,2.45,($/kg),1.0784095813505903
1992,Chicken,1.27,1.06,($/kg),0.23901690047049992
1992,"Coal, Australian",46.2,38.6,($/mt),3.832979798087693
1992,"Coal, South African",34.6,28.8,($/mt),3.543853682063679
1992,Cocoa,1.32,1.1,($/kg),0.27763173659827955
1992,Coconut oil,692.0,578.0,($/mt),6.539585955617669
1992,"Coffee, Arabica",1.69,1.41,($/kg),0.5247285289349821
1992,"Coffee, Robusta",1.13,0.94,($/kg),0.12221763272424911
1992,Copper,2734.0,2281.0,($/mt),7.913521017283895
1992,"Cotton, A Index",1.53,1.28,($/kg),0.4252677354043441
1992,"Crude oil, Brent",23.1,19.3,($/bbl),3.139832617527748
1992,"Crude oil, Dubai",20.6,17.2,($/bbl),3.0252910757955354
1992,"Crude oil, WTI",24.6,20.6,($/bbl),3.202746442938317
1992,"Crude oil, average",22.8,19.0,($/bbl),3.126760535960395
1992,DAP,165.2,137.9,($/mt),5.107156861086878
1992,Fish meal,577.0,482.0,($/mt),6.3578422665081
1992,Gold,412.0,344.0,($/troy oz),6.021023349349527
1992,Groundnut oil,731.0,610.0,($/mt),6.594413459749778
1992,Groundnuts,958.0,799.0,($/mt),6.86484777797086
1992,"Iron ore, cfr spot",39.7,33.1,($/dmtu),3.681351187693145
1992,Lamb,3.18,,($/kg),1.1568811967920856
1992,Lamb **,,2.65,,
1992,Lead,649.0,541.0,($/mt),6.47543271670409
1992,"Liquefied natural gas, Japan",4.31,3.6,($/mmbtu),1.4609379041156563
1992,"Logs, Cameroon",397.0,331.3,($/cubic meter),5.983936280687191
1992,"Logs, Malaysian",251.1,209.5,($/cubic meter),5.5258512661635395
1992,MUV Index,83.4,,(2010=100),4.423648309364701
1992,Maize,124.9,104.2,($/mt),4.827513417131532
1992,Natural gas index,43.3,36.1,(2010=100),3.768152635008444
1992,"Natural gas, Europe",3.07,2.56,($/mmbtu),1.1216775615991057
1992,"Natural gas, US",2.12,1.77,($/mmbtu),0.7514160886839212
1992,Nickel,8390.0,7001.0,($/mt),9.034795799461252
1992,Orange,0.59,0.49,($/kg),-0.527632742082372
1992,Palm oil,472.0,394.0,($/mt),6.156978985585555
1992,Phosphate rock,37.8,31.5,($/mt),3.632309102625542
1992,Platinum,431.0,360.0,($/troy oz),6.066108090103747
1992,Plywood,456.3,380.8,(¢/sheet),6.123150487933357
1992,Potassium chloride,133.9,111.8,($/mt),4.897093252697127
1992,"Rice, Thai 25%",273.6,228.3,($/mt),5.611667185748395
1992,"Rice, Thai 5%",321.4,268.2,($/mt),5.772686453303412
1992,"Rice, Thai A.1",213.2,177.9,($/mt),5.362230692291689
1992,"Rubber, RSS3",1.03,0.86,($/kg),0.02955880224154443
1992,"Sawnwood, Malaysian",727.7,607.2,($/cubic meter),6.589888875353041
1992,"Shrimps, Mexican",13.13,10.95,($/kg),2.574899688314705
1992,Silver,4.7,3.9,($/troy oz),1.547562508716013
1992,Sorghum,123.1,102.8,($/mt),4.812997033190408
1992,Soybean meal,245.0,204.0,($/mt),5.501258210544727
1992,Soybean oil,514.0,429.0,($/mt),6.2422232654551655
1992,Soybeans,282.0,236.0,($/mt),5.641907070938114
1992,"Sugar, EU",0.75,0.63,($/kg),-0.2876820724517809
1992,"Sugar, US",0.56,0.47,($/kg),-0.579818495252942
1992,"Sugar, world",0.24,0.2,($/kg),-1.4271163556401458
1992,TSP,144.7,120.7,($/mt),4.974662633637438
1992,"Tea, Colombo",1.73,1.44,($/kg),0.5481214085096876
1992,"Tea, Kolkata",2.03,1.69,($/kg),0.7080357930536959
1992,"Tea, Mombasa",2.01,1.68,($/kg),0.6981347220709843
1992,"Tea, avg 3 auctions",1.92,1.6,($/kg),0.6523251860396901
1992,Tin,7312.0,6101.0,($/mt),8.897272113133987
1992,"Tobacco, US import u.v.",4122.0,3440.0,($/mt),8.324093761450404
1992,Urea,140.9,117.6,($/mt),4.948050418904635
1992,"Wheat, US HRW",181.2,151.2,($/mt),5.199601393608879
1992,"Wheat, US SRW",173.9,145.1,($/mt),5.158480421360237
1992,Zinc,1486.0,1240.0,($/mt),7.303843225277705
1993,Aluminum,1320.0,1139.0,($/mt),7.1853870155804165
1993,"Banana, US",0.51,0.44,($/kg),-0.6733445532637656
1993,Barley,82.7,71.4,($/mt),4.415219602029645
1993,Beef,3.03,2.62,($/kg),1.1085626195212777
1993,Chicken,1.4,1.21,($/kg),0.3364722366212129
1993,"Coal, Australian",36.3,31.3,($/mt),3.591817741270805
1993,"Coal, South African",31.2,27.0,($/mt),3.4404180948154366
1993,Cocoa,1.29,1.12,($/kg),0.25464221837358075
1993,Coconut oil,522.0,450.0,($/mt),6.257667587882639
1993,"Coffee, Arabica",1.81,1.56,($/kg),0.5933268452777344
1993,"Coffee, Robusta",1.34,1.16,($/kg),0.29266961396282004
1993,Copper,2216.0,1913.0,($/mt),7.703459047867175
1993,"Cotton, A Index",1.48,1.28,($/kg),0.3920420877760237
1993,"Crude oil, Brent",19.7,17.0,($/bbl),2.9806186357439426
1993,"Crude oil, Dubai",17.3,14.9,($/bbl),2.8507065015037334
1993,"Crude oil, WTI",21.5,18.6,($/bbl),3.068052935133617
1993,"Crude oil, average",19.5,16.8,($/bbl),2.970414465569701
1993,DAP,141.3,122.0,($/mt),4.950885289690482
1993,Fish meal,423.0,365.0,($/mt),6.0473721790462776
1993,Gold,417.0,360.0,($/troy oz),6.0330862217988015
1993,Groundnut oil,856.0,739.0,($/mt),6.752270376141742
1993,Groundnuts,1265.0,1092.0,($/mt),7.142827401161621
1993,"Iron ore, cfr spot",33.7,29.1,($/dmtu),3.517497837358316
1993,Lamb,3.37,,($/kg),1.2149127443642704
1993,Lamb **,,2.91,,
1993,Lead,471.0,406.0,($/mt),6.154858094016418
1993,"Liquefied natural gas, Japan",4.06,3.51,($/mmbtu),1.4011829736136412
1993,"Logs, Cameroon",359.5,310.3,($/cubic meter),5.884714177161102
1993,"Logs, Malaysian",451.6,389.8,($/cubic meter),6.112796832275507
1993,MUV Index,86.3,,(2010=100),4.457829598089382
1993,Maize,118.3,102.1,($/mt),4.773223770984341
1993,Natural gas index,47.3,40.8,(2010=100),3.856510295497887
1993,"Natural gas, Europe",3.09,2.67,($/mmbtu),1.128171090909654
1993,"Natural gas, US",2.46,2.12,($/mmbtu),0.9001613499442714
1993,Nickel,6132.0,5293.0,($/mt),8.721276239991704
1993,Orange,0.5,0.43,($/kg),-0.6931471805599453
1993,Palm oil,438.0,378.0,($/mt),6.082218910376446
1993,Phosphate rock,36.5,31.5,($/mt),3.597312260588446
1993,Platinum,433.0,374.0,($/troy oz),6.07073772800249
1993,Plywood,766.2,661.4,(¢/sheet),6.641443232266549
1993,Potassium chloride,130.4,112.5,($/mt),4.870606649492553
1993,"Rice, Thai 25%",234.5,202.4,($/mt),5.457455587886334
1993,"Rice, Thai 5%",272.7,235.4,($/mt),5.608372289851543
1993,"Rice, Thai A.1",182.6,157.6,($/mt),5.207297968160868
1993,"Rubber, RSS3",0.96,0.83,($/kg),-0.040821994520255166
1993,"Sawnwood, Malaysian",878.4,758.3,($/cubic meter),6.778102070755266
1993,"Shrimps, Mexican",13.19,11.39,($/kg),2.579458966729223
1993,Silver,5.0,4.3,($/troy oz),1.6094379124341003
1993,Sorghum,114.7,99.0,($/mt),4.742320024135325
1993,Soybean meal,241.0,208.0,($/mt),5.484796933490655
1993,Soybean oil,557.0,480.0,($/mt),6.322565239927284
1993,Soybeans,296.0,255.0,($/mt),5.69035945432406
1993,"Sugar, EU",0.72,0.62,($/kg),-0.3285040669720361
1993,"Sugar, US",0.55,0.48,($/kg),-0.5978370007556204
1993,"Sugar, world",0.26,0.22,($/kg),-1.3470736479666092
1993,TSP,129.7,111.9,($/mt),4.865224091322398
1993,"Tea, Colombo",1.67,1.44,($/kg),0.5128236264286637
1993,"Tea, Kolkata",2.14,1.84,($/kg),0.7608058290337602
1993,"Tea, Mombasa",1.8,1.56,($/kg),0.5877866649021191
1993,"Tea, avg 3 auctions",1.87,1.61,($/kg),0.6259384308664954
1993,Tin,5979.0,5161.0,($/mt),8.696008608880904
1993,"Tobacco, US import u.v.",3122.0,2695.0,($/mt),8.046229101075378
1993,Urea,99.1,85.5,($/mt),4.596129441335942
1993,"Wheat, US HRW",162.5,140.2,($/mt),5.090678001769792
1993,"Wheat, US SRW",156.1,134.8,($/mt),5.050496827521386
1993,Zinc,1114.0,962.0,($/mt),7.01571242048723
1994,Aluminum,1764.0,1477.0,($/mt),7.475339236566737
1994,"Banana, US",0.53,0.44,($/kg),-0.6348782724359695
1994,Barley,86.8,72.6,($/mt),4.463606621666305
1994,Beef,2.79,2.33,($/kg),1.0260415958332743
1994,Chicken,1.46,1.22,($/kg),0.37843643572024505
1994,"Coal, Australian",38.6,32.3,($/mt),3.653252276470785
1994,"Coal, South African",34.1,28.6,($/mt),3.529297384289471
1994,Cocoa,1.67,1.4,($/kg),0.5128236264286637
1994,Coconut oil,726.0,608.0,($/mt),6.587550014824796
1994,"Coffee, Arabica",3.95,3.31,($/kg),1.3737155789130306
1994,"Coffee, Robusta",3.13,2.62,($/kg),1.1410330045520618
1994,Copper,2756.0,2307.0,($/mt),7.9215356321335495
1994,"Cotton, A Index",2.11,1.76,($/kg),0.7466879474879751
1994,"Crude oil, Brent",18.9,15.8,($/bbl),2.9391619220655967
1994,"Crude oil, Dubai",17.5,14.7,($/bbl),2.8622008809294686
1994,"Crude oil, WTI",20.5,17.2,($/bbl),3.0204248861443626
1994,"Crude oil, average",19.0,15.9,($/bbl),2.9444389791664403
1994,DAP,191.6,160.4,($/mt),5.25540986553676
1994,Fish meal,449.0,376.0,($/mt),6.1070228877422545
1994,Gold,459.0,384.0,($/troy oz),6.129050210060545
1994,Groundnut oil,1221.0,1023.0,($/mt),7.107425474110705
1994,Groundnuts,1140.0,955.0,($/mt),7.038783541388542
1994,"Iron ore, cfr spot",31.6,26.5,($/dmtu),3.4531571205928664
1994,Lamb,3.55,,($/kg),1.2669476034873244
1994,Lamb **,,2.98,,
1994,Lead,654.0,548.0,($/mt),6.483107351457199
1994,"Liquefied natural gas, Japan",3.8,3.18,($/mmbtu),1.33500106673234
1994,"Logs, Cameroon",394.4,330.3,($/cubic meter),5.97736562272848
1994,"Logs, Malaysian",367.3,307.5,($/cubic meter),5.906178952825622
1994,MUV Index,83.7,,(2010=100),4.4272389774954295
1994,Maize,128.4,107.6,($/mt),4.855150391255861
1994,Natural gas index,44.3,37.1,(2010=100),3.7909846770510898
1994,"Natural gas, Europe",2.92,2.44,($/mmbtu),1.0715836162801904
1994,"Natural gas, US",2.29,1.92,($/mmbtu),0.8285518175661483
1994,Nickel,7572.0,6340.0,($/mt),8.932212512329214
1994,Orange,0.49,0.41,($/kg),-0.7133498878774648
1994,Palm oil,631.0,528.0,($/mt),6.447305862541213
1994,Phosphate rock,38.0,31.8,($/mt),3.6375861597263857
1994,Platinum,484.0,405.0,($/troy oz),6.182084906716632
1994,Plywood,718.0,601.2,(¢/sheet),6.576469569048224
1994,Potassium chloride,134.4,112.5,($/mt),4.900820428089049
1994,"Rice, Thai 25%",274.6,229.9,($/mt),5.6153154933338705
1994,"Rice, Thai 5%",319.6,267.6,($/mt),5.7670702138921195
1994,"Rice, Thai A.1",217.7,182.3,($/mt),5.3831179682405015
1994,"Rubber, RSS3",1.34,1.13,($/kg),0.29266961396282004
1994,"Sawnwood, Malaysian",980.6,821.0,($/cubic meter),6.888164629217133
1994,"Shrimps, Mexican",15.62,13.08,($/kg),2.7485521444115397
1994,Silver,6.3,5.3,($/troy oz),1.840549633397487
1994,Sorghum,124.1,103.9,($/mt),4.821087692210561
1994,Soybean meal,230.0,192.0,($/mt),5.438079308923196
1994,Soybean oil,735.0,616.0,($/mt),6.5998704992128365
1994,Soybeans,301.0,252.0,($/mt),5.707110264748875
1994,"Sugar, EU",0.74,0.62,($/kg),-0.3011050927839216
1994,"Sugar, US",0.58,0.49,($/kg),-0.5447271754416722
1994,"Sugar, world",0.32,0.27,($/kg),-1.1394342831883648
1994,TSP,157.8,132.1,($/mt),5.061328408411774
1994,"Tea, Colombo",1.59,1.33,($/kg),0.4637340162321402
1994,"Tea, Kolkata",1.88,1.57,($/kg),0.6312717768418578
1994,"Tea, Mombasa",1.88,1.57,($/kg),0.6312717768418578
1994,"Tea, avg 3 auctions",1.78,1.49,($/kg),0.5766133643039938
1994,Tin,6526.0,5464.0,($/mt),8.783549477153265
1994,"Tobacco, US import u.v.",3155.0,2642.0,($/mt),8.056743774975313
1994,Urea,112.1,93.9,($/mt),4.719391330078114
1994,"Wheat, US HRW",178.8,149.7,($/mt),5.186267862739414
1994,"Wheat, US SRW",165.5,138.6,($/mt),5.1089711948171175
1994,Zinc,1192.0,998.0,($/mt),7.083387847625295
1995,Aluminum,1964.0,1806.0,($/mt),7.582738488914411
1995,"Banana, US",0.48,0.45,($/kg),-0.7339691750802004
1995,Barley,113.2,104.0,($/mt),4.729156165769083
1995,Beef,2.03,1.87,($/kg),0.7080357930536959
1995,Chicken,1.33,1.22,($/kg),0.28517894223366247
1995,"Coal, Australian",42.8,39.4,($/mt),3.756538102587751
1995,"Coal, South African",38.3,35.2,($/mt),3.6454498961866
1995,Cocoa,1.56,1.43,($/kg),0.44468582126144574
1995,Coconut oil,728.0,670.0,($/mt),6.590301048196686
1995,"Coffee, Arabica",3.63,3.33,($/kg),1.2892326482767593
1995,"Coffee, Robusta",3.01,2.77,($/kg),1.1019400787607843
1995,Copper,3194.0,2936.0,($/mt),8.069029328774958
1995,"Cotton, A Index",2.31,2.13,($/kg),0.8372475245337022
1995,"Crude oil, Brent",18.6,17.1,($/bbl),2.9231615807191558
1995,"Crude oil, Dubai",17.5,16.1,($/bbl),2.8622008809294686
1995,"Crude oil, WTI",20.0,18.4,($/bbl),2.995732273553991
1995,"Crude oil, average",18.7,17.2,($/bbl),2.928523523860541
1995,DAP,217.3,199.8,($/mt),5.381278887262384
1995,Fish meal,539.0,495.0,($/mt),6.289715570908998
1995,Gold,418.0,384.0,($/troy oz),6.035481432524756
1995,Groundnut oil,1078.0,991.0,($/mt),6.982862751468942
1995,Groundnuts,990.0,910.0,($/mt),6.897704943128636
1995,"Iron ore, cfr spot",30.9,28.4,($/dmtu),3.4307561839036995
1995,Lamb,2.85,,($/kg),1.0473189942805592
1995,Lamb **,,2.62,,
1995,Lead,686.0,631.0,($/mt),6.530877627725885
1995,"Liquefied natural gas, Japan",3.75,3.45,($/mmbtu),1.3217558399823195
1995,"Logs, Cameroon",369.4,339.5,($/cubic meter),5.911880067765139
1995,"Logs, Malaysian",278.1,255.6,($/cubic meter),5.627980761239919
1995,MUV Index,91.9,,(2010=100),4.520701029361642
1995,Maize,134.3,123.5,($/mt),4.900076103529192
1995,Natural gas index,39.4,36.2,(2010=100),3.673765816303888
1995,"Natural gas, Europe",2.97,2.73,($/mmbtu),1.0885619528146082
1995,"Natural gas, US",1.87,1.72,($/mmbtu),0.6259384308664954
1995,Nickel,8951.0,8228.0,($/mt),9.099520536870939
1995,Orange,0.58,0.53,($/kg),-0.5447271754416722
1995,Palm oil,683.0,628.0,($/mt),6.52649485957079
1995,Phosphate rock,35.5,32.7,($/mt),3.56953269648137
1995,Platinum,462.0,424.0,($/troy oz),6.135564891081739
1995,Plywood,635.8,584.4,(¢/sheet),6.4548840484767025
1995,Potassium chloride,122.4,112.5,($/mt),4.807294370078226
1995,"Rice, Thai 25%",323.8,297.7,($/mt),5.780126041243535
1995,"Rice, Thai 5%",349.2,321.0,($/mt),5.855644823965447
1995,"Rice, Thai A.1",286.0,262.9,($/mt),5.655991810819852
1995,"Rubber, RSS3",1.72,1.58,($/kg),0.5423242908253617
1995,"Sawnwood, Cameroon",648.5,596.1,($/cubic meter),6.474662003756499
1995,"Sawnwood, Malaysian",805.0,740.0,($/cubic meter),6.690842277418564
1995,"Shrimps, Mexican",14.73,13.54,($/kg),2.689886230474539
1995,Silver,5.7,5.2,($/troy oz),1.7404661748405046
1995,Sorghum,129.4,119.0,($/mt),4.8629083820668
1995,Soybean meal,214.0,197.0,($/mt),5.365976015021851
1995,Soybean oil,680.0,625.0,($/mt),6.522092798170152
1995,Soybeans,282.0,259.0,($/mt),5.641907070938114
1995,"Sugar, EU",0.75,0.69,($/kg),-0.2876820724517809
1995,"Sugar, US",0.55,0.51,($/kg),-0.5978370007556204
1995,"Sugar, world",0.32,0.29,($/kg),-1.1394342831883648
1995,TSP,162.8,149.6,($/mt),5.09252245356844
1995,"Tea, Colombo",1.55,1.42,($/kg),0.4382549309311553
1995,"Tea, Kolkata",1.9,1.74,($/kg),0.6418538861723947
1995,"Tea, Mombasa",1.42,1.3,($/kg),0.35065687161316933
1995,"Tea, avg 3 auctions",1.62,1.49,($/kg),0.4824261492442928
1995,Tin,6760.0,6214.0,($/mt),8.81877816903701
1995,"Tobacco, US import u.v.",2876.0,2643.0,($/mt),7.964155718840937
1995,Urea,138.0,126.9,($/mt),4.927253685157205
1995,"Wheat, US HRW",192.5,177.0,($/mt),5.260096153727839
1995,"Wheat, US SRW",182.1,167.4,($/mt),5.2045559867335625
1995,Zinc,1122.0,1031.0,($/mt),7.022868086082641
1996,Aluminum,1670.0,1506.0,($/mt),7.4205789054108005
1996,"Banana, US",0.52,0.47,($/kg),-0.6539264674066639
1996,Barley,132.7,119.7,($/mt),4.888090941338162
1996,Beef,1.94,1.75,($/kg),0.6626879730752367
1996,Chicken,1.52,1.37,($/kg),0.41871033485818504
1996,"Coal, Australian",42.2,38.1,($/mt),3.742420221041966
1996,"Coal, South African",37.2,33.5,($/mt),3.616308761279101
1996,Cocoa,1.61,1.46,($/kg),0.4762341789963717
1996,Coconut oil,834.0,752.0,($/mt),6.726233402358747
1996,"Coffee, Arabica",2.99,2.69,($/kg),1.095273387402595
1996,"Coffee, Robusta",2.0,1.81,($/kg),0.6931471805599453
1996,Copper,2545.0,2295.0,($/mt),7.841885928984623
1996,"Cotton, A Index",1.97,1.77,($/kg),0.6780335427498971
1996,"Crude oil, Brent",22.9,20.7,($/bbl),3.131136910560194
1996,"Crude oil, Dubai",20.6,18.5,($/bbl),3.0252910757955354
1996,"Crude oil, WTI",24.5,22.1,($/bbl),3.1986731175506815
1996,"Crude oil, average",22.6,20.4,($/bbl),3.1179499062782403
1996,DAP,219.7,198.1,($/mt),5.392262979390565
1996,Fish meal,650.0,586.0,($/mt),6.476972362889683
1996,Gold,430.0,388.0,($/troy oz),6.063785208687608
1996,Groundnut oil,995.0,897.0,($/mt),6.902742737158593
1996,Groundnuts,1067.0,962.0,($/mt),6.9726062513017535
1996,"Iron ore, cfr spot",33.3,30.0,($/dmtu),3.505557396986398
1996,Lamb,3.65,,($/kg),1.2947271675944
1996,Lamb **,,3.29,,
1996,Lead,859.0,774.0,($/mt),6.755768921984255
1996,"Liquefied natural gas, Japan",4.07,3.67,($/mmbtu),1.4036429994545037
1996,"Logs, Cameroon",315.3,284.3,($/cubic meter),5.7535245665510155
1996,"Logs, Malaysian",279.6,252.1,($/cubic meter),5.633360010359655
1996,MUV Index,90.2,,(2010=100),4.502029427068578
1996,Maize,183.9,165.8,($/mt),5.214392131610276
1996,Natural gas index,54.6,49.2,(2010=100),4.000033882750859
1996,"Natural gas, Europe",3.15,2.84,($/mmbtu),1.1474024528375417
1996,"Natural gas, US",3.03,2.73,($/mmbtu),1.1085626195212777
1996,Nickel,8319.0,7501.0,($/mt),9.026297334283887
1996,Orange,0.55,0.49,($/kg),-0.5978370007556204
1996,Palm kernel oil,807.0,728.0,($/mt),6.693323668269949
1996,Palm oil,589.0,531.0,($/mt),6.3784261836515865
1996,Phosphate rock,36.6,33.0,($/mt),3.6000482404073204
1996,Platinum,440.0,397.0,($/troy oz),6.0867747269123065
1996,Plywood,587.3,529.5,(¢/sheet),6.375535762528473
1996,Potassium chloride,124.8,112.5,($/mt),4.826712455935327
1996,"Rice, Thai 25%",317.3,286.1,($/mt),5.75984769858915
1996,"Rice, Thai 5%",375.8,338.9,($/mt),5.929057086979365
1996,"Rice, Thai A.1",258.1,232.7,($/mt),5.553347106724568
1996,"Rubber, RSS3",1.55,1.39,($/kg),0.4382549309311553
1996,"Sawnwood, Cameroon",568.3,512.4,($/cubic meter),6.342649448303075
1996,"Sawnwood, Malaysian",822.2,741.3,($/cubic meter),6.711983674463778
1996,"Shrimps, Mexican",14.55,13.12,($/kg),2.6775909936175015
1996,Silver,5.8,5.2,($/troy oz),1.7578579175523736
1996,Sorghum,166.4,150.0,($/mt),5.114394528387108
1996,Soybean meal,297.0,268.0,($/mt),5.6937321388027
1996,Soybean oil,612.0,552.0,($/mt),6.416732282512326
1996,Soybeans,338.0,305.0,($/mt),5.823045895483019
1996,"Sugar, EU",0.76,0.68,($/kg),-0.2744368457017603
1996,"Sugar, US",0.55,0.49,($/kg),-0.5978370007556204
1996,"Sugar, world",0.29,0.26,($/kg),-1.2378743560016174
1996,TSP,195.0,175.8,($/mt),5.272999558563747
1996,"Tea, Colombo",2.1,1.89,($/kg),0.7419373447293773
1996,"Tea, Kolkata",1.85,1.67,($/kg),0.6151856390902335
1996,"Tea, Mombasa",1.58,1.42,($/kg),0.4574248470388755
1996,"Tea, avg 3 auctions",1.84,1.66,($/kg),0.6097655716208943
1996,Tin,6837.0,6165.0,($/mt),8.830104317913793
1996,"Tobacco, US import u.v.",3389.0,3055.0,($/mt),8.128290171607052
1996,Urea,170.4,153.7,($/mt),5.138148614395216
1996,"Wheat, US HRW",230.2,207.6,($/mt),5.438948496287782
1996,"Wheat, US SRW",207.9,187.4,($/mt),5.337057194863967
1996,Zinc,1137.0,1025.0,($/mt),7.036148493750536
1997,Aluminum,1861.0,1599.0,($/mt),7.528869256642251
1997,"Banana, Europe",1.13,0.97,($/kg),0.12221763272424911
1997,"Banana, US",0.6,0.52,($/kg),-0.5108256237659907
1997,Barley,113.2,97.2,($/mt),4.729156165769083
1997,Beef,2.15,1.85,($/kg),0.7654678421395714
1997,Chicken,1.56,1.34,($/kg),0.44468582126144574
1997,"Coal, Australian",40.8,35.1,($/mt),3.708682081410116
1997,"Coal, South African",36.5,31.3,($/mt),3.597312260588446
1997,Cocoa,1.88,1.62,($/kg),0.6312717768418578
1997,Coconut oil,764.0,657.0,($/mt),6.638567789166521
1997,"Coffee, Arabica",4.85,4.17,($/kg),1.5789787049493917
1997,"Coffee, Robusta",2.02,1.74,($/kg),0.7030975114131134
1997,Copper,2650.0,2277.0,($/mt),7.882314918980268
1997,"Cotton, A Index",2.03,1.75,($/kg),0.7080357930536959
1997,"Crude oil, Brent",22.2,19.1,($/bbl),3.100092288878234
1997,"Crude oil, Dubai",21.1,18.1,($/bbl),3.0492730404820207
1997,"Crude oil, WTI",23.7,20.3,($/bbl),3.1654750481410856
1997,"Crude oil, average",22.3,19.2,($/bbl),3.104586678466073
1997,DAP,217.6,187.0,($/mt),5.382658514981787
1997,Fish meal,706.0,606.0,($/mt),6.559615237493242
1997,Gold,385.0,331.0,($/troy oz),5.953243334287785
1997,Groundnut oil,1176.0,1010.0,($/mt),7.069874128458572
1997,Groundnuts,1150.0,988.0,($/mt),7.047517221357296
1997,"Iron ore, cfr spot",35.1,30.2,($/dmtu),3.55820113047182
1997,Lamb,3.95,,($/kg),1.3737155789130306
1997,Lamb **,,3.39,,
1997,Lead,726.0,624.0,($/mt),6.587550014824796
1997,"Liquefied natural gas, Japan",4.55,3.91,($/mmbtu),1.5151272329628591
1997,"Logs, Cameroon",331.4,284.8,($/cubic meter),5.803326104992462
1997,"Logs, Malaysian",277.3,238.3,($/cubic meter),5.625099952621732
1997,MUV Index,85.9,,(2010=100),4.45318382899021
1997,Maize,136.3,117.1,($/mt),4.914858338702487
1997,Natural gas index,53.3,45.8,(2010=100),3.975936331171799
1997,"Natural gas, Europe",3.19,2.74,($/mmbtu),1.1600209167967532
1997,"Natural gas, US",2.89,2.48,($/mmbtu),1.0612565021243408
1997,Nickel,8062.0,6927.0,($/mt),8.994916943677111
1997,Orange,0.53,0.46,($/kg),-0.6348782724359695
1997,Palm kernel oil,759.0,652.0,($/mt),6.63200177739563
1997,Palm oil,635.0,546.0,($/mt),6.453624998892692
1997,Phosphate rock,37.8,32.5,($/mt),3.632309102625542
1997,Platinum,460.0,395.0,($/troy oz),6.131226489483141
1997,Plywood,564.4,485.0,(¢/sheet),6.335763219978659
1997,Potassium chloride,130.9,112.5,($/mt),4.874433672915854
1997,"Rice, Thai 25%",299.2,257.1,($/mt),5.7011122461003225
1997,"Rice, Thai 5%",353.2,303.5,($/mt),5.867034468729805
1997,"Rice, Thai A.1",244.9,210.4,($/mt),5.500849963958122
1997,"Rubber, RSS3",1.18,1.02,($/kg),0.16551443847757333
1997,"Sawnwood, Cameroon",655.9,563.6,($/cubic meter),6.48600833829969
1997,"Sawnwood, Malaysian",773.4,664.5,($/cubic meter),6.6507963791731965
1997,"Shrimps, Mexican",17.18,14.76,($/kg),2.8437459165561094
1997,Silver,5.7,4.9,($/troy oz),1.7404661748405046
1997,Sorghum,127.6,109.6,($/mt),4.848900370910689
1997,Soybean meal,321.0,276.0,($/mt),5.771441123130016
1997,Soybean oil,657.0,565.0,($/mt),6.48768401848461
1997,Soybeans,344.0,295.0,($/mt),5.840641657373398
1997,"Sugar, EU",0.73,0.63,($/kg),-0.31471074483970024
1997,"Sugar, US",0.56,0.48,($/kg),-0.579818495252942
1997,"Sugar, world",0.29,0.25,($/kg),-1.2378743560016174
1997,TSP,200.1,171.9,($/mt),5.2988172415896875
1997,"Tea, Colombo",2.35,2.02,($/kg),0.8544153281560676
1997,"Tea, Kolkata",2.5,2.14,($/kg),0.9162907318741551
1997,"Tea, Mombasa",2.35,2.02,($/kg),0.8544153281560676
1997,"Tea, avg 3 auctions",2.4,2.06,($/kg),0.8754687373538999
1997,Tin,6572.0,5647.0,($/mt),8.790573479157159
1997,"Tobacco, US import u.v.",4110.0,3532.0,($/mt),8.32117830749028
1997,Urea,136.7,117.5,($/mt),4.917788743729904
1997,"Wheat, US HRW",185.6,159.5,($/mt),5.2235938203521
1997,"Wheat, US SRW",167.2,143.6,($/mt),5.119190700650601
1997,Zinc,1532.0,1316.0,($/mt),7.3343293503005365
1998,Aluminum,1652.0,1357.0,($/mt),7.409741954080923
1998,"Banana, Europe",1.22,1.0,($/kg),0.19885085874516517
1998,"Banana, US",0.6,0.49,($/kg),-0.5108256237659907
1998,Barley,103.5,85.1,($/mt),4.639571612705423
1998,Beef,2.09,1.72,($/kg),0.7371640659767196
1998,Chicken,1.69,1.39,($/kg),0.5247285289349821
1998,"Coal, Australian",35.6,29.2,($/mt),3.572345637857985
1998,"Coal, South African",32.7,26.8,($/mt),3.487375077903208
1998,Cocoa,2.04,1.68,($/kg),0.712949807856125
1998,Coconut oil,801.0,658.0,($/mt),6.68586094706836
1998,"Coffee, Arabica",3.63,2.98,($/kg),1.2892326482767593
1998,"Coffee, Robusta",2.22,1.82,($/kg),0.7975071958841882
1998,Copper,2013.0,1654.0,($/mt),7.607381425639791
1998,"Cotton, A Index",1.76,1.44,($/kg),0.5653138090500605
1998,"Crude oil, Brent",15.5,12.7,($/bbl),2.740840023925201
1998,"Crude oil, Dubai",14.8,12.1,($/bbl),2.6946271807700692
1998,"Crude oil, WTI",17.5,14.3,($/bbl),2.8622008809294686
1998,"Crude oil, average",15.9,13.1,($/bbl),2.766319109226186
1998,DAP,227.4,186.9,($/mt),5.426710581316436
1998,Fish meal,806.0,662.0,($/mt),6.692083742506628
1998,Gold,358.0,294.0,($/troy oz),5.8805329864007
1998,Groundnut oil,1107.0,909.0,($/mt),7.009408932708637
1998,Groundnuts,1203.0,989.0,($/mt),7.0925737159746784
1998,"Iron ore, cfr spot",37.7,31.0,($/dmtu),3.629660094453965
1998,Lamb,3.35,,($/kg),1.208960345836975
1998,Lamb **,,2.75,,
1998,Lead,643.0,529.0,($/mt),6.466144724237619
1998,"Liquefied natural gas, Japan",3.67,3.02,($/mmbtu),1.3001916620664788
1998,"Logs, Cameroon",348.5,286.4,($/cubic meter),5.853638230200579
1998,"Logs, Malaysian",197.7,162.4,($/cubic meter),5.286750730176571
1998,MUV Index,82.2,,(2010=100),4.409155302062135
1998,Maize,124.1,102.0,($/mt),4.821087692210561
1998,Natural gas index,47.3,38.9,(2010=100),3.856510295497887
1998,"Natural gas, Europe",2.94,2.42,($/mmbtu),1.0784095813505903
1998,"Natural gas, US",2.54,2.09,($/mmbtu),0.9321640810304452
1998,Nickel,5634.0,4630.0,($/mt),8.636574948436317
1998,Orange,0.54,0.44,($/kg),-0.616186139423817
1998,Palm kernel oil,836.0,687.0,($/mt),6.728628613084702
1998,Palm oil,817.0,671.0,($/mt),6.705639094860003
1998,Phosphate rock,39.6,32.5,($/mt),3.6788291182604347
1998,Platinum,453.0,372.0,($/troy oz),6.115892125483034
1998,Plywood,457.6,376.1,(¢/sheet),6.125995440065588
1998,Potassium chloride,136.9,112.5,($/mt),4.919250732294404
1998,"Rice, Thai 25%",316.2,259.9,($/mt),5.756374924775372
1998,"Rice, Thai 5%",370.2,304.2,($/mt),5.914043400139397
1998,"Rice, Thai A.1",259.2,213.0,($/mt),5.557599964478119
1998,"Rubber, RSS3",0.88,0.72,($/kg),-0.12783337150988489
1998,"Sawnwood, Cameroon",640.5,526.3,($/cubic meter),6.4622491213367885
1998,"Sawnwood, Malaysian",589.2,484.1,($/cubic meter),6.378765684588475
1998,"Shrimps, Mexican",17.33,14.24,($/kg),2.8524391037275145
1998,Silver,6.8,5.6,($/troy oz),1.916922612182061
1998,Sorghum,119.3,98.0,($/mt),4.78164132910387
1998,Soybean meal,207.0,170.0,($/mt),5.332718793265369
1998,Soybean oil,762.0,626.0,($/mt),6.635946555686647
1998,Soybeans,296.0,243.0,($/mt),5.69035945432406
1998,"Sugar, EU",0.73,0.6,($/kg),-0.31471074483970024
1998,"Sugar, US",0.59,0.49,($/kg),-0.527632742082372
1998,"Sugar, world",0.24,0.2,($/kg),-1.4271163556401458
1998,TSP,210.6,173.0,($/mt),5.349960599699875
1998,"Tea, Colombo",2.52,2.07,($/kg),0.9242589015233319
1998,"Tea, Kolkata",2.63,2.16,($/kg),0.9669838461896731
1998,"Tea, Mombasa",2.31,1.9,($/kg),0.8372475245337022
1998,"Tea, avg 3 auctions",2.49,2.05,($/kg),0.9122827104766164
1998,Tin,6742.0,5540.0,($/mt),8.816111895794005
1998,"Tobacco, US import u.v.",4060.0,3336.0,($/mt),8.308938252595778
1998,Urea,101.3,83.2,($/mt),4.618086411254637
1998,"Wheat, US HRW",153.5,126.1,($/mt),5.033700567027251
1998,"Wheat, US SRW",135.7,111.5,($/mt),4.9104465668408235
1998,Zinc,1247.0,1024.0,($/mt),7.1284959456800365
1999,Aluminum,1689.0,1361.0,($/mt),7.4318919168078
1999,"Banana, Europe",1.06,0.85,($/kg),0.058268908123975824
1999,"Banana, US",0.46,0.37,($/kg),-0.7765287894989963
1999,Barley,94.2,75.9,($/mt),4.545420181582317
1999,Beef,2.25,1.81,($/kg),0.8109302162163288
1999,Chicken,1.64,1.32,($/kg),0.494696241836107
1999,"Coal, Australian",32.1,25.9,($/mt),3.4688560301359703
1999,"Coal, South African",30.1,24.3,($/mt),3.40452517175483
1999,Cocoa,1.41,1.14,($/kg),0.34358970439007686
1999,Coconut oil,915.0,737.0,($/mt),6.818924065275521
1999,"Coffee, Arabica",2.84,2.29,($/kg),1.0438040521731147
1999,"Coffee, Robusta",1.85,1.49,($/kg),0.6151856390902335
1999,Copper,1952.0,1573.0,($/mt),7.5766097669730375
1999,"Cotton, A Index",1.45,1.17,($/kg),0.371563556432483
1999,"Crude oil, Brent",22.1,17.8,($/bbl),3.095577608523707
1999,"Crude oil, Dubai",21.3,17.2,($/bbl),3.0587070727153796
1999,"Crude oil, WTI",23.9,19.2,($/bbl),3.173878458937465
1999,"Crude oil, average",22.4,18.1,($/bbl),3.109060958860994
1999,DAP,212.3,171.1,($/mt),5.35800036870921
1999,Fish meal,506.0,408.0,($/mt),6.226536669287466
1999,Gold,346.0,279.0,($/troy oz),5.846438775057725
1999,Groundnut oil,1033.0,833.0,($/mt),6.940222469119639
1999,Groundnuts,1072.0,864.0,($/mt),6.977281341630747
1999,"Iron ore, cfr spot",34.2,27.6,($/dmtu),3.5322256440685598
1999,Lamb,3.24,,($/kg),1.1755733298042381
1999,Lamb **,,2.61,,
1999,Lead,624.0,503.0,($/mt),6.436150368369428
1999,"Liquefied natural gas, Japan",3.89,3.14,($/mmbtu),1.358409157630355
1999,"Logs, Cameroon",334.1,269.3,($/cubic meter),5.8114403493627105
1999,"Logs, Malaysian",232.2,187.1,($/cubic meter),5.4475990692637914
1999,MUV Index,80.6,,(2010=100),4.389498649512583
1999,Maize,111.9,90.2,($/mt),4.71760561531788
1999,Natural gas index,49.4,39.8,(2010=100),3.899950424193877
1999,"Natural gas, Europe",2.64,2.13,($/mmbtu),0.9707789171582248
1999,"Natural gas, US",2.81,2.27,($/mmbtu),1.0331844833456545
1999,Nickel,7459.0,6011.0,($/mt),8.917176635955164
1999,Orange,0.54,0.44,($/kg),-0.616186139423817
1999,Palm kernel oil,861.0,694.0,($/mt),6.7580945044277305
1999,Palm oil,541.0,436.0,($/mt),6.293419278846481
1999,Phosphate rock,53.1,42.8,($/mt),3.9721769282478934
1999,Platinum,468.0,377.0,($/troy oz),6.148468295917647
1999,Plywood,546.6,440.5,(¢/sheet),6.303717273493968
1999,Potassium chloride,139.6,112.5,($/mt),4.938781190328272
1999,"Rice, Thai 25%",268.4,216.3,($/mt),5.592478405097527
1999,"Rice, Thai 5%",308.2,248.4,($/mt),5.730748922886015
1999,"Rice, Thai A.1",239.0,192.6,($/mt),5.476463551931511
1999,"Rubber, RSS3",0.78,0.63,($/kg),-0.2484613592984996
1999,"Rubber, TSR20 **",0.73,0.59,($/kg),-0.31471074483970024
1999,"Sawnwood, Cameroon",564.8,455.2,($/cubic meter),6.336471686179032
1999,"Sawnwood, Malaysian",745.5,600.8,($/cubic meter),6.6140551342047935
1999,"Shrimps, Mexican",15.32,12.35,($/kg),2.729159164312445
1999,Silver,6.5,5.2,($/troy oz),1.8718021769015913
1999,Sorghum,104.7,84.4,($/mt),4.651099117876491
1999,Soybean meal,205.0,165.0,($/mt),5.3230099791384085
1999,Soybean oil,529.0,426.0,($/mt),6.270988431858299
1999,Soybeans,250.0,202.0,($/mt),5.521460917862246
1999,"Sugar, EU",0.73,0.59,($/kg),-0.31471074483970024
1999,"Sugar, US",0.58,0.47,($/kg),-0.5447271754416722
1999,"Sugar, world",0.17,0.14,($/kg),-1.7719568419318752
1999,TSP,191.7,154.5,($/mt),5.255931650051599
1999,"Tea, Colombo",2.05,1.65,($/kg),0.7178397931503168
1999,"Tea, Kolkata",2.57,2.07,($/kg),0.9439058989071284
1999,"Tea, Mombasa",2.23,1.8,($/kg),0.8020015854720274
1999,"Tea, avg 3 auctions",2.28,1.84,($/kg),0.8241754429663494
1999,Tin,6705.0,5404.0,($/mt),8.81060879571578
1999,"Tobacco, US import u.v.",3774.0,3041.0,($/mt),8.235890725928495
1999,Urea,81.8,65.9,($/mt),4.404277243608702
1999,"Wheat, US HRW",139.0,112.0,($/mt),4.9344739331306915
1999,"Wheat, US SRW",119.5,96.3,($/mt),4.783316371371566
1999,Zinc,1336.0,1076.0,($/mt),7.197435354096591
2000,Aluminum,1947.0,1549.0,($/mt),7.5740450053721995
2000,"Banana, Europe",0.9,0.71,($/kg),-0.10536051565782628
2000,"Banana, US",0.53,0.42,($/kg),-0.6348782724359695
2000,Barley,97.1,77.2,($/mt),4.575741375297279
2000,Beef,2.42,1.93,($/kg),0.883767540168595
2000,Chicken,1.65,1.31,($/kg),0.5007752879124892
2000,"Coal, Australian",33.0,26.3,($/mt),3.4965075614664802
2000,"Coal, South African",33.4,26.6,($/mt),3.5085558999826545
2000,Cocoa,1.14,0.91,($/kg),0.131028262406404
2000,Coconut oil,566.0,450.0,($/mt),6.338594078203183
2000,"Coffee, Arabica",2.41,1.92,($/kg),0.8796267475025636
2000,"Coffee, Robusta",1.15,0.91,($/kg),0.13976194237515863
2000,Copper,2279.0,1813.0,($/mt),7.731492029245684
2000,"Cotton, A Index",1.64,1.3,($/kg),0.494696241836107
2000,"Crude oil, Brent",35.5,28.3,($/bbl),3.56953269648137
2000,"Crude oil, Dubai",32.8,26.1,($/bbl),3.490428515390098
2000,"Crude oil, WTI",38.1,30.3,($/bbl),3.6402142821326553
2000,"Crude oil, average",35.5,28.2,($/bbl),3.56953269648137
2000,DAP,185.6,147.7,($/mt),5.2235938203521
2000,Fish meal,513.0,408.0,($/mt),6.240275845170769
2000,Gold,351.0,279.0,($/troy oz),5.860786223465865
2000,Groundnut oil,951.0,757.0,($/mt),6.85751406254539
2000,Groundnuts,1094.0,871.0,($/mt),6.9975959829819265
2000,"Iron ore, cfr spot",36.2,28.8,($/dmtu),3.5890591188317256
2000,Lamb,3.29,,($/kg),1.1908875647772805
2000,Lamb **,,2.62,,
2000,Lead,571.0,454.0,($/mt),6.3473892096560105
2000,"Liquefied natural gas, Japan",5.92,4.71,($/mmbtu),1.7783364488959144
2000,"Logs, Cameroon",346.2,275.4,($/cubic meter),5.847016642742108
2000,"Logs, Malaysian",238.7,189.9,($/cubic meter),5.4752075333447845
2000,MUV Index,79.6,,(2010=100),4.377014092850337
2000,Maize,111.3,88.5,($/mt),4.712229258281499
2000,Natural gas index,92.8,73.9,(2010=100),4.530446639792155
2000,"Natural gas, Europe",4.85,3.86,($/mmbtu),1.5789787049493917
2000,"Natural gas, US",5.42,4.31,($/mmbtu),1.6900958154515549
2000,Nickel,10857.0,8638.0,($/mt),9.292565312231853
2000,Orange,0.46,0.36,($/kg),-0.7765287894989963
2000,Palm kernel oil,557.0,444.0,($/mt),6.322565239927284
2000,Palm oil,390.0,310.0,($/mt),5.966146739123692
2000,Phosphate rock,55.3,44.0,($/mt),4.012772908528289
2000,Platinum,685.0,545.0,($/troy oz),6.529418838262226
2000,Plywood,563.4,448.2,(¢/sheet),6.333989855442272
2000,Potassium chloride,141.4,112.5,($/mt),4.951592753462473
2000,"Rice, Thai 25%",217.2,172.8,($/mt),5.38081858805978
2000,"Rice, Thai 5%",254.4,202.4,($/mt),5.538907831465967
2000,"Rice, Thai A.1",180.3,143.5,($/mt),5.194622130209272
2000,"Rubber, RSS3",0.84,0.67,($/kg),-0.1743533871447778
2000,"Rubber, TSR20 **",0.79,0.63,($/kg),-0.23572233352106983
2000,"Sawnwood, Cameroon",614.7,489.1,($/cubic meter),6.421134343912964
2000,"Sawnwood, Malaysian",747.5,594.7,($/cubic meter),6.616734305264841
2000,"Shrimps, Mexican",17.62,14.02,($/kg),2.8690346205080335
2000,Silver,6.2,5.0,($/troy oz),1.824549292051046
2000,Sorghum,110.6,88.0,($/mt),4.7059200890882344
2000,Soybean meal,256.0,204.0,($/mt),5.545177444479562
2000,Soybean oil,425.0,338.0,($/mt),6.052089168924417
2000,Soybeans,266.0,212.0,($/mt),5.583496308781699
2000,"Sugar, EU",0.7,0.56,($/kg),-0.35667494393873245
2000,"Sugar, US",0.54,0.43,($/kg),-0.616186139423817
2000,"Sugar, world",0.23,0.18,($/kg),-1.4696759700589417
2000,TSP,173.1,137.7,($/mt),5.153869462182164
2000,"Tea, Colombo",2.25,1.79,($/kg),0.8109302162163288
2000,"Tea, Kolkata",2.27,1.81,($/kg),0.8197798314933114
2000,"Tea, Mombasa",2.55,2.03,($/kg),0.9360933591703348
2000,"Tea, avg 3 auctions",2.36,1.88,($/kg),0.8586616190375187
2000,Tin,6832.0,5436.0,($/mt),8.829372735468406
2000,"Tobacco, US import u.v.",3741.0,2976.0,($/mt),8.227108234348146
2000,Urea,126.9,100.9,($/mt),4.843399374720342
2000,"Wheat, US HRW",143.4,114.1,($/mt),4.96563792816552
2000,"Wheat, US SRW",124.3,98.9,($/mt),4.822697998516666
2000,Zinc,1418.0,1128.0,($/mt),7.257002707092073
2001,Aluminum,1885.0,1444.0,($/mt),7.541683099882111
2001,"Banana, Europe",1.01,0.78,($/kg),0.009950330853168092
2001,"Banana, US",0.76,0.58,($/kg),-0.2744368457017603
2001,Barley,122.7,93.9,($/mt),4.809742351716865
2001,Beef,2.75,2.11,($/kg),1.0116009116784799
2001,Chicken,1.83,1.4,($/kg),0.6043159668533296
2001,"Coal, Australian",42.2,32.3,($/mt),3.742420221041966
2001,"Coal, South African",44.2,33.9,($/mt),3.7887247890836524
2001,Cocoa,1.4,1.07,($/kg),0.3364722366212129
2001,Coconut oil,415.0,318.0,($/mt),6.028278520230698
2001,"Coffee, Arabica",1.79,1.37,($/kg),0.5822156198526637
2001,"Coffee, Robusta",0.79,0.61,($/kg),-0.23572233352106983
2001,Copper,2061.0,1578.0,($/mt),7.630946580890459
2001,"Cotton, A Index",1.38,1.06,($/kg),0.3220834991691132
2001,"Crude oil, Brent",31.9,24.4,($/bbl),3.462606009790799
2001,"Crude oil, Dubai",29.7,22.7,($/bbl),3.391147045808654
2001,"Crude oil, WTI",33.8,25.9,($/bbl),3.520460802488973
2001,"Crude oil, average",31.8,24.4,($/bbl),3.459466289786131
2001,DAP,187.4,143.5,($/mt),5.2332453698043215
2001,Fish meal,608.0,465.0,($/mt),6.410174881966167
2001,Gold,354.0,271.0,($/troy oz),5.869296913133774
2001,Groundnut oil,991.0,759.0,($/mt),6.898714534329988
2001,Groundnuts,1131.0,866.0,($/mt),7.030857476116121
2001,"Iron ore, cfr spot",39.2,30.0,($/dmtu),3.6686767467964168
2001,Lamb,3.8,,($/kg),1.33500106673234
2001,Lamb **,,2.91,,
2001,Lead,622.0,476.0,($/mt),6.432940092739179
2001,"Liquefied natural gas, Japan",6.05,4.63,($/mmbtu),1.80005827204275
2001,"Logs, Cameroon",347.4,266.1,($/cubic meter),5.850476853807004
2001,"Logs, Malaysian",207.7,159.1,($/cubic meter),5.336094730882067
2001,MUV Index,76.6,,(2010=100),4.338597076746545
2001,Maize,117.1,89.6,($/mt),4.763028270603671
2001,Natural gas index,92.0,70.5,(2010=100),4.5217885770490405
2001,"Natural gas, Europe",5.3,4.06,($/mmbtu),1.667706820558076
2001,"Natural gas, US",5.17,3.96,($/mmbtu),1.6428726885203377
2001,Nickel,7763.0,5945.0,($/mt),8.95712413640568
2001,Orange,0.78,0.6,($/kg),-0.2484613592984996
2001,Palm kernel oil,399.0,305.0,($/mt),5.988961416889864
2001,Palm oil,375.0,287.0,($/mt),5.926926025970411
2001,Phosphate rock,57.5,44.0,($/mt),4.051784947803305
2001,Platinum,691.0,530.0,($/troy oz),6.53813982376767
2001,Plywood,535.1,409.8,(¢/sheet),6.282453645317259
2001,Potassium chloride,146.9,112.5,($/mt),4.989752083179832
2001,"Rice, Thai 25%",199.9,153.1,($/mt),5.297817241506355
2001,"Rice, Thai 5%",225.7,172.8,($/mt),5.41920668382349
2001,"Rice, Thai A.1",175.1,134.1,($/mt),5.165357239291806
2001,"Rubber, RSS3",0.75,0.58,($/kg),-0.2876820724517809
2001,"Rubber, TSR20 **",0.67,0.52,($/kg),-0.40047756659712525
2001,"Sawnwood, Cameroon",616.3,471.9,($/cubic meter),6.423733857968197
2001,"Sawnwood, Malaysian",628.6,481.4,($/cubic meter),6.4434951243634675
2001,"Shrimps, Mexican",17.86,13.68,($/kg),2.882563575448353
2001,Silver,5.7,4.4,($/troy oz),1.7404661748405046
2001,Sorghum,124.4,95.2,($/mt),4.823502180305079
2001,Soybean meal,267.0,205.0,($/mt),5.58724865840025
2001,Soybean oil,461.0,353.0,($/mt),6.133398042996649
2001,Soybeans,256.0,196.0,($/mt),5.545177444479562
2001,"Sugar, EU",0.69,0.53,($/kg),-0.37106368139083207
2001,"Sugar, US",0.61,0.47,($/kg),-0.4942963218147801
2001,"Sugar, world",0.25,0.19,($/kg),-1.3862943611198906
2001,TSP,165.7,126.9,($/mt),5.1101789244325175
2001,"Tea, Colombo",2.11,1.62,($/kg),0.7466879474879751
2001,"Tea, Kolkata",2.17,1.66,($/kg),0.7747271675523681
2001,"Tea, Mombasa",1.98,1.52,($/kg),0.6830968447064438
2001,"Tea, avg 3 auctions",2.09,1.6,($/kg),0.7371640659767196
2001,Tin,5856.0,4484.0,($/mt),8.675222055641148
2001,"Tobacco, US import u.v.",3923.0,3005.0,($/mt),8.274611946209552
2001,Urea,126.0,96.5,($/mt),4.836281906951478
2001,"Wheat, US HRW",165.6,126.8,($/mt),5.109575241951159
2001,"Wheat, US SRW",140.7,107.7,($/mt),4.946629964120343
2001,Zinc,1157.0,886.0,($/mt),7.053585727193677
2002,Aluminum,1784.0,1350.0,($/mt),7.486613313139955
2002,"Banana, Europe",1.0,0.76,($/kg),0.0
2002,"Banana, US",0.7,0.53,($/kg),-0.35667494393873245
2002,Barley,144.0,109.0,($/mt),4.969813299576001
2002,Beef,2.79,2.11,($/kg),1.0260415958332743
2002,Chicken,1.84,1.39,($/kg),0.6097655716208943
2002,"Coal, Australian",33.4,25.3,($/mt),3.5085558999826545
2002,"Coal, South African",34.4,26.0,($/mt),3.5380565643793527
2002,Cocoa,2.35,1.78,($/kg),0.8544153281560676
2002,Coconut oil,556.0,421.0,($/mt),6.320768294250582
2002,"Coffee, Arabica",1.79,1.36,($/kg),0.5822156198526637
2002,"Coffee, Robusta",0.87,0.66,($/kg),-0.13926206733350766
2002,Copper,2061.0,1559.0,($/mt),7.630946580890459
2002,"Cotton, A Index",1.35,1.02,($/kg),0.30010459245033816
2002,"Crude oil, Brent",33.0,25.0,($/bbl),3.4965075614664802
2002,"Crude oil, Dubai",31.3,23.7,($/bbl),3.4436180975461075
2002,"Crude oil, WTI",34.5,26.1,($/bbl),3.5409593240373143
2002,"Crude oil, average",32.9,24.9,($/bbl),3.493472657771326
2002,DAP,201.1,152.2,($/mt),5.303802296778606
2002,Fish meal,844.0,639.0,($/mt),6.738152494595957
2002,Gold,410.0,310.0,($/troy oz),6.016157159698354
2002,Groundnut oil,951.0,719.0,($/mt),6.85751406254539
2002,Groundnuts,956.0,723.0,($/mt),6.862757913051401
2002,"Iron ore, cfr spot",38.7,29.3,($/dmtu),3.655839600035736
2002,Lamb,4.36,,($/kg),1.472472057360943
2002,Lamb **,,3.3,,
2002,Lead,598.0,453.0,($/mt),6.393590753950631
2002,"Liquefied natural gas, Japan",5.66,4.28,($/mmbtu),1.7334238922150915
2002,"Logs, Cameroon",311.9,236.0,($/cubic meter),5.742682623613757
2002,"Logs, Malaysian",215.9,163.4,($/cubic meter),5.3748153375207615
2002,MUV Index,75.7,,(2010=100),4.3267781604434035
2002,Maize,131.2,99.3,($/mt),4.876722876509988
2002,Natural gas index,76.8,58.1,(2010=100),4.341204640153626
2002,"Natural gas, Europe",4.03,3.05,($/mmbtu),1.3937663759585917
2002,"Natural gas, US",4.43,3.36,($/mmbtu),1.4883995840570443
2002,Nickel,8948.0,6772.0,($/mt),9.09918532261002
2002,Orange,0.75,0.56,($/kg),-0.2876820724517809
2002,Palm kernel oil,545.0,413.0,($/mt),6.300785794663244
2002,Palm oil,543.0,411.0,($/mt),6.297109319933935
2002,Phosphate rock,58.1,44.0,($/mt),4.062165663857866
2002,Platinum,713.0,540.0,($/troy oz),6.569481420414296
2002,Plywood,532.1,402.7,(¢/sheet),6.276831441602324
2002,Potassium chloride,148.7,112.5,($/mt),5.001930853466109
2002,"Rice, Thai 25%",231.2,175.0,($/mt),5.443283136798223
2002,"Rice, Thai 5%",253.5,191.9,($/mt),5.535363823031238
2002,"Rice, Thai A.1",198.4,150.2,($/mt),5.290285194850773
2002,"Rubber, RSS3",1.01,0.76,($/kg),0.009950330853168092
2002,"Rubber, TSR20 **",0.99,0.75,($/kg),-0.01005033585350145
2002,"Sawnwood, Cameroon",642.6,486.3,($/cubic meter),6.465522446681758
2002,"Sawnwood, Malaysian",696.1,526.8,($/cubic meter),6.545493328174621
2002,"Shrimps, Mexican",13.73,10.39,($/kg),2.6195832197798796
2002,Silver,6.1,4.6,($/troy oz),1.8082887711792655
2002,Sorghum,134.4,101.7,($/mt),4.900820428089049
2002,Soybean meal,259.0,196.0,($/mt),5.556828061699537
2002,Soybean oil,610.0,462.0,($/mt),6.413458957167357
2002,Soybeans,281.0,213.0,($/mt),5.638354669333745
2002,"Sugar, EU",0.73,0.55,($/kg),-0.31471074483970024
2002,"Sugar, US",0.61,0.46,($/kg),-0.4942963218147801
2002,"Sugar, world",0.2,0.15,($/kg),-1.6094379124341003
2002,TSP,175.8,133.1,($/mt),5.169346985251076
2002,"Tea, Colombo",2.06,1.56,($/kg),0.7227059828014898
2002,"Tea, Kolkata",1.93,1.46,($/kg),0.6575200029167941
2002,"Tea, Mombasa",1.97,1.49,($/kg),0.6780335427498971
2002,"Tea, avg 3 auctions",1.99,1.51,($/kg),0.688134638736401
2002,Tin,5365.0,4061.0,($/mt),8.587651655064798
2002,"Tobacco, US import u.v.",3626.0,2744.0,($/mt),8.195885391314796
2002,Urea,124.8,94.4,($/mt),4.826712455935327
2002,"Wheat, US HRW",195.7,148.1,($/mt),5.27658287440203
2002,"Wheat, US SRW",171.7,130.0,($/mt),5.14574876790343
2002,Zinc,1029.0,779.0,($/mt),6.9363427358340495
2003,Aluminum,1798.0,1431.0,($/mt),7.494430215031565
2003,"Banana, Europe",0.99,0.79,($/kg),-0.01005033585350145
2003,"Banana, US",0.47,0.37,($/kg),-0.7550225842780328
2003,Barley,131.6,104.7,($/mt),4.879767018891217
2003,Beef,2.67,2.13,($/kg),0.9820784724121582
2003,Chicken,1.83,1.46,($/kg),0.6043159668533296
2003,"Coal, Australian",32.8,26.1,($/mt),3.490428515390098
2003,"Coal, South African",38.0,30.2,($/mt),3.6375861597263857
2003,Cocoa,2.2,1.75,($/kg),0.7884573603642703
2003,Coconut oil,587.0,467.0,($/mt),6.375024819828097
2003,"Coffee, Arabica",1.78,1.42,($/kg),0.5766133643039938
2003,"Coffee, Robusta",1.02,0.81,($/kg),0.01980262729617973
2003,Copper,2235.0,1779.0,($/mt),7.711996507047669
2003,"Cotton, A Index",1.76,1.4,($/kg),0.5653138090500605
2003,"Crude oil, Brent",36.2,28.9,($/bbl),3.5890591188317256
2003,"Crude oil, Dubai",33.6,26.7,($/bbl),3.5145260669691587
2003,"Crude oil, WTI",39.1,31.1,($/bbl),3.66612246699132
2003,"Crude oil, average",36.3,28.9,($/bbl),3.591817741270805
2003,DAP,215.6,171.7,($/mt),5.3734248390348425
2003,Fish meal,804.0,640.0,($/mt),6.6895992691789665
2003,Gold,457.0,364.0,($/troy oz),6.124683390894205
2003,Groundnut oil,1519.0,1209.0,($/mt),7.325807502595773
2003,Groundnuts,1252.0,997.0,($/mt),7.132497551660044
2003,"Iron ore, cfr spot",40.1,32.0,($/dmtu),3.6913763343125234
2003,Lamb,4.88,,($/kg),1.5851452198650557
2003,Lamb **,,3.88,,
2003,Lead,647.0,515.0,($/mt),6.472346294500901
2003,"Liquefied natural gas, Japan",5.94,4.73,($/mmbtu),1.7817091333745536
2003,"Logs, Cameroon",351.0,279.5,($/cubic meter),5.860786223465865
2003,"Logs, Malaysian",235.1,187.2,($/cubic meter),5.460010955546024
2003,MUV Index,79.6,,(2010=100),4.377014092850337
2003,Maize,132.3,105.4,($/mt),4.88507207112091
2003,Natural gas index,111.1,88.5,(2010=100),4.7104306966455844
2003,"Natural gas, Europe",4.91,3.91,($/mmbtu),1.5912739418064292
2003,"Natural gas, US",6.9,5.49,($/mmbtu),1.9315214116032138
2003,Nickel,12094.0,9629.0,($/mt),9.400464740833158
2003,Orange,0.86,0.68,($/kg),-0.15082288973458366
2003,Palm kernel oil,574.0,457.0,($/mt),6.352629396319567
2003,Palm oil,599.0,477.0,($/mt),6.395261598115449
2003,Phosphate rock,55.3,44.0,($/mt),4.012772908528289
2003,Platinum,869.0,692.0,($/troy oz),6.767343125265392
2003,Plywood,542.4,431.9,(¢/sheet),6.296003736626186
2003,Potassium chloride,141.3,112.5,($/mt),4.950885289690482
2003,"Rice, Thai 25%",228.2,181.7,($/mt),5.430222437427975
2003,"Rice, Thai 5%",248.2,197.6,($/mt),5.514234872770507
2003,"Rice, Thai A.1",190.2,151.5,($/mt),5.24807615011129
2003,"Rubber, RSS3",1.36,1.08,($/kg),0.3074846997479607
2003,"Rubber, TSR20 **",1.26,1.0,($/kg),0.23111172096338664
2003,"Sawnwood, Cameroon",692.8,551.6,($/cubic meter),6.540741357248225
2003,"Sawnwood, Malaysian",692.0,551.0,($/cubic meter),6.539585955617669
2003,"Shrimps, Mexican",13.54,10.78,($/kg),2.605648267484129
2003,Silver,6.1,4.9,($/troy oz),1.8082887711792655
2003,Sorghum,133.8,106.5,($/mt),4.896346147694128
2003,Soybean meal,292.0,233.0,($/mt),5.676753802268282
2003,Soybean oil,702.0,559.0,($/mt),6.553933404025811
2003,Soybeans,332.0,264.0,($/mt),5.805134968916488
2003,"Sugar, EU",0.75,0.6,($/kg),-0.2876820724517809
2003,"Sugar, US",0.59,0.47,($/kg),-0.527632742082372
2003,"Sugar, world",0.2,0.16,($/kg),-1.6094379124341003
2003,TSP,187.6,149.3,($/mt),5.234312036572124
2003,"Tea, Colombo",1.94,1.54,($/kg),0.6626879730752367
2003,"Tea, Kolkata",1.84,1.47,($/kg),0.6097655716208943
2003,"Tea, Mombasa",1.94,1.54,($/kg),0.6626879730752367
2003,"Tea, avg 3 auctions",1.9,1.52,($/kg),0.6418538861723947
2003,Tin,6148.0,4895.0,($/mt),8.723882104658486
2003,"Tobacco, US import u.v.",3323.0,2646.0,($/mt),8.108623268354595
2003,Urea,173.6,138.2,($/mt),5.15675380222625
2003,"Wheat, US HRW",183.6,146.1,($/mt),5.21275947818639
2003,"Wheat, US SRW",174.0,138.6,($/mt),5.159055299214529
2003,Zinc,1040.0,828.0,($/mt),6.946975992135418
2004,Aluminum,2018.0,1716.0,($/mt),7.609862200913554
2004,"Banana, Europe",1.05,0.89,($/kg),0.04879016416943205
2004,"Banana, US",0.62,0.52,($/kg),-0.4780358009429998
2004,Barley,116.4,99.0,($/mt),4.757032535297338
2004,Beef,3.14,2.67,($/kg),1.144222799920162
2004,Chicken,1.96,1.67,($/kg),0.6729444732424258
2004,"Coal, Australian",62.3,52.9,($/mt),4.131961425793407
2004,"Coal, South African",64.3,54.7,($/mt),4.163559631243574
2004,Cocoa,1.82,1.55,($/kg),0.598836501088704
2004,Coconut oil,777.0,661.0,($/mt),6.655440350367647
2004,"Coffee, Arabica",2.09,1.77,($/kg),0.7371640659767196
2004,"Coffee, Robusta",0.93,0.79,($/kg),-0.07257069283483537
2004,Copper,3370.0,2866.0,($/mt),8.122668023346407
2004,"Cotton, A Index",1.61,1.37,($/kg),0.4762341789963717
2004,"Crude oil, Brent",45.0,38.3,($/bbl),3.8066624897703196
2004,"Crude oil, Dubai",39.3,33.5,($/bbl),3.6712245188752153
2004,"Crude oil, WTI",48.7,41.4,($/bbl),3.885679030088544
2004,"Crude oil, average",44.4,37.7,($/bbl),3.7932394694381792
2004,DAP,240.8,204.7,($/mt),5.483966713434666
2004,Fish meal,763.0,649.0,($/mt),6.637258031284457
2004,Gold,481.0,409.0,($/troy oz),6.175867270105761
2004,Groundnut oil,1519.0,1292.0,($/mt),7.325807502595773
2004,Groundnuts,1162.0,988.0,($/mt),7.057897937411856
2004,"Iron ore, cfr spot",44.6,37.9,($/dmtu),3.7977338590260183
2004,Lamb,5.41,,($/kg),1.6882490928583902
2004,Lamb **,,4.6,,
2004,Lead,1043.0,887.0,($/mt),6.949856455000773
2004,"Liquefied natural gas, Japan",6.03,5.13,($/mmbtu),1.7967470107390942
2004,"Logs, Cameroon",389.6,331.3,($/cubic meter),5.96512057176838
2004,"Logs, Malaysian",232.0,197.3,($/cubic meter),5.44673737166631
2004,MUV Index,85.0,,(2010=100),4.442651256490317
2004,Maize,131.5,111.8,($/mt),4.879006851617819
2004,Natural gas index,112.2,95.4,(2010=100),4.720282993088596
2004,"Natural gas, Europe",5.03,4.28,($/mmbtu),1.6154199841116479
2004,"Natural gas, US",6.93,5.89,($/mmbtu),1.9358598132018119
2004,Nickel,16257.0,13823.0,($/mt),9.696278864234223
2004,Orange,1.01,0.86,($/kg),0.009950330853168092
2004,Palm kernel oil,773.0,657.0,($/mt),6.650279048587422
2004,Palm oil,587.0,499.0,($/mt),6.375024819828097
2004,Phosphate rock,51.7,44.0,($/mt),3.9454577815143836
2004,Platinum,994.0,845.0,($/troy oz),6.901737206656574
2004,Plywood,546.7,464.8,(¢/sheet),6.303900205900954
2004,Potassium chloride,147.7,125.6,($/mt),4.995183189537334
2004,"Rice, Thai 25%",265.1,225.4,($/mt),5.5801071132949795
2004,"Rice, Thai 5%",279.5,237.7,($/mt),5.633002292595154
2004,"Rice, Thai A.1",241.3,205.1,($/mt),5.4860409726309864
2004,"Rice, Viet Namese 5%",266.2,226.3,($/mt),5.5842479059610115
2004,"Rubber, RSS3",1.51,1.28,($/kg),0.412109650826833
2004,"Rubber, TSR20 **",1.42,1.21,($/kg),0.35065687161316933
2004,"Sawnwood, Cameroon",689.6,586.4,($/cubic meter),6.536111719349483
2004,"Sawnwood, Malaysian",683.6,581.3,($/cubic meter),6.527372951241436
2004,"Shrimps, Mexican",11.9,10.12,($/kg),2.4765384001174837
2004,Silver,7.8,6.7,($/troy oz),2.0541237336955462
2004,Sorghum,129.1,109.8,($/mt),4.860587297852597
2004,Soybean meal,306.0,260.0,($/mt),5.723585101952381
2004,Soybean oil,727.0,618.0,($/mt),6.588926477533519
2004,Soybeans,360.0,307.0,($/mt),5.886104031450156
2004,"Sugar, EU",0.79,0.67,($/kg),-0.23572233352106983
2004,"Sugar, US",0.53,0.45,($/kg),-0.6348782724359695
2004,"Sugar, world",0.19,0.16,($/kg),-1.6607312068216509
2004,TSP,219.1,186.3,($/mt),5.3895282466014205
2004,"Tea, Colombo",2.09,1.78,($/kg),0.7371640659767196
2004,"Tea, Kolkata",2.02,1.72,($/kg),0.7030975114131134
2004,"Tea, Mombasa",1.83,1.55,($/kg),0.6043159668533296
2004,"Tea, avg 3 auctions",1.98,1.69,($/kg),0.6830968447064438
2004,Tin,10011.0,8513.0,($/mt),9.211439767419483
2004,"Tobacco, US import u.v.",3223.0,2740.0,($/mt),8.078067881815437
2004,Urea,205.7,174.9,($/mt),5.326418796658912
2004,"Wheat, US HRW",184.5,156.9,($/mt),5.217649463480582
2004,"Wheat, US SRW",169.9,144.4,($/mt),5.135210028677887
2004,Zinc,1232.0,1048.0,($/mt),7.116394144093465
2005,Aluminum,2165.0,1898.0,($/mt),7.68017564043659
2005,"Banana, Europe",1.34,1.17,($/kg),0.29266961396282004
2005,"Banana, US",0.69,0.6,($/kg),-0.37106368139083207
2005,Barley,108.4,95.1,($/mt),4.685828089005546
2005,Beef,3.12,2.73,($/kg),1.1378330018213911
2005,Chicken,1.86,1.63,($/kg),0.62057648772511
2005,"Coal, Australian",54.3,47.6,($/mt),3.9945242269398897
2005,"Coal, South African",52.7,46.2,($/mt),3.9646154555473165
2005,Cocoa,1.75,1.54,($/kg),0.5596157879354227
2005,Coconut oil,704.0,617.0,($/mt),6.556778356158042
2005,"Coffee, Arabica",2.89,2.53,($/kg),1.0612565021243408
2005,"Coffee, Robusta",1.27,1.11,($/kg),0.23901690047049992
2005,Copper,4195.0,3679.0,($/mt),8.341648618901306
2005,"Cotton, A Index",1.39,1.22,($/kg),0.3293037471426003
2005,"Crude oil, Brent",62.1,54.4,($/bbl),4.128745988939433
2005,"Crude oil, Dubai",56.2,49.3,($/bbl),4.028916756899646
2005,"Crude oil, WTI",64.4,56.4,($/bbl),4.165113633110308
2005,"Crude oil, average",60.9,53.4,($/bbl),4.109233174715851
2005,DAP,258.6,226.8,($/mt),5.555282466337757
2005,Fish meal,771.0,677.0,($/mt),6.647688373563329
2005,Gold,507.0,445.0,($/troy oz),6.2285110035911835
2005,Groundnut oil,1335.0,1171.0,($/mt),7.19668657083435
2005,Groundnuts,997.0,874.0,($/mt),6.904750769961838
2005,"Iron ore, cfr spot",74.1,65.0,($/dmtu),4.3054155323020415
2005,Lamb,5.06,,($/kg),1.6213664832993742
2005,Lamb **,,4.44,,
2005,Lead,1113.0,976.0,($/mt),7.014814351275545
2005,"Liquefied natural gas, Japan",6.83,5.99,($/mmbtu),1.9213246735826988
2005,"Logs, Cameroon",381.3,334.4,($/cubic meter),5.943586466863518
2005,"Logs, Malaysian",231.6,203.1,($/cubic meter),5.4450117456988405
2005,MUV Index,87.7,,(2010=100),4.473921899378137
2005,Maize,112.5,98.7,($/mt),4.722953221644475
2005,Natural gas index,162.4,142.4,(2010=100),5.090062427727577
2005,"Natural gas, Europe",7.21,6.33,($/mmbtu),1.9754689512968577
2005,"Natural gas, US",10.17,8.92,($/mmbtu),2.3194422100604686
2005,Nickel,16812.0,14744.0,($/mt),9.729848196125007
2005,Orange,1.0,0.87,($/kg),0.0
2005,Palm kernel oil,719.0,631.0,($/mt),6.577861357721047
2005,Palm oil,514.0,451.0,($/mt),6.2422232654551655
2005,Phosphate rock,50.2,44.0,($/mt),3.9160150266976834
2005,Platinum,1022.0,897.0,($/troy oz),6.92951677076365
2005,Plywood,579.9,508.6,(¢/sheet),6.362855674882395
2005,Potassium chloride,176.7,155.0,($/mt),5.174453379325651
2005,"Rice, Thai 25%",302.6,265.4,($/mt),5.712411801354255
2005,"Rice, Thai 5%",326.4,286.3,($/mt),5.788123623089952
2005,"Rice, Thai A.1",248.4,217.8,($/mt),5.515040350059324
2005,"Rubber, RSS3",1.7,1.49,($/kg),0.5306282510621704
2005,"Rubber, TSR20 **",1.58,1.39,($/kg),0.4574248470388755
2005,"Sawnwood, Cameroon",637.6,559.1,($/cubic meter),6.4577111274760055
2005,"Sawnwood, Malaysian",751.9,659.4,($/cubic meter),6.622603336383981
2005,"Shrimps, Mexican",11.07,9.71,($/kg),2.4042387467205457
2005,Silver,8.3,7.3,($/troy oz),2.1162555148025524
2005,Sorghum,109.7,96.2,($/mt),4.697749367281185
2005,Soybean meal,270.0,237.0,($/mt),5.598421958998375
2005,Soybean oil,621.0,545.0,($/mt),6.431331081933479
2005,Soybeans,313.0,275.0,($/mt),5.746203190540153
2005,"Sugar, EU",0.76,0.67,($/kg),-0.2744368457017603
2005,"Sugar, US",0.54,0.47,($/kg),-0.616186139423817
2005,"Sugar, world",0.25,0.22,($/kg),-1.3862943611198906
2005,TSP,229.7,201.5,($/mt),5.436774109695053
2005,"Tea, Colombo",2.1,1.84,($/kg),0.7419373447293773
2005,"Tea, Kolkata",1.85,1.62,($/kg),0.6151856390902335
2005,"Tea, Mombasa",1.68,1.48,($/kg),0.5187937934151675
2005,"Tea, avg 3 auctions",1.88,1.65,($/kg),0.6312717768418578
2005,Tin,8415.0,7380.0,($/mt),9.037771106624906
2005,"Tobacco, US import u.v.",3181.0,2790.0,($/mt),8.064950891749143
2005,Urea,247.8,217.4,($/mt),5.512621969195042
2005,"Wheat, US HRW",173.7,152.4,($/mt),5.157329673247059
2005,"Wheat, US SRW",154.8,135.7,($/mt),5.042133961155627
2005,Zinc,1575.0,1381.0,($/mt),7.362010551259734
2006,Aluminum,2858.0,2570.0,($/mt),7.957877358489813
2006,"Banana, Europe",1.0,0.9,($/kg),0.0
2006,"Banana, US",0.75,0.68,($/kg),-0.2876820724517809
2006,Barley,129.7,116.6,($/mt),4.865224091322398
2006,Beef,2.95,2.65,($/kg),1.0818051703517284
2006,Chicken,1.7,1.53,($/kg),0.5306282510621704
2006,"Coal, Australian",54.6,49.1,($/mt),4.000033882750859
2006,"Coal, South African",56.4,50.7,($/mt),4.032469158504013
2006,Cocoa,1.77,1.59,($/kg),0.5709795465857378
2006,Coconut oil,675.0,607.0,($/mt),6.51471269087253
2006,"Coffee, Arabica",2.8,2.52,($/kg),1.0296194171811581
2006,"Coffee, Robusta",1.66,1.49,($/kg),0.5068176023684519
2006,Copper,7475.0,6722.0,($/mt),8.919319398258887
2006,"Cotton, A Index",1.41,1.27,($/kg),0.34358970439007686
2006,"Crude oil, Brent",72.7,65.4,($/bbl),4.286341384539473
2006,"Crude oil, Dubai",68.3,61.4,($/bbl),4.223909766576744
2006,"Crude oil, WTI",73.4,66.0,($/bbl),4.29592393562047
2006,"Crude oil, average",71.5,64.3,($/bbl),4.269697449699962
2006,DAP,255.6,229.9,($/mt),5.5436137225033795
2006,Fish meal,840.0,755.0,($/mt),6.733401891837359
2006,Gold,672.0,604.0,($/troy oz),6.51025834052315
2006,Groundnut oil,1134.0,1019.0,($/mt),7.033506484287697
2006,Groundnuts,973.0,875.0,($/mt),6.880384082186005
2006,"Iron ore, cfr spot",77.1,69.3,($/dmtu),4.345103280569283
2006,Lamb,4.49,,($/kg),1.501852701754163
2006,Lamb **,,4.04,,
2006,Lead,1434.0,1290.0,($/mt),7.2682230211595655
2006,"Liquefied natural gas, Japan",7.87,7.08,($/mmbtu),2.063058062429312
2006,"Logs, Cameroon",354.1,318.5,($/cubic meter),5.869579359117858
2006,"Logs, Malaysian",266.2,239.4,($/cubic meter),5.5842479059610115
2006,MUV Index,89.9,,(2010=100),4.498697941477575
2006,Maize,135.5,121.9,($/mt),4.908971640319756
2006,Natural gas index,140.8,126.7,(2010=100),4.9473404437239425
2006,"Natural gas, Europe",9.42,8.47,($/mmbtu),2.2428350885882717
2006,"Natural gas, US",7.47,6.72,($/mmbtu),2.010894999144726
2006,Nickel,26970.0,24254.0,($/mt),10.202480416133776
2006,Orange,0.92,0.83,($/kg),-0.08338160893905101
2006,Palm kernel oil,643.0,579.0,($/mt),6.466144724237619
2006,Palm oil,565.0,508.0,($/mt),6.336825731146441
2006,Phosphate rock,48.9,44.0,($/mt),3.8897773964808264
2006,Platinum,1269.0,1141.0,($/troy oz),7.1459844677143876
2006,Plywood,662.3,595.6,(¢/sheet),6.495718625490934
2006,Potassium chloride,198.3,178.3,($/mt),5.28978103552575
2006,"Rice, Thai 25%",308.2,277.1,($/mt),5.730748922886015
2006,"Rice, Thai 5%",339.0,304.9,($/mt),5.82600010738045
2006,"Rice, Thai A.1",244.1,219.5,($/mt),5.497577977398914
2006,"Rubber, RSS3",2.31,2.08,($/kg),0.8372475245337022
2006,"Rubber, TSR20 **",2.16,1.95,($/kg),0.7701082216960737
2006,"Sawnwood, Cameroon",692.6,622.9,($/cubic meter),6.540452631968321
2006,"Sawnwood, Malaysian",833.3,749.3,($/cubic meter),6.725393721388161
2006,"Shrimps, Mexican",10.68,9.6,($/kg),2.3683728335320486
2006,Silver,12.9,11.6,($/troy oz),2.5572273113676265
2006,Sorghum,136.7,122.9,($/mt),4.917788743729904
2006,Soybean meal,253.0,227.0,($/mt),5.53338948872752
2006,Soybean oil,666.0,599.0,($/mt),6.501289670540389
2006,Soybeans,299.0,269.0,($/mt),5.700443573390687
2006,"Sugar, EU",0.72,0.65,($/kg),-0.3285040669720361
2006,"Sugar, US",0.54,0.49,($/kg),-0.616186139423817
2006,"Sugar, world",0.36,0.33,($/kg),-1.0216512475319814
2006,TSP,224.2,201.6,($/mt),5.4125385106380595
2006,"Tea, Colombo",2.12,1.91,($/kg),0.7514160886839212
2006,"Tea, Kolkata",1.95,1.75,($/kg),0.6678293725756554
2006,"Tea, Mombasa",2.17,1.95,($/kg),0.7747271675523681
2006,"Tea, avg 3 auctions",2.08,1.87,($/kg),0.7323678937132266
2006,Tin,9764.0,8781.0,($/mt),9.186457431512851
2006,"Tobacco, US import u.v.",3302.0,2969.0,($/mt),8.102283624480073
2006,Urea,247.0,222.1,($/mt),5.5093883366279774
2006,"Wheat, US HRW",213.5,192.0,($/mt),5.363636832668679
2006,"Wheat, US SRW",176.8,159.0,($/mt),5.175019150203543
2006,Zinc,3642.0,3275.0,($/mt),8.200288260287554
2007,Aluminum,2765.0,2638.0,($/mt),7.9247959139564355
2007,"Banana, Europe",1.09,1.04,($/kg),0.08617769624105241
2007,"Banana, US",0.71,0.68,($/kg),-0.342490308946776
2007,Barley,180.6,172.4,($/mt),5.196284640982885
2007,Beef,2.82,2.7,($/kg),1.0367368849500223
2007,Chicken,1.81,1.72,($/kg),0.5933268452777344
2007,"Coal, Australian",68.9,65.7,($/mt),4.232656178019613
2007,"Coal, South African",65.7,62.7,($/mt),4.185098925490565
2007,Cocoa,2.05,1.95,($/kg),0.7178397931503168
2007,Coconut oil,963.0,919.0,($/mt),6.870053411798126
2007,"Coffee, Arabica",2.85,2.72,($/kg),1.0473189942805592
2007,"Coffee, Robusta",2.0,1.91,($/kg),0.6931471805599453
2007,Copper,7459.0,7118.0,($/mt),8.917176635955164
2007,"Cotton, A Index",1.46,1.4,($/kg),0.37843643572024505
2007,"Crude oil, Brent",76.2,72.7,($/bbl),4.333361462692601
2007,"Crude oil, Dubai",71.6,68.4,($/bbl),4.2710950739666
2007,"Crude oil, WTI",75.7,72.3,($/bbl),4.3267781604434035
2007,"Crude oil, average",74.5,71.1,($/bbl),4.310799125385514
2007,DAP,410.7,392.0,($/mt),6.017863020962513
2007,Fish meal,1222.0,1166.0,($/mt),7.108244139731541
2007,Gold,730.0,697.0,($/troy oz),6.593044534142437
2007,Groundnut oil,1441.0,1375.0,($/mt),7.273092595999522
2007,Groundnuts,1307.0,1248.0,($/mt),7.175489713624222
2007,"Iron ore, cfr spot",128.9,123.0,($/dmtu),4.859036909945142
2007,Lamb,4.32,,($/kg),1.463255402256019
2007,Lamb **,,4.12,,
2007,Lead,2704.0,2580.0,($/mt),7.902487437162855
2007,"Liquefied natural gas, Japan",8.05,7.68,($/mmbtu),2.0856720914304723
2007,"Logs, Cameroon",399.6,381.3,($/cubic meter),5.990464046774399
2007,"Logs, Malaysian",280.8,268.0,($/cubic meter),5.637642672151656
2007,MUV Index,95.4,,(2010=100),4.558078578454241
2007,Maize,171.5,163.7,($/mt),5.144583266605995
2007,Natural gas index,136.9,130.7,(2010=100),4.919250732294404
2007,"Natural gas, Europe",8.96,8.56,($/mmbtu),2.192770226986839
2007,"Natural gas, US",7.32,6.98,($/mmbtu),1.9906103279732201
2007,Nickel,39013.0,37230.0,($/mt),10.571650202901903
2007,Orange,1.0,0.96,($/kg),0.0
2007,Palm kernel oil,931.0,888.0,($/mt),6.836259277277067
2007,Palm oil,856.0,817.0,($/mt),6.752270376141742
2007,Phosphate rock,54.5,52.0,($/mt),3.9982007016691985
2007,Platinum,1367.0,1305.0,($/troy oz),7.220373836723949
2007,Plywood,671.4,640.7,(¢/sheet),6.5093650845459345
2007,Potassium chloride,204.8,195.4,($/mt),5.322033893165353
2007,"Rice, Thai 25%",321.2,306.5,($/mt),5.7720639820726065
2007,"Rice, Thai 5%",342.1,326.4,($/mt),5.835103091983559
2007,"Rice, Thai A.1",285.4,272.3,($/mt),5.653891705042736
2007,"Rubber, RSS3",2.37,2.26,($/kg),0.8628899551470398
2007,"Rubber, TSR20 **",2.26,2.16,($/kg),0.8153648132841944
2007,"Sawnwood, Cameroon",796.2,759.8,($/cubic meter),6.679850410566217
2007,"Sawnwood, Malaysian",844.9,806.3,($/cubic meter),6.739218277158799
2007,"Shrimps, Mexican",10.14,9.68,($/kg),2.316487998163037
2007,Silver,14.0,13.4,($/troy oz),2.6390573296152584
2007,Sorghum,170.5,162.7,($/mt),5.1387352967235715
2007,Soybean meal,337.0,322.0,($/mt),5.820082930352362
2007,Soybean oil,928.0,886.0,($/mt),6.833031732786201
2007,Soybeans,401.0,383.0,($/mt),5.993961427306569
2007,"Sugar, EU",0.71,0.68,($/kg),-0.342490308946776
2007,"Sugar, US",0.48,0.46,($/kg),-0.7339691750802004
2007,"Sugar, world",0.23,0.22,($/kg),-1.4696759700589417
2007,TSP,355.3,339.1,($/mt),5.872962503026981
2007,"Tea, Colombo",2.64,2.52,($/kg),0.9707789171582248
2007,"Tea, Kolkata",2.01,1.92,($/kg),0.6981347220709843
2007,"Tea, Mombasa",1.74,1.66,($/kg),0.5538851132264376
2007,"Tea, avg 3 auctions",2.13,2.04,($/kg),0.7561219797213337
2007,Tin,15233.0,14537.0,($/mt),9.631219406136701
2007,"Tobacco, US import u.v.",3474.0,3315.0,($/mt),8.153061946801051
2007,Urea,321.8,307.1,($/mt),5.773930234558283
2007,"Wheat, US HRW",267.4,255.2,($/mt),5.588745664667843
2007,"Wheat, US SRW",250.0,238.6,($/mt),5.521460917862246
2007,Zinc,3398.0,3242.0,($/mt),8.130942302231878
2008,Aluminum,2502.0,2573.0,($/mt),7.824845691026856
2008,"Banana, Europe",1.16,1.19,($/kg),0.14842000511827322
2008,"Banana, US",0.82,0.84,($/kg),-0.19845093872383832
2008,Barley,195.0,200.5,($/mt),5.272999558563747
2008,Beef,3.15,3.24,($/kg),1.1474024528375417
2008,Chicken,1.81,1.87,($/kg),0.5933268452777344
2008,"Coal, Australian",123.6,127.1,($/mt),4.817050545023591
2008,"Coal, South African",117.3,120.6,($/mt),4.76473475565943
2008,Cocoa,2.51,2.58,($/kg),0.9202827531436925
2008,Coconut oil,1190.0,1224.0,($/mt),7.081708586105575
2008,"Coffee, Arabica",3.0,3.08,($/kg),1.0986122886681098
2008,"Coffee, Robusta",2.26,2.32,($/kg),0.8153648132841944
2008,Copper,6764.0,6956.0,($/mt),8.81936971001847
2008,"Cotton, A Index",1.53,1.57,($/kg),0.4252677354043441
2008,"Crude oil, Brent",94.9,97.6,($/bbl),4.552823705615882
2008,"Crude oil, Dubai",91.2,93.8,($/bbl),4.513054897080286
2008,"Crude oil, WTI",96.8,99.6,($/bbl),4.572646994282532
2008,"Crude oil, average",94.3,97.0,($/bbl),4.546481189639412
2008,DAP,837.9,861.6,($/mt),6.73089876161924
2008,Fish meal,1170.0,1204.0,($/mt),7.064759027791802
2008,Gold,848.0,872.0,($/troy oz),6.742880635791903
2008,Groundnut oil,2086.0,2145.0,($/mt),7.643003635560718
2008,Groundnuts,1557.0,1601.0,($/mt),7.350516171833998
2008,"Iron ore, cfr spot",151.7,156.0,($/dmtu),5.021904886354487
2008,Lamb,4.46,,($/kg),1.4951487660319727
2008,Lamb **,,4.59,,
2008,Lead,2033.0,2091.0,($/mt),7.617267813628347
2008,"Liquefied natural gas, Japan",12.18,12.53,($/mmbtu),2.4997952622817508
2008,"Logs, Cameroon",512.4,526.9,($/cubic meter),6.239105570022579
2008,"Logs, Malaysian",284.3,292.3,($/cubic meter),5.650030018656954
2008,MUV Index,102.8,,(2010=100),4.632785353021065
2008,Maize,217.0,223.1,($/mt),5.37989735354046
2008,Natural gas index,174.8,179.8,(2010=100),5.163642463221435
2008,"Natural gas, Europe",13.04,13.41,($/mmbtu),2.5680215564985067
2008,"Natural gas, US",8.61,8.86,($/mmbtu),2.152924318439639
2008,Nickel,20530.0,21111.0,($/mt),9.929642510012979
2008,Orange,1.08,1.11,($/kg),0.0769610411361284
2008,Palm kernel oil,1094.0,1125.0,($/mt),6.9975959829819265
2008,Palm oil,1014.0,1043.0,($/mt),6.921658184151129
2008,Phosphate rock,236.1,242.7,($/mt),5.464255444091467
2008,Platinum,1531.0,1574.0,($/troy oz),7.333676395657684
2008,Plywood,627.7,645.5,(¢/sheet),6.442062345323486
2008,Potassium chloride,443.4,456.0,($/mt),6.094472297182211
2008,"Rice, Thai 5%",632.3,650.2,($/mt),6.449363965064568
2008,"Rice, Thai A.1",469.0,482.3,($/mt),6.150602768446279
2008,"Rubber, RSS3",2.52,2.59,($/kg),0.9242589015233319
2008,"Rubber, TSR20 **",2.46,2.53,($/kg),0.9001613499442714
2008,"Sawnwood, Cameroon",931.9,958.3,($/cubic meter),6.83722551279161
2008,"Sawnwood, Malaysian",864.6,889.1,($/cubic meter),6.762266972233531
2008,"Shrimps, Mexican",10.22,10.51,($/kg),2.3243465847755584
2008,Silver,14.6,15.0,($/troy oz),2.681021528714291
2008,Sorghum,202.1,207.8,($/mt),5.308762624409575
2008,Soybean meal,430.0,442.0,($/mt),6.063785208687608
2008,Soybean oil,1226.0,1261.0,($/mt),7.111512116496157
2008,Soybeans,508.0,522.0,($/mt),6.230481447578482
2008,"Sugar, EU",0.68,0.7,($/kg),-0.3856624808119846
2008,"Sugar, US",0.46,0.47,($/kg),-0.7765287894989963
2008,"Sugar, world",0.27,0.28,($/kg),-1.3093333199837622
2008,TSP,855.2,879.4,($/mt),6.751335359710835
2008,"Tea, Colombo",2.71,2.79,($/kg),0.9969486348916096
2008,"Tea, Kolkata",2.19,2.25,($/kg),0.7839015438284094
2008,"Tea, Mombasa",2.16,2.22,($/kg),0.7701082216960737
2008,"Tea, avg 3 auctions",2.35,2.42,($/kg),0.8544153281560676
2008,Tin,18001.0,18510.0,($/mt),9.798182590890704
2008,"Tobacco, US import u.v.",3490.0,3589.0,($/mt),8.157657015196472
2008,Urea,500.8,515.0,($/mt),6.216206819785889
2008,"Wheat, US HRW",317.1,326.0,($/mt),5.759217181544302
2008,"Wheat, US SRW",264.0,271.5,($/mt),5.575949103146316
2008,Zinc,1823.0,1875.0,($/mt),7.508238774678663
2009,Aluminum,1726.0,1665.0,($/mt),7.453561871643373
2009,"Banana, Europe",1.19,1.14,($/kg),0.17395330712343798
2009,"Banana, US",0.88,0.85,($/kg),-0.12783337150988489
2009,Barley,133.0,128.3,($/mt),4.890349128221754
2009,Beef,2.83,2.73,($/kg),1.0402767116551463
2009,Chicken,1.96,1.89,($/kg),0.6729444732424258
2009,"Coal, Australian",74.5,71.8,($/mt),4.310799125385514
2009,"Coal, South African",67.1,64.7,($/mt),4.206184043977636
2009,Cocoa,2.99,2.89,($/kg),1.095273387402595
2009,Coconut oil,752.0,725.0,($/mt),6.62273632394984
2009,"Coffee, Arabica",3.29,3.17,($/kg),1.1908875647772805
2009,"Coffee, Robusta",1.7,1.64,($/kg),0.5306282510621704
2009,Copper,5339.0,5150.0,($/mt),8.582793648500186
2009,"Cotton, A Index",1.43,1.38,($/kg),0.3576744442718159
2009,"Crude oil, Brent",64.1,61.9,($/bbl),4.160444363926624
2009,"Crude oil, Dubai",64.0,61.8,($/bbl),4.1588830833596715
2009,"Crude oil, WTI",63.9,61.7,($/bbl),4.157319361383489
2009,"Crude oil, average",64.0,61.8,($/bbl),4.1588830833596715
2009,DAP,299.1,288.5,($/mt),5.700777965635902
2009,Fish meal,1235.0,1191.0,($/mt),7.118826249062078
2009,Gold,1009.0,973.0,($/troy oz),6.9167150203536085
2009,Groundnut oil,1402.0,1353.0,($/mt),7.2456550675945355
2009,Groundnuts,1171.0,1130.0,($/mt),7.065613363597717
2009,"Iron ore, cfr spot",82.9,80.0,($/dmtu),4.417635062141249
2009,Lamb,4.43,,($/kg),1.4883995840570443
2009,Lamb **,,4.28,,
2009,Lead,1782.0,1719.0,($/mt),7.485491608030754
2009,"Liquefied natural gas, Japan",9.26,8.94,($/mmbtu),2.225704048658088
2009,"Logs, Cameroon",436.9,421.5,($/cubic meter),6.07970433595739
2009,"Logs, Malaysian",297.7,287.2,($/cubic meter),5.69608626802173
2009,MUV Index,96.5,,(2010=100),4.56954300834494
2009,Maize,171.6,165.5,($/mt),5.145166187053862
2009,Natural gas index,98.9,95.4,(2010=100),4.594109238628667
2009,"Natural gas, Europe",9.03,8.71,($/mmbtu),2.200552367428894
2009,"Natural gas, US",4.1,3.95,($/mmbtu),1.410986973710262
2009,Nickel,15192.0,14655.0,($/mt),9.628524252492122
2009,Orange,0.94,0.91,($/kg),-0.06187540371808753
2009,Palm kernel oil,725.0,699.0,($/mt),6.586171654854675
2009,Palm oil,768.0,741.0,($/mt),6.643789733147672
2009,Phosphate rock,230.9,222.8,($/mt),5.44198471636045
2009,Platinum,1248.0,1203.0,($/troy oz),7.129297548929373
2009,Plywood,585.3,564.6,(¢/sheet),6.372124536297175
2009,Potassium chloride,579.0,558.5,($/mt),6.361302477572996
2009,"Rice, Thai 25%",474.9,458.1,($/mt),6.163104255555076
2009,"Rice, Thai 5%",575.4,555.0,($/mt),6.355065451117447
2009,"Rice, Thai A.1",338.3,326.4,($/mt),5.8239330757866625
2009,"Rubber, RSS3",1.99,1.92,($/kg),0.688134638736401
2009,"Rubber, TSR20 **",1.87,1.8,($/kg),0.6259384308664954
2009,"Sawnwood, Cameroon",776.4,748.9,($/cubic meter),6.654667851294855
2009,"Sawnwood, Malaysian",835.1,805.5,($/cubic meter),6.727551478159183
2009,"Shrimps, Mexican",9.25,8.92,($/kg),2.224623551524334
2009,Silver,15.2,14.6,($/troy oz),2.7212954278522306
2009,Sorghum,156.6,151.1,($/mt),5.053694783556702
2009,Soybean meal,439.0,424.0,($/mt),6.0844994130751715
2009,Soybean oil,884.0,853.0,($/mt),6.784457062637643
2009,Soybeans,439.0,424.0,($/mt),6.0844994130751715
2009,"Sugar, EU",0.54,0.52,($/kg),-0.616186139423817
2009,"Sugar, US",0.57,0.55,($/kg),-0.5621189181535413
2009,"Sugar, world",0.41,0.4,($/kg),-0.8915981192837836
2009,TSP,266.9,257.4,($/mt),5.586874056410478
2009,"Tea, Colombo",3.25,3.14,($/kg),1.1786549963416462
2009,"Tea, Kolkata",2.61,2.52,($/kg),0.959350221334602
2009,"Tea, Mombasa",2.61,2.52,($/kg),0.959350221334602
2009,"Tea, avg 3 auctions",2.82,2.72,($/kg),1.0367368849500223
2009,Tin,14072.0,13574.0,($/mt),9.551942286417393
2009,"Tobacco, US import u.v.",4391.0,4235.0,($/mt),8.387312270561717
2009,Urea,260.3,251.1,($/mt),5.561834812000519
2009,"Wheat, US HRW",232.3,224.1,($/mt),5.4480296397763635
2009,"Wheat, US SRW",192.8,186.0,($/mt),5.261653382176445
2009,Zinc,1716.0,1655.0,($/mt),7.447751280047908
2010,Aluminum,2173.0,2173.0,($/mt),7.6838639802564295
2010,"Banana, Europe",1.0,1.0,($/kg),0.0
2010,"Banana, US",0.87,0.87,($/kg),-0.13926206733350766
2010,Barley,158.4,158.4,($/mt),5.0651234793803255
2010,Beef,3.42,3.42,($/kg),1.2296405510745139
2010,Chicken,1.89,1.89,($/kg),0.636576829071551
2010,"Coal, Australian",99.0,99.0,($/mt),4.59511985013459
2010,"Coal, South African",91.6,91.6,($/mt),4.517431271680085
2010,Cocoa,3.13,3.13,($/kg),1.1410330045520618
2010,Coconut oil,1124.0,1124.0,($/mt),7.024649030453636
2010,"Coffee, Arabica",4.32,4.32,($/kg),1.463255402256019
2010,"Coffee, Robusta",1.74,1.74,($/kg),0.5538851132264376
2010,Copper,7535.0,7535.0,($/mt),8.927314111060596
2010,"Cotton, A Index",2.28,2.28,($/kg),0.8241754429663494
2010,"Crude oil, Brent",79.6,79.6,($/bbl),4.377014092850337
2010,"Crude oil, Dubai",78.1,78.1,($/bbl),4.35799005684564
2010,"Crude oil, WTI",79.4,79.4,($/bbl),4.37449836825309
2010,"Crude oil, average",79.0,79.0,($/bbl),4.3694478524670215
2010,DAP,456.4,456.4,($/mt),6.123369617987921
2010,Fish meal,1139.0,1139.0,($/mt),7.037905963447182
2010,Gold,1225.0,1225.0,($/troy oz),7.110696122978827
2010,Groundnut oil,1401.0,1401.0,($/mt),7.244941546337007
2010,Groundnuts,1241.0,1241.0,($/mt),7.123672785204607
2010,"Iron ore, cfr spot",145.9,145.9,($/dmtu),4.98292145552874
2010,Lamb,5.95,,($/kg),1.7833912195575383
2010,Lamb **,,5.95,,
2010,Lead,2148.0,2148.0,($/mt),7.672292455628756
2010,"Liquefied natural gas, Japan",10.85,10.85,($/mmbtu),2.3841650799864684
2010,"Logs, Cameroon",428.6,428.6,($/cubic meter),6.060524083039477
2010,"Logs, Malaysian",278.2,278.2,($/cubic meter),5.6283402794893425
2010,MUV Index,100.0,,(2010=100),4.605170185988092
2010,Maize,185.9,185.9,($/mt),5.225208894727398
2010,Natural gas index,100.0,100.0,(2010=100),4.605170185988092
2010,"Natural gas, Europe",8.29,8.29,($/mmbtu),2.1150499691472033
2010,"Natural gas, US",4.39,4.39,($/mmbtu),1.47932922708708
2010,Nickel,21809.0,21809.0,($/mt),9.990078007617226
2010,Orange,1.03,1.03,($/kg),0.02955880224154443
2010,Palm kernel oil,1187.0,1187.0,($/mt),7.079184394609668
2010,Palm oil,933.0,933.0,($/mt),6.838405200847344
2010,Phosphate rock,105.3,105.3,($/mt),4.6568134191399295
2010,Platinum,1610.0,1610.0,($/troy oz),7.383989457978509
2010,Plywood,569.1,569.1,(¢/sheet),6.344056165609079
2010,Potassium chloride,332.1,332.1,($/mt),5.805436128382701
2010,"Rice, Thai 25%",441.5,441.5,($/mt),6.090178020044014
2010,"Rice, Thai 5%",488.9,488.9,($/mt),6.1921579695846
2010,"Rice, Thai A.1",383.7,383.7,($/mt),5.949860997252907
2010,"Rice, Viet Namese 5%",429.2,429.2,($/mt),6.061923010756543
2010,"Rubber, RSS3",3.65,3.65,($/kg),1.2947271675944
2010,"Rubber, TSR20 **",3.38,3.38,($/kg),1.2178757094949273
2010,"Sawnwood, Cameroon",812.7,812.7,($/cubic meter),6.7003620377591595
2010,"Sawnwood, Malaysian",848.3,848.3,($/cubic meter),6.743234346813689
2010,"Shrimps, Mexican",10.64,10.64,($/kg),2.3646204839134985
2010,Silver,20.2,20.2,($/troy oz),3.005682604407159
2010,Sorghum,165.4,165.4,($/mt),5.108366782589591
2010,Soybean meal,398.0,398.0,($/mt),5.986452005284438
2010,Soybean oil,1001.0,1001.0,($/mt),6.90875477931522
2010,Soybeans,447.0,447.0,($/mt),6.102558594613569
2010,"Sugar, EU",0.44,0.44,($/kg),-0.8209805520698302
2010,"Sugar, US",0.79,0.79,($/kg),-0.23572233352106983
2010,"Sugar, world",0.47,0.47,($/kg),-0.7550225842780328
2010,TSP,381.9,381.9,($/mt),5.94515879423147
2010,"Tea, Colombo",3.29,3.29,($/kg),1.1908875647772805
2010,"Tea, Kolkata",2.81,2.81,($/kg),1.0331844833456545
2010,"Tea, Mombasa",2.56,2.56,($/kg),0.9400072584914712
2010,"Tea, avg 3 auctions",2.88,2.88,($/kg),1.0577902941478545
2010,Tin,20406.0,20406.0,($/mt),9.92358425423525
2010,"Tobacco, US import u.v.",4333.0,4333.0,($/mt),8.374015421739909
2010,Urea,288.9,288.9,($/mt),5.66608060747219
2010,"Wheat, US HRW",223.6,223.6,($/mt),5.409858741280944
2010,"Wheat, US SRW",229.7,229.7,($/mt),5.436774109695053
2010,Zinc,2161.0,2161.0,($/mt),7.6783263565068856
2011,Aluminum,2163.0,2401.0,($/mt),7.679251425953058
2011,"Banana, Europe",1.01,1.12,($/kg),0.009950330853168092
2011,"Banana, US",0.87,0.97,($/kg),-0.13926206733350766
2011,Barley,186.6,207.2,($/mt),5.228967288413243
2011,Beef,3.67,4.08,($/kg),1.3001916620664788
2011,Chicken,1.73,1.93,($/kg),0.5481214085096876
2011,"Coal, Australian",109.4,121.4,($/mt),4.695010889987881
2011,"Coal, South African",104.7,116.3,($/mt),4.651099117876491
2011,Cocoa,2.68,2.98,($/kg),0.9858167945227654
2011,Coconut oil,1558.0,1730.0,($/mt),7.351158226430694
2011,"Coffee, Arabica",5.38,5.98,($/kg),1.682688374173693
2011,"Coffee, Robusta",2.17,2.41,($/kg),0.7747271675523681
2011,Copper,7950.0,8828.0,($/mt),8.980927207648378
2011,"Cotton, A Index",3.0,3.33,($/kg),1.0986122886681098
2011,"Crude oil, Brent",99.9,110.9,($/bbl),4.604169685654508
2011,"Crude oil, Dubai",95.5,106.0,($/bbl),4.5591262474866845
2011,"Crude oil, WTI",85.6,95.1,($/bbl),4.449685283147696
2011,"Crude oil, average",93.7,104.0,($/bbl),4.540098189244376
2011,DAP,465.0,516.3,($/mt),6.142037405587356
2011,Fish meal,1299.0,1442.0,($/mt),7.1693500166706
2011,Gold,1413.0,1569.0,($/troy oz),7.253470382684528
2011,Groundnut oil,1681.0,1866.0,($/mt),7.427144133408616
2011,Groundnuts,1697.0,1884.0,($/mt),7.436617265234227
2011,"Iron ore, cfr spot",151.1,167.8,($/dmtu),5.017941869278694
2011,Lamb,8.59,,($/kg),2.150598735996164
2011,Lamb **,,9.53,,
2011,Lead,2162.0,2401.0,($/mt),7.6787889981991535
2011,"Liquefied natural gas, Japan",13.2,14.66,($/mmbtu),2.580216829592325
2011,"Logs, Cameroon",436.6,484.8,($/cubic meter),6.079017444115844
2011,"Logs, Malaysian",351.7,390.5,($/cubic meter),5.862778539479937
2011,MUV Index,111.0,,(2010=100),4.709530201312334
2011,Maize,262.7,291.7,($/mt),5.571012696691494
2011,Natural gas index,97.7,108.5,(2010=100),4.581901559048737
2011,"Natural gas, Europe",9.47,10.52,($/mmbtu),2.248128907197987
2011,"Natural gas, US",3.6,4.0,($/mmbtu),1.2809338454620642
2011,Nickel,20633.0,22910.0,($/mt),9.93464701478523
2011,Orange,0.8,0.89,($/kg),-0.2231435513142097
2011,Palm kernel oil,1489.0,1654.0,($/mt),7.305860032684009
2011,Palm oil,1075.0,1193.0,($/mt),6.980075940561763
2011,Phosphate rock,147.3,163.6,($/mt),4.9924713234685845
2011,Platinum,1549.0,1719.0,($/troy oz),7.3453648404168685
2011,Plywood,547.1,607.5,(¢/sheet),6.30463160106978
2011,Potassium chloride,353.8,392.8,($/mt),5.8687317817256845
2011,"Rice, Thai 25%",455.7,506.0,($/mt),6.121834698269836
2011,"Rice, Thai 5%",489.0,543.0,($/mt),6.192362489474872
2011,"Rice, Thai A.1",413.0,458.6,($/mt),6.023447592961033
2011,"Rice, Viet Namese 5%",462.6,513.6,($/mt),6.136862749797339
2011,"Rubber, RSS3",4.34,4.82,($/kg),1.4678743481123135
2011,"Rubber, TSR20 **",4.07,4.52,($/kg),1.4036429994545037
2011,"Sawnwood, Cameroon",743.7,825.8,($/cubic meter),6.611637727709255
2011,"Sawnwood, Malaysian",846.0,939.4,($/cubic meter),6.740519359606223
2011,"Shrimps, Mexican",10.91,12.11,($/kg),2.3896797998449792
2011,Silver,31.7,35.2,($/troy oz),3.456316680883235
2011,Sorghum,242.0,268.7,($/mt),5.488937726156687
2011,Soybean meal,368.0,409.0,($/mt),5.908082938168931
2011,Soybean oil,1169.0,1298.0,($/mt),7.063903961472068
2011,Soybeans,484.0,538.0,($/mt),6.182084906716632
2011,"Sugar, EU",0.41,0.45,($/kg),-0.8915981192837836
2011,"Sugar, US",0.76,0.84,($/kg),-0.2744368457017603
2011,"Sugar, world",0.52,0.57,($/kg),-0.6539264674066639
2011,TSP,484.7,538.3,($/mt),6.18353014285133
2011,"Tea, Colombo",2.94,3.26,($/kg),1.0784095813505903
2011,"Tea, Kolkata",2.5,2.78,($/kg),0.9162907318741551
2011,"Tea, Mombasa",2.45,2.72,($/kg),0.8960880245566357
2011,"Tea, avg 3 auctions",2.63,2.92,($/kg),0.9669838461896731
2011,Tin,23463.0,26054.0,($/mt),10.06317999126972
2011,"Tobacco, US import u.v.",4039.0,4485.0,($/mt),8.303752415563412
2011,Urea,359.3,398.9,($/mt),5.884157694119473
2011,"Wheat, US HRW",284.8,316.3,($/mt),5.651787179537821
2011,"Wheat, US SRW",257.5,285.9,($/mt),5.551019720103791
2011,Zinc,1976.0,2194.0,($/mt),7.588829878307813
2012,Aluminum,1836.0,2023.0,($/mt),7.515344571180436
2012,"Banana, Europe",1.0,1.1,($/kg),0.0
2012,"Banana, US",0.89,0.98,($/kg),-0.11653381625595151
2012,Barley,218.0,240.3,($/mt),5.384495062789089
2012,Beef,3.82,4.21,($/kg),1.3402504226184837
2012,Chicken,1.89,2.08,($/kg),0.636576829071551
2012,"Coal, Australian",87.4,96.4,($/mt),4.470495282661489
2012,"Coal, South African",84.3,92.9,($/mt),4.4343818650078095
2012,Cocoa,2.17,2.39,($/kg),0.7747271675523681
2012,Coconut oil,1008.0,1111.0,($/mt),6.915723448631314
2012,"Coffee, Arabica",3.73,4.11,($/kg),1.3164082336557241
2012,"Coffee, Robusta",2.06,2.27,($/kg),0.7227059828014898
2012,Copper,7223.0,7962.0,($/mt),8.885025658050846
2012,"Cotton, A Index",1.78,1.97,($/kg),0.5766133643039938
2012,"Crude oil, Brent",101.6,112.0,($/bbl),4.6210435351443815
2012,"Crude oil, Dubai",98.8,108.9,($/bbl),4.593097604753822
2012,"Crude oil, WTI",85.4,94.2,($/bbl),4.447346100794524
2012,"Crude oil, average",95.3,105.0,($/bbl),4.557029810660157
2012,DAP,435.7,480.2,($/mt),6.076953933123397
2012,Fish meal,1386.0,1528.0,($/mt),7.234177179749849
2012,Gold,1515.0,1670.0,($/troy oz),7.323170717943469
2012,Groundnut oil,2140.0,2359.0,($/mt),7.668561108015897
2012,Groundnuts,2216.0,2443.0,($/mt),7.703459047867175
2012,"Iron ore, cfr spot",116.6,128.5,($/dmtu),4.758749273916392
2012,Lamb,7.75,,($/kg),2.0476928433652555
2012,Lamb **,,8.55,,
2012,Lead,1873.0,2065.0,($/mt),7.5352967024440884
2012,"Liquefied natural gas, Japan",15.02,16.55,($/mmbtu),2.7093826463359885
2012,"Logs, Cameroon",409.5,451.4,($/cubic meter),6.014936903293124
2012,"Logs, Malaysian",327.1,360.5,($/cubic meter),5.790265934544339
2012,MUV Index,110.2,,(2010=100),4.702296896718814
2012,Maize,270.7,298.4,($/mt),5.601011196620256
2012,Natural gas index,90.0,99.2,(2010=100),4.499809670330265
2012,"Natural gas, Europe",10.41,11.47,($/mmbtu),2.3427668826268775
2012,"Natural gas, US",2.5,2.75,($/mmbtu),0.9162907318741551
2012,Nickel,15919.0,17548.0,($/mt),9.675268643355135
2012,Orange,0.79,0.87,($/kg),-0.23572233352106983
2012,Palm kernel oil,1005.0,1107.0,($/mt),6.912742820493176
2012,Palm oil,947.0,1043.0,($/mt),6.853299093186078
2012,Phosphate rock,167.8,184.9,($/mt),5.122772794033106
2012,Platinum,1407.0,1551.0,($/troy oz),7.249215057114389
2012,Plywood,553.7,610.3,(¢/sheet),6.316623023828922
2012,Potassium chloride,422.2,465.4,($/mt),6.0454791354142206
2012,"Rice, Thai 25%",493.3,543.8,($/mt),6.201117508239693
2012,"Rice, Thai 5%",510.7,563.0,($/mt),6.2357823336535985
2012,"Rice, Thai A.1",476.3,525.1,($/mt),6.166047907806814
2012,"Rice, Viet Namese 5%",394.1,434.4,($/mt),5.976604684200958
2012,"Rubber, RSS3",3.06,3.38,($/kg),1.1184149159642893
2012,"Rubber, TSR20 **",2.86,3.16,($/kg),1.0508216248317612
2012,"Sawnwood, Cameroon",688.9,759.3,($/cubic meter),6.53509612259915
2012,"Sawnwood, Malaysian",795.0,876.3,($/cubic meter),6.678342114654332
2012,"Shrimps, Mexican",10.4,11.46,($/kg),2.341805806147327
2012,Silver,28.2,31.1,($/troy oz),3.339321977944068
2012,Sorghum,246.7,271.9,($/mt),5.508173023535311
2012,Soybean meal,482.0,532.0,($/mt),6.1779441140506
2012,Soybean oil,1112.0,1226.0,($/mt),7.013915474810528
2012,Soybeans,540.0,596.0,($/mt),6.29156913955832
2012,"Sugar, EU",0.38,0.42,($/kg),-0.9675840262617056
2012,"Sugar, US",0.58,0.64,($/kg),-0.5447271754416722
2012,"Sugar, world",0.43,0.47,($/kg),-0.843970070294529
2012,TSP,419.1,462.0,($/mt),6.038109554931026
2012,"Tea, Colombo",2.78,3.06,($/kg),1.0224509277025455
2012,"Tea, Kolkata",2.49,2.75,($/kg),0.9122827104766164
2012,"Tea, Mombasa",2.61,2.88,($/kg),0.959350221334602
2012,"Tea, avg 3 auctions",2.63,2.9,($/kg),0.9669838461896731
2012,Tin,19165.0,21126.0,($/mt),9.860840977814656
2012,"Tobacco, US import u.v.",3903.0,4302.0,($/mt),8.269500767180615
2012,Urea,361.6,398.6,($/mt),5.890538628518022
2012,"Wheat, US HRW",284.2,313.2,($/mt),5.649678215663
2012,"Wheat, US SRW",268.0,295.4,($/mt),5.5909869805108565
2012,Zinc,1769.0,1950.0,($/mt),7.478169694159785
2013,Aluminum,1683.0,1847.0,($/mt),7.428333194190806
2013,"Banana, Europe",0.93,1.02,($/kg),-0.07257069283483537
2013,"Banana, US",0.84,0.92,($/kg),-0.1743533871447778
2013,Barley,185.0,203.0,($/mt),5.220355825078324
2013,Beef,3.76,4.13,($/kg),1.324418957401803
2013,Chicken,1.98,2.17,($/kg),0.6830968447064438
2013,"Coal, Australian",77.0,84.6,($/mt),4.343805421853684
2013,"Coal, South African",73.1,80.2,($/mt),4.291828366755733
2013,Cocoa,2.22,2.44,($/kg),0.7975071958841882
2013,Coconut oil,856.0,939.0,($/mt),6.752270376141742
2013,"Coffee, Arabica",2.8,3.08,($/kg),1.0296194171811581
2013,"Coffee, Robusta",1.89,2.08,($/kg),0.636576829071551
2013,Copper,6681.0,7332.0,($/mt),8.807022955925477
2013,"Cotton, A Index",1.82,1.99,($/kg),0.598836501088704
2013,"Crude oil, Brent",99.2,108.9,($/bbl),4.597138014290827
2013,"Crude oil, Dubai",96.1,105.4,($/bbl),4.565389315976247
2013,"Crude oil, WTI",89.2,97.9,($/bbl),4.490881039585964
2013,"Crude oil, average",94.8,104.1,($/bbl),4.551769409260976
2013,DAP,374.5,411.0,($/mt),5.925591802957274
2013,Fish meal,1595.0,1751.0,($/mt),7.374629015218945
2013,Gold,1286.0,1411.0,($/troy oz),7.1592919047975645
2013,Groundnut oil,1659.0,1821.0,($/mt),7.413970290190444
2013,Groundnuts,1380.0,1514.0,($/mt),7.22983877815125
2013,"Iron ore, cfr spot",123.3,135.4,($/dmtu),4.814620410170298
2013,Lamb,6.31,,($/kg),1.8421356765531218
2013,Lamb **,,6.93,,
2013,Lead,1950.0,2140.0,($/mt),7.575584651557793
2013,"Liquefied natural gas, Japan",14.54,15.96,($/mmbtu),2.6769034721053733
2013,"Logs, Cameroon",422.3,463.5,($/cubic meter),6.045715961939898
2013,"Logs, Malaysian",278.3,305.4,($/cubic meter),5.628699668531845
2013,MUV Index,109.8,,(2010=100),4.69866052907543
2013,Maize,236.3,259.4,($/mt),5.465102184192863
2013,Natural gas index,102.1,112.1,(2010=100),4.625952725170619
2013,"Natural gas, Europe",10.74,11.79,($/mmbtu),2.3739750890807185
2013,"Natural gas, US",3.39,3.72,($/mmbtu),1.220829921392359
2013,Nickel,13696.0,15032.0,($/mt),9.524859098381523
2013,Orange,0.88,0.97,($/kg),-0.12783337150988489
2013,Palm kernel oil,817.0,897.0,($/mt),6.705639094860003
2013,Palm oil,793.0,871.0,($/mt),6.675823221634848
2013,Phosphate rock,115.1,126.3,($/mt),4.745801315727837
2013,Platinum,1354.0,1487.0,($/troy oz),7.21081845347222
2013,Plywood,510.5,560.2,(¢/sheet),6.23539063760472
2013,Potassium chloride,359.9,395.0,($/mt),5.885826215084985
2013,"Rice, Thai 25%",430.9,473.0,($/mt),6.065876044621792
2013,"Rice, Thai 5%",460.9,505.9,($/mt),6.133181099726462
2013,"Rice, Thai A.1",431.9,474.0,($/mt),6.068194079966656
2013,"Rice, Viet Namese 5%",357.5,392.4,($/mt),5.879135362134062
2013,"Rubber, RSS3",2.55,2.79,($/kg),0.9360933591703348
2013,"Rubber, TSR20 **",2.29,2.52,($/kg),0.8285518175661483
2013,"Sawnwood, Cameroon",682.6,749.2,($/cubic meter),6.525909036472607
2013,"Sawnwood, Malaysian",777.0,852.8,($/cubic meter),6.655440350367647
2013,"Shrimps, Mexican",12.92,14.17,($/kg),2.558776498354456
2013,Silver,21.7,23.8,($/troy oz),3.077312260546414
2013,Sorghum,221.7,243.3,($/mt),5.4013251166222656
2013,Soybean meal,495.0,543.0,($/mt),6.20455776256869
2013,Soybean oil,962.0,1055.0,($/mt),6.8690144506657065
2013,Soybeans,502.0,551.0,($/mt),6.218600119691729
2013,"Sugar, EU",0.4,0.43,($/kg),-0.916290731874155
2013,"Sugar, US",0.41,0.45,($/kg),-0.8915981192837836
2013,"Sugar, world",0.36,0.39,($/kg),-1.0216512475319814
2013,TSP,346.9,380.8,($/mt),5.849036553975704
2013,"Tea, Colombo",3.15,3.45,($/kg),1.1474024528375417
2013,"Tea, Kolkata",2.49,2.73,($/kg),0.9122827104766164
2013,"Tea, Mombasa",2.19,2.4,($/kg),0.7839015438284094
2013,"Tea, avg 3 auctions",2.61,2.86,($/kg),0.959350221334602
2013,Tin,20303.0,22283.0,($/mt),9.918523937362242
2013,"Tobacco, US import u.v.",4181.0,4589.0,($/mt),8.338305731356565
2013,Urea,309.4,339.6,($/mt),5.734634938138965
2013,"Wheat, US HRW",284.5,312.2,($/mt),5.6507332535663855
2013,"Wheat, US SRW",252.1,276.7,($/mt),5.529825834193874
2013,Zinc,1741.0,1910.0,($/mt),7.462214939768189
2014,Aluminum,1725.0,1867.0,($/mt),7.45298232946546
2014,"Banana, Europe",0.96,1.04,($/kg),-0.040821994520255166
2014,"Banana, US",0.86,0.93,($/kg),-0.15082288973458366
2014,Barley,134.8,145.9,($/mt),4.9037921984782065
2014,Beef,4.67,5.05,($/kg),1.541159071680806
2014,Chicken,2.15,2.32,($/kg),0.7654678421395714
2014,"Coal, Australian",64.8,70.1,($/mt),4.1713056033582285
2014,"Coal, South African",66.8,72.3,($/mt),4.2017030805426
2014,Cocoa,2.83,3.06,($/kg),1.0402767116551463
2014,Coconut oil,1183.0,1281.0,($/mt),7.075808863978387
2014,"Coffee, Arabica",4.09,4.42,($/kg),1.4085449700547104
2014,"Coffee, Robusta",2.05,2.22,($/kg),0.7178397931503168
2014,Copper,6340.0,6863.0,($/mt),8.754634047431272
2014,"Cotton, A Index",1.69,1.83,($/kg),0.5247285289349821
2014,"Crude oil, Brent",91.4,98.9,($/bbl),4.515245478460105
2014,"Crude oil, Dubai",89.3,96.7,($/bbl),4.492001487882454
2014,"Crude oil, WTI",86.0,93.1,($/bbl),4.454347296253507
2014,"Crude oil, average",88.9,96.2,($/bbl),4.487512142519859
2014,DAP,396.8,429.6,($/mt),5.983432375410718
2014,Fish meal,1553.0,1681.0,($/mt),7.347943823148687
2014,Gold,1169.0,1266.0,($/troy oz),7.063903961472068
2014,Groundnut oil,1289.0,1395.0,($/mt),7.161622002939187
2014,Groundnuts,1162.0,1258.0,($/mt),7.057897937411856
2014,"Iron ore, cfr spot",89.6,97.0,($/dmtu),4.4953553199808844
2014,Lamb,7.38,,($/kg),1.998773638612381
2014,Lamb **,,7.99,,
2014,Lead,1936.0,2095.0,($/mt),7.568379267836522
2014,"Liquefied natural gas, Japan",14.81,16.04,($/mmbtu),2.6953026282797072
2014,"Logs, Cameroon",429.7,465.2,($/cubic meter),6.063087290780949
2014,"Logs, Malaysian",260.5,282.0,($/cubic meter),5.5626028611934215
2014,MUV Index,108.3,,(2010=100),4.684905154006945
2014,Maize,178.2,192.9,($/mt),5.182906515036709
2014,Natural gas index,103.2,111.7,(2010=100),4.636668853047462
2014,"Natural gas, Europe",9.29,10.05,($/mmbtu),2.2289385528257473
2014,"Natural gas, US",4.04,4.37,($/mmbtu),1.3962446919730587
2014,Nickel,15606.0,16893.0,($/mt),9.655410734676707
2014,Orange,0.72,0.78,($/kg),-0.3285040669720361
2014,Palm kernel oil,1034.0,1120.0,($/mt),6.9411900550683745
2014,Palm oil,774.0,837.0,($/mt),6.651571873589727
2014,Phosphate rock,102.0,110.5,($/mt),4.624972813284271
2014,Platinum,1278.0,1384.0,($/troy oz),7.15305163493748
2014,Plywood,477.9,517.3,(¢/sheet),6.169401505584112
2014,Potassium chloride,274.0,296.6,($/mt),5.6131281063880705
2014,"Rice, Thai 25%",353.0,382.2,($/mt),5.8664680569332965
2014,"Rice, Thai 5%",390.6,422.8,($/mt),5.967684018442578
2014,"Rice, Thai A.1",392.7,425.1,($/mt),5.9730459615839635
2014,"Rice, Viet Namese 5%",376.2,407.2,($/mt),5.9301209168669295
2014,"Rubber, RSS3",1.8,1.95,($/kg),0.5877866649021191
2014,"Rubber, TSR20 **",1.58,1.71,($/kg),0.4574248470388755
2014,"Sawnwood, Cameroon",729.3,789.5,($/cubic meter),6.592085169990187
2014,"Sawnwood, Malaysian",829.5,897.9,($/cubic meter),6.7208231096305
2014,"Shrimps, Mexican",16.44,17.79,($/kg),2.799717389628034
2014,Silver,17.6,19.1,($/troy oz),2.8678989020441064
2014,Sorghum,194.4,210.4,($/mt),5.2699178920263385
2014,Soybean meal,483.0,522.0,($/mt),6.180016653652572
2014,Soybean oil,837.0,906.0,($/mt),6.729824070489475
2014,Soybeans,448.0,485.0,($/mt),6.104793232414985
2014,"Sugar, EU",0.4,0.43,($/kg),-0.916290731874155
2014,"Sugar, US",0.49,0.53,($/kg),-0.7133498878774648
2014,"Sugar, world",0.35,0.37,($/kg),-1.0498221244986778
2014,TSP,352.9,382.0,($/mt),5.8661847306812245
2014,"Tea, Colombo",3.27,3.54,($/kg),1.184789984909162
2014,"Tea, Kolkata",2.38,2.58,($/kg),0.8671004876833833
2014,"Tea, Mombasa",1.89,2.05,($/kg),0.636576829071551
2014,"Tea, avg 3 auctions",2.51,2.72,($/kg),0.9202827531436925
2014,Tin,20230.0,21899.0,($/mt),9.91492193016179
2014,"Tobacco, US import u.v.",4610.0,4991.0,($/mt),8.435983135990694
2014,Urea,284.9,308.4,($/mt),5.652138241503862
2014,"Wheat, US HRW",263.2,284.9,($/mt),5.572914199451162
2014,"Wheat, US SRW",226.5,245.2,($/mt),5.422744944923089
2014,Zinc,1996.0,2161.0,($/mt),7.59890045687141
2015,Aluminum,1701.0,1665.0,($/mt),7.438971592395862
2015,"Banana, Europe",0.92,0.9,($/kg),-0.08338160893905101
2015,"Banana, US",0.98,0.96,($/kg),-0.020202707317519466
2015,Barley,124.0,121.3,($/mt),4.820281565605037
2015,Beef,4.66,4.56,($/kg),1.5390154481375546
2015,Chicken,2.03,1.99,($/kg),0.7080357930536959
2015,"Coal, Australian",60.2,58.9,($/mt),4.097672352314776
2015,"Coal, South African",57.9,56.7,($/mt),4.05871738457895
2015,Cocoa,3.2,3.14,($/kg),1.1631508098056809
2015,Coconut oil,1128.0,1104.0,($/mt),7.028201432058005
2015,"Coffee, Arabica",3.6,3.53,($/kg),1.2809338454620642
2015,"Coffee, Robusta",1.98,1.94,($/kg),0.6830968447064438
2015,Copper,5630.0,5510.0,($/mt),8.635864721133736
2015,"Cotton, A Index",1.59,1.55,($/kg),0.4637340162321402
2015,"Crude oil, Brent",53.5,52.4,($/bbl),3.979681653901961
2015,"Crude oil, Dubai",52.3,51.2,($/bbl),3.9569963710708773
2015,"Crude oil, WTI",49.8,48.7,($/bbl),3.9080149840306073
2015,"Crude oil, average",51.9,50.8,($/bbl),3.949318790171843
2015,DAP,425.7,416.6,($/mt),6.053734872834107
2015,Fish meal,1588.0,1554.0,($/mt),7.370230641807081
2015,Gold,1186.0,1161.0,($/troy oz),7.078341579557671
2015,Groundnut oil,1408.0,1378.0,($/mt),7.249925536717988
2015,Groundnuts,1333.0,1305.0,($/mt),7.195187320178709
2015,"Iron ore, cfr spot",57.1,55.9,($/dmtu),4.044804116661965
2015,Lamb,7.66,,($/kg),2.0360119837525
2015,Lamb **,,7.5,,
2015,Lead,1827.0,1788.0,($/mt),7.510430556378006
2015,"Liquefied natural gas, Japan",11.17,10.93,($/mmbtu),2.413231613081109
2015,"Logs, Cameroon",397.0,388.6,($/cubic meter),5.983936280687191
2015,"Logs, Malaysian",251.4,246.0,($/cubic meter),5.527045296156147
2015,MUV Index,97.9,,(2010=100),4.583946549536464
2015,Maize,173.4,169.8,($/mt),5.155601064346442
2015,Natural gas index,73.1,71.6,(2010=100),4.291828366755733
2015,"Natural gas, Europe",6.97,6.82,($/mmbtu),1.9416152247724325
2015,"Natural gas, US",2.67,2.61,($/mmbtu),0.9820784724121582
2015,Nickel,12121.0,11863.0,($/mt),9.402694764470512
2015,Orange,0.69,0.68,($/kg),-0.37106368139083207
2015,Palm kernel oil,923.0,903.0,($/mt),6.827629234502852
2015,Palm oil,678.0,663.0,($/mt),6.519147287940395
2015,Phosphate rock,122.9,120.3,($/mt),4.811371016571989
2015,Platinum,1076.0,1053.0,($/troy oz),6.98100574072173
2015,Plywood,461.1,451.2,(¢/sheet),6.13361493921266
2015,Potassium chloride,302.5,296.1,($/mt),5.7120812774708964
2015,"Rice, Thai 25%",380.7,372.6,($/mt),5.942011663388452
2015,"Rice, Thai 5%",394.4,386.0,($/mt),5.97736562272848
2015,"Rice, Thai A.1",394.4,386.0,($/mt),5.97736562272848
2015,"Rice, Viet Namese 5%",359.5,351.8,($/mt),5.884714177161102
2015,"Rubber, RSS3",1.61,1.57,($/kg),0.4762341789963717
2015,"Rubber, TSR20 **",1.4,1.37,($/kg),0.3364722366212129
2015,"Sawnwood, Cameroon",748.5,732.6,($/cubic meter),6.618071203859683
2015,"Sawnwood, Malaysian",851.4,833.3,($/cubic meter),6.746882053394052
2015,"Shrimps, Mexican",13.5,13.22,($/kg),2.6026896854443837
2015,Silver,16.1,15.7,($/troy oz),2.7788192719904172
2015,Sorghum,206.0,201.6,($/mt),5.327876168789581
2015,Soybean meal,398.0,389.0,($/mt),5.986452005284438
2015,Soybean oil,772.0,756.0,($/mt),6.648984550024776
2015,Soybeans,401.0,392.0,($/mt),5.993961427306569
2015,"Sugar, EU",0.37,0.36,($/kg),-0.9942522733438669
2015,"Sugar, US",0.56,0.55,($/kg),-0.579818495252942
2015,"Sugar, world",0.3,0.3,($/kg),-1.2039728043259361
2015,TSP,385.8,377.6,($/mt),5.955319100471629
2015,"Tea, Colombo",3.04,2.98,($/kg),1.1118575154181303
2015,"Tea, Kolkata",2.44,2.39,($/kg),0.8919980393051105
2015,"Tea, Mombasa",3.03,2.96,($/kg),1.1085626195212777
2015,"Tea, avg 3 auctions",2.84,2.78,($/kg),1.0438040521731147
2015,Tin,16416.0,16067.0,($/mt),9.706011747970496
2015,"Tobacco, US import u.v.",5015.0,4908.0,($/mt),8.520188700396035
2015,Urea,284.0,277.9,($/mt),5.648974238161206
2015,"Wheat, US HRW",208.9,204.4,($/mt),5.34185566856252
2015,"Wheat, US SRW",210.9,206.4,($/mt),5.351384087484729
2015,Zinc,1974.0,1932.0,($/mt),7.587817219993427
2016,Aluminum,1706.0,1604.0,($/mt),7.441906728051625
2016,"Banana, Europe",0.96,0.91,($/kg),-0.040821994520255166
2016,"Banana, US",1.06,1.0,($/kg),0.058268908123975824
2016,Barley,110.5,103.9,($/mt),4.705015520957808
2016,Beef,4.32,4.06,($/kg),1.463255402256019
2016,Chicken,1.97,1.85,($/kg),0.6780335427498971
2016,"Coal, Australian",70.3,66.1,($/mt),4.252771798816619
2016,"Coal, South African",68.0,63.9,($/mt),4.219507705176107
2016,Cocoa,3.07,2.89,($/kg),1.1216775615991057
2016,Coconut oil,1576.0,1482.0,($/mt),7.362645270417825
2016,"Coffee, Arabica",3.84,3.61,($/kg),1.3454723665996355
2016,"Coffee, Robusta",2.08,1.95,($/kg),0.7323678937132266
2016,Copper,5177.0,4868.0,($/mt),8.551981016901902
2016,"Cotton, A Index",1.74,1.64,($/kg),0.5538851132264376
2016,"Crude oil, Brent",46.8,44.0,($/bbl),3.845883202923601
2016,"Crude oil, Dubai",43.8,41.2,($/bbl),3.7796338173824005
2016,"Crude oil, WTI",45.9,43.2,($/bbl),3.8264651170664994
2016,"Crude oil, average",45.5,42.8,($/bbl),3.817712325956905
2016,DAP,335.9,315.8,($/mt),5.816813496618247
2016,Fish meal,1585.0,1491.0,($/mt),7.368339686311381
2016,Gold,1328.0,1249.0,($/troy oz),7.191429330036379
2016,Groundnut oil,1468.0,1381.0,($/mt),7.291656209174461
2016,Groundnuts,1481.0,1393.0,($/mt),7.300472814267799
2016,"Iron ore, cfr spot",62.1,58.4,($/dmtu),4.128745988939433
2016,Lamb,7.77,,($/kg),2.050270164379556
2016,Lamb **,,7.31,,
2016,Lead,1985.0,1867.0,($/mt),7.59337419312129
2016,"Liquefied natural gas, Japan",7.84,7.37,($/mmbtu),2.0592388343623163
2016,"Logs, Cameroon",412.0,387.4,($/cubic meter),6.021023349349527
2016,"Logs, Malaysian",291.8,274.4,($/cubic meter),5.676068636088686
2016,MUV Index,94.0,,(2010=100),4.543294782270004
2016,Maize,169.3,159.2,($/mt),5.13167228913909
2016,Natural gas index,60.6,57.0,(2010=100),4.104294893075269
2016,"Natural gas, Europe",4.85,4.56,($/mmbtu),1.5789787049493917
2016,"Natural gas, US",2.65,2.49,($/mmbtu),0.9745596399981308
2016,Nickel,10204.0,9595.0,($/mt),9.230535079261703
2016,Orange,0.95,0.89,($/kg),-0.05129329438755058
2016,Palm kernel oil,1384.0,1301.0,($/mt),7.232733136177615
2016,Palm oil,782.0,736.0,($/mt),6.661854740545311
2016,Phosphate rock,117.5,110.5,($/mt),4.7664383335842135
2016,Platinum,1050.0,987.0,($/troy oz),6.956545443151569
2016,Plywood,535.2,503.3,(¢/sheet),6.282640508814019
2016,Potassium chloride,276.9,260.3,($/mt),5.623656430176916
2016,"Rice, Thai 25%",409.8,385.3,($/mt),6.0156692358048
2016,"Rice, Thai 5%",421.3,396.2,($/mt),6.043345168984971
2016,"Rice, Thai A.1",404.5,380.3,($/mt),6.002651736498547
2016,"Rice, Viet Namese 5%",378.7,356.1,($/mt),5.9367443349077496
2016,"Rubber, RSS3",1.71,1.61,($/kg),0.5364933705145685
2016,"Rubber, TSR20 **",1.47,1.38,($/kg),0.3852624007906449
2016,"Sawnwood, Cameroon",690.9,649.6,($/cubic meter),6.537995095494749
2016,"Sawnwood, Malaysian",785.8,738.9,($/cubic meter),6.66670230712436
2016,"Shrimps, Mexican",11.93,11.22,($/kg),2.4790562361098245
2016,Silver,18.2,17.1,($/troy oz),2.9014215940827497
2016,Sorghum,165.5,155.6,($/mt),5.1089711948171175
2016,Soybean meal,398.0,375.0,($/mt),5.986452005284438
2016,Soybean oil,867.0,815.0,($/mt),6.7650389767805414
2016,Soybeans,431.0,405.0,($/mt),6.066108090103747
2016,"Sugar, EU",0.38,0.36,($/kg),-0.9675840262617056
2016,"Sugar, US",0.65,0.61,($/kg),-0.4307829160924542
2016,"Sugar, world",0.42,0.4,($/kg),-0.8675005677047231
2016,TSP,308.7,290.3,($/mt),5.732369931508114
2016,"Tea, Colombo",3.51,3.3,($/kg),1.2556160374777743
2016,"Tea, Kolkata",2.48,2.33,($/kg),0.9082585601768908
2016,"Tea, Mombasa",2.58,2.42,($/kg),0.9477893989335261
2016,"Tea, avg 3 auctions",2.86,2.68,($/kg),1.0508216248317612
2016,Tin,19072.0,17934.0,($/mt),9.855976569865076
2016,"Tobacco, US import u.v.",5095.0,4790.0,($/mt),8.536014945656826
2016,Urea,206.5,194.1,($/mt),5.330300412401088
2016,"Wheat, US HRW",177.2,166.6,($/mt),5.177279038170981
2016,"Wheat, US SRW",187.5,176.3,($/mt),5.233778845410465
2016,Zinc,2223.0,2090.0,($/mt),7.706612913964197
2017,Aluminum,2022.0,1968.0,($/mt),7.611842399580417
2017,"Banana, Europe",0.92,0.9,($/kg),-0.08338160893905101
2017,"Banana, US",1.11,1.08,($/kg),0.10436001532424286
2017,Barley,100.4,97.6,($/mt),4.609162207257629
2017,Beef,4.51,4.39,($/kg),1.506297153514587
2017,Chicken,2.18,2.12,($/kg),0.7793248768009977
2017,"Coal, Australian",91.0,88.5,($/mt),4.51085950651685
2017,"Coal, South African",87.5,85.1,($/mt),4.471638793363569
2017,Cocoa,2.09,2.03,($/kg),0.7371640659767196
2017,Coconut oil,1697.0,1651.0,($/mt),7.436617265234227
2017,"Coffee, Arabica",3.42,3.32,($/kg),1.2296405510745139
2017,"Coffee, Robusta",2.29,2.23,($/kg),0.8285518175661483
2017,Copper,6342.0,6170.0,($/mt),8.754949455098293
2017,"Cotton, A Index",1.89,1.84,($/kg),0.636576829071551
2017,"Crude oil, Brent",55.9,54.4,($/bbl),4.023564380161053
2017,"Crude oil, Dubai",54.6,53.1,($/bbl),4.000033882750859
2017,"Crude oil, WTI",52.3,50.9,($/bbl),3.9569963710708773
2017,"Crude oil, average",54.3,52.8,($/bbl),3.9945242269398897
2017,DAP,332.0,323.0,($/mt),5.805134968916488
2017,Fish meal,1405.0,1367.0,($/mt),7.247792581767846
2017,Gold,1293.0,1258.0,($/troy oz),7.164720378771857
2017,Groundnut oil,1501.0,1461.0,($/mt),7.313886831633462
2017,Groundnuts,1528.0,1487.0,($/mt),7.331714969726466
2017,"Iron ore, cfr spot",73.8,71.8,($/dmtu),4.301358731606427
2017,Lamb,8.48,,($/kg),2.1377104498038118
2017,Lamb **,,8.25,,
2017,Lead,2379.0,2315.0,($/mt),7.774435510302958
2017,"Liquefied natural gas, Japan",8.85,8.61,($/mmbtu),2.180417459019838
2017,"Logs, Cameroon",406.2,395.2,($/cubic meter),6.0068456491462845
2017,"Logs, Malaysian",272.8,265.4,($/cubic meter),5.608738925969307
2017,MUV Index,97.3,,(2010=100),4.577798989191959
2017,Maize,158.8,154.5,($/mt),5.067645548813036
2017,Natural gas index,70.9,69.0,(2010=100),4.2612704335380815
2017,"Natural gas, Europe",5.88,5.72,($/mmbtu),1.7715567619105355
2017,"Natural gas, US",3.04,2.96,($/mmbtu),1.1118575154181303
2017,Nickel,10700.0,10410.0,($/mt),9.277999020449997
2017,Orange,0.83,0.81,($/kg),-0.18632957819149348
2017,Palm kernel oil,1324.0,1288.0,($/mt),7.188412736496954
2017,Palm oil,772.0,751.0,($/mt),6.648984550024776
2017,Phosphate rock,92.2,89.7,($/mt),4.523960130562548
2017,Platinum,975.0,948.0,($/troy oz),6.882437470997847
2017,Plywood,500.4,486.9,(¢/sheet),6.215407778592756
2017,Potassium chloride,224.3,218.2,($/mt),5.412984441526163
2017,"Rice, Thai 25%",395.4,384.7,($/mt),5.979897910736517
2017,"Rice, Thai 5%",410.0,398.9,($/mt),6.016157159698354
2017,"Rice, Thai A.1",390.5,379.9,($/mt),5.967427969279741
2017,"Rice, Viet Namese 5%",373.4,363.2,($/mt),5.922650231107622
2017,"Rubber, RSS3",2.05,2.0,($/kg),0.7178397931503168
2017,"Rubber, TSR20 **",1.71,1.67,($/kg),0.5364933705145685
2017,"Sawnwood, Cameroon",634.5,617.3,($/cubic meter),6.452837287154442
2017,"Sawnwood, Malaysian",721.7,702.1,($/cubic meter),6.581609540078228
2017,"Shrimps, Mexican",13.69,13.32,($/kg),2.6166656393003573
2017,Silver,17.5,17.1,($/troy oz),2.8622008809294686
2017,Sorghum,167.6,163.0,($/mt),5.121580188047982
2017,Soybean meal,360.0,350.0,($/mt),5.886104031450156
2017,Soybean oil,874.0,850.0,($/mt),6.773080375655535
2017,Soybeans,404.0,393.0,($/mt),6.0014148779611505
2017,"Sugar, EU",0.38,0.37,($/kg),-0.9675840262617056
2017,"Sugar, US",0.63,0.62,($/kg),-0.4620354595965587
2017,"Sugar, world",0.36,0.35,($/kg),-1.0216512475319814
2017,TSP,291.1,283.2,($/mt),5.6736668507515775
2017,"Tea, Colombo",4.16,4.05,($/kg),1.425515074273172
2017,"Tea, Kolkata",2.49,2.42,($/kg),0.9122827104766164
2017,"Tea, Mombasa",3.05,2.97,($/kg),1.1151415906193203
2017,"Tea, avg 3 auctions",3.24,3.15,($/kg),1.1755733298042381
2017,Tin,20620.0,20061.0,($/mt),9.934016757570951
2017,"Tobacco, US import u.v.",4756.0,4627.0,($/mt),8.467162257810672
2017,Urea,219.8,213.9,($/mt),5.392718041969521
2017,"Wheat, US HRW",179.0,174.2,($/mt),5.187385805840755
2017,"Wheat, US SRW",183.1,178.2,($/mt),5.210032451680465
2017,Zinc,2971.0,2891.0,($/mt),7.9966538754626075
2018,Aluminum,2070.0,2108.0,($/mt),7.635303886259415
2018,"Banana, Europe",0.93,0.95,($/kg),-0.07257069283483537
2018,"Banana, US",1.13,1.15,($/kg),0.12221763272424911
2018,Barley,123.6,125.9,($/mt),4.817050545023591
2018,Beef,4.12,4.2,($/kg),1.415853163361435
2018,Chicken,2.2,2.24,($/kg),0.7884573603642703
2018,"Coal, Australian",105.1,107.0,($/mt),4.6549122778829055
2018,"Coal, South African",95.9,97.6,($/mt),4.563305981889393
2018,Cocoa,2.25,2.29,($/kg),0.8109302162163288
2018,Coconut oil,979.0,997.0,($/mt),6.88653164253051
2018,"Coffee, Arabica",2.87,2.93,($/kg),1.0543120297715298
2018,"Coffee, Robusta",1.84,1.87,($/kg),0.6097655716208943
2018,Copper,6411.0,6530.0,($/mt),8.765770543987257
2018,"Cotton, A Index",1.98,2.01,($/kg),0.6830968447064438
2018,"Crude oil, Brent",69.8,71.1,($/bbl),4.2456340097683265
2018,"Crude oil, Dubai",67.9,69.2,($/bbl),4.21803603456465
2018,"Crude oil, WTI",63.6,64.8,($/bbl),4.152613470346076
2018,"Crude oil, average",67.1,68.3,($/bbl),4.206184043977636
2018,DAP,386.2,393.4,($/mt),5.956355369994414
2018,Fish meal,1497.0,1525.0,($/mt),7.311218384419629
2018,Gold,1246.0,1269.0,($/troy oz),7.1276936993473985
2018,Groundnut oil,1420.0,1446.0,($/mt),7.258412150595307
2018,Groundnuts,1296.0,1320.0,($/mt),7.16703787691222
2018,"Iron ore, cfr spot",68.5,69.8,($/dmtu),4.22683374526818
2018,Lamb,7.71,,($/kg),2.0425181875752383
2018,Lamb **,,7.85,,
2018,Lead,2200.0,2240.0,($/mt),7.696212639346407
2018,"Liquefied natural gas, Japan",10.48,10.67,($/mmbtu),2.349468678892896
2018,"Logs, Cameroon",406.0,413.5,($/cubic meter),6.0063531596017325
2018,"Logs, Malaysian",264.8,269.7,($/cubic meter),5.578974824062853
2018,MUV Index,101.9,,(2010=100),4.623991940228679
2018,Maize,161.4,164.4,($/mt),5.083885755835849
2018,Natural gas index,80.6,82.1,(2010=100),4.389498649512583
2018,"Natural gas, Europe",7.54,7.68,($/mmbtu),2.020222182019865
2018,"Natural gas, US",3.1,3.16,($/mmbtu),1.1314021114911006
2018,Nickel,12875.0,13114.0,($/mt),9.463042725531936
2018,Orange,0.78,0.79,($/kg),-0.2484613592984996
2018,Palm kernel oil,910.0,926.0,($/mt),6.813444599510896
2018,Palm oil,627.0,639.0,($/mt),6.440946540632921
2018,Phosphate rock,86.3,87.9,($/mt),4.457829598089382
2018,Platinum,863.0,880.0,($/troy oz),6.760414691083428
2018,Plywood,485.7,494.7,(¢/sheet),6.1855911493516995
2018,Potassium chloride,211.6,215.5,($/mt),5.354697699984144
2018,"Rice, Thai 25%",400.6,408.1,($/mt),5.992963423231718
2018,"Rice, Thai 5%",413.0,420.7,($/mt),6.023447592961033
2018,"Rice, Thai A.1",393.7,401.1,($/mt),5.975589197949692
2018,"Rice, Viet Namese 5%",398.7,406.1,($/mt),5.988209254387309
2018,"Rubber, RSS3",1.54,1.57,($/kg),0.43178241642553783
2018,"Rubber, TSR20 **",1.34,1.37,($/kg),0.29266961396282004
2018,"Sawnwood, Cameroon",628.3,640.0,($/cubic meter),6.443017759408901
2018,"Sawnwood, Malaysian",714.7,727.9,($/cubic meter),6.571862874225933
2018,"Shrimps, Mexican",12.01,12.24,($/kg),2.485739636091892
2018,Silver,15.4,15.7,($/troy oz),2.7343675094195836
2018,Sorghum,165.5,168.6,($/mt),5.1089711948171175
2018,Soybean meal,398.0,405.0,($/mt),5.986452005284438
2018,Soybean oil,775.0,789.0,($/mt),6.652863029353347
2018,Soybeans,387.0,394.0,($/mt),5.958424693029782
2018,"Sugar, EU",0.38,0.39,($/kg),-0.9675840262617056
2018,"Sugar, US",0.55,0.56,($/kg),-0.5978370007556204
2018,"Sugar, world",0.27,0.28,($/kg),-1.3093333199837622
2018,TSP,340.4,346.7,($/mt),5.830121396699219
2018,"Tea, Colombo",3.54,3.61,($/kg),1.264126727145683
2018,"Tea, Kolkata",2.32,2.36,($/kg),0.8415671856782185
2018,"Tea, Mombasa",2.53,2.58,($/kg),0.9282193027394288
2018,"Tea, avg 3 auctions",2.8,2.85,($/kg),1.0296194171811581
2018,Tin,19777.0,20145.0,($/mt),9.892274925322026
2018,"Tobacco, US import u.v.",4777.0,4866.0,($/mt),8.471568013389962
2018,Urea,244.9,249.4,($/mt),5.500849963958122
2018,"Wheat, US HRW",206.1,209.9,($/mt),5.328361487896413
2018,"Wheat, US SRW",200.2,203.9,($/mt),5.29931686688112
2018,Zinc,2869.0,2922.0,($/mt),7.9617188159813645
2019,Aluminum,1804.0,1794.0,($/mt),7.4977617006225685
2019,"Banana, Europe",0.88,0.88,($/kg),-0.12783337150988489
2019,"Banana, US",1.15,1.14,($/kg),0.13976194237515863
2019,Barley,128.7,128.1,($/mt),4.857484114602081
2019,Beef,4.79,4.76,($/kg),1.5665304114228238
2019,Chicken,2.01,2.0,($/kg),0.6981347220709843
2019,"Coal, Australian",78.3,77.9,($/mt),4.360547602996758
2019,"Coal, South African",72.3,71.9,($/mt),4.280824129164719
2019,Cocoa,2.35,2.34,($/kg),0.8544153281560676
2019,Coconut oil,739.0,736.0,($/mt),6.6052979209482015
2019,"Coffee, Arabica",2.89,2.88,($/kg),1.0612565021243408
2019,"Coffee, Robusta",1.63,1.62,($/kg),0.4885800148186709
2019,Copper,6042.0,6010.0,($/mt),8.706490361946617
2019,"Cotton, A Index",1.73,1.72,($/kg),0.5481214085096876
2019,"Crude oil, Brent",64.4,64.0,($/bbl),4.165113633110308
2019,"Crude oil, Dubai",63.5,63.2,($/bbl),4.151039905898646
2019,"Crude oil, WTI",57.3,57.0,($/bbl),4.048300623720694
2019,"Crude oil, average",61.7,61.4,($/bbl),4.122283930911342
2019,DAP,308.0,306.4,($/mt),5.730099782973574
2019,Fish meal,1456.0,1448.0,($/mt),7.283448228756631
2019,Gold,1400.0,1392.0,($/troy oz),7.24422751560335
2019,Groundnut oil,1415.0,1407.0,($/mt),7.254884810077338
2019,Groundnuts,1345.0,1338.0,($/mt),7.20414929203594
2019,"Iron ore, cfr spot",94.3,93.8,($/dmtu),4.546481189639412
2019,Lamb,8.15,,($/kg),2.0980179272527715
2019,Lamb **,,8.1,,
2019,Lead,2007.0,1997.0,($/mt),7.604396348796338
2019,"Liquefied natural gas, Japan",10.62,10.56,($/mmbtu),2.362739015813793
2019,"Logs, Cameroon",394.0,391.9,($/cubic meter),5.976350909297934
2019,"Logs, Malaysian",274.5,273.1,($/cubic meter),5.614951260949585
2019,MUV Index,99.5,,(2010=100),4.600157644164547
2019,Maize,171.0,170.1,($/mt),5.14166355650266
2019,Natural gas index,61.5,61.1,(2010=100),4.119037174812473
2019,"Natural gas, Europe",4.83,4.8,($/mmbtu),1.5748464676644813
2019,"Natural gas, US",2.58,2.57,($/mmbtu),0.9477893989335261
2019,Nickel,13987.0,13914.0,($/mt),9.545883605779304
2019,Orange,0.56,0.56,($/kg),-0.579818495252942
2019,Palm kernel oil,669.0,665.0,($/mt),6.505784060128229
2019,Palm oil,605.0,601.0,($/mt),6.405228458030842
2019,Phosphate rock,88.4,88.0,($/mt),4.481871969643598
2019,Platinum,869.0,864.0,($/troy oz),6.767343125265392
2019,Plywood,503.6,500.9,(¢/sheet),6.221782302170192
2019,Potassium chloride,256.8,255.5,($/mt),5.548297571815806
2019,"Rice, Thai 25%",412.6,410.4,($/mt),6.022478600637151
2019,"Rice, Thai 5%",420.2,418.0,($/mt),6.0407307884109
2019,"Rice, Thai A.1",395.6,393.5,($/mt),5.980403599748557
2019,"Rice, Viet Namese 5%",353.7,351.9,($/mt),5.868449096211435
2019,"Rubber, RSS3",1.65,1.64,($/kg),0.5007752879124892
2019,"Rubber, TSR20 **",1.42,1.41,($/kg),0.35065687161316933
2019,"Sawnwood, Cameroon",615.0,611.8,($/cubic meter),6.421622267806518
2019,"Sawnwood, Malaysian",699.5,695.9,($/cubic meter),6.550365794105536
2019,"Shrimps, Mexican",12.67,12.6,($/kg),2.5392369943330477
2019,Silver,16.3,16.2,($/troy oz),2.791165107812717
2019,Sorghum,162.4,161.5,($/mt),5.090062427727577
2019,Soybean meal,349.0,347.0,($/mt),5.855071922202427
2019,Soybean oil,769.0,765.0,($/mt),6.645090969505644
2019,Soybeans,371.0,369.0,($/mt),5.916202062607435
2019,"Sugar, EU",0.37,0.37,($/kg),-0.9942522733438669
2019,"Sugar, US",0.58,0.58,($/kg),-0.5447271754416722
2019,"Sugar, world",0.28,0.28,($/kg),-1.2729656758128873
2019,TSP,296.1,294.5,($/mt),5.690697235107546
2019,"Tea, Colombo",3.12,3.1,($/kg),1.1378330018213911
2019,"Tea, Kolkata",2.39,2.38,($/kg),0.8712933659434193
2019,"Tea, Mombasa",2.22,2.21,($/kg),0.7975071958841882
2019,"Tea, avg 3 auctions",2.58,2.56,($/kg),0.9477893989335261
2019,Tin,18759.0,18661.0,($/mt),9.839428916235407
2019,"Tobacco, US import u.v.",4603.0,4579.0,($/mt),8.434463543817241
2019,Urea,246.6,245.3,($/mt),5.507767590730244
2019,"Wheat, US HRW",202.7,201.7,($/mt),5.311727053457954
2019,"Wheat, US SRW",212.4,211.3,($/mt),5.358471289367784
2019,Zinc,2564.0,2550.0,($/mt),7.849323818040561
2020,Aluminum,1741.0,1704.0,($/mt),7.462214939768189
2020,"Banana, Europe",0.92,0.9,($/kg),-0.08338160893905101
2020,"Banana, US",1.24,1.22,($/kg),0.2151113796169455
2020,Barley,99.7,97.6,($/mt),4.602165676967792
2020,Beef,4.77,4.67,($/kg),1.5623463049002497
2020,Chicken,1.67,1.63,($/kg),0.5128236264286637
2020,"Coal, Australian",62.1,60.8,($/mt),4.128745988939433
2020,"Coal, South African",67.1,65.7,($/mt),4.206184043977636
2020,Cocoa,2.42,2.37,($/kg),0.883767540168595
2020,Coconut oil,1032.0,1010.0,($/mt),6.939253946041508
2020,"Coffee, Arabica",3.39,3.32,($/kg),1.220829921392359
2020,"Coffee, Robusta",1.55,1.52,($/kg),0.4382549309311553
2020,Copper,6306.0,6174.0,($/mt),8.749256840105007
2020,"Cotton, A Index",1.62,1.59,($/kg),0.4824261492442928
2020,"Crude oil, Brent",43.2,42.3,($/bbl),3.765840495250065
2020,"Crude oil, Dubai",43.1,42.2,($/bbl),3.763522997109702
2020,"Crude oil, WTI",40.2,39.3,($/bbl),3.6938669956249757
2020,"Crude oil, average",42.1,41.3,($/bbl),3.7400477406883357
2020,DAP,319.1,312.4,($/mt),5.765504533284198
2020,Fish meal,1463.0,1433.0,($/mt),7.288244401020124
2020,Gold,1808.0,1770.0,($/troy oz),7.4999765409521215
2020,Groundnut oil,1734.0,1698.0,($/mt),7.458186157340487
2020,Groundnuts,1878.0,1839.0,($/mt),7.537962659768208
2020,"Iron ore, cfr spot",111.3,108.9,($/dmtu),4.712229258281499
2020,Lamb,6.5,,($/kg),1.8718021769015913
2020,Lamb **,,6.36,,
2020,Lead,1864.0,1825.0,($/mt),7.530479995245536
2020,"Liquefied natural gas, Japan",8.49,8.31,($/mmbtu),2.138889000323256
2020,"Logs, Cameroon",408.0,399.5,($/cubic meter),6.0112671744041615
2020,"Logs, Malaysian",284.9,278.9,($/cubic meter),5.652138241503862
2020,MUV Index,97.9,,(2010=100),4.583946549536464
2020,Maize,169.0,165.5,($/mt),5.1298987149230735
2020,Natural gas index,46.5,45.5,(2010=100),3.8394523125933104
2020,"Natural gas, Europe",3.31,3.24,($/mmbtu),1.1969481893889715
2020,"Natural gas, US",2.06,2.01,($/mmbtu),0.7227059828014898
2020,Nickel,14083.0,13787.0,($/mt),9.55272367519805
2020,Orange,0.62,0.6,($/kg),-0.4780358009429998
2020,Palm kernel oil,842.0,824.0,($/mt),6.7357800142423265
2020,Palm oil,768.0,752.0,($/mt),6.643789733147672
2020,Phosphate rock,77.7,76.1,($/mt),4.3528552573736015
2020,Platinum,902.0,883.0,($/troy oz),6.804614520062624
2020,Plywood,522.6,511.6,(¢/sheet),6.258816353086512
2020,Potassium chloride,246.2,241.1,($/mt),5.506144213750353
2020,"Rice, Thai 25%",492.2,481.8,($/mt),6.198885137956956
2020,"Rice, Thai 5%",507.4,496.8,($/mt),6.229299647165181
2020,"Rice, Thai A.1",484.8,474.6,($/mt),6.1837364347551045
2020,"Rice, Viet Namese 5%",437.1,428.0,($/mt),6.080162001869269
2020,"Rubber, RSS3",1.77,1.73,($/kg),0.5709795465857378
2020,"Rubber, TSR20 **",1.36,1.33,($/kg),0.3074846997479607
2020,"Sawnwood, Cameroon",628.4,615.2,($/cubic meter),6.443176906381466
2020,"Sawnwood, Malaysian",714.7,699.7,($/cubic meter),6.571862874225933
2020,"Shrimps, Mexican",12.94,12.67,($/kg),2.5603232890727545
2020,Silver,21.0,20.5,($/troy oz),3.044522437723423
2020,Sorghum,175.3,171.6,($/mt),5.1664987919271885
2020,Soybean meal,403.0,394.0,($/mt),5.998936561946683
2020,Soybean oil,856.0,838.0,($/mt),6.752270376141742
2020,Soybeans,415.0,407.0,($/mt),6.028278520230698
2020,"Sugar, EU",0.38,0.37,($/kg),-0.9675840262617056
2020,"Sugar, US",0.61,0.59,($/kg),-0.4942963218147801
2020,"Sugar, world",0.29,0.28,($/kg),-1.2378743560016174
2020,TSP,270.7,265.0,($/mt),5.601011196620256
2020,"Tea, Colombo",3.48,3.4,($/kg),1.247032293786383
2020,"Tea, Kolkata",2.74,2.69,($/kg),1.007957920399979
2020,"Tea, Mombasa",2.05,2.01,($/kg),0.7178397931503168
2020,"Tea, avg 3 auctions",2.76,2.7,($/kg),1.0152306797290584
2020,Tin,17492.0,17125.0,($/mt),9.76949891253281
2020,"Tobacco, US import u.v.",4429.0,4336.0,($/mt),8.395929103923198
2020,Urea,234.0,229.1,($/mt),5.455321115357702
2020,"Wheat, US HRW",236.5,231.6,($/mt),5.465948207931988
2020,"Wheat, US SRW",232.6,227.7,($/mt),5.449320240084564
2020,Zinc,2315.0,2266.0,($/mt),7.747164966520335
2021,Aluminum,2260.0,2473.0,($/mt),7.723120092266331
2021,"Banana, Europe",0.84,0.92,($/kg),-0.1743533871447778
2021,"Banana, US",1.1,1.21,($/kg),0.09531017980432493
2021,Beef,4.88,5.34,($/kg),1.5851452198650557
2021,Chicken,1.82,1.99,($/kg),0.598836501088704
2021,"Coal, Australian",126.2,138.1,($/mt),4.837867950107113
2021,"Coal, South African",109.5,119.8,($/mt),4.695924549256556
2021,Cocoa,2.22,2.43,($/kg),0.7975071958841882
2021,Coconut oil,1496.0,1636.0,($/mt),7.310550158534422
2021,"Coffee, Arabica",4.12,4.51,($/kg),1.415853163361435
2021,"Coffee, Robusta",1.81,1.98,($/kg),0.5933268452777344
2021,Copper,8516.0,9317.0,($/mt),9.049702026013371
2021,"Cotton, A Index",2.04,2.23,($/kg),0.712949807856125
2021,"Crude oil, Brent",64.4,70.4,($/bbl),4.165113633110308
2021,"Crude oil, Dubai",62.9,68.8,($/bbl),4.141546163706395
2021,"Crude oil, WTI",62.1,68.0,($/bbl),4.128745988939433
2021,"Crude oil, average",63.1,69.1,($/bbl),4.144720769547168
2021,DAP,549.3,601.0,($/mt),6.308644740348575
2021,Fish meal,1354.0,1481.0,($/mt),7.21081845347222
2021,Gold,1645.0,1800.0,($/troy oz),7.405495663199472
2021,Groundnut oil,1897.0,2075.0,($/mt),7.5480289699350145
2021,Groundnuts,1421.0,1555.0,($/mt),7.259116128097101
2021,"Iron ore, cfr spot",147.8,161.7,($/dmtu),4.995860008514102
2021,Lamb,7.92,,($/kg),2.0693912058263346
2021,Lamb **,,8.66,,
2021,Lead,2011.0,2200.0,($/mt),7.606387389772652
2021,"Liquefied natural gas, Japan",9.84,10.76,($/mmbtu),2.286455711064162
2021,"Logs, Cameroon",378.6,414.2,($/cubic meter),5.936480238775222
2021,"Logs, Malaysian",248.0,271.4,($/cubic meter),5.5134287461649825
2021,MUV Index,109.4,,(2010=100),4.695010889987881
2021,Maize,237.2,259.5,($/mt),5.468903667123571
2021,Natural gas index,119.4,130.7,(2010=100),4.782479200958502
2021,"Natural gas, Europe",14.73,16.12,($/mmbtu),2.689886230474539
2021,"Natural gas, US",3.52,3.85,($/mmbtu),1.2584609896100056
2021,Nickel,16878.0,18465.0,($/mt),9.733766277717912
2021,Orange,0.6,0.65,($/kg),-0.5108256237659907
2021,Palm kernel oil,1401.0,1533.0,($/mt),7.244941546337007
2021,Palm oil,1033.0,1131.0,($/mt),6.940222469119639
2021,Phosphate rock,112.6,123.2,($/mt),4.72384171570559
2021,Platinum,997.0,1091.0,($/troy oz),6.904750769961838
2021,Plywood,455.0,497.7,(¢/sheet),6.12029741895095
2021,Potassium chloride,496.2,542.8,($/mt),6.206979071257701
2021,"Rice, Thai 25%",409.7,448.3,($/mt),6.015425184552825
2021,"Rice, Thai 5%",418.9,458.3,($/mt),6.037632227952989
2021,"Rice, Thai A.1",398.6,436.1,($/mt),5.987958407778694
2021,"Rice, Viet Namese 5%",408.0,446.3,($/mt),6.0112671744041615
2021,"Rubber, RSS3",1.89,2.07,($/kg),0.636576829071551
2021,"Rubber, TSR20 **",1.54,1.68,($/kg),0.43178241642553783
2021,"Sawnwood, Cameroon",602.7,659.3,($/cubic meter),6.401419560488998
2021,"Sawnwood, Malaysian",685.5,750.0,($/cubic meter),6.530148499002369
2021,"Shrimps, Mexican",12.52,13.7,($/kg),2.5273273656719524
2021,Silver,23.0,25.2,($/troy oz),3.1354942159291497
2021,Soybean meal,440.0,481.0,($/mt),6.0867747269123065
2021,Soybean oil,1266.0,1385.0,($/mt),7.143617602704121
2021,Soybeans,533.0,583.0,($/mt),6.278521424165844
2021,"Sugar, EU",0.35,0.39,($/kg),-1.0498221244986778
2021,"Sugar, US",0.68,0.74,($/kg),-0.3856624808119846
2021,"Sugar, world",0.36,0.39,($/kg),-1.0216512475319814
2021,TSP,491.9,538.2,($/mt),6.198275443801294
2021,"Tea, Colombo",2.86,3.13,($/kg),1.0508216248317612
2021,"Tea, Kolkata",2.59,2.83,($/kg),0.9516578757114463
2021,"Tea, Mombasa",1.93,2.11,($/kg),0.6575200029167941
2021,"Tea, avg 3 auctions",2.46,2.69,($/kg),0.9001613499442714
2021,Tin,29602.0,32384.0,($/mt),10.295597205597135
2021,"Tobacco, US import u.v.",3798.0,4155.0,($/mt),8.242229891372231
2021,Urea,441.7,483.2,($/mt),6.090630918602481
2021,"Wheat, US HRW",288.2,315.2,($/mt),5.663654683565421
2021,"Wheat, US SRW",257.5,281.7,($/mt),5.551019720103791
2021,Zinc,2745.0,3003.0,($/mt),7.917536353943631
2022,Aluminum,2303.0,2705.0,($/mt),7.741967899820685
2022,"Banana, Europe",0.8,0.94,($/kg),-0.2231435513142097
2022,"Banana, US",1.27,1.49,($/kg),0.23901690047049992
2022,Beef,4.79,5.62,($/kg),1.5665304114228238
2022,Chicken,1.43,1.68,($/kg),0.3576744442718159
2022,"Coal, Australian",293.7,344.9,($/mt),5.682558838204574
2022,"Coal, South African",204.8,240.6,($/mt),5.322033893165353
2022,Cocoa,2.04,2.39,($/kg),0.712949807856125
2022,Coconut oil,1392.0,1635.0,($/mt),7.238496840894365
2022,"Coffee, Arabica",4.79,5.63,($/kg),1.5665304114228238
2022,"Coffee, Robusta",1.95,2.29,($/kg),0.6678293725756554
2022,Copper,7512.0,8822.0,($/mt),8.9242570208881
2022,"Cotton, A Index",2.44,2.86,($/kg),0.8919980393051105
2022,"Crude oil, Brent",85.0,99.8,($/bbl),4.442651256490317
2022,"Crude oil, Dubai",82.6,97.0,($/bbl),4.414009680526933
2022,"Crude oil, WTI",80.4,94.4,($/bbl),4.387014176184921
2022,"Crude oil, average",82.7,97.1,($/bbl),4.415219602029645
2022,DAP,657.4,772.2,($/mt),6.488292661230119
2022,Fish meal,1359.0,1596.0,($/mt),7.214504414151143
2022,Gold,1533.0,1801.0,($/troy oz),7.334981878871814
2022,Groundnut oil,1875.0,2203.0,($/mt),7.536363938404511
2022,Groundnuts,1335.0,1568.0,($/mt),7.19668657083435
2022,"Iron ore, cfr spot",103.3,121.3,($/dmtu),4.637637376125593
2022,Lamb,7.04,,($/kg),1.951608170169951
2022,Lamb **,,8.27,,
2022,Lead,1831.0,2151.0,($/mt),7.5126175446745105
2022,"Liquefied natural gas, Japan",15.69,18.43,($/mmbtu),2.753023566744941
2022,"Logs, Cameroon",314.1,368.9,($/cubic meter),5.749711406544601
2022,"Logs, Malaysian",194.1,228.0,($/cubic meter),5.268373490174964
2022,MUV Index,117.5,,(2010=100),4.7664383335842135
2022,Maize,271.4,318.8,($/mt),5.603593747400769
2022,Natural gas index,239.8,281.6,(2010=100),5.479805242593414
2022,"Natural gas, Europe",34.35,40.34,($/mmbtu),3.536602018668358
2022,"Natural gas, US",5.42,6.37,($/mmbtu),1.6900958154515549
2022,Nickel,21996.0,25834.0,($/mt),9.998615897627705
2022,Orange,0.78,0.92,($/kg),-0.2484613592984996
2022,Palm kernel oil,1377.0,1617.0,($/mt),7.227662498728654
2022,Palm oil,1086.0,1276.0,($/mt),6.990256500493881
2022,Phosphate rock,226.6,266.2,($/mt),5.423186348593906
2022,Platinum,819.0,962.0,($/troy oz),6.70808408385307
2022,Plywood,356.1,418.2,(¢/sheet),5.875211590283732
2022,Potassium chloride,735.1,863.4,($/mt),6.600006544380042
2022,"Rice, Thai 25%",365.8,429.7,($/mt),5.9020867359567655
2022,"Rice, Thai 5%",371.9,436.8,($/mt),5.918625000931025
2022,"Rice, Thai A.1",355.7,417.7,($/mt),5.874087678954409
2022,"Rice, Viet Namese 5%",344.4,404.5,($/mt),5.841803772553575
2022,"Rubber, RSS3",1.54,1.81,($/kg),0.43178241642553783
2022,"Rubber, TSR20 **",1.31,1.54,($/kg),0.2700271372130602
2022,"Sawnwood, Cameroon",504.9,593.0,($/cubic meter),6.22436038986487
2022,"Sawnwood, Malaysian",574.3,674.5,($/cubic meter),6.3531519078702505
2022,"Shrimps, Mexican",11.51,13.51,($/kg),2.4432162227337915
2022,Silver,18.6,21.8,($/troy oz),2.9231615807191558
2022,Soybean meal,466.0,548.0,($/mt),6.144185634125646
2022,Soybean oil,1419.0,1667.0,($/mt),7.257707677160043
2022,Soybeans,575.0,675.0,($/mt),6.354370040797351
2022,"Sugar, EU",0.29,0.34,($/kg),-1.2378743560016174
2022,"Sugar, US",0.67,0.79,($/kg),-0.40047756659712525
2022,"Sugar, world",0.35,0.41,($/kg),-1.0498221244986778
2022,TSP,609.7,716.1,($/mt),6.4129670329137705
2022,"Tea, Colombo",3.3,3.87,($/kg),1.1939224684724346
2022,"Tea, Kolkata",2.41,2.83,($/kg),0.8796267475025636
2022,"Tea, Mombasa",2.08,2.45,($/kg),0.7323678937132266
2022,"Tea, avg 3 auctions",2.6,3.05,($/kg),0.9555114450274363
2022,Tin,26680.0,31335.0,($/mt),10.19166950002956
2022,"Tobacco, US import u.v.",3635.0,4270.0,($/mt),8.19836438996762
2022,Urea,596.0,700.0,($/mt),6.39024066706535
2022,"Wheat, US HRW",366.1,430.0,($/mt),5.902906520126191
2022,"Wheat, US SRW",325.0,381.9,($/mt),5.783825182329737
2022,Zinc,2964.0,3481.0,($/mt),7.994294986415977
2023,Aluminum,1977.0,2256.0,($/mt),7.589335823170617
2023,"Banana, Europe",0.96,1.09,($/kg),-0.040821994520255166
2023,"Banana, US",1.4,1.6,($/kg),0.3364722366212129
2023,Beef,4.3,4.9,($/kg),1.4586150226995167
2023,Chicken,1.34,1.53,($/kg),0.29266961396282004
2023,"Coal, Australian",151.4,172.8,($/mt),5.019925341003349
2023,"Coal, South African",104.4,119.1,($/mt),4.648229675448539
2023,Cocoa,2.88,3.28,($/kg),1.0577902941478545
2023,Coconut oil,942.0,1075.0,($/mt),6.848005274576363
2023,"Coffee, Arabica",3.98,4.54,($/kg),1.3812818192963463
2023,"Coffee, Robusta",2.3,2.63,($/kg),0.8329091229351039
2023,Copper,7441.0,8490.0,($/mt),8.914760527397261
2023,"Cotton, A Index",1.84,2.09,($/kg),0.6097655716208943
2023,"Crude oil, Brent",72.4,82.6,($/bbl),4.282206299391671
2023,"Crude oil, Dubai",71.9,82.0,($/bbl),4.275276264727001
2023,"Crude oil, WTI",68.1,77.7,($/bbl),4.220977213155467
2023,"Crude oil, average",70.8,80.8,($/bbl),4.259859000699674
2023,DAP,482.1,550.0,($/mt),6.1781515614115765
2023,Fish meal,1591.0,1815.0,($/mt),7.372118028337787
2023,Gold,1703.0,1943.0,($/troy oz),7.440146680662688
2023,Groundnut oil,1783.0,2035.0,($/mt),7.48605261786314
2023,Groundnuts,1658.0,1892.0,($/mt),7.4133673356952405
2023,"Iron ore, cfr spot",105.7,120.6,($/dmtu),4.660604892876192
2023,Lamb,5.37,,($/kg),1.6808279085207734
2023,Lamb **,,6.12,,
2023,Lead,1872.0,2136.0,($/mt),7.534762657037537
2023,"Liquefied natural gas, Japan",12.61,14.39,($/mmbtu),2.534490149976828
2023,"Logs, Cameroon",331.8,378.6,($/cubic meter),5.8045323777563445
2023,"Logs, Malaysian",186.1,212.4,($/cubic meter),5.226284163648205
2023,MUV Index,114.1,,(2010=100),4.73707525686803
2023,Maize,221.4,252.7,($/mt),5.399971020274537
2023,Natural gas index,90.2,102.9,(2010=100),4.502029427068578
2023,"Natural gas, Europe",11.49,13.11,($/mmbtu),2.4414770918606643
2023,"Natural gas, US",2.22,2.54,($/mmbtu),0.7975071958841882
2023,Nickel,18862.0,21521.0,($/mt),9.84490459510383
2023,Orange,1.38,1.57,($/kg),0.3220834991691132
2023,Palm kernel oil,868.0,990.0,($/mt),6.7661917146603505
2023,Palm oil,777.0,886.0,($/mt),6.655440350367647
2023,Phosphate rock,281.9,321.7,($/mt),5.641552398120067
2023,Platinum,847.0,966.0,($/troy oz),6.741700694652055
2023,Plywood,341.4,389.5,(¢/sheet),5.83305481036034
2023,Potassium chloride,335.9,383.2,($/mt),5.816813496618247
2023,"Rice, Thai 25%",467.1,532.9,($/mt),6.1465433675080625
2023,"Rice, Thai 5%",485.2,553.7,($/mt),6.184561177069895
2023,"Rice, Thai A.1",469.9,536.2,($/mt),6.15251990610877
2023,"Rice, Viet Namese 5%",459.0,523.7,($/mt),6.129050210060545
2023,"Rubber, RSS3",1.38,1.58,($/kg),0.3220834991691132
2023,"Rubber, TSR20 **",1.21,1.38,($/kg),0.1906203596086497
2023,"Sawnwood, Cameroon",522.2,595.9,($/cubic meter),6.258050656265029
2023,"Sawnwood, Malaysian",594.0,677.7,($/cubic meter),6.386879319362645
2023,"Shrimps, Mexican",8.93,10.19,($/kg),2.189416394888408
2023,Silver,20.5,23.4,($/troy oz),3.0204248861443626
2023,Soybean meal,475.0,541.0,($/mt),6.163314804034641
2023,Soybean oil,980.0,1119.0,($/mt),6.887552571664617
2023,Soybeans,524.0,598.0,($/mt),6.261491684321042
2023,"Sugar, EU",0.31,0.35,($/kg),-1.171182981502945
2023,"Sugar, US",0.78,0.89,($/kg),-0.2484613592984996
2023,"Sugar, world",0.45,0.52,($/kg),-0.7985076962177716
2023,TSP,420.9,480.2,($/mt),6.042395275776525
2023,"Tea, Colombo",3.12,3.56,($/kg),1.1378330018213911
2023,"Tea, Kolkata",2.13,2.43,($/kg),0.7561219797213337
2023,"Tea, Mombasa",1.96,2.23,($/kg),0.6729444732424258
2023,"Tea, avg 3 auctions",2.4,2.74,($/kg),0.8754687373538999
2023,Tin,22733.0,25938.0,($/mt),10.031572892299346
2023,"Tobacco, US import u.v.",4396.0,5016.0,($/mt),8.388450315523512
2023,Urea,313.8,358.0,($/mt),5.748755840298932
2023,"Wheat, US HRW",298.4,340.4,($/mt),5.698434868329605
2023,"Wheat, US SRW",225.9,257.7,($/mt),5.420092423473958
2023,Zinc,2325.0,2653.0,($/mt),7.751475318021456
2024,Aluminum,2102.0,2419.0,($/mt),7.650644551436897
2024,"Banana, Europe",0.93,1.07,($/kg),-0.07257069283483537
2024,"Banana, US",1.07,1.23,($/kg),0.06765864847381486
2024,Beef,5.15,5.93,($/kg),1.6389967146756448
2024,Chicken,1.27,1.46,($/kg),0.23901690047049992
2024,"Coal, Australian",118.3,136.1,($/mt),4.773223770984341
2024,"Coal, South African",91.9,105.8,($/mt),4.520701029361642
2024,Cocoa,6.37,7.33,($/kg),1.851599469584072
2024,Coconut oil,1319.0,1519.0,($/mt),7.1846291527173145
2024,"Coffee, Arabica",4.88,5.62,($/kg),1.5851452198650557
2024,"Coffee, Robusta",3.84,4.41,($/kg),1.3454723665996355
2024,Copper,7943.0,9142.0,($/mt),8.980046316633132
2024,"Cotton, A Index",1.66,1.91,($/kg),0.5068176023684519
2024,"Crude oil, Brent",70.1,80.7,($/bbl),4.249922794040544
2024,"Crude oil, Dubai",69.2,79.7,($/bbl),4.237000862623624
2024,"Crude oil, WTI",65.9,75.8,($/bbl),4.188138441508461
2024,"Crude oil, average",68.4,78.7,($/bbl),4.225372824628505
2024,DAP,489.7,563.7,($/mt),6.193792958708272
2024,Fish meal,1476.0,1699.0,($/mt),7.297091005160418
2024,Gold,2074.0,2388.0,($/troy oz),7.637234388789473
2024,Groundnut oil,1560.0,1796.0,($/mt),7.352441100243583
2024,Groundnuts,1558.0,1793.0,($/mt),7.351158226430694
2024,"Iron ore, cfr spot",95.0,109.4,($/dmtu),4.553876891600541
2024,Lamb,4.64,,($/kg),1.534714366238164
2024,Lamb **,,5.35,,
2024,Lead,1798.0,2069.0,($/mt),7.494430215031565
2024,"Liquefied natural gas, Japan",11.16,12.84,($/mmbtu),2.412335956953165
2024,"Logs, Cameroon",329.0,378.7,($/cubic meter),5.796057750765372
2024,"Logs, Malaysian",170.9,196.7,($/cubic meter),5.141078590121546
2024,MUV Index,115.1,,(2010=100),4.745801315727837
2024,Maize,165.6,190.6,($/mt),5.109575241951159
2024,Natural gas index,76.0,87.4,(2010=100),4.330733340286331
2024,"Natural gas, Europe",9.52,10.96,($/mmbtu),2.253394848803274
2024,"Natural gas, US",1.9,2.19,($/mmbtu),0.6418538861723947
2024,Nickel,14608.0,16814.0,($/mt),9.58932460283475
2024,Orange,1.96,2.26,($/kg),0.6729444732424258
2024,Palm kernel oil,1227.0,1412.0,($/mt),7.112327444710911
2024,Palm oil,837.0,963.0,($/mt),6.729824070489475
2024,Phosphate rock,132.5,152.5,($/mt),4.886582645426277
2024,Platinum,830.0,955.0,($/troy oz),6.721425700790643
2024,Plywood,313.5,360.9,(¢/sheet),5.7477993600729755
2024,Potassium chloride,256.4,295.1,($/mt),5.546738725046515
2024,"Rice, Thai 25%",485.7,559.1,($/mt),6.1855911493516995
2024,"Rice, Thai 5%",511.2,588.4,($/mt),6.236760903063325
2024,"Rice, Thai A.1",497.6,572.7,($/mt),6.20979654142497
2024,"Rice, Viet Namese 5%",484.3,557.5,($/mt),6.182704549409183
2024,"Rubber, RSS3",1.98,2.28,($/kg),0.6830968447064438
2024,"Rubber, TSR20 **",1.52,1.75,($/kg),0.41871033485818504
2024,"Sawnwood, Cameroon",532.0,612.4,($/cubic meter),6.2766434893416445
2024,"Sawnwood, Malaysian",605.2,696.5,($/cubic meter),6.405558981914201
2024,Silver,24.6,28.3,($/troy oz),3.202746442938317
2024,Soybean meal,384.0,442.0,($/mt),5.950642552587727
2024,Soybean oil,888.0,1022.0,($/mt),6.78897174299217
2024,Soybeans,402.0,462.0,($/mt),5.996452088619021
2024,"Sugar, EU",0.31,0.35,($/kg),-1.171182981502945
2024,"Sugar, US",0.73,0.84,($/kg),-0.31471074483970024
2024,"Sugar, world",0.39,0.45,($/kg),-0.941608539858445
2024,TSP,412.3,474.6,($/mt),6.021751239712854
2024,"Tea, Colombo",3.58,4.13,($/kg),1.275362800412609
2024,"Tea, Kolkata",2.44,2.81,($/kg),0.8919980393051105
2024,"Tea, Mombasa",1.9,2.18,($/kg),0.6418538861723947
2024,"Tea, avg 3 auctions",2.64,3.04,($/kg),0.9707789171582248
2024,Tin,26122.0,30066.0,($/mt),10.170533150137466
2024,"Tobacco, US import u.v.",5125.0,5899.0,($/mt),8.54188580400661
2024,Urea,293.9,338.3,($/mt),5.6832395734248715
2024,"Wheat, US HRW",233.4,268.7,($/mt),5.452753719852455
2024,"Wheat, US SRW",200.6,230.9,($/mt),5.301312875527835
2024,Zinc,2412.0,2776.0,($/mt),7.788211557847076
2025,Aluminum,2267.0,2632.0,($/mt),7.726212650507529
2025,"Banana, Europe",0.96,1.11,($/kg),-0.040821994520255166
2025,"Banana, US",0.94,1.1,($/kg),-0.06187540371808753
2025,Beef,5.91,6.86,($/kg),1.776645831418007
2025,Chicken,1.48,1.71,($/kg),0.3920420877760237
2025,"Coal, Australian",93.4,108.4,($/mt),4.536891345234797
2025,"Coal, South African",81.7,94.9,($/mt),4.403054001865957
2025,Cocoa,6.72,7.8,($/kg),1.9050881545350582
2025,Coconut oil,2136.0,2480.0,($/mt),7.666690200080086
2025,"Coffee, Arabica",7.29,8.47,($/kg),1.986503546020567
2025,"Coffee, Robusta",4.19,4.86,($/kg),1.4327007339340465
2025,Copper,8568.0,9947.0,($/mt),9.055789612127585
2025,"Cotton, A Index",1.47,1.71,($/kg),0.3852624007906449
2025,"Crude oil, Brent",59.5,69.0,($/bbl),4.085976312551584
2025,"Crude oil, Dubai",58.9,68.3,($/bbl),4.075841090657541
2025,"Crude oil, WTI",55.9,64.9,($/bbl),4.023564380161053
2025,"Crude oil, average",58.1,67.4,($/bbl),4.062165663857866
2025,DAP,590.2,685.2,($/mt),6.380461462508839
2025,Fish meal,1470.0,1706.0,($/mt),7.293017679772782
2025,Gold,2964.0,3442.0,($/troy oz),7.994294986415977
2025,Groundnut oil,1435.0,1666.0,($/mt),7.268920128193722
2025,Groundnuts,1164.0,1351.0,($/mt),7.059617628291383
2025,"Iron ore, cfr spot",86.3,100.2,($/dmtu),4.457829598089382
2025,Lamb,5.27,,($/kg),1.6620303625532709
2025,Lamb **,,6.12,,
2025,Lead,1690.0,1962.0,($/mt),7.432483807917119
2025,"Liquefied natural gas, Japan",10.37,12.04,($/mmbtu),2.3389170222414357
2025,"Logs, Cameroon",340.6,395.4,($/cubic meter),5.830708768228588
2025,"Logs, Malaysian",171.5,199.1,($/cubic meter),5.144583266605995
2025,MUV Index,116.1,,(2010=100),4.754451888703846
2025,Maize,175.0,203.2,($/mt),5.1647859739235145
2025,Natural gas index,92.9,107.8,(2010=100),4.531523645819793
2025,"Natural gas, Europe",10.3,11.96,($/mmbtu),2.33214389523559
2025,"Natural gas, US",3.04,3.53,($/mmbtu),1.1118575154181303
2025,Nickel,13060.0,15162.0,($/mt),9.477309402830421
2025,Orange,1.22,1.42,($/kg),0.19885085874516517
2025,Palm kernel oil,1803.0,2093.0,($/mt),7.497207223203318
2025,Palm oil,867.0,1007.0,($/mt),6.7650389767805414
2025,Phosphate rock,131.4,152.5,($/mt),4.8782461060505105
2025,Platinum,1101.0,1278.0,($/troy oz),7.00397413672268
2025,Plywood,314.6,365.2,(¢/sheet),5.751301990624177
2025,Potassium chloride,299.3,347.5,($/mt),5.701446414858653
2025,"Rice, Thai 25%",341.4,396.4,($/mt),5.83305481036034
2025,"Rice, Thai 5%",351.3,407.8,($/mt),5.861640559271781
2025,"Rice, Thai A.1",332.8,386.3,($/mt),5.807541708947054
2025,"Rice, Viet Namese 5%",327.3,380.0,($/mt),5.790877181507135
2025,"Rubber, RSS3",1.88,2.18,($/kg),0.6312717768418578
2025,"Rubber, TSR20 **",1.52,1.77,($/kg),0.41871033485818504
2025,"Sawnwood, Cameroon",544.0,631.6,($/cubic meter),6.298949246855942
2025,"Sawnwood, Malaysian",618.8,718.4,($/cubic meter),6.427782118698911
2025,Silver,34.3,39.8,($/troy oz),3.535145354171894
2025,Soybean meal,315.0,366.0,($/mt),5.752572638825633
2025,Soybean oil,982.0,1140.0,($/mt),6.889591308354466
2025,Soybeans,357.0,414.0,($/mt),5.877735781779639
2025,"Sugar, EU",0.32,0.37,($/kg),-1.1394342831883648
2025,"Sugar, US",0.68,0.79,($/kg),-0.3856624808119846
2025,"Sugar, world",0.32,0.37,($/kg),-1.1394342831883648
2025,TSP,497.5,577.6,($/mt),6.209595556598647
2025,"Tea, Colombo",3.4,3.95,($/kg),1.2237754316221157
2025,"Tea, Kolkata",2.27,2.63,($/kg),0.8197798314933114
2025,"Tea, Mombasa",1.85,2.15,($/kg),0.6151856390902335
2025,"Tea, avg 3 auctions",2.51,2.91,($/kg),0.9202827531436925
2025,Tin,29336.0,34059.0,($/mt),10.286570709751162
2025,"Tobacco, US import u.v.",5927.0,6881.0,($/mt),8.687273461787838
2025,Urea,364.0,422.7,($/mt),5.8971538676367405
2025,"Wheat, US HRW",209.6,243.3,($/mt),5.345200952446887
2025,"Wheat, US SRW",189.2,219.6,($/mt),5.2428046566177775
2025,Zinc,2470.0,2868.0,($/mt),7.8119734296220225
