iso3,country,region,year,commodity,defor_ha,defor_co2_mt
AFG,Afghanistan,Rest of Asia,2001,Cattle meat,2.797839501215082,6.931291927528967e-07
AFG,Afghanistan,Rest of Asia,2002,Cattle meat,6.513448380896042,2.601604593342724e-06
AFG,Afghanistan,Rest of Asia,2003,Cattle meat,2.839102014674461,6.306455139161078e-06
AFG,Afghanistan,Rest of Asia,2004,Cattle meat,3.040711451738532,6.306455139161077e-06
AFG,Afghanistan,Rest of Asia,2005,Cattle meat,6.925110606682823,0.001058968850610173
AFG,Afghanistan,Rest of Asia,2006,Cattle meat,2.202750953169035,0.001037083560408558
AFG,Afghanistan,Rest of Asia,2007,Cattle meat,2.391321266338495,0.0008580248959152012
AFG,Afghanistan,Rest of Asia,2008,Cattle meat,3.26280923524413,0.0008588625534925686
AFG,Afghanistan,Rest of Asia,2009,Cattle meat,4.139274801197294,0.0009351321004485387
AFG,Afghanistan,Rest of Asia,2010,Cattle meat,1.417967346665357,0.000714578552773418
AFG,Afghanistan,Rest of Asia,2011,Cattle meat,1.145030352133036,0.0006769393553862799
AFG,Afghanistan,Rest of Asia,2012,Cattle meat,2.421587110391375,0.0006872081837452006
AFG,Afghanistan,Rest of Asia,2013,Cattle meat,0.2000566759291293,0.000541411294489035
AFG,Afghanistan,Rest of Asia,2014,Cattle meat,0.1804740015362673,0.0003481115949239016
AFG,Afghanistan,Rest of Asia,2015,Cattle meat,0.0,0.0002712725577443412
AFG,Afghanistan,Rest of Asia,2016,Cattle meat,0.0,0.0002121165101509461
AFG,Afghanistan,Rest of Asia,2017,Cattle meat,0.0,8.800169907248997e-05
AFG,Afghanistan,Rest of Asia,2018,Cattle meat,0.3024912313842773,9.406500177428406e-05
AFG,Afghanistan,Rest of Asia,2019,Cattle meat,0.8231586774796807,0.000134629586214773
AFG,Afghanistan,Rest of Asia,2020,Cattle meat,0.0,0.000134629586214773
AFG,Afghanistan,Rest of Asia,2021,Cattle meat,0.0,0.000134629586214773
AFG,Afghanistan,Rest of Asia,2022,Cattle meat,0.04072011105467496,0.0001435860826555165
AFG,Afghanistan,Rest of Asia,2023,Cattle meat,0.380248130163371,0.0001474760330554051
AFG,Afghanistan,Rest of Asia,2001,Soya beans,0.0,0.0
AFG,Afghanistan,Rest of Asia,2002,Soya beans,0.0,0.0
AFG,Afghanistan,Rest of Asia,2003,Soya beans,0.0,0.0
AFG,Afghanistan,Rest of Asia,2004,Soya beans,0.0,0.0
AFG,Afghanistan,Rest of Asia,2005,Soya beans,0.0,0.0
AFG,Afghanistan,Rest of Asia,2006,Soya beans,0.0,0.0
AFG,Afghanistan,Rest of Asia,2007,Soya beans,0.0,0.0
AFG,Afghanistan,Rest of Asia,2008,Soya beans,0.0,0.0
AFG,Afghanistan,Rest of Asia,2009,Soya beans,0.0,0.0
AFG,Afghanistan,Rest of Asia,2010,Soya beans,0.0,0.0
AFG,Afghanistan,Rest of Asia,2011,Soya beans,0.0,0.0
AFG,Afghanistan,Rest of Asia,2012,Soya beans,0.0,0.0
AFG,Afghanistan,Rest of Asia,2013,Soya beans,0.0,0.0
AFG,Afghanistan,Rest of Asia,2014,Soya beans,0.0,0.0
AFG,Afghanistan,Rest of Asia,2015,Soya beans,0.0,0.0
AFG,Afghanistan,Rest of Asia,2016,Soya beans,0.0,0.0
AFG,Afghanistan,Rest of Asia,2017,Soya beans,0.0,0.0
AFG,Afghanistan,Rest of Asia,2018,Soya beans,0.0,0.0
AFG,Afghanistan,Rest of Asia,2019,Soya beans,0.003945109567810411,2.712298324019846e-07
AFG,Afghanistan,Rest of Asia,2020,Soya beans,0.03027779809386104,2.822088662109539e-06
AFG,Afghanistan,Rest of Asia,2021,Soya beans,0.01210467491151365,3.832495418281872e-06
AFG,Afghanistan,Rest of Asia,2022,Soya beans,0.0001275957912746421,3.861951812310077e-06
AFG,Afghanistan,Rest of Asia,2023,Soya beans,0.004857867625951941,4.124161885611283e-06
AGO,Angola,Africa,2001,Cattle meat,0.0,0.0
AGO,Angola,Africa,2002,Cattle meat,0.0,0.0
AGO,Angola,Africa,2003,Cattle meat,0.0,0.0
AGO,Angola,Africa,2004,Cattle meat,157.2424909425288,2.00372037735758e-05
AGO,Angola,Africa,2005,Cattle meat,3706.82023679539,0.175445235248596
AGO,Angola,Africa,2006,Cattle meat,0.0,0.175445235248596
AGO,Angola,Africa,2007,Cattle meat,0.0,0.175445235248596
AGO,Angola,Africa,2008,Cattle meat,493.2019009740144,0.1977488843438046
AGO,Angola,Africa,2009,Cattle meat,9813.30252767042,0.6617395522008119
AGO,Angola,Africa,2010,Cattle meat,4688.497677441422,0.7335065365828368
AGO,Angola,Africa,2011,Cattle meat,9311.427098807893,1.167120160145478
AGO,Angola,Africa,2012,Cattle meat,7686.857173006117,1.534061918423242
AGO,Angola,Africa,2013,Cattle meat,0.0,1.511787216042217
AGO,Angola,Africa,2014,Cattle meat,0.0,1.040881453943305
AGO,Angola,Africa,2015,Cattle meat,0.0,0.8019267497585654
AGO,Angola,Africa,2016,Cattle meat,26841.1286214821,2.034554438540068
AGO,Angola,Africa,2017,Cattle meat,45534.40032870636,4.137292756877364
AGO,Angola,Africa,2018,Cattle meat,44525.2543714547,6.915337888796626
AGO,Angola,Africa,2019,Cattle meat,35405.34670648139,9.098405210812095
AGO,Angola,Africa,2020,Cattle meat,52668.82006384745,12.07333568801251
AGO,Angola,Africa,2021,Cattle meat,76516.56038148236,15.55318921280391
AGO,Angola,Africa,2022,Cattle meat,54801.82526088692,16.73555843398897
AGO,Angola,Africa,2023,Cattle meat,70671.58327952136,18.25359325436637
AGO,Angola,Africa,2001,Oil palm fruit,0.0,0.0
AGO,Angola,Africa,2002,Oil palm fruit,0.0,0.0
AGO,Angola,Africa,2003,Oil palm fruit,0.0,0.0
AGO,Angola,Africa,2004,Oil palm fruit,0.0,0.0
AGO,Angola,Africa,2005,Oil palm fruit,0.0,0.0
AGO,Angola,Africa,2006,Oil palm fruit,0.0,0.0
AGO,Angola,Africa,2007,Oil palm fruit,0.0,0.0
AGO,Angola,Africa,2008,Oil palm fruit,0.0,0.0
AGO,Angola,Africa,2009,Oil palm fruit,0.0,0.0
AGO,Angola,Africa,2010,Oil palm fruit,0.0,0.0
AGO,Angola,Africa,2011,Oil palm fruit,77.01869510298528,-0.003383670693477151
AGO,Angola,Africa,2012,Oil palm fruit,5.734017412033739,-0.00363551480423936
AGO,Angola,Africa,2013,Oil palm fruit,10.72389671803994,-0.004089371976213695
AGO,Angola,Africa,2014,Oil palm fruit,4.133550928478881,-0.004270655017597554
AGO,Angola,Africa,2015,Oil palm fruit,0.0,-0.004270655017597554
AGO,Angola,Africa,2016,Oil palm fruit,0.0,-0.0008818324330662011
AGO,Angola,Africa,2017,Oil palm fruit,9.356559086628636,-0.001041156009037447
AGO,Angola,Africa,2018,Oil palm fruit,3.195615404218959,-0.000726581024605791
AGO,Angola,Africa,2019,Oil palm fruit,0.7025595287426513,-0.0005755968623303718
AGO,Angola,Africa,2020,Oil palm fruit,0.0,-0.0005755968623303718
AGO,Angola,Africa,2021,Oil palm fruit,0.0,-0.0005755968623303718
AGO,Angola,Africa,2022,Oil palm fruit,0.5318725917778749,-0.0001872503009487345
AGO,Angola,Africa,2023,Oil palm fruit,0.1936232576744019,-5.514170163501373e-05
AGO,Angola,Africa,2001,Soya beans,64.67964098202306,8.706904828845516e-06
AGO,Angola,Africa,2002,Soya beans,48.50205413902913,2.206931514749259e-05
AGO,Angola,Africa,2003,Soya beans,75.31267837563475,4.065231062681623e-05
AGO,Angola,Africa,2004,Soya beans,215.3104790654195,7.185891230524498e-05
AGO,Angola,Africa,2005,Soya beans,1497.729168932008,0.1002954765343351
AGO,Angola,Africa,2006,Soya beans,172.9642674118082,0.1049462789885637
AGO,Angola,Africa,2007,Soya beans,253.9621583100681,0.1161199519072269
AGO,Angola,Africa,2008,Soya beans,0.0,0.1117968476252614
AGO,Angola,Africa,2009,Soya beans,5079.52467736418,0.3742576132163821
AGO,Angola,Africa,2010,Soya beans,619.5110638290708,0.3324648037483341
AGO,Angola,Africa,2011,Soya beans,3015.439423878891,0.4805521294029344
AGO,Angola,Africa,2012,Soya beans,0.0,0.4664760795455605
AGO,Angola,Africa,2013,Soya beans,92.39731561215304,0.4714256174306127
AGO,Angola,Africa,2014,Soya beans,682.9307956680675,0.2336502923437811
AGO,Angola,Africa,2015,Soya beans,419.0219820966294,0.221693936022279
AGO,Angola,Africa,2016,Soya beans,801.7158407601338,0.1013810591015147
AGO,Angola,Africa,2017,Soya beans,0.0,0.1013810591015147
AGO,Angola,Africa,2018,Soya beans,29.71922325923632,0.09757700560950396
AGO,Angola,Africa,2019,Soya beans,0.07885872261397107,0.06173360406607366
AGO,Angola,Africa,2020,Soya beans,0.0,0.03866229303780488
AGO,Angola,Africa,2021,Soya beans,0.0,0.002000811843108862
AGO,Angola,Africa,2022,Soya beans,168.6036115935864,0.01443274212241433
AGO,Angola,Africa,2023,Soya beans,41.98833725658134,0.0161466199584424
ALB,Albania,Europe,2001,Cattle meat,0.0,0.0
ALB,Albania,Europe,2002,Cattle meat,0.0,0.0
ALB,Albania,Europe,2003,Cattle meat,0.0,0.0
ALB,Albania,Europe,2004,Cattle meat,0.0,0.0
ALB,Albania,Europe,2005,Cattle meat,68.635602576445,0.005875720790459628
ALB,Albania,Europe,2006,Cattle meat,165.9104739780215,0.02041532342303471
ALB,Albania,Europe,2007,Cattle meat,299.5761395278833,0.04900361091113244
ALB,Albania,Europe,2008,Cattle meat,155.1258647206759,0.06272538763673038
ALB,Albania,Europe,2009,Cattle meat,29.96595544991534,0.06535124313678631
ALB,Albania,Europe,2010,Cattle meat,0.0,0.05947552234632666
ALB,Albania,Europe,2011,Cattle meat,0.0,0.04493591971375158
ALB,Albania,Europe,2012,Cattle meat,0.0,0.01634928504814155
ALB,Albania,Europe,2013,Cattle meat,0.0,0.002627508322543609
ALB,Albania,Europe,2014,Cattle meat,23.69448034912325,0.001507967900651849
ALB,Albania,Europe,2015,Cattle meat,8.016773678685071,0.001988457953439499
ALB,Albania,Europe,2016,Cattle meat,15.25953372769873,0.002861475818305823
ALB,Albania,Europe,2017,Cattle meat,14.69066447792664,0.003609251029097201
ALB,Albania,Europe,2018,Cattle meat,0.0,0.003609251029097201
ALB,Albania,Europe,2019,Cattle meat,0.0,0.002102935950933047
ALB,Albania,Europe,2020,Cattle meat,0.0,0.001622445898145397
ALB,Albania,Europe,2021,Cattle meat,0.0,0.0007494280332790722
ALB,Albania,Europe,2022,Cattle meat,0.0,1.65282248769402e-06
ALB,Albania,Europe,2023,Cattle meat,0.0,1.65282248769402e-06
ALB,Albania,Europe,2001,Soya beans,0.0,0.0
ALB,Albania,Europe,2002,Soya beans,0.004549639009279253,0.0
ALB,Albania,Europe,2003,Soya beans,0.0,0.0
ALB,Albania,Europe,2004,Soya beans,0.0,0.0
ALB,Albania,Europe,2005,Soya beans,0.0,1.960486886144091e-07
ALB,Albania,Europe,2006,Soya beans,0.0002490832912968462,2.046613590512366e-07
ALB,Albania,Europe,2007,Soya beans,0.002372733777842454,1.211826060676996e-07
ALB,Albania,Europe,2008,Soya beans,0.02653472981992722,2.768109865223894e-06
ALB,Albania,Europe,2009,Soya beans,0.0,2.768109865223894e-06
ALB,Albania,Europe,2010,Soya beans,0.0,2.768109865223894e-06
ALB,Albania,Europe,2011,Soya beans,0.0,2.759497194787067e-06
ALB,Albania,Europe,2012,Soya beans,0.0,2.646927259156194e-06
ALB,Albania,Europe,2013,Soya beans,0.0,0.0
ALB,Albania,Europe,2014,Soya beans,0.1200129133998257,8.936792413758275e-06
ALB,Albania,Europe,2015,Soya beans,0.1235201930995865,1.752609088643223e-05
ALB,Albania,Europe,2016,Soya beans,0.0,1.752609088643223e-05
ALB,Albania,Europe,2017,Soya beans,0.0,1.752609088643223e-05
ALB,Albania,Europe,2018,Soya beans,0.0,1.752609088643223e-05
ALB,Albania,Europe,2019,Soya beans,0.1209872212339295,1.78423192994208e-05
ALB,Albania,Europe,2020,Soya beans,0.04554190466415638,1.293386502446073e-05
ALB,Albania,Europe,2021,Soya beans,0.0,1.293386502446073e-05
ALB,Albania,Europe,2022,Soya beans,0.0,1.293386502446073e-05
ALB,Albania,Europe,2023,Soya beans,0.1212984840055397,2.453871010213569e-05
ARG,Argentina,South America,2001,Cattle meat,1071.491858217889,1.527203259236145e-05
ARG,Argentina,South America,2002,Cattle meat,930.63263597378,2.228270075134277e-05
ARG,Argentina,South America,2003,Cattle meat,934.1351180874201,5.404942303636815e-05
ARG,Argentina,South America,2004,Cattle meat,1142.301094794568,7.055677509435154e-05
ARG,Argentina,South America,2005,Cattle meat,1277.394014842037,0.4410105569674252
ARG,Argentina,South America,2006,Cattle meat,1309.448816410807,0.4542736027296555
ARG,Argentina,South America,2007,Cattle meat,1163.922095111232,0.4774350430216878
ARG,Argentina,South America,2008,Cattle meat,1531.370044202902,0.5298389324632982
ARG,Argentina,South America,2009,Cattle meat,983.0440150075634,0.5146874556119901
ARG,Argentina,South America,2010,Cattle meat,842.0607882799419,0.4776784109766675
ARG,Argentina,South America,2011,Cattle meat,670.647371195322,0.4246583823119473
ARG,Argentina,South America,2012,Cattle meat,1301.955935567938,0.4240119531296475
ARG,Argentina,South America,2013,Cattle meat,743.8069178833271,0.3555082244096069
ARG,Argentina,South America,2014,Cattle meat,752.6732589295767,0.3317165622865056
ARG,Argentina,South America,2015,Cattle meat,583.8860950020414,0.3059126215770235
ARG,Argentina,South America,2016,Cattle meat,1779.470121291524,0.3762320696492049
ARG,Argentina,South America,2017,Cattle meat,1826.897132501744,0.4014793145960448
ARG,Argentina,South America,2018,Cattle meat,9328.510359798946,0.6450822404153572
ARG,Argentina,South America,2019,Cattle meat,6160.139524004276,0.79834402511537
ARG,Argentina,South America,2020,Cattle meat,29882.26305346546,1.605422234688962
ARG,Argentina,South America,2021,Cattle meat,28745.99889133521,2.281322954475443
ARG,Argentina,South America,2022,Cattle meat,31717.02220677344,3.082634672025244
ARG,Argentina,South America,2023,Cattle meat,30115.09471719136,3.62180901541992
ARG,Argentina,South America,2001,Soya beans,29157.64171189207,2.0254888671875e-06
ARG,Argentina,South America,2002,Soya beans,22651.10340534252,2.0254888671875e-06
ARG,Argentina,South America,2003,Soya beans,53159.9290705258,2.0254888671875e-06
ARG,Argentina,South America,2004,Soya beans,124807.5782396833,1.745971242919922e-05
ARG,Argentina,South America,2005,Soya beans,97098.05389799118,12.95213916073684
ARG,Argentina,South America,2006,Soya beans,86586.40976656825,15.24324624194947
ARG,Argentina,South America,2007,Soya beans,80457.38056782311,17.5174530248576
ARG,Argentina,South America,2008,Soya beans,143828.0047184737,21.5289015580874
ARG,Argentina,South America,2009,Soya beans,40387.02951596369,18.14354735548903
ARG,Argentina,South America,2010,Soya beans,71204.39017915144,17.16487079537139
ARG,Argentina,South America,2011,Soya beans,134258.8843155361,18.93128744494461
ARG,Argentina,South America,2012,Soya beans,54978.05740074487,17.98807420737061
ARG,Argentina,South America,2013,Soya beans,27456.34326306576,13.06346363962087
ARG,Argentina,South America,2014,Soya beans,20078.45890667925,12.31980462176639
ARG,Argentina,South America,2015,Soya beans,9042.270501262814,9.76667263738612
ARG,Argentina,South America,2016,Soya beans,13101.3468788018,5.155567925293832
ARG,Argentina,South America,2017,Soya beans,15309.31157534619,3.496554584126744
ARG,Argentina,South America,2018,Soya beans,12221.77645641432,2.792624182296668
ARG,Argentina,South America,2019,Soya beans,10476.85081662475,2.382337378551396
ARG,Argentina,South America,2020,Soya beans,15028.99419791438,2.586046272739684
ARG,Argentina,South America,2021,Soya beans,7831.423578216815,2.404762138080577
ARG,Argentina,South America,2022,Soya beans,2520.518848223587,1.942311609710648
ARG,Argentina,South America,2023,Soya beans,379.6205833957329,1.472146748508072
ARM,Armenia,Rest of Asia,2001,Cattle meat,17.90430756498754,0.0
ARM,Armenia,Rest of Asia,2002,Cattle meat,25.41230835734607,0.0
ARM,Armenia,Rest of Asia,2003,Cattle meat,67.2193920744796,0.0
ARM,Armenia,Rest of Asia,2004,Cattle meat,16.23558381129605,0.0
ARM,Armenia,Rest of Asia,2005,Cattle meat,10.81805800598145,0.009394067110913217
ARM,Armenia,Rest of Asia,2006,Cattle meat,0.0,0.008268578135961949
ARM,Armenia,Rest of Asia,2007,Cattle meat,0.0,0.006500725664919667
ARM,Armenia,Rest of Asia,2008,Cattle meat,0.0,0.001592003215289161
ARM,Armenia,Rest of Asia,2009,Cattle meat,0.0,0.000627272434206718
ARM,Armenia,Rest of Asia,2010,Cattle meat,0.0,2.033810584136963e-06
ARM,Armenia,Rest of Asia,2011,Cattle meat,0.0,2.033810584136963e-06
ARM,Armenia,Rest of Asia,2012,Cattle meat,0.0,2.033810584136963e-06
ARM,Armenia,Rest of Asia,2013,Cattle meat,0.0,2.033810584136963e-06
ARM,Armenia,Rest of Asia,2014,Cattle meat,0.0,2.033810584136963e-06
ARM,Armenia,Rest of Asia,2015,Cattle meat,0.1218411023601418,1.174254594230959e-05
ARM,Armenia,Rest of Asia,2016,Cattle meat,1.167291684888169,0.0001043578853860688
ARM,Armenia,Rest of Asia,2017,Cattle meat,1.193817301636372,0.0001914532480170424
ARM,Armenia,Rest of Asia,2018,Cattle meat,0.2301755013440292,0.0002104486165250787
ARM,Armenia,Rest of Asia,2019,Cattle meat,0.2074389745151029,0.0002256580226036307
ARM,Armenia,Rest of Asia,2020,Cattle meat,0.5729247229533424,0.0002471830239513462
ARM,Armenia,Rest of Asia,2021,Cattle meat,0.5265966399392404,0.0001918476867119059
ARM,Armenia,Rest of Asia,2022,Cattle meat,1.087001148660607,0.000167290063096148
ARM,Armenia,Rest of Asia,2023,Cattle meat,1.408920520805315,0.0002256093486050917
ATG,Antigua and Barbuda,North and Central America,2001,Cattle meat,1.272059430241328,0.0
ATG,Antigua and Barbuda,North and Central America,2002,Cattle meat,1.37374802828889,0.0
ATG,Antigua and Barbuda,North and Central America,2003,Cattle meat,0.8452946813446537,2.257479662721407e-06
ATG,Antigua and Barbuda,North and Central America,2004,Cattle meat,1.690309246346829,2.257479662721407e-06
ATG,Antigua and Barbuda,North and Central America,2005,Cattle meat,2.25089991673262,0.0004363035809014184
ATG,Antigua and Barbuda,North and Central America,2006,Cattle meat,3.261551550497553,0.0005060440642385166
ATG,Antigua and Barbuda,North and Central America,2007,Cattle meat,3.664778577317076,0.0006415491812794044
ATG,Antigua and Barbuda,North and Central America,2008,Cattle meat,5.895512266795283,0.0008996749388273992
ATG,Antigua and Barbuda,North and Central America,2009,Cattle meat,5.032225546569824,0.001064028393242953
ATG,Antigua and Barbuda,North and Central America,2010,Cattle meat,2.227169886368439,0.001002676814895995
ATG,Antigua and Barbuda,North and Central America,2011,Cattle meat,3.864669648609652,0.001075808366112429
ATG,Antigua and Barbuda,North and Central America,2012,Cattle meat,4.191427330818251,0.001064983144451964
ATG,Antigua and Barbuda,North and Central America,2013,Cattle meat,0.8967221425626289,0.0008071168735297154
ATG,Antigua and Barbuda,North and Central America,2014,Cattle meat,2.066614274824894,0.000613899138054529
ATG,Antigua and Barbuda,North and Central America,2015,Cattle meat,0.5595401776123047,0.0005293804041919461
ATG,Antigua and Barbuda,North and Central America,2016,Cattle meat,0.0,0.0003232181644605244
ATG,Antigua and Barbuda,North and Central America,2017,Cattle meat,0.0,0.0001488583548277927
ATG,Antigua and Barbuda,North and Central America,2018,Cattle meat,0.0,0.0001087653926971878
ATG,Antigua and Barbuda,North and Central America,2019,Cattle meat,0.0,2.85344243251682e-05
ATG,Antigua and Barbuda,North and Central America,2020,Cattle meat,0.6994844375610352,7.154630224217754e-05
ATG,Antigua and Barbuda,North and Central America,2021,Cattle meat,0.4193914044189453,9.0905145226454e-05
ATG,Antigua and Barbuda,North and Central America,2022,Cattle meat,2.238292500915527,0.0003054514346094943
ATG,Antigua and Barbuda,North and Central America,2023,Cattle meat,0.7696255398559568,0.0003455480074271343
AUS,Australia,Oceania,2001,Cattle meat,0.0,0.0
AUS,Australia,Oceania,2002,Cattle meat,0.0,0.0
AUS,Australia,Oceania,2003,Cattle meat,0.0,0.0
AUS,Australia,Oceania,2004,Cattle meat,11470.74385908563,0.00237040149664507
AUS,Australia,Oceania,2005,Cattle meat,0.0,0.6489351227573099
AUS,Australia,Oceania,2006,Cattle meat,0.0,0.6489351227573099
AUS,Australia,Oceania,2007,Cattle meat,0.0,0.6489351227573099
AUS,Australia,Oceania,2008,Cattle meat,411.2965548345506,0.6725997726141201
AUS,Australia,Oceania,2009,Cattle meat,0.0,0.02603505135345512
AUS,Australia,Oceania,2010,Cattle meat,0.0,0.02603505135345512
AUS,Australia,Oceania,2011,Cattle meat,0.0,0.02603505135345512
AUS,Australia,Oceania,2012,Cattle meat,0.0,0.02603505135345512
AUS,Australia,Oceania,2013,Cattle meat,0.0,0.002461458396942513
AUS,Australia,Oceania,2014,Cattle meat,0.0,0.002461458396942513
AUS,Australia,Oceania,2015,Cattle meat,6828.919721150259,0.4040048297266408
AUS,Australia,Oceania,2016,Cattle meat,12071.55757876863,1.128324034042201
AUS,Australia,Oceania,2017,Cattle meat,0.0,1.128324034042201
AUS,Australia,Oceania,2018,Cattle meat,7121.84663427831,1.545598223767541
AUS,Australia,Oceania,2019,Cattle meat,7450.171979869122,1.994380827337654
AUS,Australia,Oceania,2020,Cattle meat,5961.50299050121,1.959676930677252
AUS,Australia,Oceania,2021,Cattle meat,4910.878292353064,1.527829823739306
AUS,Australia,Oceania,2022,Cattle meat,4614.713869393978,1.801410466726149
AUS,Australia,Oceania,2023,Cattle meat,4234.067523142132,1.64505061974311
AUS,Australia,Oceania,2001,Soya beans,0.0,0.0
AUS,Australia,Oceania,2002,Soya beans,0.0,0.0
AUS,Australia,Oceania,2003,Soya beans,104.7866381734192,2.269676688022211e-05
AUS,Australia,Oceania,2004,Soya beans,0.0,2.269676688022211e-05
AUS,Australia,Oceania,2005,Soya beans,0.0,0.006889030047273639
AUS,Australia,Oceania,2006,Soya beans,86.97372293100942,0.01242757568435533
AUS,Australia,Oceania,2007,Soya beans,65.4006981319373,0.01671605848115471
AUS,Australia,Oceania,2008,Soya beans,9.09952007869645,0.01045393144684711
AUS,Australia,Oceania,2009,Soya beans,0.0,0.01045393144684711
AUS,Australia,Oceania,2010,Soya beans,34.93729475947912,0.01279920210393531
AUS,Australia,Oceania,2011,Soya beans,56.0672078508981,0.01119038323185788
AUS,Australia,Oceania,2012,Soya beans,0.0,0.006920981911399767
AUS,Australia,Oceania,2013,Soya beans,0.0,0.006319156145168723
AUS,Australia,Oceania,2014,Soya beans,0.0,0.006319156145168723
AUS,Australia,Oceania,2015,Soya beans,4.261288431735233,0.00419266392086882
AUS,Australia,Oceania,2016,Soya beans,0.0,0.0003206758572833384
AUS,Australia,Oceania,2017,Soya beans,0.0,0.0003206758572833384
AUS,Australia,Oceania,2018,Soya beans,0.0,0.0003206758572833384
AUS,Australia,Oceania,2019,Soya beans,6.031920525790718,0.0007432023796449508
AUS,Australia,Oceania,2020,Soya beans,0.0,0.0005388526017994608
AUS,Australia,Oceania,2021,Soya beans,0.0,0.0005388526017994608
AUS,Australia,Oceania,2022,Soya beans,0.0,0.0005388526017994608
AUS,Australia,Oceania,2023,Soya beans,0.0,0.0005388526017994608
AUT,Austria,Europe,2001,Cattle meat,0.0,0.0
AUT,Austria,Europe,2002,Cattle meat,0.0,0.0
AUT,Austria,Europe,2003,Cattle meat,0.0,0.0
AUT,Austria,Europe,2004,Cattle meat,0.0,0.0
AUT,Austria,Europe,2005,Cattle meat,0.0,0.0
AUT,Austria,Europe,2006,Cattle meat,0.0,0.0
AUT,Austria,Europe,2007,Cattle meat,0.0,0.0
AUT,Austria,Europe,2008,Cattle meat,0.0,0.0
AUT,Austria,Europe,2009,Cattle meat,0.0,0.0
AUT,Austria,Europe,2010,Cattle meat,0.0,0.0
AUT,Austria,Europe,2011,Cattle meat,0.0,0.0
AUT,Austria,Europe,2012,Cattle meat,0.0,0.0
AUT,Austria,Europe,2013,Cattle meat,0.0,0.0
AUT,Austria,Europe,2014,Cattle meat,0.0,0.0
AUT,Austria,Europe,2015,Cattle meat,0.0,0.0
AUT,Austria,Europe,2016,Cattle meat,69.10654027323524,0.005287324254814488
AUT,Austria,Europe,2017,Cattle meat,0.0,0.005287324254814488
AUT,Austria,Europe,2018,Cattle meat,0.0,0.005287324254814488
AUT,Austria,Europe,2019,Cattle meat,0.0,0.005287324254814488
AUT,Austria,Europe,2020,Cattle meat,66.23275307009897,0.01067826157588273
AUT,Austria,Europe,2021,Cattle meat,29.09656378402373,0.007571669962820298
AUT,Austria,Europe,2022,Cattle meat,23.49845749129955,0.009439415899671974
AUT,Austria,Europe,2023,Cattle meat,32.3366734036661,0.01201682792512084
AUT,Austria,Europe,2001,Soya beans,3.403257154202619,1.051051527283596e-07
AUT,Austria,Europe,2002,Soya beans,31.26560110405568,1.250171527144947e-06
AUT,Austria,Europe,2003,Soya beans,8.495983090482925,1.250171527144947e-06
AUT,Austria,Europe,2004,Soya beans,6.735466102800204,1.425942428125082e-06
AUT,Austria,Europe,2005,Soya beans,0.0,0.004456699112814118
AUT,Austria,Europe,2006,Soya beans,0.04817881543506701,0.004192859278393885
AUT,Austria,Europe,2007,Soya beans,10.57513684002699,0.002584900504820664
AUT,Austria,Europe,2008,Soya beans,11.45050830677799,0.002750789772188882
AUT,Austria,Europe,2009,Soya beans,7.915256847467532,0.002538304250519261
AUT,Austria,Europe,2010,Soya beans,7.025943474191572,0.003256000775228246
AUT,Austria,Europe,2011,Soya beans,6.889662676528785,0.003848435940453876
AUT,Austria,Europe,2012,Soya beans,9.900636509956867,0.003802127318105958
AUT,Austria,Europe,2013,Soya beans,1.363515048461719,0.002995484834475272
AUT,Austria,Europe,2014,Soya beans,11.01697180174527,0.003199571651284554
AUT,Austria,Europe,2015,Soya beans,1.580995425396123,0.002606679132810197
AUT,Austria,Europe,2016,Soya beans,11.4777839178572,0.002906269922176757
AUT,Austria,Europe,2017,Soya beans,14.10530421279315,0.003107570666210153
AUT,Austria,Europe,2018,Soya beans,24.04379468238514,0.004977038685860034
AUT,Austria,Europe,2019,Soya beans,40.36931756881392,0.007520910736676065
AUT,Austria,Europe,2020,Soya beans,0.6289441927596466,0.007453484410095337
AUT,Austria,Europe,2021,Soya beans,4.012512901267026,0.006900589440635175
AUT,Austria,Europe,2022,Soya beans,0.0,0.005782796837659369
AUT,Austria,Europe,2023,Soya beans,3.352732130683358,0.004122647829526699
AZE,Azerbaijan,Rest of Asia,2001,Cattle meat,88.86635556592054,3.155785246202621e-05
AZE,Azerbaijan,Rest of Asia,2002,Cattle meat,158.7986534696879,0.0001218221065205563
AZE,Azerbaijan,Rest of Asia,2003,Cattle meat,151.2978756410323,0.0002571218078941303
AZE,Azerbaijan,Rest of Asia,2004,Cattle meat,0.0,0.0002571218078941303
AZE,Azerbaijan,Rest of Asia,2005,Cattle meat,0.0,0.02177370707343858
AZE,Azerbaijan,Rest of Asia,2006,Cattle meat,0.0,0.01733273985490768
AZE,Azerbaijan,Rest of Asia,2007,Cattle meat,0.0,0.009329932842749602
AZE,Azerbaijan,Rest of Asia,2008,Cattle meat,0.0,0.0002571218078941303
AZE,Azerbaijan,Rest of Asia,2009,Cattle meat,0.0,0.0002571218078941303
AZE,Azerbaijan,Rest of Asia,2010,Cattle meat,0.0,0.0002571218078941303
AZE,Azerbaijan,Rest of Asia,2011,Cattle meat,0.0,0.0002571218078941303
AZE,Azerbaijan,Rest of Asia,2012,Cattle meat,0.0,0.0002571218078941303
AZE,Azerbaijan,Rest of Asia,2013,Cattle meat,0.0,0.0002571218078941303
AZE,Azerbaijan,Rest of Asia,2014,Cattle meat,0.0,0.0002571218078941303
AZE,Azerbaijan,Rest of Asia,2015,Cattle meat,0.0,0.0002571218078941303
AZE,Azerbaijan,Rest of Asia,2016,Cattle meat,0.0,0.0002571218078941303
AZE,Azerbaijan,Rest of Asia,2017,Cattle meat,0.0,0.0002571218078941303
AZE,Azerbaijan,Rest of Asia,2018,Cattle meat,0.0,0.0002571218078941303
AZE,Azerbaijan,Rest of Asia,2019,Cattle meat,0.0,0.0002571218078941303
AZE,Azerbaijan,Rest of Asia,2020,Cattle meat,0.0,0.0002571218078941303
AZE,Azerbaijan,Rest of Asia,2021,Cattle meat,1.879530550750028,0.0003247916290060102
AZE,Azerbaijan,Rest of Asia,2022,Cattle meat,1.307235162572642,0.0004101369080016592
AZE,Azerbaijan,Rest of Asia,2023,Cattle meat,1.885945692156921,0.000499984423187556
AZE,Azerbaijan,Rest of Asia,2001,Soya beans,0.0,0.0
AZE,Azerbaijan,Rest of Asia,2002,Soya beans,0.00529842597415394,3.215578723203918e-09
AZE,Azerbaijan,Rest of Asia,2003,Soya beans,0.01408736402531976,9.16501194923217e-09
AZE,Azerbaijan,Rest of Asia,2004,Soya beans,0.0,9.16501194923217e-09
AZE,Azerbaijan,Rest of Asia,2005,Soya beans,0.0,8.925270971749183e-07
AZE,Azerbaijan,Rest of Asia,2006,Soya beans,0.0,8.925270971749183e-07
AZE,Azerbaijan,Rest of Asia,2007,Soya beans,0.0195602657311624,1.817301747362085e-06
AZE,Azerbaijan,Rest of Asia,2008,Soya beans,0.05606903620470937,4.422067418278e-06
AZE,Azerbaijan,Rest of Asia,2009,Soya beans,0.05520390120271308,7.551065237434262e-06
AZE,Azerbaijan,Rest of Asia,2010,Soya beans,0.0318253364699485,9.375735673658139e-06
AZE,Azerbaijan,Rest of Asia,2011,Soya beans,0.0,9.375735673658139e-06
AZE,Azerbaijan,Rest of Asia,2012,Soya beans,0.0,8.22354889296276e-06
AZE,Azerbaijan,Rest of Asia,2013,Soya beans,0.0,5.01014643677342e-06
AZE,Azerbaijan,Rest of Asia,2014,Soya beans,0.0005459991436540006,1.98874956098557e-06
AZE,Azerbaijan,Rest of Asia,2015,Soya beans,4.284599102522877e-05,1.70559809869189e-07
AZE,Azerbaijan,Rest of Asia,2016,Soya beans,0.0,1.70559809869189e-07
AZE,Azerbaijan,Rest of Asia,2017,Soya beans,0.0004985384477699804,2.068498644214573e-07
AZE,Azerbaijan,Rest of Asia,2018,Soya beans,4.39726099827276e-05,2.100611927095048e-07
AZE,Azerbaijan,Rest of Asia,2019,Soya beans,0.0,1.805386826798166e-07
AZE,Azerbaijan,Rest of Asia,2020,Soya beans,0.0,1.778836802143876e-07
AZE,Azerbaijan,Rest of Asia,2021,Soya beans,0.0,1.778836802143876e-07
AZE,Azerbaijan,Rest of Asia,2022,Soya beans,0.0,1.416927352474894e-07
AZE,Azerbaijan,Rest of Asia,2023,Soya beans,0.0,1.384814069594419e-07
BDI,Burundi,Africa,2001,Cattle meat,0.0,0.0
BDI,Burundi,Africa,2002,Cattle meat,255.1540132098962,2.7303658472229e-05
BDI,Burundi,Africa,2003,Cattle meat,261.9891919214226,4.641152158819579e-05
BDI,Burundi,Africa,2004,Cattle meat,160.9535025763574,6.005907644647216e-05
BDI,Burundi,Africa,2005,Cattle meat,48.98681857820557,0.03890267209092419
BDI,Burundi,Africa,2006,Cattle meat,8.874242611146071,0.03933680724610618
BDI,Burundi,Africa,2007,Cattle meat,61.45829626581159,0.02965823382719869
BDI,Burundi,Africa,2008,Cattle meat,59.80672616660582,0.01710519342948291
BDI,Burundi,Africa,2009,Cattle meat,10.02069168310758,0.009659230316631583
BDI,Burundi,Africa,2010,Cattle meat,5.710943462715186,0.007446970133830746
BDI,Burundi,Africa,2011,Cattle meat,0.9672636149635823,0.007066138754648754
BDI,Burundi,Africa,2012,Cattle meat,0.8377347341073303,0.003888455134482523
BDI,Burundi,Africa,2013,Cattle meat,0.3832260455949155,0.0009633426755046526
BDI,Burundi,Africa,2014,Cattle meat,5.432625320888357,0.0006786215715362747
BDI,Burundi,Africa,2015,Cattle meat,2.462991620355087,0.0004811800713240832
BDI,Burundi,Africa,2016,Cattle meat,3.249121026929747,0.0005578416974073338
BDI,Burundi,Africa,2017,Cattle meat,1.309482741063188,0.0005683947380893825
BDI,Burundi,Africa,2018,Cattle meat,8.70431508156361,0.0009066706765508315
BDI,Burundi,Africa,2019,Cattle meat,6.675480402471147,0.0009621343489464186
BDI,Burundi,Africa,2020,Cattle meat,7.276785793035373,0.001139344031594626
BDI,Burundi,Africa,2021,Cattle meat,2.16214028559166,0.001091815151795955
BDI,Burundi,Africa,2022,Cattle meat,1.342867264450124,0.001093132989743291
BDI,Burundi,Africa,2023,Cattle meat,2.99194410738351,0.0008553981825016361
BDI,Burundi,Africa,2001,Oil palm fruit,14.75776312491804,1.030405753780283e-06
BDI,Burundi,Africa,2002,Oil palm fruit,15.51837121538295,1.030405753780283e-06
BDI,Burundi,Africa,2003,Oil palm fruit,6.899610048180858,1.030405753780283e-06
BDI,Burundi,Africa,2004,Oil palm fruit,11.43131985286264,1.030405753780283e-06
BDI,Burundi,Africa,2005,Oil palm fruit,20.54081777131789,-0.0007229568623539628
BDI,Burundi,Africa,2006,Oil palm fruit,3.479742099533172,-0.001137114228608304
BDI,Burundi,Africa,2007,Oil palm fruit,5.52700737915039,-0.001106196689929704
BDI,Burundi,Africa,2008,Oil palm fruit,39.13954388427733,0.0004053469055360218
BDI,Burundi,Africa,2009,Oil palm fruit,48.11904858398447,0.002863392285831232
BDI,Burundi,Africa,2010,Oil palm fruit,51.18973190917962,0.005507319926615461
BDI,Burundi,Africa,2011,Oil palm fruit,36.81747853360955,0.007162005993660767
BDI,Burundi,Africa,2012,Oil palm fruit,12.37095668659686,0.006932042681919955
BDI,Burundi,Africa,2013,Oil palm fruit,16.59381534157692,0.005760545444683227
BDI,Burundi,Africa,2014,Oil palm fruit,13.54608199235282,0.003838397921471353
BDI,Burundi,Africa,2015,Oil palm fruit,0.7654508758059392,0.002010043586055369
BDI,Burundi,Africa,2016,Oil palm fruit,15.03643173792529,0.0008951327405143978
BDI,Burundi,Africa,2017,Oil palm fruit,7.01021199589829,0.001115190288044533
BDI,Burundi,Africa,2018,Oil palm fruit,6.546712239751701,0.0009443840093262595
BDI,Burundi,Africa,2019,Oil palm fruit,0.3926460562120142,0.0007337623788405672
BDI,Burundi,Africa,2020,Oil palm fruit,0.0,0.0007395005519122505
BDI,Burundi,Africa,2021,Oil palm fruit,0.7088434308045289,0.0002841485782134627
BDI,Burundi,Africa,2022,Oil palm fruit,0.03217357921632247,0.0001133452796383106
BDI,Burundi,Africa,2023,Oil palm fruit,0.0256212786885861,-8.764643019460367e-06
BDI,Burundi,Africa,2001,Soya beans,2.47168287816176,1.42729674995438e-07
BDI,Burundi,Africa,2002,Soya beans,2.047275896205576,1.42729674995438e-07
BDI,Burundi,Africa,2003,Soya beans,1.389019032951386,1.42729674995438e-07
BDI,Burundi,Africa,2004,Soya beans,2.228174726101284,1.42729674995438e-07
BDI,Burundi,Africa,2005,Soya beans,4.360806957332303,0.0009492855387672918
BDI,Burundi,Africa,2006,Soya beans,0.3099201078316929,0.0007869231519426203
BDI,Burundi,Africa,2007,Soya beans,0.0,0.0006228047107884569
BDI,Burundi,Africa,2008,Soya beans,0.0,0.0005127241310635383
BDI,Burundi,Africa,2009,Soya beans,0.0,0.0003271487533950643
BDI,Burundi,Africa,2010,Soya beans,0.0715996084201289,2.553868237101458e-05
BDI,Burundi,Africa,2011,Soya beans,1.287143196424042,9.366018943116506e-05
BDI,Burundi,Africa,2012,Soya beans,0.3425392947685554,0.000114527549417475
BDI,Burundi,Africa,2013,Soya beans,5.897271164793514,0.0004293071553832601
BDI,Burundi,Africa,2014,Soya beans,0.08791707591338126,0.00043400911880141
BDI,Burundi,Africa,2015,Soya beans,1.606106858865333,0.0005171314607968959
BDI,Burundi,Africa,2016,Soya beans,0.0,0.0004286852352271821
BDI,Burundi,Africa,2017,Soya beans,0.156075392162852,0.0004164127572970721
BDI,Burundi,Africa,2018,Soya beans,0.1825239795124887,0.0001120825265354543
BDI,Burundi,Africa,2019,Soya beans,0.0,0.0001074199696314303
BDI,Burundi,Africa,2020,Soya beans,0.116570611684052,2.590292429959912e-05
BDI,Burundi,Africa,2021,Soya beans,0.1181405718007548,3.231799895762483e-05
BDI,Burundi,Africa,2022,Soya beans,0.0,2.37507910514701e-05
BDI,Burundi,Africa,2023,Soya beans,0.05954574954476954,1.658183942087684e-05
BEL,Belgium,Europe,2001,Cattle meat,9.76839532568669,7.600184870662683e-07
BEL,Belgium,Europe,2002,Cattle meat,0.0,7.600184870662683e-07
BEL,Belgium,Europe,2003,Cattle meat,0.0,7.600184870662683e-07
BEL,Belgium,Europe,2004,Cattle meat,0.0,7.600184870662683e-07
BEL,Belgium,Europe,2005,Cattle meat,0.0,0.0007412094177109745
BEL,Belgium,Europe,2006,Cattle meat,0.0,7.600184870662683e-07
BEL,Belgium,Europe,2007,Cattle meat,0.0,7.600184870662683e-07
BEL,Belgium,Europe,2008,Cattle meat,0.0,7.600184870662683e-07
BEL,Belgium,Europe,2009,Cattle meat,39.56822080132842,0.00331172666086984
BEL,Belgium,Europe,2010,Cattle meat,0.0,0.00331172666086984
BEL,Belgium,Europe,2011,Cattle meat,35.0074183502692,0.00658534110892221
BEL,Belgium,Europe,2012,Cattle meat,0.0,0.00658534110892221
BEL,Belgium,Europe,2013,Cattle meat,0.0,0.00658534110892221
BEL,Belgium,Europe,2014,Cattle meat,0.0,0.003276368747002409
BEL,Belgium,Europe,2015,Cattle meat,7.824941611089575,0.003835887412440498
BEL,Belgium,Europe,2016,Cattle meat,3.058931424068264,0.0007977345419271846
BEL,Belgium,Europe,2017,Cattle meat,11.22197336621923,0.00154773895519834
BEL,Belgium,Europe,2018,Cattle meat,0.0,0.00154773895519834
BEL,Belgium,Europe,2019,Cattle meat,0.0,0.00154773895519834
BEL,Belgium,Europe,2020,Cattle meat,0.0,0.0009882202897602509
BEL,Belgium,Europe,2021,Cattle meat,0.0,0.0007914265400169306
BEL,Belgium,Europe,2022,Cattle meat,0.0,4.236688905751085e-05
BEL,Belgium,Europe,2023,Cattle meat,0.0,4.236688905751085e-05
BEN,Benin,Africa,2001,Cattle meat,118.7130004934665,0.0
BEN,Benin,Africa,2002,Cattle meat,77.03491041419849,2.087851715930804e-06
BEN,Benin,Africa,2003,Cattle meat,1252.035092893877,2.087851715930804e-06
BEN,Benin,Africa,2004,Cattle meat,217.1623588493214,2.087851715930804e-06
BEN,Benin,Africa,2005,Cattle meat,128.9858324873387,0.0928137033279913
BEN,Benin,Africa,2006,Cattle meat,16.08171791836975,0.08690799271184761
BEN,Benin,Africa,2007,Cattle meat,343.2511672335762,0.1018288047230478
BEN,Benin,Africa,2008,Cattle meat,18.23812067045585,0.03656738902102335
BEN,Benin,Africa,2009,Cattle meat,943.7444683516743,0.07916322760042756
BEN,Benin,Africa,2010,Cattle meat,3.526951760132882,0.07203638640234077
BEN,Benin,Africa,2011,Cattle meat,4.228561621202153,0.07152074829784509
BEN,Benin,Africa,2012,Cattle meat,19.0604556870082,0.05376999712689245
BEN,Benin,Africa,2013,Cattle meat,290.8818704724119,0.0671916888769798
BEN,Benin,Africa,2014,Cattle meat,18.4111692648696,0.01644211174946231
BEN,Benin,Africa,2015,Cattle meat,2.698368221292299,0.01642409443553907
BEN,Benin,Africa,2016,Cattle meat,4.128356022905289,0.01643943305733982
BEN,Benin,Africa,2017,Cattle meat,33.80058556755243,0.01729519085391819
BEN,Benin,Africa,2018,Cattle meat,64.05232806152718,0.006608343694995777
BEN,Benin,Africa,2019,Cattle meat,26.25942880748315,0.007180244891414847
BEN,Benin,Africa,2020,Cattle meat,45.23650500550046,0.009530142148148105
BEN,Benin,Africa,2021,Cattle meat,73.79181432378782,0.01347493849204493
BEN,Benin,Africa,2022,Cattle meat,1162.598714382063,0.07770878256231624
BEN,Benin,Africa,2023,Cattle meat,214.0173776605674,0.08614031985857053
BEN,Benin,Africa,2001,Oil palm fruit,40.90837607014483,0.0
BEN,Benin,Africa,2002,Oil palm fruit,60.13232411724913,1.037695441674841e-06
BEN,Benin,Africa,2003,Oil palm fruit,33.10660341714748,1.037695441674841e-06
BEN,Benin,Africa,2004,Oil palm fruit,13.75369298598169,1.037695441674841e-06
BEN,Benin,Africa,2005,Oil palm fruit,17.55042477652435,-0.004785589192622035
BEN,Benin,Africa,2006,Oil palm fruit,33.64764890789143,-0.003282712190646453
BEN,Benin,Africa,2007,Oil palm fruit,104.3860002991188,-0.001288176007995314
BEN,Benin,Africa,2008,Oil palm fruit,26.67862913602566,-0.001032297881581576
BEN,Benin,Africa,2009,Oil palm fruit,79.06061347648124,-0.00423002855165489
BEN,Benin,Africa,2010,Oil palm fruit,3.723075496604617,-0.004201059548901772
BEN,Benin,Africa,2011,Oil palm fruit,8.134072582742977,-0.00427765595027845
BEN,Benin,Africa,2012,Oil palm fruit,56.5724292380598,-0.004271446944885257
BEN,Benin,Africa,2013,Oil palm fruit,0.1527466186523438,-0.003847344898405363
BEN,Benin,Africa,2014,Oil palm fruit,0.382040087890625,-0.0006676816463827215
BEN,Benin,Africa,2015,Oil palm fruit,0.8089161095210458,-0.0005344599942230364
BEN,Benin,Africa,2016,Oil palm fruit,1.555214861592934,-0.0004002447470761452
BEN,Benin,Africa,2017,Oil palm fruit,3.213279480958435,-0.0001807643609787075
BEN,Benin,Africa,2018,Oil palm fruit,6.457681627496475,-0.0004482842207423155
BEN,Benin,Africa,2019,Oil palm fruit,3.299633259374364,-0.0005892734416287991
BEN,Benin,Africa,2020,Oil palm fruit,1.342688861124048,-0.0006205203606341293
BEN,Benin,Africa,2021,Oil palm fruit,0.0,-0.0005821038226102644
BEN,Benin,Africa,2022,Oil palm fruit,0.0,-0.0004639156541331368
BEN,Benin,Africa,2023,Oil palm fruit,0.5950281282504836,-0.0002214658360298836
BEN,Benin,Africa,2001,Soya beans,70.47671058129094,0.0
BEN,Benin,Africa,2002,Soya beans,64.7428401615949,9.2403294255146e-07
BEN,Benin,Africa,2003,Soya beans,93.693684704447,9.2403294255146e-07
BEN,Benin,Africa,2004,Soya beans,10.80009648105312,9.2403294255146e-07
BEN,Benin,Africa,2005,Soya beans,68.2706811766835,0.01747217300461831
BEN,Benin,Africa,2006,Soya beans,60.90809777346264,0.01613097563562767
BEN,Benin,Africa,2007,Soya beans,226.2344248279091,0.02559770584311444
BEN,Benin,Africa,2008,Soya beans,88.6304478191595,0.02502001803910721
BEN,Benin,Africa,2009,Soya beans,160.5767082571751,0.03385730824039613
BEN,Benin,Africa,2010,Soya beans,4.795739783051772,0.0299685522205624
BEN,Benin,Africa,2011,Soya beans,12.51051725495778,0.0276893736714898
BEN,Benin,Africa,2012,Soya beans,397.1116071002955,0.03618184714390816
BEN,Benin,Africa,2013,Soya beans,199.2766948982894,0.0420595683897417
BEN,Benin,Africa,2014,Soya beans,159.6189104248912,0.04159575043984783
BEN,Benin,Africa,2015,Soya beans,29.8997667843755,0.04297156532770283
BEN,Benin,Africa,2016,Soya beans,45.20692651289816,0.04467325541998333
BEN,Benin,Africa,2017,Soya beans,111.8426265626926,0.02948385502489692
BEN,Benin,Africa,2018,Soya beans,57.20943815717919,0.02269435372655512
BEN,Benin,Africa,2019,Soya beans,66.15273816457876,0.01796825661904261
BEN,Benin,Africa,2020,Soya beans,165.1596323015024,0.02648219387533892
BEN,Benin,Africa,2021,Soya beans,146.9807441641427,0.03335127489028308
BEN,Benin,Africa,2022,Soya beans,0.0,0.02703110782108564
BEN,Benin,Africa,2023,Soya beans,338.3588927634406,0.04456661087368855
BFA,Burkina Faso,Africa,2001,Cattle meat,11.91351035734715,0.0
BFA,Burkina Faso,Africa,2002,Cattle meat,1.22334222808011,0.0
BFA,Burkina Faso,Africa,2003,Cattle meat,0.08270360746024324,0.0
BFA,Burkina Faso,Africa,2004,Cattle meat,0.6757159952627113,2.950741744423942e-07
BFA,Burkina Faso,Africa,2005,Cattle meat,1.473150686398777,0.0005480327890694828
BFA,Burkina Faso,Africa,2006,Cattle meat,0.3826219286754654,0.0001338443606692018
BFA,Burkina Faso,Africa,2007,Cattle meat,0.374291966760914,0.0001028942337540022
BFA,Burkina Faso,Africa,2008,Cattle meat,0.4343986825861734,0.0001146858571063227
BFA,Burkina Faso,Africa,2009,Cattle meat,0.1736661460236091,9.912665270934482e-05
BFA,Burkina Faso,Africa,2010,Cattle meat,0.0827928748913331,5.385810176180736e-05
BFA,Burkina Faso,Africa,2011,Cattle meat,0.6024197620037811,5.941172234186204e-05
BFA,Burkina Faso,Africa,2012,Cattle meat,0.02662143336963602,4.737632241868339e-05
BFA,Burkina Faso,Africa,2013,Cattle meat,0.003837212527979273,3.190614066200401e-05
BFA,Burkina Faso,Africa,2014,Cattle meat,0.0,2.539160370670497e-05
BFA,Burkina Faso,Africa,2015,Cattle meat,0.0,2.177622716418247e-05
BFA,Burkina Faso,Africa,2016,Cattle meat,0.0,1.7525058249335e-06
BFA,Burkina Faso,Africa,2017,Cattle meat,0.0,6.518969844368149e-07
BFA,Burkina Faso,Africa,2018,Cattle meat,0.0,5.303133590714105e-07
BFA,Burkina Faso,Africa,2019,Cattle meat,0.0,5.303133590714105e-07
BFA,Burkina Faso,Africa,2020,Cattle meat,0.0,5.303133590714105e-07
BFA,Burkina Faso,Africa,2021,Cattle meat,0.0,5.303133590714105e-07
BFA,Burkina Faso,Africa,2022,Cattle meat,0.0,5.303133590714105e-07
BFA,Burkina Faso,Africa,2023,Cattle meat,0.0,5.303133590714105e-07
BFA,Burkina Faso,Africa,2001,Soya beans,0.0,0.0
BFA,Burkina Faso,Africa,2002,Soya beans,0.04417817577370425,0.0
BFA,Burkina Faso,Africa,2003,Soya beans,0.0006172611980699818,0.0
BFA,Burkina Faso,Africa,2004,Soya beans,0.06963240002418644,2.148632354036878e-08
BFA,Burkina Faso,Africa,2005,Soya beans,0.09372957415403173,8.864847213961434e-06
BFA,Burkina Faso,Africa,2006,Soya beans,0.03653371984488311,1.049434474269855e-05
BFA,Burkina Faso,Africa,2007,Soya beans,0.05381712926565101,1.083388923937172e-05
BFA,Burkina Faso,Africa,2008,Soya beans,0.5793069398880847,3.606333645961812e-05
BFA,Burkina Faso,Africa,2009,Soya beans,0.1702026924054169,4.096838869601502e-05
BFA,Burkina Faso,Africa,2010,Soya beans,0.0,3.703330273506706e-05
BFA,Burkina Faso,Africa,2011,Soya beans,0.0,3.540380520632994e-05
BFA,Burkina Faso,Africa,2012,Soya beans,0.0,3.309029531387398e-05
BFA,Burkina Faso,Africa,2013,Soya beans,0.0714424889755439,1.124384369205467e-05
BFA,Burkina Faso,Africa,2014,Soya beans,0.02549527722129833,4.642321303747891e-06
BFA,Burkina Faso,Africa,2015,Soya beans,0.01538653299835332,5.359172783413715e-06
BFA,Burkina Faso,Africa,2016,Soya beans,0.0416608399162343,7.297017198729072e-06
BFA,Burkina Faso,Africa,2017,Soya beans,0.03626753444500778,9.054206289284688e-06
BFA,Burkina Faso,Africa,2018,Soya beans,0.006751846029393361,5.974857618951563e-06
BFA,Burkina Faso,Africa,2019,Soya beans,0.0,4.78041396238121e-06
BFA,Burkina Faso,Africa,2020,Soya beans,0.0,4.063562482715385e-06
BFA,Burkina Faso,Africa,2021,Soya beans,0.0,2.125718067400028e-06
BFA,Burkina Faso,Africa,2022,Soya beans,0.0,3.685289768444137e-07
BFA,Burkina Faso,Africa,2023,Soya beans,0.0,3.23870226260411e-08
BGD,Bangladesh,Rest of Asia,2001,Cattle meat,188.258120310195,0.0006290719906649168
BGD,Bangladesh,Rest of Asia,2002,Cattle meat,175.3507049263508,0.001523342401130053
BGD,Bangladesh,Rest of Asia,2003,Cattle meat,93.07860447387695,0.001815093102446277
BGD,Bangladesh,Rest of Asia,2004,Cattle meat,159.6107806149711,0.002398621909629687
BGD,Bangladesh,Rest of Asia,2005,Cattle meat,126.931159206543,0.07081487321105319
BGD,Bangladesh,Rest of Asia,2006,Cattle meat,285.2208256526489,0.07965836184940478
BGD,Bangladesh,Rest of Asia,2007,Cattle meat,228.0461220021158,0.08635231670760532
BGD,Bangladesh,Rest of Asia,2008,Cattle meat,140.9062156269693,0.09201875334701422
BGD,Bangladesh,Rest of Asia,2009,Cattle meat,185.9581795921239,0.09746120206801852
BGD,Bangladesh,Rest of Asia,2010,Cattle meat,109.1787564996064,0.09613631323932591
BGD,Bangladesh,Rest of Asia,2011,Cattle meat,18.51835702150081,0.07208287107908497
BGD,Bangladesh,Rest of Asia,2012,Cattle meat,7.029353406216829,0.05244984373649231
BGD,Bangladesh,Rest of Asia,2013,Cattle meat,3.080434101002993,0.03922128919048107
BGD,Bangladesh,Rest of Asia,2014,Cattle meat,11.65688759174086,0.02116635594247606
BGD,Bangladesh,Rest of Asia,2015,Cattle meat,21.50867644480748,0.0127864225983691
BGD,Bangladesh,Rest of Asia,2016,Cattle meat,17.86713864733893,0.01280990872337301
BGD,Bangladesh,Rest of Asia,2017,Cattle meat,18.54174580548506,0.01403421811234401
BGD,Bangladesh,Rest of Asia,2018,Cattle meat,16.20497018059055,0.01538303550815168
BGD,Bangladesh,Rest of Asia,2019,Cattle meat,67.94765332646935,0.02128297478779055
BGD,Bangladesh,Rest of Asia,2020,Cattle meat,63.07054573957163,0.0255746828416011
BGD,Bangladesh,Rest of Asia,2021,Cattle meat,41.83400080245707,0.02799832521285819
BGD,Bangladesh,Rest of Asia,2022,Cattle meat,34.23420552218376,0.02957738938188153
BGD,Bangladesh,Rest of Asia,2023,Cattle meat,50.50529587186819,0.03311465853663545
BGD,Bangladesh,Rest of Asia,2001,Soya beans,0.0,0.0
BGD,Bangladesh,Rest of Asia,2002,Soya beans,17.21150786615555,0.0002391354823267796
BGD,Bangladesh,Rest of Asia,2003,Soya beans,4.989245921309253,0.0003230478930760728
BGD,Bangladesh,Rest of Asia,2004,Soya beans,5.810585502873665,0.0004313829296575021
BGD,Bangladesh,Rest of Asia,2005,Soya beans,0.6256453062442855,0.002009499500419121
BGD,Bangladesh,Rest of Asia,2006,Soya beans,0.0,0.002009499500419121
BGD,Bangladesh,Rest of Asia,2007,Soya beans,0.151126460132046,0.001076087420498722
BGD,Bangladesh,Rest of Asia,2008,Soya beans,0.3364669212334575,0.0008530797880652402
BGD,Bangladesh,Rest of Asia,2009,Soya beans,0.05423144099639367,0.000525583970298604
BGD,Bangladesh,Rest of Asia,2010,Soya beans,0.0,0.0004896805107113776
BGD,Bangladesh,Rest of Asia,2011,Soya beans,9.806943385040762,0.001366845304933818
BGD,Bangladesh,Rest of Asia,2012,Soya beans,2.607388820635708,0.001622603818608655
BGD,Bangladesh,Rest of Asia,2013,Soya beans,3.839762608304863,0.002023995546701758
BGD,Bangladesh,Rest of Asia,2014,Soya beans,1.219602359462461,0.002158154073921427
BGD,Bangladesh,Rest of Asia,2015,Soya beans,11.84611770355675,0.003500415037685657
BGD,Bangladesh,Rest of Asia,2016,Soya beans,16.43629714968133,0.004686879945437458
BGD,Bangladesh,Rest of Asia,2017,Soya beans,0.0,0.004441137038592827
BGD,Bangladesh,Rest of Asia,2018,Soya beans,0.0,0.004027621466841332
BGD,Bangladesh,Rest of Asia,2019,Soya beans,0.0,0.003891632630333982
BGD,Bangladesh,Rest of Asia,2020,Soya beans,0.0,0.002561359932804399
BGD,Bangladesh,Rest of Asia,2021,Soya beans,6.250748742444888,0.0013952973133671
BGD,Bangladesh,Rest of Asia,2022,Soya beans,2.27670419462565,0.001651716647723572
BGD,Bangladesh,Rest of Asia,2023,Soya beans,2.222509259897679,0.001903881067982898
BGR,Bulgaria,Europe,2001,Cattle meat,177.7181207057482,8.782411668319701e-06
BGR,Bulgaria,Europe,2002,Cattle meat,116.7348880174644,1.16790999848175e-05
BGR,Bulgaria,Europe,2003,Cattle meat,151.7266346219088,2.038204923045349e-05
BGR,Bulgaria,Europe,2004,Cattle meat,211.6752690802612,2.91140003197937e-05
BGR,Bulgaria,Europe,2005,Cattle meat,0.0,0.04064148750638824
BGR,Bulgaria,Europe,2006,Cattle meat,0.0,0.02943755414496951
BGR,Bulgaria,Europe,2007,Cattle meat,0.0,0.02278719528160965
BGR,Bulgaria,Europe,2008,Cattle meat,0.0,0.0135155485145668
BGR,Bulgaria,Europe,2009,Cattle meat,0.0,2.91140003197937e-05
BGR,Bulgaria,Europe,2010,Cattle meat,0.0,2.91140003197937e-05
BGR,Bulgaria,Europe,2011,Cattle meat,0.0,2.91140003197937e-05
BGR,Bulgaria,Europe,2012,Cattle meat,0.0,2.91140003197937e-05
BGR,Bulgaria,Europe,2013,Cattle meat,17.33309361880659,0.001027627463379223
BGR,Bulgaria,Europe,2014,Cattle meat,103.017549185039,0.007261024413863986
BGR,Bulgaria,Europe,2015,Cattle meat,199.0003695914906,0.01910076752692391
BGR,Bulgaria,Europe,2016,Cattle meat,143.9663787527841,0.02743771661801215
BGR,Bulgaria,Europe,2017,Cattle meat,119.4910316390596,0.03407324696402235
BGR,Bulgaria,Europe,2018,Cattle meat,8.82633118746841,0.03362233312897692
BGR,Bulgaria,Europe,2019,Cattle meat,128.7690127375752,0.03432858967775299
BGR,Bulgaria,Europe,2020,Cattle meat,0.0,0.0224907361731819
BGR,Bulgaria,Europe,2021,Cattle meat,0.0,0.01415642858798429
BGR,Bulgaria,Europe,2022,Cattle meat,0.0,0.007530557986062744
BGR,Bulgaria,Europe,2023,Cattle meat,0.0,0.006983926391226708
BGR,Bulgaria,Europe,2001,Soya beans,0.0,0.0
BGR,Bulgaria,Europe,2002,Soya beans,0.0,0.0
BGR,Bulgaria,Europe,2003,Soya beans,0.0,0.0
BGR,Bulgaria,Europe,2004,Soya beans,0.0,0.0
BGR,Bulgaria,Europe,2005,Soya beans,0.0,0.0
BGR,Bulgaria,Europe,2006,Soya beans,0.1322130301926475,1.059016764563665e-05
BGR,Bulgaria,Europe,2007,Soya beans,0.2579166876938148,3.534423695571012e-05
BGR,Bulgaria,Europe,2008,Soya beans,0.3345576326863792,7.576020447371465e-05
BGR,Bulgaria,Europe,2009,Soya beans,0.0,7.576020447371465e-05
BGR,Bulgaria,Europe,2010,Soya beans,0.0,7.576020447371465e-05
BGR,Bulgaria,Europe,2011,Soya beans,0.0,6.517111167803903e-05
BGR,Bulgaria,Europe,2012,Soya beans,48.85326235815596,0.004247882708029527
BGR,Bulgaria,Europe,2013,Soya beans,15.37705322588894,0.005553549681174571
BGR,Bulgaria,Europe,2014,Soya beans,13.86027372000514,0.006434243500989578
BGR,Bulgaria,Europe,2015,Soya beans,0.0,0.006434243500989578
BGR,Bulgaria,Europe,2016,Soya beans,0.0,0.006434243500989578
BGR,Bulgaria,Europe,2017,Soya beans,0.0,0.002227967431219218
BGR,Bulgaria,Europe,2018,Soya beans,0.0,0.0008842137752163773
BGR,Bulgaria,Europe,2019,Soya beans,1.940117212952851,0.0001106977566936702
BGR,Bulgaria,Europe,2020,Soya beans,0.0,0.0001106977566936702
BGR,Bulgaria,Europe,2021,Soya beans,0.0,0.0001106977566936702
BGR,Bulgaria,Europe,2022,Soya beans,0.0,0.0001106977566936702
BGR,Bulgaria,Europe,2023,Soya beans,1.069834319456742,0.0001672557032763529
BHS,Bahamas,North and Central America,2001,Cattle meat,32.27402562684644,5.272483635393928e-05
BHS,Bahamas,North and Central America,2002,Cattle meat,11.39682583200024,8.876835537510632e-05
BHS,Bahamas,North and Central America,2003,Cattle meat,8.699922038082427,0.0001210409944335255
BHS,Bahamas,North and Central America,2004,Cattle meat,15.10396164689446,0.000164010692424445
BHS,Bahamas,North and Central America,2005,Cattle meat,40.74730921938015,0.00326163036731431
BHS,Bahamas,North and Central America,2006,Cattle meat,151.9880646481482,0.006860309671118101
BHS,Bahamas,North and Central America,2007,Cattle meat,14.08988380131748,0.006935092720041569
BHS,Bahamas,North and Central America,2008,Cattle meat,0.2139851596283142,0.006699029575885564
BHS,Bahamas,North and Central America,2009,Cattle meat,0.0,0.00630305318108841
BHS,Bahamas,North and Central America,2010,Cattle meat,0.0,0.005114593633159101
BHS,Bahamas,North and Central America,2011,Cattle meat,3.58509392484906,0.000753994860809314
BHS,Bahamas,North and Central America,2012,Cattle meat,12.69785604353727,0.0006984170897110613
BHS,Bahamas,North and Central America,2013,Cattle meat,27.81951525926799,0.001439947726244514
BHS,Bahamas,North and Central America,2014,Cattle meat,20.71529279891439,0.002027125700440099
BHS,Bahamas,North and Central America,2015,Cattle meat,5.198182403920158,0.00216887863313909
BHS,Bahamas,North and Central America,2016,Cattle meat,41.31929521163264,0.00329227060633045
BHS,Bahamas,North and Central America,2017,Cattle meat,109.3953297738464,0.006282394239878512
BHS,Bahamas,North and Central America,2018,Cattle meat,7.198879520801163,0.005774267438470471
BHS,Bahamas,North and Central America,2019,Cattle meat,70.54005002425473,0.00735785353309552
BHS,Bahamas,North and Central America,2020,Cattle meat,131.5035122625795,0.01072854526301456
BHS,Bahamas,North and Central America,2021,Cattle meat,4.535493507150099,0.009796264526219081
BHS,Bahamas,North and Central America,2022,Cattle meat,3.294764355818052,0.006612565255930725
BHS,Bahamas,North and Central America,2023,Cattle meat,3.092475834889701,0.006517991943760176
BIH,Bosnia and Herzegovina,Europe,2001,Cattle meat,50.36633273588676,0.0
BIH,Bosnia and Herzegovina,Europe,2002,Cattle meat,24.13472706091695,5.250431256069396e-07
BIH,Bosnia and Herzegovina,Europe,2003,Cattle meat,0.0,5.250431256069396e-07
BIH,Bosnia and Herzegovina,Europe,2004,Cattle meat,0.0,5.250431256069396e-07
BIH,Bosnia and Herzegovina,Europe,2005,Cattle meat,0.0,0.006387768161527895
BIH,Bosnia and Herzegovina,Europe,2006,Cattle meat,0.0,0.00202643744080499
BIH,Bosnia and Herzegovina,Europe,2007,Cattle meat,84.53043507081597,0.006182231822526347
BIH,Bosnia and Herzegovina,Europe,2008,Cattle meat,79.81346925232643,0.01260264152723094
BIH,Bosnia and Herzegovina,Europe,2009,Cattle meat,136.3369720152386,0.02430949971746832
BIH,Bosnia and Herzegovina,Europe,2010,Cattle meat,89.57144438597871,0.03162097412486299
BIH,Bosnia and Herzegovina,Europe,2011,Cattle meat,23.34416122330089,0.03338288610931493
BIH,Bosnia and Herzegovina,Europe,2012,Cattle meat,37.24137573679746,0.03002453787338313
BIH,Bosnia and Herzegovina,Europe,2013,Cattle meat,108.3293358566941,0.03165194976869532
BIH,Bosnia and Herzegovina,Europe,2014,Cattle meat,40.26544028378549,0.02331533626526631
BIH,Bosnia and Herzegovina,Europe,2015,Cattle meat,56.24469853412106,0.0200071338954306
BIH,Bosnia and Herzegovina,Europe,2016,Cattle meat,223.503689459931,0.03620651466296414
BIH,Bosnia and Herzegovina,Europe,2017,Cattle meat,132.1364056138449,0.04266983187865071
BIH,Bosnia and Herzegovina,Europe,2018,Cattle meat,165.1905777446253,0.04869009850059932
BIH,Bosnia and Herzegovina,Europe,2019,Cattle meat,0.0,0.0453221425100246
BIH,Bosnia and Herzegovina,Europe,2020,Cattle meat,0.0,0.04131887047246563
BIH,Bosnia and Herzegovina,Europe,2021,Cattle meat,0.0,0.02336136873998184
BIH,Bosnia and Herzegovina,Europe,2022,Cattle meat,112.3361267684194,0.02267408663022769
BIH,Bosnia and Herzegovina,Europe,2023,Cattle meat,161.1286928652954,0.02095099388436896
BIH,Bosnia and Herzegovina,Europe,2001,Soya beans,1.014911681554971,3.088183806702457e-08
BIH,Bosnia and Herzegovina,Europe,2002,Soya beans,4.634955732690794,1.702071591202373e-07
BIH,Bosnia and Herzegovina,Europe,2003,Soya beans,3.964362306689002,1.702071591202373e-07
BIH,Bosnia and Herzegovina,Europe,2004,Soya beans,36.42190076077833,3.375109024692704e-06
BIH,Bosnia and Herzegovina,Europe,2005,Soya beans,0.0,0.004546228849934204
BIH,Bosnia and Herzegovina,Europe,2006,Soya beans,0.0,0.004448898638432504
BIH,Bosnia and Herzegovina,Europe,2007,Soya beans,0.0,0.004019707784604819
BIH,Bosnia and Herzegovina,Europe,2008,Soya beans,0.0,0.003650634515980877
BIH,Bosnia and Herzegovina,Europe,2009,Soya beans,12.57144576946856,0.001156969708460974
BIH,Bosnia and Herzegovina,Europe,2010,Soya beans,1.430608625709906,0.001286784200867016
BIH,Bosnia and Herzegovina,Europe,2011,Soya beans,2.956587705033824,0.001546097783051682
BIH,Bosnia and Herzegovina,Europe,2012,Soya beans,31.08701343203386,0.004297762766285427
BIH,Bosnia and Herzegovina,Europe,2013,Soya beans,7.328753745065866,0.004916499898321491
BIH,Bosnia and Herzegovina,Europe,2014,Soya beans,9.930789921832046,0.00466004842665885
BIH,Bosnia and Herzegovina,Europe,2015,Soya beans,1.111389580284766,0.004606026324163551
BIH,Bosnia and Herzegovina,Europe,2016,Soya beans,10.56799252462516,0.005176689618410528
BIH,Bosnia and Herzegovina,Europe,2017,Soya beans,11.11879287313978,0.003132389241890832
BIH,Bosnia and Herzegovina,Europe,2018,Soya beans,12.0863391541112,0.003400494734499732
BIH,Bosnia and Herzegovina,Europe,2019,Soya beans,2.321850265779837,0.002644945447101649
BIH,Bosnia and Herzegovina,Europe,2020,Soya beans,0.0,0.002569153057190907
BIH,Bosnia and Herzegovina,Europe,2021,Soya beans,0.0,0.001739792384317858
BIH,Bosnia and Herzegovina,Europe,2022,Soya beans,0.0,0.001033258073822043
BIH,Bosnia and Herzegovina,Europe,2023,Soya beans,0.0,0.0001464154491770785
BLR,Belarus,Europe,2001,Cattle meat,257.0171248543622,0.0004684708681367017
BLR,Belarus,Europe,2002,Cattle meat,241.3728935278621,0.0008647815985471303
BLR,Belarus,Europe,2003,Cattle meat,37.90431746668528,0.0009351037230093421
BLR,Belarus,Europe,2004,Cattle meat,0.0,0.0009351037230093422
BLR,Belarus,Europe,2005,Cattle meat,0.0,0.02747449808331247
BLR,Belarus,Europe,2006,Cattle meat,0.0,0.01414099330307863
BLR,Belarus,Europe,2007,Cattle meat,0.0,0.002920121145453313
BLR,Belarus,Europe,2008,Cattle meat,0.0,0.0009351037230093422
BLR,Belarus,Europe,2009,Cattle meat,0.0,0.0009351037230093422
BLR,Belarus,Europe,2010,Cattle meat,0.0,0.0009351037230093422
BLR,Belarus,Europe,2011,Cattle meat,0.0,0.0009351037230093422
BLR,Belarus,Europe,2012,Cattle meat,0.0,0.0009351037230093422
BLR,Belarus,Europe,2013,Cattle meat,0.0,0.0009351037230093422
BLR,Belarus,Europe,2014,Cattle meat,0.0,0.0009351037230093422
BLR,Belarus,Europe,2015,Cattle meat,0.0,0.0009351037230093422
BLR,Belarus,Europe,2016,Cattle meat,0.0,0.0009351037230093422
BLR,Belarus,Europe,2017,Cattle meat,0.0,0.0009351037230093422
BLR,Belarus,Europe,2018,Cattle meat,0.0,0.0009351037230093422
BLR,Belarus,Europe,2019,Cattle meat,0.0,0.0009351037230093422
BLR,Belarus,Europe,2020,Cattle meat,0.0,0.0009351037230093422
BLR,Belarus,Europe,2021,Cattle meat,0.0,0.0009351037230093422
BLR,Belarus,Europe,2022,Cattle meat,0.0,0.0009351037230093422
BLR,Belarus,Europe,2023,Cattle meat,0.0,0.0009351037230093422
BLZ,Belize,North and Central America,2001,Cattle meat,189.5621557772143,0.0001103982908425698
BLZ,Belize,North and Central America,2002,Cattle meat,293.7235739035522,0.001865303029281209
BLZ,Belize,North and Central America,2003,Cattle meat,254.3520907934747,0.002163040429854598
BLZ,Belize,North and Central America,2004,Cattle meat,219.3082859048671,0.002780661047690338
BLZ,Belize,North and Central America,2005,Cattle meat,278.1072639625608,0.09610156803808939
BLZ,Belize,North and Central America,2006,Cattle meat,128.93817677565,0.09194350881526732
BLZ,Belize,North and Central America,2007,Cattle meat,96.68977830483422,0.07771738630705281
BLZ,Belize,North and Central America,2008,Cattle meat,52.67062183161513,0.06269093476598733
BLZ,Belize,North and Central America,2009,Cattle meat,20.17741761915488,0.04764723401886062
BLZ,Belize,North and Central America,2010,Cattle meat,39.54352224145687,0.03005477696328014
BLZ,Belize,North and Central America,2011,Cattle meat,5.24576856768369,0.02025389255815717
BLZ,Belize,North and Central America,2012,Cattle meat,0.0,0.01288788134555541
BLZ,Belize,North and Central America,2013,Cattle meat,0.0,0.008793259082487214
BLZ,Belize,North and Central America,2014,Cattle meat,0.0,0.007261204064437301
BLZ,Belize,North and Central America,2015,Cattle meat,36.32217948586438,0.006423672546471984
BLZ,Belize,North and Central America,2016,Cattle meat,0.480030057551849,0.006036176744228863
BLZ,Belize,North and Central America,2017,Cattle meat,0.0,0.006036176744228863
BLZ,Belize,North and Central America,2018,Cattle meat,0.0,0.006036176744228863
BLZ,Belize,North and Central America,2019,Cattle meat,39.35049509086814,0.008692520660400906
BLZ,Belize,North and Central America,2020,Cattle meat,249.3170430854551,0.02546225710454152
BLZ,Belize,North and Central America,2021,Cattle meat,536.3827201608981,0.06529450942721057
BLZ,Belize,North and Central America,2022,Cattle meat,105.1961204030454,0.07324743076663473
BLZ,Belize,North and Central America,2023,Cattle meat,318.5842775282103,0.09466832279395045
BLZ,Belize,North and Central America,2001,Oil palm fruit,2.070256768798828,1.762782856131858e-06
BLZ,Belize,North and Central America,2002,Oil palm fruit,0.0740052001953125,2.375314444762302e-06
BLZ,Belize,North and Central America,2003,Oil palm fruit,0.0,2.375314444762302e-06
BLZ,Belize,North and Central America,2004,Oil palm fruit,0.0,2.375314444762302e-06
BLZ,Belize,North and Central America,2005,Oil palm fruit,0.0,0.0001162706887060943
BLZ,Belize,North and Central America,2006,Oil palm fruit,0.0,7.592111888359364e-06
BLZ,Belize,North and Central America,2007,Oil palm fruit,0.0,2.375314444762302e-06
BLZ,Belize,North and Central America,2008,Oil palm fruit,1.035130627441406,5.66718229570382e-05
BLZ,Belize,North and Central America,2009,Oil palm fruit,0.0,5.66718229570382e-05
BLZ,Belize,North and Central America,2010,Oil palm fruit,0.0,5.66718229570382e-05
BLZ,Belize,North and Central America,2011,Oil palm fruit,0.0,5.66718229570382e-05
BLZ,Belize,North and Central America,2012,Oil palm fruit,0.0,5.66718229570382e-05
BLZ,Belize,North and Central America,2013,Oil palm fruit,0.0,3.290001642439778e-06
BLZ,Belize,North and Central America,2014,Oil palm fruit,0.0,3.290001642439778e-06
BLZ,Belize,North and Central America,2015,Oil palm fruit,0.0,3.290001642439778e-06
BLZ,Belize,North and Central America,2016,Oil palm fruit,0.0,3.290001642439778e-06
BLZ,Belize,North and Central America,2017,Oil palm fruit,0.2218132873535157,1.414983778486269e-05
BLZ,Belize,North and Central America,2018,Oil palm fruit,0.0,1.414983778486269e-05
BLZ,Belize,North and Central America,2019,Oil palm fruit,0.0,1.414983778486269e-05
BLZ,Belize,North and Central America,2020,Oil palm fruit,0.0,1.414983778486269e-05
BLZ,Belize,North and Central America,2021,Oil palm fruit,0.0,1.414983778486269e-05
BLZ,Belize,North and Central America,2022,Oil palm fruit,0.0,3.495583641939965e-06
BLZ,Belize,North and Central America,2023,Oil palm fruit,0.0,3.495583641939965e-06
BLZ,Belize,North and Central America,2001,Soya beans,0.0,0.0
BLZ,Belize,North and Central America,2002,Soya beans,0.0,0.0
BLZ,Belize,North and Central America,2003,Soya beans,0.0,0.0
BLZ,Belize,North and Central America,2004,Soya beans,0.0,0.0
BLZ,Belize,North and Central America,2005,Soya beans,0.0,0.0
BLZ,Belize,North and Central America,2006,Soya beans,0.0,0.0
BLZ,Belize,North and Central America,2007,Soya beans,86.4766243865246,0.007601555250536694
BLZ,Belize,North and Central America,2008,Soya beans,85.5345966432572,0.01518613219037021
BLZ,Belize,North and Central America,2009,Soya beans,93.92622675954293,0.02307983084605063
BLZ,Belize,North and Central America,2010,Soya beans,260.8078739186628,0.04569351280885569
BLZ,Belize,North and Central America,2011,Soya beans,572.3199028671312,0.1021643467531796
BLZ,Belize,North and Central America,2012,Soya beans,780.0051599168806,0.1654343371234504
BLZ,Belize,North and Central America,2013,Soya beans,483.034019408715,0.2020107629881902
BLZ,Belize,North and Central America,2014,Soya beans,1221.066766090474,0.3083830910869226
BLZ,Belize,North and Central America,2015,Soya beans,453.8442164365183,0.3290164564112321
BLZ,Belize,North and Central America,2016,Soya beans,519.486630511553,0.3260093666750235
BLZ,Belize,North and Central America,2017,Soya beans,676.3360025661068,0.3120622979153757
BLZ,Belize,North and Central America,2018,Soya beans,699.35448931234,0.3282361824286316
BLZ,Belize,North and Central America,2019,Soya beans,1104.785506404943,0.3034219405976433
BLZ,Belize,North and Central America,2020,Soya beans,349.5229843266211,0.2916848015789263
BLZ,Belize,North and Central America,2021,Soya beans,207.0529946442738,0.2600515501643379
BLZ,Belize,North and Central America,2022,Soya beans,43.62828069532266,0.208666481667031
BLZ,Belize,North and Central America,2023,Soya beans,187.2646282881077,0.1661253233847798
BOL,Bolivia,South America,2001,Cattle meat,25223.19174429607,0.003883824451458922
BOL,Bolivia,South America,2002,Cattle meat,24899.6195007782,0.006752520564189627
BOL,Bolivia,South America,2003,Cattle meat,32990.9526328988,0.01239382669265986
BOL,Bolivia,South America,2004,Cattle meat,44648.24786896633,0.01706586209000577
BOL,Bolivia,South America,2005,Cattle meat,58466.69122755089,17.29108904107797
BOL,Bolivia,South America,2006,Cattle meat,59807.93925460762,20.12867330421781
BOL,Bolivia,South America,2007,Cattle meat,50150.52452723659,22.39375953803984
BOL,Bolivia,South America,2008,Cattle meat,101224.3197912352,27.24051504278632
BOL,Bolivia,South America,2009,Cattle meat,76386.77469182566,28.82960160230113
BOL,Bolivia,South America,2010,Cattle meat,107721.5252881517,31.20973015901975
BOL,Bolivia,South America,2011,Cattle meat,85504.89358486955,31.95445878686456
BOL,Bolivia,South America,2012,Cattle meat,53088.91785320907,31.71872579839702
BOL,Bolivia,South America,2013,Cattle meat,58346.04025728509,28.34082213057561
BOL,Bolivia,South America,2014,Cattle meat,84999.7839146096,29.29600763069448
BOL,Bolivia,South America,2015,Cattle meat,75143.59117281313,26.90726876730647
BOL,Bolivia,South America,2016,Cattle meat,143741.8853588559,31.4340292558713
BOL,Bolivia,South America,2017,Cattle meat,130472.0632664776,36.82275895536479
BOL,Bolivia,South America,2018,Cattle meat,111229.4042336001,40.48829675545002
BOL,Bolivia,South America,2019,Cattle meat,123362.4304720184,42.91729790101092
BOL,Bolivia,South America,2020,Cattle meat,85533.41282723229,44.26954560581071
BOL,Bolivia,South America,2021,Cattle meat,92334.06067260054,40.93589455711733
BOL,Bolivia,South America,2022,Cattle meat,120582.5820932903,40.14886651351846
BOL,Bolivia,South America,2023,Cattle meat,47087.08852478024,35.3811481581842
BOL,Bolivia,South America,2001,Soya beans,15423.82041404698,0.001199727716583252
BOL,Bolivia,South America,2002,Soya beans,25356.53992748103,0.005146544997573324
BOL,Bolivia,South America,2003,Soya beans,31970.98841335518,0.02273324556176599
BOL,Bolivia,South America,2004,Soya beans,37091.38973639023,0.03498985917352214
BOL,Bolivia,South America,2005,Soya beans,28894.34587438067,10.89706078800001
BOL,Bolivia,South America,2006,Soya beans,18895.16473803167,11.00330835858414
BOL,Bolivia,South America,2007,Soya beans,12502.80654208117,9.751392636998146
BOL,Bolivia,South America,2008,Soya beans,53095.83830687558,10.30381970951801
BOL,Bolivia,South America,2009,Soya beans,24215.43055963955,9.086466024833317
BOL,Bolivia,South America,2010,Soya beans,32408.8319148175,9.249674719040582
BOL,Bolivia,South America,2011,Soya beans,45001.84237598335,11.00768290452469
BOL,Bolivia,South America,2012,Soya beans,34752.07062219987,13.00135858246858
BOL,Bolivia,South America,2013,Soya beans,16475.2453470832,10.93793301926608
BOL,Bolivia,South America,2014,Soya beans,35197.46837537684,10.85896587620732
BOL,Bolivia,South America,2015,Soya beans,20840.45317265756,9.967214011301941
BOL,Bolivia,South America,2016,Soya beans,66734.29697999998,10.11907859454387
BOL,Bolivia,South America,2017,Soya beans,52822.08251165773,9.86565773256714
BOL,Bolivia,South America,2018,Soya beans,40760.31379390493,10.62055818919864
BOL,Bolivia,South America,2019,Soya beans,34619.53526943894,11.0878848082018
BOL,Bolivia,South America,2020,Soya beans,28131.6665157287,11.92659669685625
BOL,Bolivia,South America,2021,Soya beans,36000.54983477555,11.70580327738071
BOL,Bolivia,South America,2022,Soya beans,38545.07631872317,12.25142577567996
BOL,Bolivia,South America,2023,Soya beans,376.0464814208984,10.39159135219785
BRA,Brazil,South America,2001,Cattle meat,1286898.735275402,0.05797550286755655
BRA,Brazil,South America,2002,Cattle meat,1964477.256033952,0.1385616246648755
BRA,Brazil,South America,2003,Cattle meat,1800978.533508094,0.2073857808957889
BRA,Brazil,South America,2004,Cattle meat,2276017.945498588,0.3028482551726198
BRA,Brazil,South America,2005,Cattle meat,2118727.447580956,936.9452633557839
BRA,Brazil,South America,2006,Cattle meat,1698621.55300099,985.1591794382348
BRA,Brazil,South America,2007,Cattle meat,1399991.628766599,926.5729200570042
BRA,Brazil,South America,2008,Cattle meat,1237187.331088902,880.2052559039174
BRA,Brazil,South America,2009,Cattle meat,856045.2042787581,735.3228021341804
BRA,Brazil,South America,2010,Cattle meat,1290367.964177178,634.9005983547527
BRA,Brazil,South America,2011,Cattle meat,854576.6770573482,547.1402385000415
BRA,Brazil,South America,2012,Cattle meat,1175179.382771655,528.7196798681592
BRA,Brazil,South America,2013,Cattle meat,749328.0608340295,473.4203770538344
BRA,Brazil,South America,2014,Cattle meat,1093610.736930738,491.0944706740329
BRA,Brazil,South America,2015,Cattle meat,987039.9550493937,460.7472088877063
BRA,Brazil,South America,2016,Cattle meat,1636441.576363591,541.4999250689879
BRA,Brazil,South America,2017,Cattle meat,1464099.697499222,573.4594030995164
BRA,Brazil,South America,2018,Cattle meat,1163057.165921099,624.1980127917153
BRA,Brazil,South America,2019,Cattle meat,1278826.553249618,658.825872640261
BRA,Brazil,South America,2020,Cattle meat,1410332.804946343,712.3280335475683
BRA,Brazil,South America,2021,Cattle meat,1472102.089175123,706.4149189406568
BRA,Brazil,South America,2022,Cattle meat,1629538.946179584,740.3247930322422
BRA,Brazil,South America,2023,Cattle meat,1088046.302404123,714.9838724024967
BRA,Brazil,South America,2001,Oil palm fruit,1729.270568886597,0.0001840189408527221
BRA,Brazil,South America,2002,Oil palm fruit,332.4372872724466,0.0002388026452360438
BRA,Brazil,South America,2003,Oil palm fruit,328.2085480927352,0.000251349093097616
BRA,Brazil,South America,2004,Oil palm fruit,436.9508182679899,0.0002852282423130252
BRA,Brazil,South America,2005,Oil palm fruit,610.159145896188,0.3021743072059206
BRA,Brazil,South America,2006,Oil palm fruit,306.5982559654325,0.1816647791671737
BRA,Brazil,South America,2007,Oil palm fruit,222.5830330576459,0.1720551631186493
BRA,Brazil,South America,2008,Oil palm fruit,630.4287661577297,0.1862770652661387
BRA,Brazil,South America,2009,Oil palm fruit,1069.323374996147,0.2254480728948476
BRA,Brazil,South America,2010,Oil palm fruit,2175.110258245682,0.3452764317095291
BRA,Brazil,South America,2011,Oil palm fruit,1243.977035222982,0.4071417396496338
BRA,Brazil,South America,2012,Oil palm fruit,935.3173017659736,0.4470436368288578
BRA,Brazil,South America,2013,Oil palm fruit,1093.658524663995,0.4611162388631868
BRA,Brazil,South America,2014,Oil palm fruit,828.3954576201318,0.4124873908421923
BRA,Brazil,South America,2015,Oil palm fruit,452.8967893651864,0.2572592355627757
BRA,Brazil,South America,2016,Oil palm fruit,769.5392650099335,0.2094725544727543
BRA,Brazil,South America,2017,Oil palm fruit,901.0596626353062,0.2025983363238137
BRA,Brazil,South America,2018,Oil palm fruit,469.806658573668,0.1707514077592784
BRA,Brazil,South America,2019,Oil palm fruit,687.3847108020013,0.1618793152273608
BRA,Brazil,South America,2020,Oil palm fruit,541.1152930948892,0.1607491342793675
BRA,Brazil,South America,2021,Oil palm fruit,309.3913062252748,0.1279909904669395
BRA,Brazil,South America,2022,Oil palm fruit,796.7270576293947,0.1029853842420921
BRA,Brazil,South America,2023,Oil palm fruit,734.8406703319116,0.09419494789893618
BRA,Brazil,South America,2001,Soya beans,170273.5586723633,0.001395163885464455
BRA,Brazil,South America,2002,Soya beans,265965.9752040207,0.003160196358856622
BRA,Brazil,South America,2003,Soya beans,365148.0519582478,0.004846255234785776
BRA,Brazil,South America,2004,Soya beans,313570.6892626769,0.007133000536820924
BRA,Brazil,South America,2005,Soya beans,110541.0534656605,85.25255140767965
BRA,Brazil,South America,2006,Soya beans,95553.46826628942,79.42079086691014
BRA,Brazil,South America,2007,Soya beans,130273.457836115,68.21598985114116
BRA,Brazil,South America,2008,Soya beans,147916.8579791774,50.6504434370323
BRA,Brazil,South America,2009,Soya beans,121565.572573941,37.85656163333021
BRA,Brazil,South America,2010,Soya beans,175117.9210394182,40.68338805810487
BRA,Brazil,South America,2011,Soya beans,152038.9876956507,43.09326415046316
BRA,Brazil,South America,2012,Soya beans,259324.5512261137,48.83190048812106
BRA,Brazil,South America,2013,Soya beans,113566.912579033,45.4501675956797
BRA,Brazil,South America,2014,Soya beans,149266.2050832974,46.92007812907162
BRA,Brazil,South America,2015,Soya beans,104061.3969589466,43.22430358788875
BRA,Brazil,South America,2016,Soya beans,131275.2252113901,42.93267586870247
BRA,Brazil,South America,2017,Soya beans,113322.3442923125,35.59792660038213
BRA,Brazil,South America,2018,Soya beans,109512.9688712121,36.97930517323651
BRA,Brazil,South America,2019,Soya beans,115856.5490601551,35.94220289425964
BRA,Brazil,South America,2020,Soya beans,143129.4920592229,38.4128913807931
BRA,Brazil,South America,2021,Soya beans,121050.3446096024,37.92584843227127
BRA,Brazil,South America,2022,Soya beans,97149.64637635059,36.11758050066908
BRA,Brazil,South America,2023,Soya beans,14299.89479049839,29.53085882637819
BRB,Barbados,North and Central America,2001,Cattle meat,2.990740169067382,0.0
BRB,Barbados,North and Central America,2002,Cattle meat,1.827265609674192,0.0
BRB,Barbados,North and Central America,2003,Cattle meat,0.2136379760742187,0.0
BRB,Barbados,North and Central America,2004,Cattle meat,0.1909884912623982,0.0
BRB,Barbados,North and Central America,2005,Cattle meat,0.5237439382518984,0.0002887139346280754
BRB,Barbados,North and Central America,2006,Cattle meat,0.2109326485479546,0.0001523319439549438
BRB,Barbados,North and Central America,2007,Cattle meat,2.990276910705567,0.0001966779516019623
BRB,Barbados,North and Central America,2008,Cattle meat,1.9225652259701,0.0002891161428092191
BRB,Barbados,North and Central America,2009,Cattle meat,2.836167021103803,0.0004110629504215869
BRB,Barbados,North and Central America,2010,Cattle meat,2.064673570556641,0.0004852509426326219
BRB,Barbados,North and Central America,2011,Cattle meat,2.135970218200684,0.000591949786948292
BRB,Barbados,North and Central America,2012,Cattle meat,7.047923573020786,0.0009369823351627505
BRB,Barbados,North and Central America,2013,Cattle meat,0.4272499060058594,0.0008591359392251854
BRB,Barbados,North and Central America,2014,Cattle meat,0.427268547668457,0.0007416922291629992
BRB,Barbados,North and Central America,2015,Cattle meat,0.0,0.0006380649316963899
BRB,Barbados,North and Central America,2016,Cattle meat,0.2009869476662347,0.0005331093607492662
BRB,Barbados,North and Central America,2017,Cattle meat,0.2636848306651536,6.778903388130301e-05
BRB,Barbados,North and Central America,2018,Cattle meat,0.1883278417540248,5.236900871817427e-05
BRB,Barbados,North and Central America,2019,Cattle meat,0.02137650928276418,3.645948716714457e-05
BRB,Barbados,North and Central America,2020,Cattle meat,0.0,3.645948716714457e-05
BRB,Barbados,North and Central America,2021,Cattle meat,0.1376542086572521,3.434081775060587e-05
BRB,Barbados,North and Central America,2022,Cattle meat,0.0,2.02285086605876e-05
BRB,Barbados,North and Central America,2023,Cattle meat,0.01997227769823611,1.325994373886758e-05
BRN,Brunei,Southeast Asia,2001,Cattle meat,22.47304650239634,0.0001046588899321697
BRN,Brunei,Southeast Asia,2002,Cattle meat,14.3427079224642,0.0001907072762480074
BRN,Brunei,Southeast Asia,2003,Cattle meat,0.0,0.0001907072762480074
BRN,Brunei,Southeast Asia,2004,Cattle meat,0.0,0.0001907072762480074
BRN,Brunei,Southeast Asia,2005,Cattle meat,0.0,0.004575845378454253
BRN,Brunei,Southeast Asia,2006,Cattle meat,0.0,0.001668551452296649
BRN,Brunei,Southeast Asia,2007,Cattle meat,0.0,0.0001907072762480074
BRN,Brunei,Southeast Asia,2008,Cattle meat,0.0,0.0001907072762480074
BRN,Brunei,Southeast Asia,2009,Cattle meat,43.14073891193951,0.005742868472622439
BRN,Brunei,Southeast Asia,2010,Cattle meat,16.22939708420184,0.008216869334615602
BRN,Brunei,Southeast Asia,2011,Cattle meat,56.65926015479272,0.0165413760444187
BRN,Brunei,Southeast Asia,2012,Cattle meat,33.10530266300512,0.02071986083736196
BRN,Brunei,Southeast Asia,2013,Cattle meat,14.78513666703602,0.02219055484922307
BRN,Brunei,Southeast Asia,2014,Cattle meat,31.11807979328168,0.02013537358918798
BRN,Brunei,Southeast Asia,2015,Cattle meat,10.23732271714921,0.01877396900429011
BRN,Brunei,Southeast Asia,2016,Cattle meat,23.59161445273962,0.01318483252781822
BRN,Brunei,Southeast Asia,2017,Cattle meat,13.79441768130387,0.01111606056775537
BRN,Brunei,Southeast Asia,2018,Cattle meat,10.86484335408898,0.01115635201920578
BRN,Brunei,Southeast Asia,2019,Cattle meat,12.50895693823415,0.009377880888805725
BRN,Brunei,Southeast Asia,2020,Cattle meat,10.22113272499833,0.009733667259846718
BRN,Brunei,Southeast Asia,2021,Cattle meat,15.64549667666903,0.00969484559095547
BRN,Brunei,Southeast Asia,2022,Cattle meat,7.698132510099573,0.008907575708716808
BRN,Brunei,Southeast Asia,2023,Cattle meat,7.10947346026416,0.008311958352719062
BRN,Brunei,Southeast Asia,2001,Oil palm fruit,0.15333671875,4.171278024841309e-06
BRN,Brunei,Southeast Asia,2002,Oil palm fruit,0.0,4.171278024841309e-06
BRN,Brunei,Southeast Asia,2003,Oil palm fruit,0.0,4.171278024841309e-06
BRN,Brunei,Southeast Asia,2004,Oil palm fruit,0.0,4.171278024841309e-06
BRN,Brunei,Southeast Asia,2005,Oil palm fruit,0.07671936645507813,2.775412626610289e-05
BRN,Brunei,Southeast Asia,2006,Oil palm fruit,0.0,1.8251110215019e-05
BRN,Brunei,Southeast Asia,2007,Oil palm fruit,0.0,1.8251110215019e-05
BRN,Brunei,Southeast Asia,2008,Oil palm fruit,0.07666367797851563,2.110512881121949e-05
BRN,Brunei,Southeast Asia,2009,Oil palm fruit,0.0,2.110512881121949e-05
BRN,Brunei,Southeast Asia,2010,Oil palm fruit,1.609651117254519,0.0001685831576737608
BRN,Brunei,Southeast Asia,2011,Oil palm fruit,5.029141799124925,0.0007789677531543637
BRN,Brunei,Southeast Asia,2012,Oil palm fruit,6.547329569761987,0.001616263219626153
BRN,Brunei,Southeast Asia,2013,Oil palm fruit,0.0,0.001617580471748763
BRN,Brunei,Southeast Asia,2014,Oil palm fruit,3.373171856689454,0.001732622639145319
BRN,Brunei,Southeast Asia,2015,Oil palm fruit,2.683196697998047,0.001662763533511938
BRN,Brunei,Southeast Asia,2016,Oil palm fruit,0.0,0.001066879192034647
BRN,Brunei,Southeast Asia,2017,Oil palm fruit,1.609911218261719,0.0004470455584490546
BRN,Brunei,Southeast Asia,2018,Oil palm fruit,0.0,0.0004470455584490546
BRN,Brunei,Southeast Asia,2019,Oil palm fruit,0.0,0.0004195991941104216
BRN,Brunei,Southeast Asia,2020,Oil palm fruit,0.0,0.0004056370830973081
BRN,Brunei,Southeast Asia,2021,Oil palm fruit,0.0,0.0004056370830973081
BRN,Brunei,Southeast Asia,2022,Oil palm fruit,0.0,0.0004221000847774254
BRN,Brunei,Southeast Asia,2023,Oil palm fruit,0.0,0.0004221000847774254
BTN,Bhutan,Rest of Asia,2001,Cattle meat,54.32565941947811,1.244119591228732e-05
BTN,Bhutan,Rest of Asia,2002,Cattle meat,19.90280873642252,1.604983881967709e-05
BTN,Bhutan,Rest of Asia,2003,Cattle meat,62.23292530926292,2.770601824905694e-05
BTN,Bhutan,Rest of Asia,2004,Cattle meat,136.5529367297345,6.500588441865263e-05
BTN,Bhutan,Rest of Asia,2005,Cattle meat,102.7460086614312,0.04645758278780718
BTN,Bhutan,Rest of Asia,2006,Cattle meat,75.781848883456,0.04982353120147955
BTN,Bhutan,Rest of Asia,2007,Cattle meat,65.090717858325,0.05604100913834546
BTN,Bhutan,Rest of Asia,2008,Cattle meat,75.5419088929196,0.05930890984118529
BTN,Bhutan,Rest of Asia,2009,Cattle meat,105.7902930607969,0.05668245104103511
BTN,Bhutan,Rest of Asia,2010,Cattle meat,294.4329671789474,0.07966198768247659
BTN,Bhutan,Rest of Asia,2011,Cattle meat,121.4882616140076,0.08367644289114448
BTN,Bhutan,Rest of Asia,2012,Cattle meat,102.6110941574096,0.08796589343786439
BTN,Bhutan,Rest of Asia,2013,Cattle meat,46.43218237722311,0.08346355350537914
BTN,Bhutan,Rest of Asia,2014,Cattle meat,105.7523295514601,0.08225823439928674
BTN,Bhutan,Rest of Asia,2015,Cattle meat,47.73896602649442,0.05154567335855072
BTN,Bhutan,Rest of Asia,2016,Cattle meat,94.77474723348055,0.04904075316933053
BTN,Bhutan,Rest of Asia,2017,Cattle meat,15.61965490591766,0.03794349571432903
BTN,Bhutan,Rest of Asia,2018,Cattle meat,1.069529680764097,0.03245817740341778
BTN,Bhutan,Rest of Asia,2019,Cattle meat,0.0,0.01933071849609888
BTN,Bhutan,Rest of Asia,2020,Cattle meat,8.517079363754716,0.01454991987010112
BTN,Bhutan,Rest of Asia,2021,Cattle meat,14.25398812878643,0.004713791648283894
BTN,Bhutan,Rest of Asia,2022,Cattle meat,25.08366025185365,0.005760393647745399
BTN,Bhutan,Rest of Asia,2023,Cattle meat,11.89546475966472,0.007083122393600239
BTN,Bhutan,Rest of Asia,2001,Soya beans,0.0,0.0
BTN,Bhutan,Rest of Asia,2002,Soya beans,0.009732308949985866,3.026293603357152e-09
BTN,Bhutan,Rest of Asia,2003,Soya beans,0.6217869473068901,4.839719121310419e-08
BTN,Bhutan,Rest of Asia,2004,Soya beans,0.4715574009850313,3.175147232632554e-07
BTN,Bhutan,Rest of Asia,2005,Soya beans,1.040698989085571,0.0002553847742176591
BTN,Bhutan,Rest of Asia,2006,Soya beans,0.0,0.0002553847742176591
BTN,Bhutan,Rest of Asia,2007,Soya beans,0.0,0.0002541438305519841
BTN,Bhutan,Rest of Asia,2008,Soya beans,0.0,0.000174147989885235
BTN,Bhutan,Rest of Asia,2009,Soya beans,0.0,0.0001165336099024385
BTN,Bhutan,Rest of Asia,2010,Soya beans,0.0,3.175147232632554e-07
BTN,Bhutan,Rest of Asia,2011,Soya beans,0.0,3.175147232632554e-07
BTN,Bhutan,Rest of Asia,2012,Soya beans,0.01639785960599322,1.905191739510298e-06
BTN,Bhutan,Rest of Asia,2013,Soya beans,0.0,1.905191739510298e-06
BTN,Bhutan,Rest of Asia,2014,Soya beans,0.07567939682084607,8.218116749838043e-06
BTN,Bhutan,Rest of Asia,2015,Soya beans,0.0,8.218116749838043e-06
BTN,Bhutan,Rest of Asia,2016,Soya beans,0.2993255592024316,4.035289163231031e-05
BTN,Bhutan,Rest of Asia,2017,Soya beans,0.0,3.878262232229368e-05
BTN,Bhutan,Rest of Asia,2018,Soya beans,0.0,3.878262232229368e-05
BTN,Bhutan,Rest of Asia,2019,Soya beans,0.0,3.251617857343382e-05
BTN,Bhutan,Rest of Asia,2020,Soya beans,0.0,3.251617857343382e-05
BTN,Bhutan,Rest of Asia,2021,Soya beans,0.0,1.163056451868485e-06
BTN,Bhutan,Rest of Asia,2022,Soya beans,1.788354786214645,0.0002228523297986149
BTN,Bhutan,Rest of Asia,2023,Soya beans,0.9393111979330644,0.0003478109964089924
BWA,Botswana,Africa,2001,Cattle meat,97.52548177001553,5.640340205016109e-05
BWA,Botswana,Africa,2002,Cattle meat,43.45510695434569,0.0001056194723912866
BWA,Botswana,Africa,2003,Cattle meat,11.43581405611559,0.0001443972492709694
BWA,Botswana,Africa,2004,Cattle meat,66.29672327153463,0.000309799644393821
BWA,Botswana,Africa,2005,Cattle meat,26.92575522993863,0.006599566953888512
BWA,Botswana,Africa,2006,Cattle meat,13.41162510298305,0.004414525277390777
BWA,Botswana,Africa,2007,Cattle meat,20.63212892545149,0.003928427662832697
BWA,Botswana,Africa,2008,Cattle meat,12.62089677555377,0.003983366349947491
BWA,Botswana,Africa,2009,Cattle meat,43.9652383996582,0.003480876702305913
BWA,Botswana,Africa,2010,Cattle meat,7.78961775411297,0.00304966953680187
BWA,Botswana,Africa,2011,Cattle meat,4.089880233861132,0.002785660775341189
BWA,Botswana,Africa,2012,Cattle meat,16.77985578094482,0.002687914668946947
BWA,Botswana,Africa,2013,Cattle meat,21.14638065612793,0.003117554269854245
BWA,Botswana,Africa,2014,Cattle meat,19.45787295074463,0.002893583368897408
BWA,Botswana,Africa,2015,Cattle meat,0.09672473887522515,0.002702060311874965
BWA,Botswana,Africa,2016,Cattle meat,0.4960117497589065,0.00260809910563866
BWA,Botswana,Africa,2017,Cattle meat,1.264224622786617,0.002238181590102305
BWA,Botswana,Africa,2018,Cattle meat,0.8603781496812244,0.001714087592081777
BWA,Botswana,Africa,2019,Cattle meat,0.07577558736416092,0.001230732858025896
BWA,Botswana,Africa,2020,Cattle meat,2.864519479104035,0.001295372126356209
BWA,Botswana,Africa,2021,Cattle meat,0.5977191614579637,0.001303204892929349
BWA,Botswana,Africa,2022,Cattle meat,0.6317472629567042,0.0012873136560308
BWA,Botswana,Africa,2023,Cattle meat,1.232714193603914,0.001309684319780688
CAF,Central African Republic,Africa,2001,Cattle meat,5984.897767225735,0.002021821721639799
CAF,Central African Republic,Africa,2002,Cattle meat,6665.713708605461,0.00451957570972353
CAF,Central African Republic,Africa,2003,Cattle meat,3477.587561157976,0.005901708743334228
CAF,Central African Republic,Africa,2004,Cattle meat,3711.259551813447,0.006925355962829181
CAF,Central African Republic,Africa,2005,Cattle meat,4370.337379820686,1.887353736363128
CAF,Central African Republic,Africa,2006,Cattle meat,5056.916493011164,1.722363751719814
CAF,Central African Republic,Africa,2007,Cattle meat,4128.433967258898,1.516648315271248
CAF,Central African Republic,Africa,2008,Cattle meat,3707.93263094463,1.465212307902805
CAF,Central African Republic,Africa,2009,Cattle meat,2448.76338854978,1.346406523353928
CAF,Central African Republic,Africa,2010,Cattle meat,1452.163284295788,1.13768043721555
CAF,Central African Republic,Africa,2011,Cattle meat,1057.28978756641,0.9077947187228168
CAF,Central African Republic,Africa,2012,Cattle meat,1040.210936245041,0.688838648635243
CAF,Central African Republic,Africa,2013,Cattle meat,795.6863281527839,0.507634304079501
CAF,Central African Republic,Africa,2014,Cattle meat,1761.290289739718,0.4408512790447665
CAF,Central African Republic,Africa,2015,Cattle meat,45.79610068419408,0.3373516348165247
CAF,Central African Republic,Africa,2016,Cattle meat,134.9706543589098,0.2745899269862627
CAF,Central African Republic,Africa,2017,Cattle meat,358.616274314036,0.229351842188589
CAF,Central African Republic,Africa,2018,Cattle meat,516.553181037209,0.218922145370223
CAF,Central African Republic,Africa,2019,Cattle meat,2185.538620558404,0.2676092945633091
CAF,Central African Republic,Africa,2020,Cattle meat,2871.321129561027,0.5083470883643589
CAF,Central African Republic,Africa,2021,Cattle meat,4234.416918526139,0.8778219318579571
CAF,Central African Republic,Africa,2022,Cattle meat,1994.671648325547,1.010723271939564
CAF,Central African Republic,Africa,2023,Cattle meat,2941.076346519557,1.21823957944845
CAF,Central African Republic,Africa,2001,Oil palm fruit,1.074163403320312,0.0
CAF,Central African Republic,Africa,2002,Oil palm fruit,0.0,0.0
CAF,Central African Republic,Africa,2003,Oil palm fruit,0.0,0.0
CAF,Central African Republic,Africa,2004,Oil palm fruit,0.0,0.0
CAF,Central African Republic,Africa,2005,Oil palm fruit,0.0,5.11601374467268e-05
CAF,Central African Republic,Africa,2006,Oil palm fruit,0.8440453063964843,7.037020504806133e-05
CAF,Central African Republic,Africa,2007,Oil palm fruit,0.07678648681640625,7.237965001621478e-05
CAF,Central African Republic,Africa,2008,Oil palm fruit,0.0,7.237965001621478e-05
CAF,Central African Republic,Africa,2009,Oil palm fruit,0.0,7.237965001621478e-05
CAF,Central African Republic,Africa,2010,Oil palm fruit,0.6756300975365972,4.265192572460451e-05
CAF,Central African Republic,Africa,2011,Oil palm fruit,2.989813420881645,-0.0001592700698422492
CAF,Central African Republic,Africa,2012,Oil palm fruit,4.88731745118965,-0.0003763214826627473
CAF,Central African Republic,Africa,2013,Oil palm fruit,1.048661954068147,-0.0003926909066669885
CAF,Central African Republic,Africa,2014,Oil palm fruit,0.045160528163271,-0.0003946779699061724
CAF,Central African Republic,Africa,2015,Oil palm fruit,0.0,-0.0003649502456145621
CAF,Central African Republic,Africa,2016,Oil palm fruit,0.4603498168945313,-0.000198041486551196
CAF,Central African Republic,Africa,2017,Oil palm fruit,0.0,1.70004813011487e-05
CAF,Central African Republic,Africa,2018,Oil palm fruit,0.1837030808685966,2.528696974717163e-05
CAF,Central African Republic,Africa,2019,Oil palm fruit,0.0,2.727403298635556e-05
CAF,Central African Republic,Africa,2020,Oil palm fruit,0.0,2.727403298635556e-05
CAF,Central African Republic,Africa,2021,Oil palm fruit,0.5561590599403718,-7.506300658363165e-06
CAF,Central African Republic,Africa,2022,Oil palm fruit,0.0,-7.506300658363165e-06
CAF,Central African Republic,Africa,2023,Oil palm fruit,0.1504851180814204,-6.044710295727415e-06
CAN,Canada,North and Central America,2001,Cattle meat,11147.85458343817,0.1234400858081977
CAN,Canada,North and Central America,2002,Cattle meat,13523.24743482974,0.2656964431221417
CAN,Canada,North and Central America,2003,Cattle meat,7002.959775149689,0.3416882858462934
CAN,Canada,North and Central America,2004,Cattle meat,13605.11579722391,0.4872298972384842
CAN,Canada,North and Central America,2005,Cattle meat,0.0,2.282399929479854
CAN,Canada,North and Central America,2006,Cattle meat,13476.87912146852,2.546337307442853
CAN,Canada,North and Central America,2007,Cattle meat,9534.220606139614,2.523258217311775
CAN,Canada,North and Central America,2008,Cattle meat,9640.626889969832,2.736821262389564
CAN,Canada,North and Central America,2009,Cattle meat,0.0,2.181549578939987
CAN,Canada,North and Central America,2010,Cattle meat,0.0,2.181549578939987
CAN,Canada,North and Central America,2011,Cattle meat,0.0,1.630912122803744
CAN,Canada,North and Central America,2012,Cattle meat,0.0,1.244858517612605
CAN,Canada,North and Central America,2013,Cattle meat,0.0,0.8566586539491053
CAN,Canada,North and Central America,2014,Cattle meat,0.0,0.8566586539491053
CAN,Canada,North and Central America,2015,Cattle meat,0.0,0.8566586539491053
CAN,Canada,North and Central America,2016,Cattle meat,2288.9341765906,0.961169603224879
CAN,Canada,North and Central America,2017,Cattle meat,6355.819794918466,1.253595803388286
CAN,Canada,North and Central America,2018,Cattle meat,6818.248193639514,1.548256550498567
CAN,Canada,North and Central America,2019,Cattle meat,7394.493031814631,1.860420738933433
CAN,Canada,North and Central America,2020,Cattle meat,6910.628119327125,2.145942402165097
CAN,Canada,North and Central America,2021,Cattle meat,7303.459893419135,2.366771730625061
CAN,Canada,North and Central America,2022,Cattle meat,5060.157811237125,2.359903316207697
CAN,Canada,North and Central America,2023,Cattle meat,3074.983406616774,2.256088708594635
CAN,Canada,North and Central America,2001,Soya beans,319.5200284145827,0.01449522141222139
CAN,Canada,North and Central America,2002,Soya beans,127.3633552271802,0.0174045569393422
CAN,Canada,North and Central America,2003,Soya beans,197.6008162800746,0.02197979880299145
CAN,Canada,North and Central America,2004,Soya beans,0.0,0.02197979880299145
CAN,Canada,North and Central America,2005,Soya beans,37.07751305401409,0.08745529683736289
CAN,Canada,North and Central America,2006,Soya beans,234.7869149866379,0.07599695400620848
CAN,Canada,North and Central America,2007,Soya beans,463.9506483174978,0.1011065066931314
CAN,Canada,North and Central America,2008,Soya beans,627.7947766939393,0.1670637992840632
CAN,Canada,North and Central America,2009,Soya beans,327.0120210965567,0.2399381626183578
CAN,Canada,North and Central America,2010,Soya beans,1086.047516189575,0.3198264254052605
CAN,Canada,North and Central America,2011,Soya beans,2306.098403918525,0.4610291581412614
CAN,Canada,North and Central America,2012,Soya beans,9457.308143911154,0.9705473160584143
CAN,Canada,North and Central America,2013,Soya beans,3379.000648520263,1.095239834709982
CAN,Canada,North and Central America,2014,Soya beans,5923.926554779781,1.541517363400622
CAN,Canada,North and Central America,2015,Soya beans,3083.274278592835,1.768862426094405
CAN,Canada,North and Central America,2016,Soya beans,391.1624590285175,1.677027848127645
CAN,Canada,North and Central America,2017,Soya beans,0.0,1.296533295325954
CAN,Canada,North and Central America,2018,Soya beans,0.0,1.161640468198739
CAN,Canada,North and Central America,2019,Soya beans,0.0,0.8130020009389538
CAN,Canada,North and Central America,2020,Soya beans,0.0,0.618200917770653
CAN,Canada,North and Central America,2021,Soya beans,0.0,0.6022576152229435
CAN,Canada,North and Central America,2022,Soya beans,0.0,0.6022576152229435
CAN,Canada,North and Central America,2023,Soya beans,0.0,0.6022576152229435
CHE,Switzerland,Europe,2001,Cattle meat,13.73349591935624,2.382324465923691e-06
CHE,Switzerland,Europe,2002,Cattle meat,8.84033868219213,4.373172148937685e-06
CHE,Switzerland,Europe,2003,Cattle meat,1.366959151447105,4.407002737704182e-06
CHE,Switzerland,Europe,2004,Cattle meat,0.0,4.407002737704182e-06
CHE,Switzerland,Europe,2005,Cattle meat,0.0,0.002090077305511336
CHE,Switzerland,Europe,2006,Cattle meat,0.0,0.0009179458369449533
CHE,Switzerland,Europe,2007,Cattle meat,0.0,0.0001181753427122352
CHE,Switzerland,Europe,2008,Cattle meat,0.0,4.407002737704182e-06
CHE,Switzerland,Europe,2009,Cattle meat,0.0,4.407002737704182e-06
CHE,Switzerland,Europe,2010,Cattle meat,0.0,4.407002737704182e-06
CHE,Switzerland,Europe,2011,Cattle meat,0.0,4.407002737704182e-06
CHE,Switzerland,Europe,2012,Cattle meat,0.0,4.407002737704182e-06
CHE,Switzerland,Europe,2013,Cattle meat,0.0,4.407002737704182e-06
CHE,Switzerland,Europe,2014,Cattle meat,0.0,4.407002737704182e-06
CHE,Switzerland,Europe,2015,Cattle meat,0.0,4.407002737704182e-06
CHE,Switzerland,Europe,2016,Cattle meat,0.0,4.407002737704182e-06
CHE,Switzerland,Europe,2017,Cattle meat,0.0,4.407002737704182e-06
CHE,Switzerland,Europe,2018,Cattle meat,0.0,4.407002737704182e-06
CHE,Switzerland,Europe,2019,Cattle meat,0.0,4.407002737704182e-06
CHE,Switzerland,Europe,2020,Cattle meat,37.05653877724546,0.003427707070846914
CHE,Switzerland,Europe,2021,Cattle meat,0.0,0.003427707070846914
CHE,Switzerland,Europe,2022,Cattle meat,10.16384243601001,0.004370018103972635
CHE,Switzerland,Europe,2023,Cattle meat,7.533701131978828,0.005066590020930559
CHE,Switzerland,Europe,2001,Soya beans,13.25531773456307,4.849594562210675e-06
CHE,Switzerland,Europe,2002,Soya beans,0.0,4.849594562210675e-06
CHE,Switzerland,Europe,2003,Soya beans,0.0,4.849594562210675e-06
CHE,Switzerland,Europe,2004,Soya beans,0.0,4.849594562210675e-06
CHE,Switzerland,Europe,2005,Soya beans,0.0,0.00179057241378087
CHE,Switzerland,Europe,2006,Soya beans,0.0,4.849594562210675e-06
CHE,Switzerland,Europe,2007,Soya beans,0.1350986919560063,2.297979649363752e-05
CHE,Switzerland,Europe,2008,Soya beans,0.2775170630110451,6.646090237511182e-05
CHE,Switzerland,Europe,2009,Soya beans,0.0,6.646090237511182e-05
CHE,Switzerland,Europe,2010,Soya beans,3.375024585423947,0.0004306603646176909
CHE,Switzerland,Europe,2011,Soya beans,0.4964175769862886,0.0004842166817230543
CHE,Switzerland,Europe,2012,Soya beans,0.7034794736508969,0.0005450312236522586
CHE,Switzerland,Europe,2013,Soya beans,0.1634797708259424,0.0005161368157002758
CHE,Switzerland,Europe,2014,Soya beans,0.08204991904853433,0.0005223876554260824
CHE,Switzerland,Europe,2015,Soya beans,0.6238260902528368,0.0002225853727290261
CHE,Switzerland,Europe,2016,Soya beans,0.0,0.0001694230145391029
CHE,Switzerland,Europe,2017,Soya beans,4.838727292934058,0.0008112474660176057
CHE,Switzerland,Europe,2018,Soya beans,6.814232340088261,0.00183870367635617
CHE,Switzerland,Europe,2019,Soya beans,11.57857987160488,0.003326822845027478
CHE,Switzerland,Europe,2020,Soya beans,4.203256893173591,0.003756764582912454
CHE,Switzerland,Europe,2021,Soya beans,7.038736222792603,0.004479109368744041
CHE,Switzerland,Europe,2022,Soya beans,0.9987287652775637,0.003873131482813231
CHE,Switzerland,Europe,2023,Soya beans,3.013364243136447,0.003172176887028915
CHL,Chile,South America,2001,Cattle meat,2953.975897410358,0.0008524839309456177
CHL,Chile,South America,2002,Cattle meat,2665.139386295621,0.001228120788406458
CHL,Chile,South America,2003,Cattle meat,3180.053965553298,0.002105438474468719
CHL,Chile,South America,2004,Cattle meat,3404.419793269355,0.002679118980347844
CHL,Chile,South America,2005,Cattle meat,0.0,0.8102263533066623
CHL,Chile,South America,2006,Cattle meat,0.0,0.6142261811619766
CHL,Chile,South America,2007,Cattle meat,0.0,0.4360058698933068
CHL,Chile,South America,2008,Cattle meat,0.0,0.2262059533371867
CHL,Chile,South America,2009,Cattle meat,0.0,0.002679118980347844
CHL,Chile,South America,2010,Cattle meat,0.0,0.002679118980347844
CHL,Chile,South America,2011,Cattle meat,0.0,0.002679118980347844
CHL,Chile,South America,2012,Cattle meat,0.0,0.002679118980347844
CHL,Chile,South America,2013,Cattle meat,0.0,0.002679118980347844
CHL,Chile,South America,2014,Cattle meat,0.0,0.002679118980347844
CHL,Chile,South America,2015,Cattle meat,0.0,0.002679118980347844
CHL,Chile,South America,2016,Cattle meat,0.0,0.002679118980347844
CHL,Chile,South America,2017,Cattle meat,0.0,0.002679118980347844
CHL,Chile,South America,2018,Cattle meat,0.0,0.002679118980347844
CHL,Chile,South America,2019,Cattle meat,0.0,0.002679118980347844
CHL,Chile,South America,2020,Cattle meat,0.0,0.002679118980347844
CHL,Chile,South America,2021,Cattle meat,2815.534139648963,0.1706086245611491
CHL,Chile,South America,2022,Cattle meat,698.6019638889726,0.2116459179486544
CHL,Chile,South America,2023,Cattle meat,209.3619108261804,0.2237318675183431
CHL,Chile,South America,2001,Soya beans,8.285879974365233,0.0
CHL,Chile,South America,2002,Soya beans,5.525912878417969,0.0
CHL,Chile,South America,2003,Soya beans,3.314842150878906,0.0
CHL,Chile,South America,2004,Soya beans,6.773973400878906,1.058505777709961e-05
CHL,Chile,South America,2005,Soya beans,5.728586700439453,0.002421869768516877
CHL,Chile,South America,2006,Soya beans,3.944885009765625,0.002045588330387533
CHL,Chile,South America,2007,Soya beans,15.98632299804687,0.00296058259291834
CHL,Chile,South America,2008,Soya beans,11.20235055541992,0.003672499293678878
CHL,Chile,South America,2009,Soya beans,5.534569342041015,0.003542014665753652
CHL,Chile,South America,2010,Soya beans,9.93968627319336,0.00390561599228004
CHL,Chile,South America,2011,Soya beans,4.377530023193358,0.003897736114194588
CHL,Chile,South America,2012,Soya beans,28.58233901977539,0.004975608452666038
CHL,Chile,South America,2013,Soya beans,11.45608934326172,0.004775275117276792
CHL,Chile,South America,2014,Soya beans,23.27355939331055,0.006123811389399604
CHL,Chile,South America,2015,Soya beans,8.755382257080077,0.005989117857527404
CHL,Chile,South America,2016,Soya beans,19.58404788208008,0.00719948421841516
CHL,Chile,South America,2017,Soya beans,20.68122940063476,0.006297912284140144
CHL,Chile,South America,2018,Soya beans,3.096768981933594,0.005798413593988205
CHL,Chile,South America,2019,Soya beans,4.529341650390625,0.004414482377035905
CHL,Chile,South America,2020,Soya beans,1.2874109375,0.00383471933226939
CHL,Chile,South America,2021,Soya beans,0.5519102905273437,0.002329601604805302
CHL,Chile,South America,2022,Soya beans,0.6127423156738281,0.0009106902211991813
CHL,Chile,South America,2023,Soya beans,0.9891816406249999,0.0007203777063061773
CHN,China,North Asia,2001,Cattle meat,7891.485080094501,0.001993628622031688
CHN,China,North Asia,2002,Cattle meat,9535.407070453806,0.003538388598920895
CHN,China,North Asia,2003,Cattle meat,8136.511531985709,0.004113543985499611
CHN,China,North Asia,2004,Cattle meat,11959.62886649497,0.005128698272719959
CHN,China,North Asia,2005,Cattle meat,8665.989516068383,3.926902361314405
CHN,China,North Asia,2006,Cattle meat,13180.71969177434,4.440922413575651
CHN,China,North Asia,2007,Cattle meat,24586.61880159602,5.836186602753841
CHN,China,North Asia,2008,Cattle meat,32016.35409765476,7.867116892718818
CHN,China,North Asia,2009,Cattle meat,55649.01460735376,11.64235383804683
CHN,China,North Asia,2010,Cattle meat,54032.12328857928,15.45150124042113
CHN,China,North Asia,2011,Cattle meat,47970.92020217733,18.22429776679188
CHN,China,North Asia,2012,Cattle meat,60164.5498556133,21.21753818575607
CHN,China,North Asia,2013,Cattle meat,35053.37317893009,21.26343108467433
CHN,China,North Asia,2014,Cattle meat,46001.52068132252,20.09389451172853
CHN,China,North Asia,2015,Cattle meat,42285.79532739179,18.94526333141001
CHN,China,North Asia,2016,Cattle meat,56232.26695843694,19.20323845048281
CHN,China,North Asia,2017,Cattle meat,46820.88498225557,17.48932994537556
CHN,China,North Asia,2018,Cattle meat,38227.34635573918,17.47045047130266
CHN,China,North Asia,2019,Cattle meat,25270.60062971545,15.69169159785367
CHN,China,North Asia,2020,Cattle meat,19689.67665124247,13.72064159262242
CHN,China,North Asia,2021,Cattle meat,18263.5739383354,10.82762809258707
CHN,China,North Asia,2022,Cattle meat,21419.79685465674,8.922884407277714
CHN,China,North Asia,2023,Cattle meat,25402.75283767233,7.979660561268843
CHN,China,North Asia,2001,Oil palm fruit,0.0,0.0
CHN,China,North Asia,2002,Oil palm fruit,0.0,0.0
CHN,China,North Asia,2003,Oil palm fruit,0.0,0.0
CHN,China,North Asia,2004,Oil palm fruit,4.626805000272607,1.760951268894584e-06
CHN,China,North Asia,2005,Oil palm fruit,5.822521450010402,0.0006517116617819541
CHN,China,North Asia,2006,Oil palm fruit,26.77805970817548,0.00247454462695953
CHN,China,North Asia,2007,Oil palm fruit,0.0,0.00247454462695953
CHN,China,North Asia,2008,Oil palm fruit,0.0,0.00247454462695953
CHN,China,North Asia,2009,Oil palm fruit,0.0,0.002188034510454193
CHN,China,North Asia,2010,Oil palm fruit,4.598596919683906,0.002005869152857765
CHN,China,North Asia,2011,Oil palm fruit,5.101915541574831,0.000383000582684001
CHN,China,North Asia,2012,Oil palm fruit,1.435358825985677,0.0004374532949421767
CHN,China,North Asia,2013,Oil palm fruit,0.0,0.0004374532949421767
CHN,China,North Asia,2014,Oil palm fruit,0.0,0.0004374532949421767
CHN,China,North Asia,2015,Oil palm fruit,0.5942347559807928,0.0002822827929016902
CHN,China,North Asia,2016,Oil palm fruit,3.237153139213367,0.0002035563844736627
CHN,China,North Asia,2017,Oil palm fruit,7.582240998578664,0.0003918187000087568
CHN,China,North Asia,2018,Oil palm fruit,5.79721640625971,0.0005732408937958025
CHN,China,North Asia,2019,Oil palm fruit,2.547898131857301,0.0006642392951912547
CHN,China,North Asia,2020,Oil palm fruit,2.746023568886033,0.0007605884655059504
CHN,China,North Asia,2021,Oil palm fruit,1.291611120321491,0.0007358575458929665
CHN,China,North Asia,2022,Oil palm fruit,1.343749120873619,0.0006407153354202838
CHN,China,North Asia,2023,Oil palm fruit,1.670620027418865,0.0006162387299901614
CHN,China,North Asia,2001,Soya beans,364.3419040184036,0.000213894921350214
CHN,China,North Asia,2002,Soya beans,2801.69861191297,0.001479724509994816
CHN,China,North Asia,2003,Soya beans,0.0,0.001479724509994816
CHN,China,North Asia,2004,Soya beans,0.0,0.001479724509994816
CHN,China,North Asia,2005,Soya beans,0.0,0.3208717296494508
CHN,China,North Asia,2006,Soya beans,0.0,0.2882845970316324
CHN,China,North Asia,2007,Soya beans,0.0,0.001479724509994816
CHN,China,North Asia,2008,Soya beans,0.0,0.001479724509994816
CHN,China,North Asia,2009,Soya beans,0.0,0.001479724509994816
CHN,China,North Asia,2010,Soya beans,0.0,0.001479724509994816
CHN,China,North Asia,2011,Soya beans,0.0,0.001479724509994816
CHN,China,North Asia,2012,Soya beans,0.0,0.001479724509994816
CHN,China,North Asia,2013,Soya beans,302.6834434240872,0.02278953685522348
CHN,China,North Asia,2014,Soya beans,1332.557577475659,0.1190621559297417
CHN,China,North Asia,2015,Soya beans,2355.529276893759,0.2864655269091881
CHN,China,North Asia,2016,Soya beans,7166.751842199252,0.8298833600874086
CHN,China,North Asia,2017,Soya beans,11077.03859140258,1.662754010258857
CHN,China,North Asia,2018,Soya beans,25.04852915306978,1.643383922346056
CHN,China,North Asia,2019,Soya beans,5822.163154864428,2.008052920384744
CHN,China,North Asia,2020,Soya beans,595.5566302113136,1.891774701108354
CHN,China,North Asia,2021,Soya beans,6381.471618586751,2.018550801098906
CHN,China,North Asia,2022,Soya beans,0.0,1.186894820903569
CHN,China,North Asia,2023,Soya beans,2902.007440605107,1.581739055925924
CIV,Côte d'Ivoire,Africa,2001,Cattle meat,15076.12862462856,0.002180653852662465
CIV,Côte d'Ivoire,Africa,2002,Cattle meat,15748.9924932642,0.004418040341753259
CIV,Côte d'Ivoire,Africa,2003,Cattle meat,7265.340985860274,0.005587462609466452
CIV,Côte d'Ivoire,Africa,2004,Cattle meat,247.1427920625388,0.005617064724953286
CIV,Côte d'Ivoire,Africa,2005,Cattle meat,574.7804625867865,2.503236026014337
CIV,Côte d'Ivoire,Africa,2006,Cattle meat,2087.714102939757,1.644376442008185
CIV,Côte d'Ivoire,Africa,2007,Cattle meat,3228.916945166712,0.8406822491516553
CIV,Côte d'Ivoire,Africa,2008,Cattle meat,3253.046644545084,0.5852788591667567
CIV,Côte d'Ivoire,Africa,2009,Cattle meat,455.8168604442623,0.6021393652771255
CIV,Côte d'Ivoire,Africa,2010,Cattle meat,108.4722147738046,0.5766166495630576
CIV,Côte d'Ivoire,Africa,2011,Cattle meat,66.49854236458043,0.4521702931243634
CIV,Côte d'Ivoire,Africa,2012,Cattle meat,82.3267674583633,0.2608627870853212
CIV,Côte d'Ivoire,Africa,2013,Cattle meat,448.3976120594563,0.08765981592644273
CIV,Côte d'Ivoire,Africa,2014,Cattle meat,1626.2843136467,0.1447927280735673
CIV,Côte d'Ivoire,Africa,2015,Cattle meat,918.0721908751283,0.1897913265024592
CIV,Côte d'Ivoire,Africa,2016,Cattle meat,2094.304388711738,0.2975065158593445
CIV,Côte d'Ivoire,Africa,2017,Cattle meat,8066.442674341917,0.7122178180605223
CIV,Côte d'Ivoire,Africa,2018,Cattle meat,11348.35904503303,1.329613772914773
CIV,Côte d'Ivoire,Africa,2019,Cattle meat,7841.624919283478,1.661993512983197
CIV,Côte d'Ivoire,Africa,2020,Cattle meat,3726.201746476977,1.812247373499082
CIV,Côte d'Ivoire,Africa,2021,Cattle meat,2512.020077726279,1.833801577454865
CIV,Côte d'Ivoire,Africa,2022,Cattle meat,2069.71994770594,1.529633101202917
CIV,Côte d'Ivoire,Africa,2023,Cattle meat,2824.970467479524,1.048450841451334
CIV,Côte d'Ivoire,Africa,2001,Oil palm fruit,6008.578927764796,0.0008844428758856814
CIV,Côte d'Ivoire,Africa,2002,Oil palm fruit,5748.379114835895,0.001430929936302124
CIV,Côte d'Ivoire,Africa,2003,Oil palm fruit,3629.532291033864,0.001551836692059815
CIV,Côte d'Ivoire,Africa,2004,Oil palm fruit,562.275778837747,0.001568512651031617
CIV,Côte d'Ivoire,Africa,2005,Oil palm fruit,2582.94104677038,0.1391498961352814
CIV,Côte d'Ivoire,Africa,2006,Oil palm fruit,3178.725725554979,0.1263239647240776
CIV,Côte d'Ivoire,Africa,2007,Oil palm fruit,2352.154967266744,0.07472227240936659
CIV,Côte d'Ivoire,Africa,2008,Oil palm fruit,4879.786319613382,0.1897311607647588
CIV,Côte d'Ivoire,Africa,2009,Oil palm fruit,4514.949544800504,0.2398279352904809
CIV,Côte d'Ivoire,Africa,2010,Oil palm fruit,2549.543924210991,0.3092778406680203
CIV,Côte d'Ivoire,Africa,2011,Oil palm fruit,2559.048596756711,0.4039797074897827
CIV,Côte d'Ivoire,Africa,2012,Oil palm fruit,2909.108828935482,0.4745091253259808
CIV,Côte d'Ivoire,Africa,2013,Oil palm fruit,5931.959277268395,0.3053969577957588
CIV,Côte d'Ivoire,Africa,2014,Oil palm fruit,11799.71620475255,-0.10218235846167
CIV,Côte d'Ivoire,Africa,2015,Oil palm fruit,6149.236201160755,-0.3741394374751961
CIV,Côte d'Ivoire,Africa,2016,Oil palm fruit,7018.960033515553,-0.7311396789821744
CIV,Côte d'Ivoire,Africa,2017,Oil palm fruit,1700.37080974851,-0.8656128479003268
CIV,Côte d'Ivoire,Africa,2018,Oil palm fruit,713.837393439968,-0.8212751014270043
CIV,Côte d'Ivoire,Africa,2019,Oil palm fruit,2875.162012280769,-0.5457592142605586
CIV,Côte d'Ivoire,Africa,2020,Oil palm fruit,7725.547872150987,-0.6223674237521147
CIV,Côte d'Ivoire,Africa,2021,Oil palm fruit,1924.415233899678,-0.3834446696945276
CIV,Côte d'Ivoire,Africa,2022,Oil palm fruit,2899.809478610293,-0.439461368324294
CIV,Côte d'Ivoire,Africa,2023,Oil palm fruit,3607.34535319723,-0.5684827424603723
CIV,Côte d'Ivoire,Africa,2001,Soya beans,0.0,0.0
CIV,Côte d'Ivoire,Africa,2002,Soya beans,0.0,0.0
CIV,Côte d'Ivoire,Africa,2003,Soya beans,0.0,0.0
CIV,Côte d'Ivoire,Africa,2004,Soya beans,0.0,0.0
CIV,Côte d'Ivoire,Africa,2005,Soya beans,16.43380715555159,0.001245479643251659
CIV,Côte d'Ivoire,Africa,2006,Soya beans,0.8986675180105509,0.001313568433013434
CIV,Côte d'Ivoire,Africa,2007,Soya beans,0.0,0.001313568433013434
CIV,Côte d'Ivoire,Africa,2008,Soya beans,0.0,0.001313568433013434
CIV,Côte d'Ivoire,Africa,2009,Soya beans,0.0,0.001313568433013434
CIV,Côte d'Ivoire,Africa,2010,Soya beans,0.0,6.987598557230057e-05
CIV,Côte d'Ivoire,Africa,2011,Soya beans,0.0,2.085992726748289e-06
CIV,Côte d'Ivoire,Africa,2012,Soya beans,0.0,2.085992726748289e-06
CIV,Côte d'Ivoire,Africa,2013,Soya beans,6.285819471881573,0.0005469150758724372
CIV,Côte d'Ivoire,Africa,2014,Soya beans,6.861016026513661,0.001265489996291014
CIV,Côte d'Ivoire,Africa,2015,Soya beans,4.200793178876821,0.001733189022577456
CIV,Côte d'Ivoire,Africa,2016,Soya beans,0.0,0.001733189022577456
CIV,Côte d'Ivoire,Africa,2017,Soya beans,3.970975679932309,0.002032277865872049
CIV,Côte d'Ivoire,Africa,2018,Soya beans,0.01739647123439049,0.001492161976300114
CIV,Côte d'Ivoire,Africa,2019,Soya beans,0.0,0.0007761138688104872
CIV,Côte d'Ivoire,Africa,2020,Soya beans,0.6842084415293166,0.0003720884232683165
CIV,Côte d'Ivoire,Africa,2021,Soya beans,0.0,0.0003720884232683165
CIV,Côte d'Ivoire,Africa,2022,Soya beans,0.0,7.411330788809441e-05
CIV,Côte d'Ivoire,Africa,2023,Soya beans,0.1571914697443422,8.503858419261798e-05
CMR,Cameroon,Africa,2001,Cattle meat,7124.724721468445,0.001689412984193796
CMR,Cameroon,Africa,2002,Cattle meat,4925.642201632529,0.00273016907991762
CMR,Cameroon,Africa,2003,Cattle meat,3968.250599131053,0.003555401735213043
CMR,Cameroon,Africa,2004,Cattle meat,4112.970409485714,0.004634011846062856
CMR,Cameroon,Africa,2005,Cattle meat,3001.023323752227,2.283256401150201
CMR,Cameroon,Africa,2006,Cattle meat,3125.902185549508,1.895699014482105
CMR,Cameroon,Africa,2007,Cattle meat,1220.478443409421,1.526802295811973
CMR,Cameroon,Africa,2008,Cattle meat,1098.357886771326,1.234135571499635
CMR,Cameroon,Africa,2009,Cattle meat,1386.271302987123,0.980298663971658
CMR,Cameroon,Africa,2010,Cattle meat,7586.971222822406,1.414485466337477
CMR,Cameroon,Africa,2011,Cattle meat,7163.762001409053,1.83040209596536
CMR,Cameroon,Africa,2012,Cattle meat,7469.208539677561,2.454498251147284
CMR,Cameroon,Africa,2013,Cattle meat,5772.047820622455,2.905875674966708
CMR,Cameroon,Africa,2014,Cattle meat,5930.046582095266,3.335515185850412
CMR,Cameroon,Africa,2015,Cattle meat,4075.170612408348,3.009977447553589
CMR,Cameroon,Africa,2016,Cattle meat,9117.177714239602,3.19457857360693
CMR,Cameroon,Africa,2017,Cattle meat,12108.03894750778,3.575283228336398
CMR,Cameroon,Africa,2018,Cattle meat,12104.76592387417,4.177808913631134
CMR,Cameroon,Africa,2019,Cattle meat,8749.250845286526,4.407945843564073
CMR,Cameroon,Africa,2020,Cattle meat,6913.572491043462,4.701463640597717
CMR,Cameroon,Africa,2021,Cattle meat,8423.544543384305,4.627680505564022
CMR,Cameroon,Africa,2022,Cattle meat,11437.22669805707,4.613538274122774
CMR,Cameroon,Africa,2023,Cattle meat,8924.781244161613,4.311641169139555
CMR,Cameroon,Africa,2001,Oil palm fruit,598.1812323018383,0.0001922303519985351
CMR,Cameroon,Africa,2002,Oil palm fruit,1530.207388121277,0.0006143418208981934
CMR,Cameroon,Africa,2003,Oil palm fruit,914.7335362964036,0.0007354810884125976
CMR,Cameroon,Africa,2004,Oil palm fruit,526.3086540455699,0.0008440689768270874
CMR,Cameroon,Africa,2005,Oil palm fruit,497.3017220678383,0.07595715941470609
CMR,Cameroon,Africa,2006,Oil palm fruit,1488.105041945713,0.04976483560967625
CMR,Cameroon,Africa,2007,Oil palm fruit,2328.172643111827,0.03092746294583696
CMR,Cameroon,Africa,2008,Oil palm fruit,1658.687046057282,0.01810873242031198
CMR,Cameroon,Africa,2009,Oil palm fruit,1139.812306170494,-0.002178137784066086
CMR,Cameroon,Africa,2010,Oil palm fruit,3680.794835917173,0.1368540278783176
CMR,Cameroon,Africa,2011,Oil palm fruit,1157.170307852339,0.1960065483626309
CMR,Cameroon,Africa,2012,Oil palm fruit,1450.32974646077,0.2626067306176132
CMR,Cameroon,Africa,2013,Oil palm fruit,1262.355672688594,0.3352289149571154
CMR,Cameroon,Africa,2014,Oil palm fruit,2179.695175726824,0.3536199610846951
CMR,Cameroon,Africa,2015,Oil palm fruit,2201.12196113603,0.1296217561113977
CMR,Cameroon,Africa,2016,Oil palm fruit,1343.970541671071,0.02420219516230616
CMR,Cameroon,Africa,2017,Oil palm fruit,14569.11604095027,-0.6793951387894587
CMR,Cameroon,Africa,2018,Oil palm fruit,15993.58030043763,-1.431412712230945
CMR,Cameroon,Africa,2019,Oil palm fruit,3754.760880910697,-1.60519697435143
CMR,Cameroon,Africa,2020,Oil palm fruit,115.1456592773438,-1.521934015556613
CMR,Cameroon,Africa,2021,Oil palm fruit,426.3982107788079,-1.455456618340751
CMR,Cameroon,Africa,2022,Oil palm fruit,1912.111501964375,-0.8849728481029977
CMR,Cameroon,Africa,2023,Oil palm fruit,662.7584970688021,-0.1959502821965179
CMR,Cameroon,Africa,2001,Soya beans,60.69223822128046,1.812334441709566e-05
CMR,Cameroon,Africa,2002,Soya beans,18.33745396535563,2.289696394771126e-05
CMR,Cameroon,Africa,2003,Soya beans,31.03926651066998,3.110625028811501e-05
CMR,Cameroon,Africa,2004,Soya beans,0.0,3.110625028811501e-05
CMR,Cameroon,Africa,2005,Soya beans,0.0,0.01225874146929888
CMR,Cameroon,Africa,2006,Soya beans,47.77276040112325,0.01084920702678239
CMR,Cameroon,Africa,2007,Soya beans,267.9250482954745,0.03755370392890263
CMR,Cameroon,Africa,2008,Soya beans,240.3331082341204,0.05934177620758941
CMR,Cameroon,Africa,2009,Soya beans,0.0,0.05934177620758941
CMR,Cameroon,Africa,2010,Soya beans,0.0,0.05934177620758941
CMR,Cameroon,Africa,2011,Soya beans,0.0,0.05428659751287613
CMR,Cameroon,Africa,2012,Soya beans,38.11979039487664,0.02919165264685633
CMR,Cameroon,Africa,2013,Soya beans,49.99739682507231,0.007655354309198418
CMR,Cameroon,Africa,2014,Soya beans,559.4292619697817,0.06410626522922308
CMR,Cameroon,Africa,2015,Soya beans,968.9703328389146,0.1755241103839053
CMR,Cameroon,Africa,2016,Soya beans,921.835791203551,0.2759730551405952
CMR,Cameroon,Africa,2017,Soya beans,3855.371382697575,0.7849487488183451
CMR,Cameroon,Africa,2018,Soya beans,5548.886194212568,1.590402015539845
CMR,Cameroon,Africa,2019,Soya beans,2286.34128546836,1.792225748662402
CMR,Cameroon,Africa,2020,Soya beans,715.4188406851137,1.763262817071192
CMR,Cameroon,Africa,2021,Soya beans,0.0,1.663265882215739
CMR,Cameroon,Africa,2022,Soya beans,1920.989590787448,1.373282960484969
CMR,Cameroon,Africa,2023,Soya beans,819.1237098002119,0.658443750660779
COD,Democratic Republic of the Congo,Africa,2001,Cattle meat,47101.85188923697,0.0842871631477533
COD,Democratic Republic of the Congo,Africa,2002,Cattle meat,45841.13458102736,0.1556776044169324
COD,Democratic Republic of the Congo,Africa,2003,Cattle meat,58351.26728438738,0.2149530216422811
COD,Democratic Republic of the Congo,Africa,2004,Cattle meat,71489.70404972284,0.3018923791006433
COD,Democratic Republic of the Congo,Africa,2005,Cattle meat,62578.76114121081,30.08042189135202
COD,Democratic Republic of the Congo,Africa,2006,Cattle meat,47100.40627459654,29.93618722862201
COD,Democratic Republic of the Congo,Africa,2007,Cattle meat,13675.50607276223,26.57449066107888
COD,Democratic Republic of the Congo,Africa,2008,Cattle meat,7341.41923585422,21.54926024712374
COD,Democratic Republic of the Congo,Africa,2009,Cattle meat,8005.146297155016,15.05362099653531
COD,Democratic Republic of the Congo,Africa,2010,Cattle meat,9590.819830473256,9.498690710390392
COD,Democratic Republic of the Congo,Africa,2011,Cattle meat,4383.505523162135,4.973503977017552
COD,Democratic Republic of the Congo,Africa,2012,Cattle meat,13938.45792946606,4.984075489605509
COD,Democratic Republic of the Congo,Africa,2013,Cattle meat,12855.23752790978,5.614917399524282
COD,Democratic Republic of the Congo,Africa,2014,Cattle meat,30406.83638901196,7.843063575794981
COD,Democratic Republic of the Congo,Africa,2015,Cattle meat,30815.29914952819,10.07635434921972
COD,Democratic Republic of the Congo,Africa,2016,Cattle meat,48818.71621254159,14.76528903558608
COD,Democratic Republic of the Congo,Africa,2017,Cattle meat,53905.41732408669,18.84777966976545
COD,Democratic Republic of the Congo,Africa,2018,Cattle meat,55594.72332035349,23.34411273203128
COD,Democratic Republic of the Congo,Africa,2019,Cattle meat,47996.89008709982,25.45449711711746
COD,Democratic Republic of the Congo,Africa,2020,Cattle meat,38320.61198203148,26.18897847710617
COD,Democratic Republic of the Congo,Africa,2021,Cattle meat,40674.11120941611,25.24354104878472
COD,Democratic Republic of the Congo,Africa,2022,Cattle meat,48535.20174963227,24.94541250908248
COD,Democratic Republic of the Congo,Africa,2023,Cattle meat,42509.97498035996,23.56102257904999
COD,Democratic Republic of the Congo,Africa,2001,Oil palm fruit,51.0603299194336,0.0
COD,Democratic Republic of the Congo,Africa,2002,Oil palm fruit,792.9628309416046,1.673335580981445e-05
COD,Democratic Republic of the Congo,Africa,2003,Oil palm fruit,2847.172246753717,2.929059700274658e-05
COD,Democratic Republic of the Congo,Africa,2004,Oil palm fruit,3041.821812962805,2.929059700274658e-05
COD,Democratic Republic of the Congo,Africa,2005,Oil palm fruit,1987.872381358124,-0.3263701584891187
COD,Democratic Republic of the Congo,Africa,2006,Oil palm fruit,11071.53242798326,-0.7974704750498195
COD,Democratic Republic of the Congo,Africa,2007,Oil palm fruit,982.1110287513658,-0.7838776835797105
COD,Democratic Republic of the Congo,Africa,2008,Oil palm fruit,455.3252339212476,-0.6723992494525011
COD,Democratic Republic of the Congo,Africa,2009,Oil palm fruit,6955.124091210148,-0.8270689141014491
COD,Democratic Republic of the Congo,Africa,2010,Oil palm fruit,36227.38951854106,-2.310658467224359
COD,Democratic Republic of the Congo,Africa,2011,Oil palm fruit,25684.69286316487,-2.95326258881572
COD,Democratic Republic of the Congo,Africa,2012,Oil palm fruit,19694.08650895372,-3.744498846996232
COD,Democratic Republic of the Congo,Africa,2013,Oil palm fruit,8836.101302510393,-4.07950962444325
COD,Democratic Republic of the Congo,Africa,2014,Oil palm fruit,7561.295086946062,-4.109448353049189
COD,Democratic Republic of the Congo,Africa,2015,Oil palm fruit,5832.938660010904,-2.808279187893681
COD,Democratic Republic of the Congo,Africa,2016,Oil palm fruit,10864.89904840664,-2.174731859029431
COD,Democratic Republic of the Congo,Africa,2017,Oil palm fruit,12127.60011021895,-1.905085122979567
COD,Democratic Republic of the Congo,Africa,2018,Oil palm fruit,9676.748297160011,-1.984007348771292
COD,Democratic Republic of the Congo,Africa,2019,Oil palm fruit,7937.754732860188,-2.025901807568096
COD,Democratic Republic of the Congo,Africa,2020,Oil palm fruit,6270.849333192651,-2.047601469165768
COD,Democratic Republic of the Congo,Africa,2021,Oil palm fruit,9149.38518049505,-1.974605937880186
COD,Democratic Republic of the Congo,Africa,2022,Oil palm fruit,8015.032621085771,-1.796904262125258
COD,Democratic Republic of the Congo,Africa,2023,Oil palm fruit,7753.442119592934,-1.714313993341988
COD,Democratic Republic of the Congo,Africa,2001,Soya beans,1340.99488665266,0.002965660605943631
COD,Democratic Republic of the Congo,Africa,2002,Soya beans,677.7547313249379,0.004431792295290606
COD,Democratic Republic of the Congo,Africa,2003,Soya beans,626.3081059199563,0.00529135802028683
COD,Democratic Republic of the Congo,Africa,2004,Soya beans,746.054859862109,0.006838216195603282
COD,Democratic Republic of the Congo,Africa,2005,Soya beans,549.8792120395319,0.5035915727429439
COD,Democratic Republic of the Congo,Africa,2006,Soya beans,2975.061235644616,0.707642179310665
COD,Democratic Republic of the Congo,Africa,2007,Soya beans,476.9153738940801,0.675227213650276
COD,Democratic Republic of the Congo,Africa,2008,Soya beans,375.9838621524066,0.6428964691494247
COD,Democratic Republic of the Congo,Africa,2009,Soya beans,660.0931950396051,0.6064176844727042
COD,Democratic Republic of the Congo,Africa,2010,Soya beans,2687.217387059207,0.8544304516196327
COD,Democratic Republic of the Congo,Africa,2011,Soya beans,1319.072577003347,0.6529697079897989
COD,Democratic Republic of the Congo,Africa,2012,Soya beans,1929.429146019182,0.8211712309484578
COD,Democratic Republic of the Congo,Africa,2013,Soya beans,2395.372661489742,1.061789964501264
COD,Democratic Republic of the Congo,Africa,2014,Soya beans,824.0449209204048,1.075988095079412
COD,Democratic Republic of the Congo,Africa,2015,Soya beans,448.5063216258346,0.8169412999415209
COD,Democratic Republic of the Congo,Africa,2016,Soya beans,640.7763860740339,0.7350821307462857
COD,Democratic Republic of the Congo,Africa,2017,Soya beans,1558.05524812886,0.6919523897105172
COD,Democratic Republic of the Congo,Africa,2018,Soya beans,983.0121406406905,0.5302951082584861
COD,Democratic Republic of the Congo,Africa,2019,Soya beans,595.8666898498457,0.5118602930584576
COD,Democratic Republic of the Congo,Africa,2020,Soya beans,225.5897260425208,0.4868785730830821
COD,Democratic Republic of the Congo,Africa,2021,Soya beans,937.1551137711936,0.5195968121780017
COD,Democratic Republic of the Congo,Africa,2022,Soya beans,358.3723111664764,0.3893885698837825
COD,Democratic Republic of the Congo,Africa,2023,Soya beans,490.9044289214248,0.3327784473114418
COG,Republic of the Congo,Africa,2001,Cattle meat,1667.305825596666,0.003533495781385741
COG,Republic of the Congo,Africa,2002,Cattle meat,1131.526953997255,0.005064726659411907
COG,Republic of the Congo,Africa,2003,Cattle meat,863.5161238403017,0.00859663954633992
COG,Republic of the Congo,Africa,2004,Cattle meat,590.7474361298792,0.009895612997431143
COG,Republic of the Congo,Africa,2005,Cattle meat,732.9688088558371,0.4921177616883223
COG,Republic of the Congo,Africa,2006,Cattle meat,727.6586378350216,0.4085823876401541
COG,Republic of the Congo,Africa,2007,Cattle meat,809.9498514717149,0.3740080853916609
COG,Republic of the Congo,Africa,2008,Cattle meat,473.0594809526688,0.3250724686568676
COG,Republic of the Congo,Africa,2009,Cattle meat,531.2493788477542,0.3201261417089189
COG,Republic of the Congo,Africa,2010,Cattle meat,927.8775697146732,0.3374915469249056
COG,Republic of the Congo,Africa,2011,Cattle meat,865.5453027262091,0.3393227072990323
COG,Republic of the Congo,Africa,2012,Cattle meat,1467.024079442197,0.398727327370549
COG,Republic of the Congo,Africa,2013,Cattle meat,3123.000190449961,0.6478189740836895
COG,Republic of the Congo,Africa,2014,Cattle meat,3227.974090372181,0.932578859502592
COG,Republic of the Congo,Africa,2015,Cattle meat,1235.007962873731,0.9699661398258942
COG,Republic of the Congo,Africa,2016,Cattle meat,1926.174084334568,1.106029129656244
COG,Republic of the Congo,Africa,2017,Cattle meat,2458.827173636051,1.252700530533515
COG,Republic of the Congo,Africa,2018,Cattle meat,1629.866309876969,1.171303214342229
COG,Republic of the Congo,Africa,2019,Cattle meat,3069.062036528548,1.213245560832388
COG,Republic of the Congo,Africa,2020,Cattle meat,2760.771031174094,1.416628608100187
COG,Republic of the Congo,Africa,2021,Cattle meat,6469.853948902962,1.960119470092906
COG,Republic of the Congo,Africa,2022,Cattle meat,4269.034689355221,2.197756578193169
COG,Republic of the Congo,Africa,2023,Cattle meat,4271.161785963688,2.493014892489433
COG,Republic of the Congo,Africa,2001,Oil palm fruit,82.62513003894026,0.0
COG,Republic of the Congo,Africa,2002,Oil palm fruit,108.6632777818276,0.0
COG,Republic of the Congo,Africa,2003,Oil palm fruit,226.5802981345826,0.0
COG,Republic of the Congo,Africa,2004,Oil palm fruit,141.7142103037289,0.0
COG,Republic of the Congo,Africa,2005,Oil palm fruit,172.8576741613284,-0.0320644968375576
COG,Republic of the Congo,Africa,2006,Oil palm fruit,35.61742737405463,-0.02999615792030263
COG,Republic of the Congo,Africa,2007,Oil palm fruit,30.6322360368151,-0.02645866944919964
COG,Republic of the Congo,Africa,2008,Oil palm fruit,16.41536977631501,-0.01737430174237621
COG,Republic of the Congo,Africa,2009,Oil palm fruit,43.97352250370128,-0.013073711479175
COG,Republic of the Congo,Africa,2010,Oil palm fruit,52.19842183497874,-0.007764704376815614
COG,Republic of the Congo,Africa,2011,Oil palm fruit,19.22890289527456,-0.007022111097826521
COG,Republic of the Congo,Africa,2012,Oil palm fruit,67.4741289550705,-0.008639982000724501
COG,Republic of the Congo,Africa,2013,Oil palm fruit,73.0199906916152,-0.01113058532099771
COG,Republic of the Congo,Africa,2014,Oil palm fruit,269.0570253744245,-0.02101889736099932
COG,Republic of the Congo,Africa,2015,Oil palm fruit,16.94740164855466,-0.01884790248573373
COG,Republic of the Congo,Africa,2016,Oil palm fruit,5.991094494628904,-0.0177970782387032
COG,Republic of the Congo,Africa,2017,Oil palm fruit,136.357399282734,-0.019757999684278
COG,Republic of the Congo,Africa,2018,Oil palm fruit,38.47820144533524,-0.01814181851764588
COG,Republic of the Congo,Africa,2019,Oil palm fruit,288.4051943192291,-0.01891450185926989
COG,Republic of the Congo,Africa,2020,Oil palm fruit,87.17901309531038,-0.02262464274999008
COG,Republic of the Congo,Africa,2021,Oil palm fruit,68.71449413948517,-0.02587433121368864
COG,Republic of the Congo,Africa,2022,Oil palm fruit,119.6507597282273,-0.02630811115921544
COG,Republic of the Congo,Africa,2023,Oil palm fruit,113.5742947543577,-0.02970868170460824
COL,Colombia,South America,2001,Cattle meat,60802.77787729204,0.03273850110761534
COL,Colombia,South America,2002,Cattle meat,76501.10536692715,0.0648662072028795
COL,Colombia,South America,2003,Cattle meat,45236.3136608968,0.08634957504663532
COL,Colombia,South America,2004,Cattle meat,117688.9570659452,0.1348900940957584
COL,Colombia,South America,2005,Cattle meat,86004.47190979944,41.21528325518072
COL,Colombia,South America,2006,Cattle meat,79212.56476848865,42.80009308712305
COL,Colombia,South America,2007,Cattle meat,130977.6750316269,48.1772423395217
COL,Colombia,South America,2008,Cattle meat,52823.98129144976,49.35303991409919
COL,Colombia,South America,2009,Cattle meat,48935.02425358784,42.34164258798526
COL,Colombia,South America,2010,Cattle meat,86910.75651207879,42.73822383328308
COL,Colombia,South America,2011,Cattle meat,88149.63948510018,44.28561557961979
COL,Colombia,South America,2012,Cattle meat,84961.30020434635,39.81059800230216
COL,Colombia,South America,2013,Cattle meat,30303.50718322203,37.47175631406063
COL,Colombia,South America,2014,Cattle meat,43172.67139093733,37.14921437065059
COL,Colombia,South America,2015,Cattle meat,27016.67447773449,30.8700393628786
COL,Colombia,South America,2016,Cattle meat,48933.83629474908,26.81723899893112
COL,Colombia,South America,2017,Cattle meat,84634.59576252695,27.11855056673966
COL,Colombia,South America,2018,Cattle meat,98322.73963526223,34.69031017405285
COL,Colombia,South America,2019,Cattle meat,51663.89652656073,35.61670523750602
COL,Colombia,South America,2020,Cattle meat,82583.97329129998,42.05054824945599
COL,Colombia,South America,2021,Cattle meat,57713.11593515704,43.1954360895225
COL,Colombia,South America,2022,Cattle meat,54460.23217873446,40.01435009232446
COL,Colombia,South America,2023,Cattle meat,15857.30409829809,30.80285919301394
COL,Colombia,South America,2001,Oil palm fruit,816.7684634999324,0.00143874442078595
COL,Colombia,South America,2002,Oil palm fruit,969.4555269392899,0.002962240660098693
COL,Colombia,South America,2003,Oil palm fruit,670.8824910830208,0.004589160520327149
COL,Colombia,South America,2004,Oil palm fruit,1094.330462111724,0.008153326390919006
COL,Colombia,South America,2005,Oil palm fruit,761.2319868684656,0.1210066397502573
COL,Colombia,South America,2006,Oil palm fruit,1003.532358488171,0.1610939778905233
COL,Colombia,South America,2007,Oil palm fruit,2420.908460244634,0.1402428740884027
COL,Colombia,South America,2008,Oil palm fruit,23609.44722786875,-0.7920527670658718
COL,Colombia,South America,2009,Oil palm fruit,14288.86209848315,-1.308103466568744
COL,Colombia,South America,2010,Oil palm fruit,2594.168782521097,-1.292419711002167
COL,Colombia,South America,2011,Oil palm fruit,2573.972678412166,-1.353315040541985
COL,Colombia,South America,2012,Oil palm fruit,5137.792751121775,-1.386428008672725
COL,Colombia,South America,2013,Oil palm fruit,9761.011807481518,-0.7747705925544331
COL,Colombia,South America,2014,Oil palm fruit,18024.70561333494,-0.993358060261744
COL,Colombia,South America,2015,Oil palm fruit,16268.95816172066,-1.695795245076096
COL,Colombia,South America,2016,Oil palm fruit,25173.96655813306,-2.687273437482578
COL,Colombia,South America,2017,Oil palm fruit,9850.882148894689,-2.905252038363105
COL,Colombia,South America,2018,Oil palm fruit,1221.083937169357,-2.553835921850298
COL,Colombia,South America,2019,Oil palm fruit,1255.731805474541,-1.809993102225968
COL,Colombia,South America,2020,Oil palm fruit,9140.297918133841,-1.492267213304732
COL,Colombia,South America,2021,Oil palm fruit,10001.2140638148,-0.8634696887799717
COL,Colombia,South America,2022,Oil palm fruit,9484.759015601068,-0.9577894273974377
COL,Colombia,South America,2023,Oil palm fruit,5390.944436362165,-1.138381534560278
COL,Colombia,South America,2001,Soya beans,313.2219670737027,0.0002243811438794026
COL,Colombia,South America,2002,Soya beans,0.0,0.0002243811438794026
COL,Colombia,South America,2003,Soya beans,0.0,0.0002243811438794026
COL,Colombia,South America,2004,Soya beans,0.0,0.0002243811438794026
COL,Colombia,South America,2005,Soya beans,0.0,0.04668038304964122
COL,Colombia,South America,2006,Soya beans,0.0,0.0002243811438794026
COL,Colombia,South America,2007,Soya beans,190.46986900589,0.03325471673360106
COL,Colombia,South America,2008,Soya beans,2933.767217716255,0.5475675115212267
COL,Colombia,South America,2009,Soya beans,998.0187072452711,0.6944782212629932
COL,Colombia,South America,2010,Soya beans,0.0,0.6944782212629932
COL,Colombia,South America,2011,Soya beans,31.93213535599042,0.6995331731594282
COL,Colombia,South America,2012,Soya beans,48.15323756241955,0.6750830055158757
COL,Colombia,South America,2013,Soya beans,0.0,0.1642722216801139
COL,Colombia,South America,2014,Soya beans,0.0,0.01850715150583757
COL,Colombia,South America,2015,Soya beans,63.03028220591776,0.02938505086371612
COL,Colombia,South America,2016,Soya beans,1414.271594333069,0.2503755885253778
COL,Colombia,South America,2017,Soya beans,6283.587704734366,1.030189470772551
COL,Colombia,South America,2018,Soya beans,4154.135342969913,1.529775855200667
COL,Colombia,South America,2019,Soya beans,3903.00738442638,1.987903375431498
COL,Colombia,South America,2020,Soya beans,12949.61376211722,3.647448174320001
COL,Colombia,South America,2021,Soya beans,16608.55440649327,5.608194287727161
COL,Colombia,South America,2022,Soya beans,17322.59649974484,7.094142178441839
COL,Colombia,South America,2023,Soya beans,7391.755027759315,7.498290292923294
COM,Comoros,Africa,2001,Cattle meat,0.0,0.0
COM,Comoros,Africa,2002,Cattle meat,0.0,0.0
COM,Comoros,Africa,2003,Cattle meat,0.0,0.0
COM,Comoros,Africa,2004,Cattle meat,0.4527307228457204,0.0
COM,Comoros,Africa,2005,Cattle meat,2.525485940483878,0.0002551525070097283
COM,Comoros,Africa,2006,Cattle meat,0.5855822437918018,0.0003002542896889862
COM,Comoros,Africa,2007,Cattle meat,3.168823820119444,0.0005715757788246729
COM,Comoros,Africa,2008,Cattle meat,1.374785290968531,0.0006996711977788634
COM,Comoros,Africa,2009,Cattle meat,5.093723854172208,0.001114531883683258
COM,Comoros,Africa,2010,Cattle meat,3.67652564761434,0.001262073944102781
COM,Comoros,Africa,2011,Cattle meat,3.515285233158718,0.00154854235953225
COM,Comoros,Africa,2012,Cattle meat,5.437281103865532,0.00172041684702928
COM,Comoros,Africa,2013,Cattle meat,38.60453574802509,0.004267351451016467
COM,Comoros,Africa,2014,Cattle meat,45.71091052650385,0.007504539829889504
COM,Comoros,Africa,2015,Cattle meat,18.23500180669362,0.008780078906654453
COM,Comoros,Africa,2016,Cattle meat,6.739937402736412,0.008894863640744238
COM,Comoros,Africa,2017,Cattle meat,15.2296568093872,0.009947414271800459
COM,Comoros,Africa,2018,Cattle meat,13.0767594165039,0.008359082973567298
COM,Comoros,Africa,2019,Cattle meat,5.090760476565175,0.005111838524045512
COM,Comoros,Africa,2020,Cattle meat,7.90005746083613,0.004309762305556765
COM,Comoros,Africa,2021,Cattle meat,6.308527936501401,0.004456485213734292
COM,Comoros,Africa,2022,Cattle meat,7.92947045571886,0.003743706164531428
COM,Comoros,Africa,2023,Cattle meat,4.958885617166393,0.003135791672934859
CPV,Cabo Verde,Africa,2001,Cattle meat,0.0,0.0
CPV,Cabo Verde,Africa,2002,Cattle meat,0.0,0.0
CPV,Cabo Verde,Africa,2003,Cattle meat,0.0,0.0
CPV,Cabo Verde,Africa,2004,Cattle meat,0.3658834843125081,0.0
CPV,Cabo Verde,Africa,2005,Cattle meat,0.0,7.693437116948447e-08
CPV,Cabo Verde,Africa,2006,Cattle meat,0.0,7.693437116948447e-08
CPV,Cabo Verde,Africa,2007,Cattle meat,0.0,7.693437116948447e-08
CPV,Cabo Verde,Africa,2008,Cattle meat,0.0,7.693437116948447e-08
CPV,Cabo Verde,Africa,2009,Cattle meat,0.0,0.0
CPV,Cabo Verde,Africa,2010,Cattle meat,0.0,0.0
CPV,Cabo Verde,Africa,2011,Cattle meat,2.893905234570797,-5.789618927100992e-07
CPV,Cabo Verde,Africa,2012,Cattle meat,2.893905234570797,-3.1705993085799e-07
CPV,Cabo Verde,Africa,2013,Cattle meat,5.775411316569286,1.27315641633395e-06
CPV,Cabo Verde,Africa,2014,Cattle meat,2.195575101458799,1.604008338627987e-06
CPV,Cabo Verde,Africa,2015,Cattle meat,0.0,1.604008338627987e-06
CPV,Cabo Verde,Africa,2016,Cattle meat,0.0,2.182970231338086e-06
CPV,Cabo Verde,Africa,2017,Cattle meat,0.0,1.921068269485977e-06
CPV,Cabo Verde,Africa,2018,Cattle meat,0.1324240975971009,3.392503952297458e-07
CPV,Cabo Verde,Africa,2019,Cattle meat,0.03784108392202568,1.324428158071683e-08
CPV,Cabo Verde,Africa,2020,Cattle meat,1.211610587559226,-4.180414643031736e-08
CPV,Cabo Verde,Africa,2021,Cattle meat,0.0,-4.180414643031736e-08
CPV,Cabo Verde,Africa,2022,Cattle meat,0.0,-4.180414643031736e-08
CPV,Cabo Verde,Africa,2023,Cattle meat,0.0,-5.020261936602598e-08
CRI,Costa Rica,North and Central America,2001,Cattle meat,0.0,0.0
CRI,Costa Rica,North and Central America,2002,Cattle meat,0.0,0.0
CRI,Costa Rica,North and Central America,2003,Cattle meat,0.0,0.0
CRI,Costa Rica,North and Central America,2004,Cattle meat,0.0,0.0
CRI,Costa Rica,North and Central America,2005,Cattle meat,0.0,0.0
CRI,Costa Rica,North and Central America,2006,Cattle meat,0.0,0.0
CRI,Costa Rica,North and Central America,2007,Cattle meat,0.0,0.0
CRI,Costa Rica,North and Central America,2008,Cattle meat,0.0,0.0
CRI,Costa Rica,North and Central America,2009,Cattle meat,0.0,0.0
CRI,Costa Rica,North and Central America,2010,Cattle meat,0.0,0.0
CRI,Costa Rica,North and Central America,2011,Cattle meat,0.0,0.0
CRI,Costa Rica,North and Central America,2012,Cattle meat,0.0,0.0
CRI,Costa Rica,North and Central America,2013,Cattle meat,0.0,0.0
CRI,Costa Rica,North and Central America,2014,Cattle meat,0.0,0.0
CRI,Costa Rica,North and Central America,2015,Cattle meat,0.0,0.0
CRI,Costa Rica,North and Central America,2016,Cattle meat,0.0,0.0
CRI,Costa Rica,North and Central America,2017,Cattle meat,0.0,0.0
CRI,Costa Rica,North and Central America,2018,Cattle meat,0.0,0.0
CRI,Costa Rica,North and Central America,2019,Cattle meat,0.0,0.0
CRI,Costa Rica,North and Central America,2020,Cattle meat,0.0,0.0
CRI,Costa Rica,North and Central America,2021,Cattle meat,0.0,0.0
CRI,Costa Rica,North and Central America,2022,Cattle meat,148.8940079820016,0.01661122979570168
CRI,Costa Rica,North and Central America,2023,Cattle meat,49.63133599400053,0.02144320365329615
CRI,Costa Rica,North and Central America,2001,Oil palm fruit,2391.472867623079,0.0005163639535514527
CRI,Costa Rica,North and Central America,2002,Oil palm fruit,1257.582231081485,0.0009709745074808961
CRI,Costa Rica,North and Central America,2003,Oil palm fruit,902.7916214301163,0.001235305421487366
CRI,Costa Rica,North and Central America,2004,Oil palm fruit,419.9227631200491,0.001821766896525635
CRI,Costa Rica,North and Central America,2005,Oil palm fruit,840.9565112474415,-0.2250475316003118
CRI,Costa Rica,North and Central America,2006,Oil palm fruit,1105.491241230946,-0.1692629594535871
CRI,Costa Rica,North and Central America,2007,Oil palm fruit,1123.437187213635,-0.1623100008930706
CRI,Costa Rica,North and Central America,2008,Oil palm fruit,2013.08879005474,-0.1888339860081498
CRI,Costa Rica,North and Central America,2009,Oil palm fruit,3358.365974547572,-0.2987175921038647
CRI,Costa Rica,North and Central America,2010,Oil palm fruit,5212.411900540646,-0.4933592518347295
CRI,Costa Rica,North and Central America,2011,Oil palm fruit,3295.791206546581,-0.586291184000449
CRI,Costa Rica,North and Central America,2012,Oil palm fruit,1114.326876059031,-0.5786705746774385
CRI,Costa Rica,North and Central America,2013,Oil palm fruit,145.137167895053,-0.5029159845264272
CRI,Costa Rica,North and Central America,2014,Oil palm fruit,150.8291309983915,-0.3684388040056003
CRI,Costa Rica,North and Central America,2015,Oil palm fruit,61.68599925441107,-0.1411885761278585
CRI,Costa Rica,North and Central America,2016,Oil palm fruit,470.4879959889101,-0.02026774463503496
CRI,Costa Rica,North and Central America,2017,Oil palm fruit,208.2445391133767,0.01135004652169878
CRI,Costa Rica,North and Central America,2018,Oil palm fruit,16.24523365478515,0.005088851287798735
CRI,Costa Rica,North and Central America,2019,Oil palm fruit,36.90957463378906,0.0001329467736311367
CRI,Costa Rica,North and Central America,2020,Oil palm fruit,451.7052210326916,-0.02174712259665052
CRI,Costa Rica,North and Central America,2021,Oil palm fruit,56.94304878693677,-0.008137460633122047
CRI,Costa Rica,North and Central America,2022,Oil palm fruit,1.536141862704137,-0.001821362292112851
CRI,Costa Rica,North and Central America,2023,Oil palm fruit,220.0744662490073,-0.01221353327597735
CUB,Cuba,North and Central America,2001,Cattle meat,694.1998274613743,0.0001789666111870449
CUB,Cuba,North and Central America,2002,Cattle meat,389.8906432068255,0.0003866715607897198
CUB,Cuba,North and Central America,2003,Cattle meat,245.7160906620032,0.0005763706604412076
CUB,Cuba,North and Central America,2004,Cattle meat,916.9889825837527,0.001200880232965247
CUB,Cuba,North and Central America,2005,Cattle meat,340.8122062715424,0.1154270367071315
CUB,Cuba,North and Central America,2006,Cattle meat,308.8774696274929,0.1031771919367291
CUB,Cuba,North and Central America,2007,Cattle meat,231.6129682559521,0.09663721113517397
CUB,Cuba,North and Central America,2008,Cattle meat,708.474710868066,0.1320148906457895
CUB,Cuba,North and Central America,2009,Cattle meat,576.3897926237838,0.1192815733112173
CUB,Cuba,North and Central America,2010,Cattle meat,275.3206472938218,0.1146944630234568
CUB,Cuba,North and Central America,2011,Cattle meat,548.7262175282693,0.1192291159278691
CUB,Cuba,North and Central America,2012,Cattle meat,0.0,0.107962744887279
CUB,Cuba,North and Central America,2013,Cattle meat,0.0,0.06180338151350282
CUB,Cuba,North and Central America,2014,Cattle meat,0.0,0.03863126363275615
CUB,Cuba,North and Central America,2015,Cattle meat,33.60724926150682,0.0260530504730326
CUB,Cuba,North and Central America,2016,Cattle meat,1725.044908568578,0.1620643162829301
CUB,Cuba,North and Central America,2017,Cattle meat,624.2801612695627,0.2083092827111898
CUB,Cuba,North and Central America,2018,Cattle meat,320.5596081740721,0.2297771810721887
CUB,Cuba,North and Central America,2019,Cattle meat,65.3594405317516,0.2340229135922239
CUB,Cuba,North and Central America,2020,Cattle meat,124.5562233434597,0.2418366187914187
CUB,Cuba,North and Central America,2021,Cattle meat,82.72997545287727,0.09320104788134431
CUB,Cuba,North and Central America,2022,Cattle meat,88.92106903730607,0.05479333205551321
CUB,Cuba,North and Central America,2023,Cattle meat,138.6496251405086,0.04398543681769061
CUB,Cuba,North and Central America,2001,Soya beans,0.0,0.0
CUB,Cuba,North and Central America,2002,Soya beans,0.0,0.0
CUB,Cuba,North and Central America,2003,Soya beans,0.0,0.0
CUB,Cuba,North and Central America,2004,Soya beans,0.0,0.0
CUB,Cuba,North and Central America,2005,Soya beans,0.0,0.0
CUB,Cuba,North and Central America,2006,Soya beans,0.0,0.0
CUB,Cuba,North and Central America,2007,Soya beans,0.0,0.0
CUB,Cuba,North and Central America,2008,Soya beans,0.0,0.0
CUB,Cuba,North and Central America,2009,Soya beans,0.0,0.0
CUB,Cuba,North and Central America,2010,Soya beans,0.0,0.0
CUB,Cuba,North and Central America,2011,Soya beans,0.0,0.0
CUB,Cuba,North and Central America,2012,Soya beans,0.0,0.0
CUB,Cuba,North and Central America,2013,Soya beans,0.0,0.0
CUB,Cuba,North and Central America,2014,Soya beans,0.0,0.0
CUB,Cuba,North and Central America,2015,Soya beans,0.0,0.0
CUB,Cuba,North and Central America,2016,Soya beans,0.0,0.0
CUB,Cuba,North and Central America,2017,Soya beans,0.0,0.0
CUB,Cuba,North and Central America,2018,Soya beans,0.8994041495534211,3.937519492581742e-05
CUB,Cuba,North and Central America,2019,Soya beans,7.10371810673366,0.0004974779347082458
CUB,Cuba,North and Central America,2020,Soya beans,1.964024399549318,0.0006667657097229159
CUB,Cuba,North and Central America,2021,Soya beans,0.0,0.0006667657097229159
CUB,Cuba,North and Central America,2022,Soya beans,0.0,0.0006667657097229159
CUB,Cuba,North and Central America,2023,Soya beans,0.5580741396668041,0.0006783765496224682
CYP,Cyprus,Rest of Asia,2001,Cattle meat,0.1263865753096462,0.0
CYP,Cyprus,Rest of Asia,2002,Cattle meat,0.04025050895251969,0.0
CYP,Cyprus,Rest of Asia,2003,Cattle meat,0.08853188214154702,0.0
CYP,Cyprus,Rest of Asia,2004,Cattle meat,14.80164129638672,0.0
CYP,Cyprus,Rest of Asia,2005,Cattle meat,3.382697198567707,0.0009076063827541045
CYP,Cyprus,Rest of Asia,2006,Cattle meat,6.077336617066627,0.001180013070849338
CYP,Cyprus,Rest of Asia,2007,Cattle meat,11.2558144921875,0.001724362704823461
CYP,Cyprus,Rest of Asia,2008,Cattle meat,7.885460562133788,0.00209523504482892
CYP,Cyprus,Rest of Asia,2009,Cattle meat,0.0,0.001368958070816162
CYP,Cyprus,Rest of Asia,2010,Cattle meat,0.0,0.001199983279535343
CYP,Cyprus,Rest of Asia,2011,Cattle meat,0.0,0.0009214638609107474
CYP,Cyprus,Rest of Asia,2012,Cattle meat,0.0,0.0003752047728297568
CYP,Cyprus,Rest of Asia,2013,Cattle meat,0.0,0.0
CYP,Cyprus,Rest of Asia,2014,Cattle meat,0.0,0.0
CYP,Cyprus,Rest of Asia,2015,Cattle meat,0.0,0.0
CYP,Cyprus,Rest of Asia,2016,Cattle meat,0.02770327342057623,1.188865086518446e-06
CYP,Cyprus,Rest of Asia,2017,Cattle meat,0.1058061778487375,5.261665483947711e-06
CYP,Cyprus,Rest of Asia,2018,Cattle meat,0.4215206301879883,2.29237131434457e-05
CYP,Cyprus,Rest of Asia,2019,Cattle meat,4.63130019700114,0.0002697557282962328
CYP,Cyprus,Rest of Asia,2020,Cattle meat,0.0,0.0002697557282962328
CYP,Cyprus,Rest of Asia,2021,Cattle meat,0.0,0.0002685668632097144
CYP,Cyprus,Rest of Asia,2022,Cattle meat,0.0,0.0002644940628122851
CYP,Cyprus,Rest of Asia,2023,Cattle meat,0.0,0.0002468320151527871
CZE,Czechia,Europe,2001,Cattle meat,0.0,0.0
CZE,Czechia,Europe,2002,Cattle meat,65.46861757806967,9.907866492094234e-06
CZE,Czechia,Europe,2003,Cattle meat,24.25788743033256,9.907866492094234e-06
CZE,Czechia,Europe,2004,Cattle meat,106.8474346578202,1.668597139878674e-05
CZE,Czechia,Europe,2005,Cattle meat,170.9794699087968,0.02361022368172944
CZE,Czechia,Europe,2006,Cattle meat,52.59812613571884,0.0270242800322034
CZE,Czechia,Europe,2007,Cattle meat,106.8002447872111,0.03004989174018286
CZE,Czechia,Europe,2008,Cattle meat,89.32653133648024,0.03425011424702631
CZE,Czechia,Europe,2009,Cattle meat,83.58405336737898,0.03279858942083932
CZE,Czechia,Europe,2010,Cattle meat,105.9582303330772,0.02864710168368936
CZE,Czechia,Europe,2011,Cattle meat,102.2343527187159,0.03231852594300803
CZE,Czechia,Europe,2012,Cattle meat,0.0,0.02519012528695118
CZE,Czechia,Europe,2013,Cattle meat,0.0,0.01946146210496532
CZE,Czechia,Europe,2014,Cattle meat,5.456706193223987,0.01435981024118865
CZE,Czechia,Europe,2015,Cattle meat,39.22519186172484,0.009892179773909273
CZE,Czechia,Europe,2016,Cattle meat,73.27218760154274,0.007289931519669143
CZE,Czechia,Europe,2017,Cattle meat,65.72046689928251,0.01103429054702584
CZE,Czechia,Europe,2018,Cattle meat,63.96556949228026,0.01484870002295274
CZE,Czechia,Europe,2019,Cattle meat,56.77111592610544,0.01826135985963852
CZE,Czechia,Europe,2020,Cattle meat,0.0,0.01587047215416584
CZE,Czechia,Europe,2021,Cattle meat,0.0,0.01140073715284287
CZE,Czechia,Europe,2022,Cattle meat,0.0,0.007661124940717816
CZE,Czechia,Europe,2023,Cattle meat,0.0,0.00385169870395705
CZE,Czechia,Europe,2001,Soya beans,6.164137607608446,7.789797232244176e-08
CZE,Czechia,Europe,2002,Soya beans,5.277557149407822,3.72357823172633e-07
CZE,Czechia,Europe,2003,Soya beans,0.4517868120508727,3.72357823172633e-07
CZE,Czechia,Europe,2004,Soya beans,0.0,3.72357823172633e-07
CZE,Czechia,Europe,2005,Soya beans,0.0,0.0007576934203070315
CZE,Czechia,Europe,2006,Soya beans,0.0,0.0003657860155274767
CZE,Czechia,Europe,2007,Soya beans,2.140241343212667,0.0002747735243064776
CZE,Czechia,Europe,2008,Soya beans,2.168206696755337,0.0004033813483335471
CZE,Czechia,Europe,2009,Soya beans,0.0,0.0004033813483335471
CZE,Czechia,Europe,2010,Soya beans,0.0,0.0004033813483335471
CZE,Czechia,Europe,2011,Soya beans,0.0,0.0004033813483335471
CZE,Czechia,Europe,2012,Soya beans,8.02490483710522,0.0007157531662697647
CZE,Czechia,Europe,2013,Soya beans,0.6474482138450202,0.0005869067480235062
CZE,Czechia,Europe,2014,Soya beans,13.71112299598068,0.00159014392178034
CZE,Czechia,Europe,2015,Soya beans,0.6885113826729727,0.00166882678790786
CZE,Czechia,Europe,2016,Soya beans,1.360805495373634,0.00176374551123748
CZE,Czechia,Europe,2017,Soya beans,0.0,0.001212869283589406
CZE,Czechia,Europe,2018,Soya beans,9.016294514809934,0.001822311669172268
CZE,Czechia,Europe,2019,Soya beans,12.43382394024594,0.001671236703635107
CZE,Czechia,Europe,2020,Soya beans,17.55229299211777,0.003264747762462088
CZE,Czechia,Europe,2021,Soya beans,4.346902188368656,0.003701711943190683
CZE,Czechia,Europe,2022,Soya beans,0.0,0.003701711943190683
CZE,Czechia,Europe,2023,Soya beans,2.537304749683158,0.003403321496876603
DEU,Germany,Europe,2001,Cattle meat,12.17651114621502,9.744113012870623e-06
DEU,Germany,Europe,2002,Cattle meat,51.09527191880291,4.661745512548059e-05
DEU,Germany,Europe,2003,Cattle meat,0.7013079846626845,4.698063640982284e-05
DEU,Germany,Europe,2004,Cattle meat,66.51176364023635,9.84705401846906e-05
DEU,Germany,Europe,2005,Cattle meat,0.0,0.009623456368426419
DEU,Germany,Europe,2006,Cattle meat,0.0,0.008685614292083236
DEU,Germany,Europe,2007,Cattle meat,0.0,0.004990256645903007
DEU,Germany,Europe,2008,Cattle meat,0.0,0.004939871314879388
DEU,Germany,Europe,2009,Cattle meat,0.0,9.84705401846906e-05
DEU,Germany,Europe,2010,Cattle meat,0.0,9.84705401846906e-05
DEU,Germany,Europe,2011,Cattle meat,446.1523482580205,0.03446509842625235
DEU,Germany,Europe,2012,Cattle meat,327.6177277745774,0.05916478568849621
DEU,Germany,Europe,2013,Cattle meat,363.7735122383768,0.08276812233235477
DEU,Germany,Europe,2014,Cattle meat,525.0791871520779,0.1178444303825055
DEU,Germany,Europe,2015,Cattle meat,193.5422122675782,0.1311142312281759
DEU,Germany,Europe,2016,Cattle meat,313.0144219811249,0.1177488122267096
DEU,Germany,Europe,2017,Cattle meat,418.8645734334388,0.1217705045425507
DEU,Germany,Europe,2018,Cattle meat,368.1389846105084,0.1225134486277448
DEU,Germany,Europe,2019,Cattle meat,303.8806227190624,0.1093576489624849
DEU,Germany,Europe,2020,Cattle meat,0.0,0.0963218231119736
DEU,Germany,Europe,2021,Cattle meat,0.0,0.07602059951219431
DEU,Germany,Europe,2022,Cattle meat,0.0,0.04795168504077132
DEU,Germany,Europe,2023,Cattle meat,0.0,0.02430185574783812
DEU,Germany,Europe,2001,Soya beans,0.0,0.0
DEU,Germany,Europe,2002,Soya beans,0.0,0.0
DEU,Germany,Europe,2003,Soya beans,1.088596918130405,1.103914639233919e-06
DEU,Germany,Europe,2004,Soya beans,3.322424812054615,1.834544081015105e-05
DEU,Germany,Europe,2005,Soya beans,2.903096334479077,0.001867159123405307
DEU,Germany,Europe,2006,Soya beans,0.0,0.001867159123405307
DEU,Germany,Europe,2007,Soya beans,0.0,0.001867159123405307
DEU,Germany,Europe,2008,Soya beans,4.380509691128283,0.002073164384569413
DEU,Germany,Europe,2009,Soya beans,3.027157481475678,0.0009237527606169
DEU,Germany,Europe,2010,Soya beans,30.04004566771398,0.003376282447546885
DEU,Germany,Europe,2011,Soya beans,21.91826674995797,0.006922504658600896
DEU,Germany,Europe,2012,Soya beans,19.61006469983057,0.008665962815871375
DEU,Germany,Europe,2013,Soya beans,4.965685545779473,0.008705736731295663
DEU,Germany,Europe,2014,Soya beans,10.52540189566347,0.009245588887668705
DEU,Germany,Europe,2015,Soya beans,6.512960562101757,0.007133159739449113
DEU,Germany,Europe,2016,Soya beans,12.10894638297251,0.004569176789123095
DEU,Germany,Europe,2017,Soya beans,26.87111048375357,0.005033648763857365
DEU,Germany,Europe,2018,Soya beans,28.88666053534792,0.0069940932949133
DEU,Germany,Europe,2019,Soya beans,25.11920142553918,0.009915073206509747
DEU,Germany,Europe,2020,Soya beans,13.35179816802761,0.01152952350055501
DEU,Germany,Europe,2021,Soya beans,14.3535788655079,0.0128085727789143
DEU,Germany,Europe,2022,Soya beans,0.0,0.01062928960374094
DEU,Germany,Europe,2023,Soya beans,6.400413791151371,0.009336307956053707
DMA,Dominica,North and Central America,2001,Cattle meat,0.0,0.0
DMA,Dominica,North and Central America,2002,Cattle meat,0.0,0.0
DMA,Dominica,North and Central America,2003,Cattle meat,0.0,0.0
DMA,Dominica,North and Central America,2004,Cattle meat,0.0,0.0
DMA,Dominica,North and Central America,2005,Cattle meat,0.0,0.0
DMA,Dominica,North and Central America,2006,Cattle meat,0.0,0.0
DMA,Dominica,North and Central America,2007,Cattle meat,0.0,0.0
DMA,Dominica,North and Central America,2008,Cattle meat,0.0,0.0
DMA,Dominica,North and Central America,2009,Cattle meat,0.0,0.0
DMA,Dominica,North and Central America,2010,Cattle meat,0.2903596464985734,2.435802803492972e-05
DMA,Dominica,North and Central America,2011,Cattle meat,0.2903596464985734,5.4925581481435e-05
DMA,Dominica,North and Central America,2012,Cattle meat,1.161326331752629,0.00017353759651648
DMA,Dominica,North and Central America,2013,Cattle meat,0.8709666852540551,0.0002649745635477491
DMA,Dominica,North and Central America,2014,Cattle meat,0.3426322755902096,0.0003036996175652866
DMA,Dominica,North and Central America,2015,Cattle meat,0.0,0.0002793415895303569
DMA,Dominica,North and Central America,2016,Cattle meat,0.0,0.000252145349350589
DMA,Dominica,North and Central America,2017,Cattle meat,0.0,0.0001335333343155442
DMA,Dominica,North and Central America,2018,Cattle meat,0.0,4.209636728427501e-05
DMA,Dominica,North and Central America,2019,Cattle meat,0.0,3.371313266737495e-06
DMA,Dominica,North and Central America,2020,Cattle meat,0.0,3.371313266737495e-06
DMA,Dominica,North and Central America,2021,Cattle meat,0.0,3.371313266737495e-06
DMA,Dominica,North and Central America,2022,Cattle meat,0.0,3.371313266737495e-06
DMA,Dominica,North and Central America,2023,Cattle meat,0.0,3.371313266737495e-06
DNK,Denmark,Europe,2001,Cattle meat,0.0,0.0
DNK,Denmark,Europe,2002,Cattle meat,0.0,0.0
DNK,Denmark,Europe,2003,Cattle meat,0.0,0.0
DNK,Denmark,Europe,2004,Cattle meat,0.0,0.0
DNK,Denmark,Europe,2005,Cattle meat,0.0,0.0
DNK,Denmark,Europe,2006,Cattle meat,0.0,0.0
DNK,Denmark,Europe,2007,Cattle meat,0.0,0.0
DNK,Denmark,Europe,2008,Cattle meat,0.0,0.0
DNK,Denmark,Europe,2009,Cattle meat,82.90321385550307,0.003943530683469705
DNK,Denmark,Europe,2010,Cattle meat,0.0,0.003943530683469705
DNK,Denmark,Europe,2011,Cattle meat,39.30920822825293,0.005757009340181167
DNK,Denmark,Europe,2012,Cattle meat,64.84653680722765,0.008693981679901541
DNK,Denmark,Europe,2013,Cattle meat,26.59551604522705,0.009672290135557001
DNK,Denmark,Europe,2014,Cattle meat,72.21819381736009,0.008455804832569733
DNK,Denmark,Europe,2015,Cattle meat,0.0,0.008455804832569733
DNK,Denmark,Europe,2016,Cattle meat,0.0,0.006647479030709841
DNK,Denmark,Europe,2017,Cattle meat,0.0,0.003730156842683856
DNK,Denmark,Europe,2018,Cattle meat,36.05708295856072,0.004079738012340942
DNK,Denmark,Europe,2019,Cattle meat,102.7075151805246,0.005090954512740308
DNK,Denmark,Europe,2020,Cattle meat,28.26864843593589,0.006096783752457489
DNK,Denmark,Europe,2021,Cattle meat,0.0,0.006096783752457489
DNK,Denmark,Europe,2022,Cattle meat,0.0,0.006096783752457489
DNK,Denmark,Europe,2023,Cattle meat,3.388917236641003,0.004897601552798754
DOM,Dominican Republic,North and Central America,2001,Cattle meat,72.94000447144376,3.435450747835465e-05
DOM,Dominican Republic,North and Central America,2002,Cattle meat,0.0,3.435450747835465e-05
DOM,Dominican Republic,North and Central America,2003,Cattle meat,0.0,3.435450747835465e-05
DOM,Dominican Republic,North and Central America,2004,Cattle meat,0.0,3.435450747835465e-05
DOM,Dominican Republic,North and Central America,2005,Cattle meat,0.0,0.003403385350933914
DOM,Dominican Republic,North and Central America,2006,Cattle meat,6.712140149429795,0.0002998179517012072
DOM,Dominican Republic,North and Central America,2007,Cattle meat,252.2257613502165,0.01084679700665337
DOM,Dominican Republic,North and Central America,2008,Cattle meat,83.8180381352737,0.01479692349819732
DOM,Dominican Republic,North and Central America,2009,Cattle meat,621.7302071312408,0.0405029385120557
DOM,Dominican Republic,North and Central America,2010,Cattle meat,3.344841218040896,0.04064356442865597
DOM,Dominican Republic,North and Central America,2011,Cattle meat,26.64195777190836,0.04149527594415253
DOM,Dominican Republic,North and Central America,2012,Cattle meat,58.53901915745701,0.03365947792151205
DOM,Dominican Republic,North and Central America,2013,Cattle meat,136.3027616586415,0.03434979649721886
DOM,Dominican Republic,North and Central America,2014,Cattle meat,63.7865127102532,0.01089945893790391
DOM,Dominican Republic,North and Central America,2015,Cattle meat,14.5826346540995,0.01129044653149022
DOM,Dominican Republic,North and Central America,2016,Cattle meat,29.00850943822543,0.01200959680297335
DOM,Dominican Republic,North and Central America,2017,Cattle meat,350.9033130696754,0.03677233806239827
DOM,Dominican Republic,North and Central America,2018,Cattle meat,145.3098997528765,0.04186441253111051
DOM,Dominican Republic,North and Central America,2019,Cattle meat,40.05059700948168,0.04236550272306724
DOM,Dominican Republic,North and Central America,2020,Cattle meat,18.0172223906464,0.0430904761811431
DOM,Dominican Republic,North and Central America,2021,Cattle meat,9.420512231874293,0.04186562660768899
DOM,Dominican Republic,North and Central America,2022,Cattle meat,2.815228858650346,0.0154712444801994
DOM,Dominican Republic,North and Central America,2023,Cattle meat,17.81142207862497,0.007484336238722951
DOM,Dominican Republic,North and Central America,2001,Oil palm fruit,115.5216977641853,2.900826795825797e-05
DOM,Dominican Republic,North and Central America,2002,Oil palm fruit,48.05884092214612,3.908187973969791e-05
DOM,Dominican Republic,North and Central America,2003,Oil palm fruit,40.03536065132507,5.65907394694967e-05
DOM,Dominican Republic,North and Central America,2004,Oil palm fruit,56.83923235304178,7.000501745608351e-05
DOM,Dominican Republic,North and Central America,2005,Oil palm fruit,35.36967873231288,-0.008237028439834749
DOM,Dominican Republic,North and Central America,2006,Oil palm fruit,55.72359841845482,-0.007673950599703997
DOM,Dominican Republic,North and Central America,2007,Oil palm fruit,7.943532653808596,-0.00581602830272657
DOM,Dominican Republic,North and Central America,2008,Oil palm fruit,56.18470462646447,0.0003778790941237464
DOM,Dominican Republic,North and Central America,2009,Oil palm fruit,11.09056236572266,0.002117885540935913
DOM,Dominican Republic,North and Central America,2010,Oil palm fruit,30.64438706540489,0.002831765858504739
DOM,Dominican Republic,North and Central America,2011,Oil palm fruit,8.146749925203638,0.004996190967683474
DOM,Dominican Republic,North and Central America,2012,Oil palm fruit,8.30875789523316,0.004183115337123329
DOM,Dominican Republic,North and Central America,2013,Oil palm fruit,0.0,-0.0003973235280408256
DOM,Dominican Republic,North and Central America,2014,Oil palm fruit,0.0,-0.001020876106219119
DOM,Dominican Republic,North and Central America,2015,Oil palm fruit,0.5107301879882812,-0.000395984062488652
DOM,Dominican Republic,North and Central America,2016,Oil palm fruit,25.76000472537419,-0.001282826202511664
DOM,Dominican Republic,North and Central America,2017,Oil palm fruit,44.77114177684798,-0.00296463935094811
DOM,Dominican Republic,North and Central America,2018,Oil palm fruit,68.61221446078545,-0.005953344882602924
DOM,Dominican Republic,North and Central America,2019,Oil palm fruit,15.96115674765932,-0.006646421737553303
DOM,Dominican Republic,North and Central America,2020,Oil palm fruit,5.242997321703485,-0.006874958399659943
DOM,Dominican Republic,North and Central America,2021,Oil palm fruit,2.931109525031708,-0.005870664468600639
DOM,Dominican Republic,North and Central America,2022,Oil palm fruit,2.859757279676555,-0.004021442198259301
DOM,Dominican Republic,North and Central America,2023,Oil palm fruit,5.716269507752888,-0.001244577500866844
DZA,Algeria,Africa,2001,Cattle meat,24.2212814693807,0.0
DZA,Algeria,Africa,2002,Cattle meat,52.77460923983802,5.48774044553103e-05
DZA,Algeria,Africa,2003,Cattle meat,62.28388582931218,5.70769419752688e-05
DZA,Algeria,Africa,2004,Cattle meat,39.46264601184548,6.207265804277835e-05
DZA,Algeria,Africa,2005,Cattle meat,32.1358449540781,0.009895084117698981
DZA,Algeria,Africa,2006,Cattle meat,42.35870632137057,0.01090189754420893
DZA,Algeria,Africa,2007,Cattle meat,36.83894981822293,0.01025428118200063
DZA,Algeria,Africa,2008,Cattle meat,53.59245836893115,0.009796134205313707
DZA,Algeria,Africa,2009,Cattle meat,54.97777001281393,0.01087148272812376
DZA,Algeria,Africa,2010,Cattle meat,31.75012964453505,0.01067342351074418
DZA,Algeria,Africa,2011,Cattle meat,37.54091907628166,0.01041862070182577
DZA,Algeria,Africa,2012,Cattle meat,21.03169858174454,0.009803340394243097
DZA,Algeria,Africa,2013,Cattle meat,0.0,0.007279712311153767
DZA,Algeria,Africa,2014,Cattle meat,0.0,0.004360233827929847
DZA,Algeria,Africa,2015,Cattle meat,0.0,0.003009598426714969
DZA,Algeria,Africa,2016,Cattle meat,0.0,0.001229887244966363
DZA,Algeria,Africa,2017,Cattle meat,9.092728493582035,0.0006201824152290683
DZA,Algeria,Africa,2018,Cattle meat,9.742952112944957,0.001088418671958666
DZA,Algeria,Africa,2019,Cattle meat,6.698557937905792,0.001385874019924574
DZA,Algeria,Africa,2020,Cattle meat,5.029051004180458,0.00160936734304512
DZA,Algeria,Africa,2021,Cattle meat,2.386459525489253,0.001714463633060172
DZA,Algeria,Africa,2022,Cattle meat,3.251697665777844,0.001435137752510871
DZA,Algeria,Africa,2023,Cattle meat,2.798104921542983,0.001084951840000219
ECU,Ecuador,South America,2001,Cattle meat,9306.566269305225,0.01358948694412722
ECU,Ecuador,South America,2002,Cattle meat,13129.85072033234,0.02918746864372193
ECU,Ecuador,South America,2003,Cattle meat,5823.46485829544,0.03386762390282474
ECU,Ecuador,South America,2004,Cattle meat,4713.075182433675,0.07142986889494062
ECU,Ecuador,South America,2005,Cattle meat,38.58550000610354,3.28952584058256
ECU,Ecuador,South America,2006,Cattle meat,1889.240062382115,2.538033210652066
ECU,Ecuador,South America,2007,Cattle meat,36.61201671173105,1.274318442085506
ECU,Ecuador,South America,2008,Cattle meat,8.476982613830563,0.7310506828968448
ECU,Ecuador,South America,2009,Cattle meat,7332.566238355837,0.9829633203708842
ECU,Ecuador,South America,2010,Cattle meat,35.36477075627706,0.98275491957894
ECU,Ecuador,South America,2011,Cattle meat,24.11249871429442,0.8066340966320097
ECU,Ecuador,South America,2012,Cattle meat,42.59920041290283,0.8070561170126417
ECU,Ecuador,South America,2013,Cattle meat,14.12551171936035,0.8072976203727739
ECU,Ecuador,South America,2014,Cattle meat,6944.611069392375,0.7058492775145147
ECU,Ecuador,South America,2015,Cattle meat,15.85591215759277,0.7042479320354273
ECU,Ecuador,South America,2016,Cattle meat,31.48729628570555,0.7046176715502747
ECU,Ecuador,South America,2017,Cattle meat,28.27749507036634,0.7033223870801049
ECU,Ecuador,South America,2018,Cattle meat,8.453847097738826,0.7029648245341434
ECU,Ecuador,South America,2019,Cattle meat,10655.69391654095,1.29542173894998
ECU,Ecuador,South America,2020,Cattle meat,13991.37357023652,2.921919681703928
ECU,Ecuador,South America,2021,Cattle meat,3.79938693572998,2.919848839620356
ECU,Ecuador,South America,2022,Cattle meat,11.00453655406637,2.918490206630646
ECU,Ecuador,South America,2023,Cattle meat,4569.279481084419,3.394036528893789
ECU,Ecuador,South America,2001,Oil palm fruit,797.7513232001845,0.004616856594487781
ECU,Ecuador,South America,2002,Oil palm fruit,1211.657821723557,0.004947493795046436
ECU,Ecuador,South America,2003,Oil palm fruit,805.618853547659,0.005110718098335377
ECU,Ecuador,South America,2004,Oil palm fruit,1200.184025263669,0.006357919908327259
ECU,Ecuador,South America,2005,Oil palm fruit,982.5850547491484,0.02993197175853065
ECU,Ecuador,South America,2006,Oil palm fruit,5339.51664829645,-0.2276414152218584
ECU,Ecuador,South America,2007,Oil palm fruit,15292.05561591064,-0.779466531800917
ECU,Ecuador,South America,2008,Oil palm fruit,5921.955744886055,-0.9232460430205296
ECU,Ecuador,South America,2009,Oil palm fruit,871.5564805287402,-0.8739833443633306
ECU,Ecuador,South America,2010,Oil palm fruit,3777.960059700757,-0.9757747354210445
ECU,Ecuador,South America,2011,Oil palm fruit,4714.666573509815,-0.9289100174674753
ECU,Ecuador,South America,2012,Oil palm fruit,20382.06480728014,-1.167424295151029
ECU,Ecuador,South America,2013,Oil palm fruit,2744.982563774844,-1.059275955980348
ECU,Ecuador,South America,2014,Oil palm fruit,180.160950464633,-1.083991042776753
ECU,Ecuador,South America,2015,Oil palm fruit,161.4744095886232,-0.9740132526980464
ECU,Ecuador,South America,2016,Oil palm fruit,165.8608853454588,-0.828714085632358
ECU,Ecuador,South America,2017,Oil palm fruit,249.4855126770022,0.01556416817867722
ECU,Ecuador,South America,2018,Oil palm fruit,52.4659940612793,0.0846456707496227
ECU,Ecuador,South America,2019,Oil palm fruit,94.47071575317386,0.07796813307300351
ECU,Ecuador,South America,2020,Oil palm fruit,68.0838422363281,0.07046336937575488
ECU,Ecuador,South America,2021,Oil palm fruit,54.00536522827149,0.06156411843858912
ECU,Ecuador,South America,2022,Oil palm fruit,72.46849191284188,0.04585091637817397
ECU,Ecuador,South America,2023,Oil palm fruit,87.93171088867184,0.04766875298847402
ECU,Ecuador,South America,2001,Soya beans,60.77327970894979,0.0001151341655134736
ECU,Ecuador,South America,2002,Soya beans,0.0,0.0001151341655134736
ECU,Ecuador,South America,2003,Soya beans,0.0,0.0001151341655134736
ECU,Ecuador,South America,2004,Soya beans,0.0,0.0001151341655134736
ECU,Ecuador,South America,2005,Soya beans,682.0215329801737,0.1355108996788814
ECU,Ecuador,South America,2006,Soya beans,1985.279362375277,0.4266049620279437
ECU,Ecuador,South America,2007,Soya beans,3334.650329720125,0.9491937684324867
ECU,Ecuador,South America,2008,Soya beans,791.7878205100476,1.058197847248305
ECU,Ecuador,South America,2009,Soya beans,0.0,1.058197847248305
ECU,Ecuador,South America,2010,Soya beans,0.0,0.9338323881056182
ECU,Ecuador,South America,2011,Soya beans,0.0,0.6377709161742718
ECU,Ecuador,South America,2012,Soya beans,0.0,0.1175904213746116
ECU,Ecuador,South America,2013,Soya beans,0.0,0.00914195150485572
ECU,Ecuador,South America,2014,Soya beans,131.5838301551144,0.02428640157056157
ECU,Ecuador,South America,2015,Soya beans,27.90363582625913,0.02878441545215946
ECU,Ecuador,South America,2016,Soya beans,46.42815972966248,0.03595269311455866
ECU,Ecuador,South America,2017,Soya beans,0.0,0.03595269311455866
ECU,Ecuador,South America,2018,Soya beans,0.0,0.03595269311455866
ECU,Ecuador,South America,2019,Soya beans,0.0,0.02095959886241977
ECU,Ecuador,South America,2020,Soya beans,0.0,0.01648081862795015
ECU,Ecuador,South America,2021,Soya beans,0.0,0.009399424876748273
ECU,Ecuador,South America,2022,Soya beans,0.0,0.009399424876748273
ECU,Ecuador,South America,2023,Soya beans,0.0,0.009399424876748273
EGY,Egypt,Africa,2001,Cattle meat,0.2874427140451825,2.494602386483285e-06
EGY,Egypt,Africa,2002,Cattle meat,0.144866184196633,4.021999961331499e-06
EGY,Egypt,Africa,2003,Cattle meat,0.1626145248014797,6.011472221936935e-06
EGY,Egypt,Africa,2004,Cattle meat,0.3132135461691407,9.009998779983093e-06
EGY,Egypt,Africa,2005,Cattle meat,0.2805004305647513,5.17835659470025e-05
EGY,Egypt,Africa,2006,Cattle meat,0.03436329568413763,4.373458181149247e-05
EGY,Egypt,Africa,2007,Cattle meat,0.1942323625069637,4.876041914614564e-05
EGY,Egypt,Africa,2008,Cattle meat,0.2071952389425884,5.135414048477729e-05
EGY,Egypt,Africa,2009,Cattle meat,0.2540686848191768,5.215529011558168e-05
EGY,Egypt,Africa,2010,Cattle meat,0.1007792070026533,4.652811400640097e-05
EGY,Egypt,Africa,2011,Cattle meat,0.143396053438623,5.122273347660415e-05
EGY,Egypt,Africa,2012,Cattle meat,0.165879650212877,5.161255492623779e-05
EGY,Egypt,Africa,2013,Cattle meat,0.1289402452043412,5.129650555323869e-05
EGY,Egypt,Africa,2014,Cattle meat,0.03828183327652164,4.458020989901549e-05
EGY,Egypt,Africa,2015,Cattle meat,0.008393779322611747,4.155579767618218e-05
EGY,Egypt,Africa,2016,Cattle meat,0.02155051802434418,3.796981069267502e-05
EGY,Egypt,Africa,2017,Cattle meat,0.0105980769964481,3.290277062335199e-05
EGY,Egypt,Africa,2018,Cattle meat,0.00173133150654467,2.902545669911263e-05
EGY,Egypt,Africa,2019,Cattle meat,0.0,2.782513540925012e-05
EGY,Egypt,Africa,2020,Cattle meat,0.2335505475138589,4.043332292611858e-05
EGY,Egypt,Africa,2021,Cattle meat,0.5491363677720057,6.530040202817478e-05
EGY,Egypt,Africa,2022,Cattle meat,0.180336046731684,7.554597022967115e-05
EGY,Egypt,Africa,2023,Cattle meat,0.5422949041813566,0.0001015833007736814
EGY,Egypt,Africa,2001,Soya beans,3.395319630215893,3.930332276597265e-05
EGY,Egypt,Africa,2002,Soya beans,1.050261938035217,5.127243843463625e-05
EGY,Egypt,Africa,2003,Soya beans,0.0,5.127243843463625e-05
EGY,Egypt,Africa,2004,Soya beans,0.0,5.127243843463625e-05
EGY,Egypt,Africa,2005,Soya beans,0.0,0.0002426473737453981
EGY,Egypt,Africa,2006,Soya beans,0.0,9.389402044053022e-05
EGY,Egypt,Africa,2007,Soya beans,0.7742816974453152,9.268557382109417e-05
EGY,Egypt,Africa,2008,Soya beans,0.1306658541376826,9.962369274062165e-05
EGY,Egypt,Africa,2009,Soya beans,0.0009294413612809293,9.967521033037615e-05
EGY,Egypt,Africa,2010,Soya beans,0.0,9.967521033037613e-05
EGY,Egypt,Africa,2011,Soya beans,0.4181478658613198,0.0001225420539660248
EGY,Egypt,Africa,2012,Soya beans,7.926761170379299,0.0005320492577515206
EGY,Egypt,Africa,2013,Soya beans,2.952548380867364,0.0006814503253011115
EGY,Egypt,Africa,2014,Soya beans,0.6303260149525376,0.0007144626579336149
EGY,Egypt,Africa,2015,Soya beans,0.6640786073695512,0.0007484726038319476
EGY,Egypt,Africa,2016,Soya beans,0.0,0.0007305037709420158
EGY,Egypt,Africa,2017,Soya beans,0.0,0.0003894474828140402
EGY,Egypt,Africa,2018,Soya beans,0.5295876488644805,0.0002925855292176977
EGY,Egypt,Africa,2019,Soya beans,1.288207711207059,0.0003386765236116451
EGY,Egypt,Africa,2020,Soya beans,0.1477668476605679,0.0003186210344348918
EGY,Egypt,Africa,2021,Soya beans,0.0,0.0003186210344348918
EGY,Egypt,Africa,2022,Soya beans,0.0,0.0003186210344348918
EGY,Egypt,Africa,2023,Soya beans,0.05605625037609657,0.0002993892179640374
ESP,Spain,Europe,2001,Cattle meat,0.0,0.0
ESP,Spain,Europe,2002,Cattle meat,0.0,0.0
ESP,Spain,Europe,2003,Cattle meat,0.0,0.0
ESP,Spain,Europe,2004,Cattle meat,0.0,0.0
ESP,Spain,Europe,2005,Cattle meat,0.0,0.0
ESP,Spain,Europe,2006,Cattle meat,0.0,0.0
ESP,Spain,Europe,2007,Cattle meat,0.0,0.0
ESP,Spain,Europe,2008,Cattle meat,0.0,0.0
ESP,Spain,Europe,2009,Cattle meat,0.0,0.0
ESP,Spain,Europe,2010,Cattle meat,0.0,0.0
ESP,Spain,Europe,2011,Cattle meat,0.0,0.0
ESP,Spain,Europe,2012,Cattle meat,1233.309540794951,0.07490243864143274
ESP,Spain,Europe,2013,Cattle meat,0.0,0.07490243864143274
ESP,Spain,Europe,2014,Cattle meat,0.0,0.07490243864143274
ESP,Spain,Europe,2015,Cattle meat,1033.085642873252,0.1342440624565097
ESP,Spain,Europe,2016,Cattle meat,1873.092675213811,0.2407141038804366
ESP,Spain,Europe,2017,Cattle meat,1383.683305634251,0.24649929386925
ESP,Spain,Europe,2018,Cattle meat,1722.536569227531,0.3484954298570656
ESP,Spain,Europe,2019,Cattle meat,996.2401053027585,0.4050763578207376
ESP,Spain,Europe,2020,Cattle meat,1844.368955062966,0.4460569736640804
ESP,Spain,Europe,2021,Cattle meat,1086.344565548249,0.3973620426644396
ESP,Spain,Europe,2022,Cattle meat,1319.526106990534,0.3882662926384712
ESP,Spain,Europe,2023,Cattle meat,794.9347236007102,0.3265209793583706
ESP,Spain,Europe,2001,Soya beans,0.0,0.0
ESP,Spain,Europe,2002,Soya beans,4.541234139126133,4.573624346536232e-07
ESP,Spain,Europe,2003,Soya beans,0.8079001665509251,9.16561049542988e-07
ESP,Spain,Europe,2004,Soya beans,0.8297429936397048,9.365190474679078e-07
ESP,Spain,Europe,2005,Soya beans,0.0,0.0003771317426937697
ESP,Spain,Europe,2006,Soya beans,1.502357015823842,0.0004665289147478681
ESP,Spain,Europe,2007,Soya beans,0.7984475507877985,0.0002323491471153927
ESP,Spain,Europe,2008,Soya beans,0.6170371774445568,0.0002248360234357898
ESP,Spain,Europe,2009,Soya beans,0.0,0.0001749034185306015
ESP,Spain,Europe,2010,Soya beans,0.0,0.0001749034185306015
ESP,Spain,Europe,2011,Soya beans,0.3083633834542754,0.0001072865289888922
ESP,Spain,Europe,2012,Soya beans,1.175543560428832,0.0001432801181296405
ESP,Spain,Europe,2013,Soya beans,0.4544133112796372,0.0001323699277408566
ESP,Spain,Europe,2014,Soya beans,1.046111930271614,0.000200443953420795
ESP,Spain,Europe,2015,Soya beans,0.1149902006989074,0.0002073979932037747
ESP,Spain,Europe,2016,Soya beans,0.8154293208360579,0.0002337960497466955
ESP,Spain,Europe,2017,Soya beans,0.0,0.0001525834021880956
ESP,Spain,Europe,2018,Soya beans,0.222847362294484,0.0001379583121050844
ESP,Spain,Europe,2019,Soya beans,0.0,7.005084357823359e-05
ESP,Spain,Europe,2020,Soya beans,0.0,6.31098939318348e-05
ESP,Spain,Europe,2021,Soya beans,0.1090493116244746,2.229754991993836e-05
ESP,Spain,Europe,2022,Soya beans,0.0,2.229754991993836e-05
ESP,Spain,Europe,2023,Soya beans,0.05480776287755548,1.199646668827143e-05
EST,Estonia,Europe,2001,Cattle meat,139.790791152193,0.001510783766115501
EST,Estonia,Europe,2002,Cattle meat,79.76655629208801,0.002357015492846027
EST,Estonia,Europe,2003,Cattle meat,12.24312342375564,0.002457309394848481
EST,Estonia,Europe,2004,Cattle meat,63.71647113783388,0.003116273107654003
EST,Estonia,Europe,2005,Cattle meat,62.22360049447872,0.01390833698687196
EST,Estonia,Europe,2006,Cattle meat,0.0,0.01019509545996334
EST,Estonia,Europe,2007,Cattle meat,0.0,0.007666235888393049
EST,Estonia,Europe,2008,Cattle meat,9.389879384904857,0.00769688297995224
EST,Estonia,Europe,2009,Cattle meat,29.87733587779943,0.007066791171813654
EST,Estonia,Europe,2010,Cattle meat,148.7332167789733,0.011824300143435
EST,Estonia,Europe,2011,Cattle meat,46.2283495504932,0.01411510493035031
EST,Estonia,Europe,2012,Cattle meat,0.0,0.01411510493035031
EST,Estonia,Europe,2013,Cattle meat,0.0,0.01376948319743384
EST,Estonia,Europe,2014,Cattle meat,0.0,0.01278201186482837
EST,Estonia,Europe,2015,Cattle meat,0.0,0.007697045925408687
EST,Estonia,Europe,2016,Cattle meat,0.0,0.005840398725493225
EST,Estonia,Europe,2017,Cattle meat,0.0,0.005840398725493225
EST,Estonia,Europe,2018,Cattle meat,0.0,0.005840398725493225
EST,Estonia,Europe,2019,Cattle meat,0.0,0.005840398725493225
EST,Estonia,Europe,2020,Cattle meat,0.0,0.005840398725493225
EST,Estonia,Europe,2021,Cattle meat,0.0,0.005840398725493225
EST,Estonia,Europe,2022,Cattle meat,0.0,0.005840398725493225
EST,Estonia,Europe,2023,Cattle meat,0.0,0.005840398725493225
ETH,Ethiopia,Africa,2001,Cattle meat,72.99765121678315,2.385414487710959e-06
ETH,Ethiopia,Africa,2002,Cattle meat,68.86714863611745,5.140812190899925e-06
ETH,Ethiopia,Africa,2003,Cattle meat,58.98824969695895,8.550345666221284e-06
ETH,Ethiopia,Africa,2004,Cattle meat,76.86577803936122,1.120372195103353e-05
ETH,Ethiopia,Africa,2005,Cattle meat,181.7169375932426,0.03068620756352409
ETH,Ethiopia,Africa,2006,Cattle meat,222.4724761268689,0.03962512064119858
ETH,Ethiopia,Africa,2007,Cattle meat,396.8439877331702,0.06308823364803033
ETH,Ethiopia,Africa,2008,Cattle meat,171.9489915271676,0.06976585011812629
ETH,Ethiopia,Africa,2009,Cattle meat,224.0439658595647,0.07973473106511413
ETH,Ethiopia,Africa,2010,Cattle meat,153.3180380400007,0.07755034877476437
ETH,Ethiopia,Africa,2011,Cattle meat,114.8906260325823,0.07131861921111575
ETH,Ethiopia,Africa,2012,Cattle meat,233.1911494008163,0.06002490661128837
ETH,Ethiopia,Africa,2013,Cattle meat,214.7348828239957,0.06313138558314266
ETH,Ethiopia,Africa,2014,Cattle meat,389.8028959216145,0.07169538946558315
ETH,Ethiopia,Africa,2015,Cattle meat,79.39677526844318,0.06624021491813221
ETH,Ethiopia,Africa,2016,Cattle meat,293.1105349946903,0.07402636314793137
ETH,Ethiopia,Africa,2017,Cattle meat,493.6702813650581,0.08938838602602578
ETH,Ethiopia,Africa,2018,Cattle meat,228.1199257986295,0.09244901000699422
ETH,Ethiopia,Africa,2019,Cattle meat,647.9409205400938,0.125068711142385
ETH,Ethiopia,Africa,2020,Cattle meat,846.8274617011232,0.1950145341884199
ETH,Ethiopia,Africa,2021,Cattle meat,3445.475844185389,0.4292706731544036
ETH,Ethiopia,Africa,2022,Cattle meat,1136.587536172903,0.4788491509867153
ETH,Ethiopia,Africa,2023,Cattle meat,3371.152261739268,0.7236673655020318
ETH,Ethiopia,Africa,2001,Soya beans,0.0,0.0
ETH,Ethiopia,Africa,2002,Soya beans,0.0,0.0
ETH,Ethiopia,Africa,2003,Soya beans,18.1430285532957,8.302958220898307e-07
ETH,Ethiopia,Africa,2004,Soya beans,6.851031818729361,1.005651968120895e-06
ETH,Ethiopia,Africa,2005,Soya beans,16.58692750534279,0.003364809541466739
ETH,Ethiopia,Africa,2006,Soya beans,0.0,0.003364809541466739
ETH,Ethiopia,Africa,2007,Soya beans,20.34797202328306,0.005053394136738761
ETH,Ethiopia,Africa,2008,Soya beans,84.6590889419729,0.01011241394149763
ETH,Ethiopia,Africa,2009,Soya beans,233.6885112767492,0.02922105704512975
ETH,Ethiopia,Africa,2010,Soya beans,114.9386421135924,0.03738062406145866
ETH,Ethiopia,Africa,2011,Soya beans,99.80747756256326,0.04580807849469918
ETH,Ethiopia,Africa,2012,Soya beans,84.80453487747991,0.05161207889019907
ETH,Ethiopia,Africa,2013,Soya beans,58.12186294029109,0.04942684568350667
ETH,Ethiopia,Africa,2014,Soya beans,33.23655535866889,0.03213818659483497
ETH,Ethiopia,Africa,2015,Soya beans,165.9525127558348,0.0337336992963596
ETH,Ethiopia,Africa,2016,Soya beans,389.8097968825065,0.04903169489553121
ETH,Ethiopia,Africa,2017,Soya beans,454.2001716363408,0.07470827140241248
ETH,Ethiopia,Africa,2018,Soya beans,62.13444218569788,0.07511674592291903
ETH,Ethiopia,Africa,2019,Soya beans,156.739308259425,0.08717659058489893
ETH,Ethiopia,Africa,2020,Soya beans,22.806647474424,0.07845716258158562
ETH,Ethiopia,Africa,2021,Soya beans,0.0,0.05473496408429114
ETH,Ethiopia,Africa,2022,Soya beans,0.0,0.02158745074440734
ETH,Ethiopia,Africa,2023,Soya beans,42.14963255743067,0.02064076048871265
FIN,Finland,Europe,2001,Cattle meat,642.2706961166097,0.005652220136210343
FIN,Finland,Europe,2002,Cattle meat,574.0902118207184,0.0111653837250704
FIN,Finland,Europe,2003,Cattle meat,500.0849211372492,0.01669502595087315
FIN,Finland,Europe,2004,Cattle meat,656.859416040602,0.02413573261814693
FIN,Finland,Europe,2005,Cattle meat,1557.414245681806,0.1689492024019615
FIN,Finland,Europe,2006,Cattle meat,1183.723725006323,0.1980139106387623
FIN,Finland,Europe,2007,Cattle meat,737.0645491748656,0.2106350051821779
FIN,Finland,Europe,2008,Cattle meat,1162.114875228887,0.2445469691001899
FIN,Finland,Europe,2009,Cattle meat,1757.280193235484,0.2997894485777854
FIN,Finland,Europe,2010,Cattle meat,1653.131061017431,0.3240796796791474
FIN,Finland,Europe,2011,Cattle meat,1398.76716957005,0.3448293766465071
FIN,Finland,Europe,2012,Cattle meat,1482.875439959824,0.381743146798899
FIN,Finland,Europe,2013,Cattle meat,861.1826844006905,0.378622846900085
FIN,Finland,Europe,2014,Cattle meat,1280.613403167893,0.3744186968406495
FIN,Finland,Europe,2015,Cattle meat,781.261004467699,0.3550498757200581
FIN,Finland,Europe,2016,Cattle meat,1138.161135095452,0.3559236317568165
FIN,Finland,Europe,2017,Cattle meat,1328.310434206424,0.3615049222037932
FIN,Finland,Europe,2018,Cattle meat,1178.246760691024,0.384341919368426
FIN,Finland,Europe,2019,Cattle meat,1107.682251698058,0.389983317878602
FIN,Finland,Europe,2020,Cattle meat,486.2767441590155,0.3841043444175499
FIN,Finland,Europe,2021,Cattle meat,308.1516242230633,0.362443005950079
FIN,Finland,Europe,2022,Cattle meat,167.4863812609526,0.330940233426693
FIN,Finland,Europe,2023,Cattle meat,232.0793540639171,0.3047176199106538
FJI,Fiji,Oceania,2001,Cattle meat,20.1419408608074,0.0
FJI,Fiji,Oceania,2002,Cattle meat,9.852303298407612,0.0
FJI,Fiji,Oceania,2003,Cattle meat,14.75350461270895,0.0
FJI,Fiji,Oceania,2004,Cattle meat,34.75260561884681,0.0
FJI,Fiji,Oceania,2005,Cattle meat,23.36166948687305,0.008900782957646642
FJI,Fiji,Oceania,2006,Cattle meat,31.47247308318452,0.009775382907681388
FJI,Fiji,Oceania,2007,Cattle meat,22.32593884099484,0.01093720192391357
FJI,Fiji,Oceania,2008,Cattle meat,25.74138959346531,0.01181336386207374
FJI,Fiji,Oceania,2009,Cattle meat,16.17779243123577,0.01019159097453144
FJI,Fiji,Oceania,2010,Cattle meat,22.50173381905863,0.01002968530054671
FJI,Fiji,Oceania,2011,Cattle meat,5.908073456205335,0.007876277742657468
FJI,Fiji,Oceania,2012,Cattle meat,22.07918568012323,0.007569193413404033
FJI,Fiji,Oceania,2013,Cattle meat,39.65580333422739,0.008862577228680193
FJI,Fiji,Oceania,2014,Cattle meat,55.37183530688215,0.01219497312756524
FJI,Fiji,Oceania,2015,Cattle meat,49.13123613969174,0.0147879222499579
FJI,Fiji,Oceania,2016,Cattle meat,67.92019628719365,0.02019329557823011
FJI,Fiji,Oceania,2017,Cattle meat,45.39899511898218,0.02209655052849291
FJI,Fiji,Oceania,2018,Cattle meat,17.32658507072681,0.02019011386129003
FJI,Fiji,Oceania,2019,Cattle meat,18.10213066010432,0.01752496558353046
FJI,Fiji,Oceania,2020,Cattle meat,14.09078008443525,0.01421236145067314
FJI,Fiji,Oceania,2021,Cattle meat,13.02865318660027,0.009815674006336523
FJI,Fiji,Oceania,2022,Cattle meat,6.854564063731895,0.006872171522220881
FJI,Fiji,Oceania,2023,Cattle meat,4.894054748681921,0.005762356728484439
FRA,France,Europe,2001,Cattle meat,0.0,0.0
FRA,France,Europe,2002,Cattle meat,0.0,0.0
FRA,France,Europe,2003,Cattle meat,0.0,0.0
FRA,France,Europe,2004,Cattle meat,0.0,0.0
FRA,France,Europe,2005,Cattle meat,0.0,0.0
FRA,France,Europe,2006,Cattle meat,0.0,0.0
FRA,France,Europe,2007,Cattle meat,0.0,0.0
FRA,France,Europe,2008,Cattle meat,0.0,0.0
FRA,France,Europe,2009,Cattle meat,0.0,0.0
FRA,France,Europe,2010,Cattle meat,0.0,0.0
FRA,France,Europe,2011,Cattle meat,0.0,0.0
FRA,France,Europe,2012,Cattle meat,0.0,0.0
FRA,France,Europe,2013,Cattle meat,0.0,0.0
FRA,France,Europe,2014,Cattle meat,0.0,0.0
FRA,France,Europe,2015,Cattle meat,678.2876581114115,0.04788100222652544
FRA,France,Europe,2016,Cattle meat,1017.93315894044,0.1186079664786318
FRA,France,Europe,2017,Cattle meat,1120.816389360872,0.1997108493711953
FRA,France,Europe,2018,Cattle meat,1026.689668101957,0.2723487463765455
FRA,France,Europe,2019,Cattle meat,1107.833234654186,0.3514140146566292
FRA,France,Europe,2020,Cattle meat,1009.606934394194,0.3779224301779699
FRA,France,Europe,2021,Cattle meat,1323.762061376225,0.4099766418364315
FRA,France,Europe,2022,Cattle meat,706.7622547023328,0.379488558339993
FRA,France,Europe,2023,Cattle meat,1012.255332619971,0.381542465183822
FRA,France,Europe,2001,Soya beans,0.0,0.0
FRA,France,Europe,2002,Soya beans,0.0,0.0
FRA,France,Europe,2003,Soya beans,0.0,0.0
FRA,France,Europe,2004,Soya beans,0.0,0.0
FRA,France,Europe,2005,Soya beans,0.0,0.0
FRA,France,Europe,2006,Soya beans,0.0,0.0
FRA,France,Europe,2007,Soya beans,45.73361305676473,0.004123345487038636
FRA,France,Europe,2008,Soya beans,120.4814757412425,0.0184505785965268
FRA,France,Europe,2009,Soya beans,0.0,0.0184505785965268
FRA,France,Europe,2010,Soya beans,0.0,0.0184505785965268
FRA,France,Europe,2011,Soya beans,131.2181833814313,0.03027495078098163
FRA,France,Europe,2012,Soya beans,443.8695031677725,0.06521715369777183
FRA,France,Europe,2013,Soya beans,90.05052795913714,0.05921704419223152
FRA,France,Europe,2014,Soya beans,131.6422232189217,0.07008131647600406
FRA,France,Europe,2015,Soya beans,24.41810726763757,0.0726240994077912
FRA,France,Europe,2016,Soya beans,42.85815892823574,0.06425954448254814
FRA,France,Europe,2017,Soya beans,58.63648967640887,0.03015552599009017
FRA,France,Europe,2018,Soya beans,1.121279711958761,0.02196113151023182
FRA,France,Europe,2019,Soya beans,13.94395856922429,0.01247892090953754
FRA,France,Europe,2020,Soya beans,0.0,0.009940593620733204
FRA,France,Europe,2021,Soya beans,0.0,0.006512278228454687
FRA,France,Europe,2022,Soya beans,0.0,0.001621570432230854
FRA,France,Europe,2023,Soya beans,0.0,0.001524956041525
FSM,Micronesia,Oceania,2001,Cattle meat,0.0,0.0
FSM,Micronesia,Oceania,2002,Cattle meat,0.0,0.0
FSM,Micronesia,Oceania,2003,Cattle meat,0.0,0.0
FSM,Micronesia,Oceania,2004,Cattle meat,0.0,0.0
FSM,Micronesia,Oceania,2005,Cattle meat,0.0,0.0
FSM,Micronesia,Oceania,2006,Cattle meat,0.0,0.0
FSM,Micronesia,Oceania,2007,Cattle meat,0.0,0.0
FSM,Micronesia,Oceania,2008,Cattle meat,0.0,0.0
FSM,Micronesia,Oceania,2009,Cattle meat,0.0,0.0
FSM,Micronesia,Oceania,2010,Cattle meat,0.4451007560934762,5.855880771412466e-05
FSM,Micronesia,Oceania,2011,Cattle meat,0.0,5.855880771412466e-05
FSM,Micronesia,Oceania,2012,Cattle meat,0.0,5.855880771412466e-05
FSM,Micronesia,Oceania,2013,Cattle meat,0.0,5.855880771412466e-05
FSM,Micronesia,Oceania,2014,Cattle meat,0.0,5.855880771412466e-05
FSM,Micronesia,Oceania,2015,Cattle meat,0.0,8.75369773758783e-06
FSM,Micronesia,Oceania,2016,Cattle meat,0.0,8.75369773758783e-06
FSM,Micronesia,Oceania,2017,Cattle meat,0.0,8.75369773758783e-06
FSM,Micronesia,Oceania,2018,Cattle meat,0.0,8.75369773758783e-06
FSM,Micronesia,Oceania,2019,Cattle meat,0.0,8.75369773758783e-06
FSM,Micronesia,Oceania,2020,Cattle meat,0.0,8.75369773758783e-06
FSM,Micronesia,Oceania,2021,Cattle meat,0.0,8.75369773758783e-06
FSM,Micronesia,Oceania,2022,Cattle meat,0.0,8.75369773758783e-06
FSM,Micronesia,Oceania,2023,Cattle meat,0.0,8.75369773758783e-06
GAB,Gabon,Africa,2001,Cattle meat,8394.627567619875,0.006458410094778036
GAB,Gabon,Africa,2002,Cattle meat,8154.230779616492,0.01059092617930913
GAB,Gabon,Africa,2003,Cattle meat,8027.869586443227,0.01698464573902663
GAB,Gabon,Africa,2004,Cattle meat,7235.911636717809,0.02024186043944498
GAB,Gabon,Africa,2005,Cattle meat,7100.481934059857,4.319161806416727
GAB,Gabon,Africa,2006,Cattle meat,7057.672546580797,4.071631822272505
GAB,Gabon,Africa,2007,Cattle meat,6755.220534071307,3.903955103162072
GAB,Gabon,Africa,2008,Cattle meat,8361.79147866057,3.86152772659862
GAB,Gabon,Africa,2009,Cattle meat,9560.410170728846,4.193498496054866
GAB,Gabon,Africa,2010,Cattle meat,6762.082583245548,4.14741552412849
GAB,Gabon,Africa,2011,Cattle meat,8435.540021112085,4.347057936662538
GAB,Gabon,Africa,2012,Cattle meat,5087.419785518357,4.157489549504774
GAB,Gabon,Africa,2013,Cattle meat,1107.565966840179,3.412915588266757
GAB,Gabon,Africa,2014,Cattle meat,2703.252787920542,2.592816577615488
GAB,Gabon,Africa,2015,Cattle meat,2612.116397812905,2.140186413678315
GAB,Gabon,Africa,2016,Cattle meat,4583.980645665214,1.789014972428235
GAB,Gabon,Africa,2017,Cattle meat,4313.523439954569,1.728491280323977
GAB,Gabon,Africa,2018,Cattle meat,4304.072984090159,2.0539359413274
GAB,Gabon,Africa,2019,Cattle meat,2721.782377519855,2.056524900221314
GAB,Gabon,Africa,2020,Cattle meat,1876.784462123291,1.960673172230922
GAB,Gabon,Africa,2021,Cattle meat,1662.729130608571,1.624826611338577
GAB,Gabon,Africa,2022,Cattle meat,2137.790398629544,1.378414911526409
GAB,Gabon,Africa,2023,Cattle meat,1892.434663787135,1.13497113796965
GAB,Gabon,Africa,2001,Oil palm fruit,0.7821082765975088,0.0
GAB,Gabon,Africa,2002,Oil palm fruit,196.9686792844394,0.0
GAB,Gabon,Africa,2003,Oil palm fruit,114.8010362213148,0.0
GAB,Gabon,Africa,2004,Oil palm fruit,0.5893676807862837,0.0
GAB,Gabon,Africa,2005,Oil palm fruit,112.1156184608656,0.01131518748500255
GAB,Gabon,Africa,2006,Oil palm fruit,429.1002719569284,-0.004331705238119686
GAB,Gabon,Africa,2007,Oil palm fruit,467.0382890337092,-0.0331506487500108
GAB,Gabon,Africa,2008,Oil palm fruit,320.7449907117859,-0.05206102814328831
GAB,Gabon,Africa,2009,Oil palm fruit,185.9712514007985,-0.06021590477689372
GAB,Gabon,Africa,2010,Oil palm fruit,80.56107301646917,-0.06042325463638769
GAB,Gabon,Africa,2011,Oil palm fruit,223.0203999457005,-0.05269502298497147
GAB,Gabon,Africa,2012,Oil palm fruit,516.3837179580735,-0.02407804872213351
GAB,Gabon,Africa,2013,Oil palm fruit,1039.55420118429,-0.003524991414696773
GAB,Gabon,Africa,2014,Oil palm fruit,1325.801221729736,-0.01927878724024853
GAB,Gabon,Africa,2015,Oil palm fruit,1406.976465918506,-0.05348130542113447
GAB,Gabon,Africa,2016,Oil palm fruit,2754.586291383261,-0.1589413260945909
GAB,Gabon,Africa,2017,Oil palm fruit,4495.523833490427,-0.3314630075320018
GAB,Gabon,Africa,2018,Oil palm fruit,9578.690919620421,-0.7545251753045081
GAB,Gabon,Africa,2019,Oil palm fruit,7703.638643351073,-1.068747901145587
GAB,Gabon,Africa,2020,Oil palm fruit,3039.139491778035,-1.164405985344459
GAB,Gabon,Africa,2021,Oil palm fruit,2169.295683479685,-1.146049266194225
GAB,Gabon,Africa,2022,Oil palm fruit,238.1505988159147,-0.9902254197169973
GAB,Gabon,Africa,2023,Oil palm fruit,2380.227908479752,-0.6785326517132556
GAB,Gabon,Africa,2001,Soya beans,0.04026656659862966,0.0
GAB,Gabon,Africa,2002,Soya beans,2.528592534559049,0.0
GAB,Gabon,Africa,2003,Soya beans,2.091435941584289,0.0
GAB,Gabon,Africa,2004,Soya beans,0.03005485724714394,0.0
GAB,Gabon,Africa,2005,Soya beans,11.63769455000522,0.002110050418310788
GAB,Gabon,Africa,2006,Soya beans,53.82096088536363,0.008855442199277832
GAB,Gabon,Africa,2007,Soya beans,68.50812033537798,0.01779769347467332
GAB,Gabon,Africa,2008,Soya beans,66.3995959281936,0.02587553271599589
GAB,Gabon,Africa,2009,Soya beans,39.91372837581721,0.03130151704298607
GAB,Gabon,Africa,2010,Soya beans,19.41674094236613,0.03212830514923876
GAB,Gabon,Africa,2011,Soya beans,60.52628079848677,0.03300154183425713
GAB,Gabon,Africa,2012,Soya beans,18.5712520681048,0.02618955107357931
GAB,Gabon,Africa,2013,Soya beans,0.0,0.0179554923722887
GAB,Gabon,Africa,2014,Soya beans,31.27120785152075,0.01681329229292481
GAB,Gabon,Africa,2015,Soya beans,125.0229047030174,0.03242296590809655
GAB,Gabon,Africa,2016,Soya beans,231.8384432158671,0.06019036002498811
GAB,Gabon,Africa,2017,Soya beans,166.6191672741476,0.08671972788425131
GAB,Gabon,Africa,2018,Soya beans,58.93470789104169,0.1094062553793711
GAB,Gabon,Africa,2019,Soya beans,0.0,0.1052381033044103
GAB,Gabon,Africa,2020,Soya beans,2.162075863841044,0.09018470661522991
GAB,Gabon,Africa,2021,Soya beans,0.0,0.05520654918193858
GAB,Gabon,Africa,2022,Soya beans,14.18141714915908,0.0284653149705533
GAB,Gabon,Africa,2023,Soya beans,0.9532342967140994,0.00662112403075004
GBR,United Kingdom,Europe,2001,Cattle meat,443.2502181384264,0.001888560378907937
GBR,United Kingdom,Europe,2002,Cattle meat,744.399487230531,0.004349178171846182
GBR,United Kingdom,Europe,2003,Cattle meat,43.32079894998247,0.004385443919642478
GBR,United Kingdom,Europe,2004,Cattle meat,395.0505635347864,0.005851239244309577
GBR,United Kingdom,Europe,2005,Cattle meat,429.2255164890924,0.1510548268754797
GBR,United Kingdom,Europe,2006,Cattle meat,0.0,0.1210771846693566
GBR,United Kingdom,Europe,2007,Cattle meat,0.0,0.06895027354573073
GBR,United Kingdom,Europe,2008,Cattle meat,0.0,0.06616787793963605
GBR,United Kingdom,Europe,2009,Cattle meat,0.0,0.0408004281826537
GBR,United Kingdom,Europe,2010,Cattle meat,0.0,0.008947126583191977
GBR,United Kingdom,Europe,2011,Cattle meat,0.0,0.008947126583191977
GBR,United Kingdom,Europe,2012,Cattle meat,466.55312713733,0.04416056260576338
GBR,United Kingdom,Europe,2013,Cattle meat,341.1793056578827,0.0655452634999769
GBR,United Kingdom,Europe,2014,Cattle meat,358.7344928374969,0.09016210019368921
GBR,United Kingdom,Europe,2015,Cattle meat,89.02689230386228,0.09588062668503378
GBR,United Kingdom,Europe,2016,Cattle meat,67.444171199262,0.1004314048427679
GBR,United Kingdom,Europe,2017,Cattle meat,0.0,0.06566543573893681
GBR,United Kingdom,Europe,2018,Cattle meat,0.0,0.04456303373085822
GBR,United Kingdom,Europe,2019,Cattle meat,0.0,0.02012034720363022
GBR,United Kingdom,Europe,2020,Cattle meat,0.0,0.01444404411189276
GBR,United Kingdom,Europe,2021,Cattle meat,0.0,0.009945492364096215
GBR,United Kingdom,Europe,2022,Cattle meat,0.0,0.009945492364096215
GBR,United Kingdom,Europe,2023,Cattle meat,0.0,0.009945492364096215
GEO,Georgia,Rest of Asia,2001,Cattle meat,127.4850469021652,0.0
GEO,Georgia,Rest of Asia,2002,Cattle meat,91.89409719322063,0.0
GEO,Georgia,Rest of Asia,2003,Cattle meat,84.51690837182464,0.0
GEO,Georgia,Rest of Asia,2004,Cattle meat,10.2347357946282,0.0
GEO,Georgia,Rest of Asia,2005,Cattle meat,24.13694013035292,0.02663717529728977
GEO,Georgia,Rest of Asia,2006,Cattle meat,47.82934818005684,0.01982857479915799
GEO,Georgia,Rest of Asia,2007,Cattle meat,81.06299829835496,0.0190355018026575
GEO,Georgia,Rest of Asia,2008,Cattle meat,70.02442437298214,0.01788007107073091
GEO,Georgia,Rest of Asia,2009,Cattle meat,71.4761229467864,0.02205652808641646
GEO,Georgia,Rest of Asia,2010,Cattle meat,16.43644463733924,0.02147706704395215
GEO,Georgia,Rest of Asia,2011,Cattle meat,80.34719641860423,0.02378922209204895
GEO,Georgia,Rest of Asia,2012,Cattle meat,109.92917640597,0.02549646460358017
GEO,Georgia,Rest of Asia,2013,Cattle meat,98.18131224487303,0.02629786511353636
GEO,Georgia,Rest of Asia,2014,Cattle meat,27.53553800109863,0.02307455903309962
GEO,Georgia,Rest of Asia,2015,Cattle meat,11.42162548248291,0.02276012526834507
GEO,Georgia,Rest of Asia,2016,Cattle meat,79.40096482727051,0.02258433299274825
GEO,Georgia,Rest of Asia,2017,Cattle meat,17.71844916095017,0.01589645706784958
GEO,Georgia,Rest of Asia,2018,Cattle meat,6.053025541670265,0.01006109864883452
GEO,Georgia,Rest of Asia,2019,Cattle meat,3.940426087227281,0.00867597092562899
GEO,Georgia,Rest of Asia,2020,Cattle meat,19.7013424373887,0.009363660340333518
GEO,Georgia,Rest of Asia,2021,Cattle meat,45.16274702987011,0.007453081714536872
GEO,Georgia,Rest of Asia,2022,Cattle meat,26.10757544952392,0.008094467157040649
GEO,Georgia,Rest of Asia,2023,Cattle meat,23.85842227539062,0.008812785557954523
GEO,Georgia,Rest of Asia,2001,Soya beans,0.1510939571325337,0.0
GEO,Georgia,Rest of Asia,2002,Soya beans,0.004277133629362014,0.0
GEO,Georgia,Rest of Asia,2003,Soya beans,0.0,0.0
GEO,Georgia,Rest of Asia,2004,Soya beans,0.0,0.0
GEO,Georgia,Rest of Asia,2005,Soya beans,0.0,1.232255301668688e-05
GEO,Georgia,Rest of Asia,2006,Soya beans,0.0,3.335554019347299e-07
GEO,Georgia,Rest of Asia,2007,Soya beans,0.0,0.0
GEO,Georgia,Rest of Asia,2008,Soya beans,0.0,0.0
GEO,Georgia,Rest of Asia,2009,Soya beans,0.00344110542335406,1.923843766837702e-07
GEO,Georgia,Rest of Asia,2010,Soya beans,0.3410331952289294,2.871571410558445e-05
GEO,Georgia,Rest of Asia,2011,Soya beans,0.0,2.871571410558445e-05
GEO,Georgia,Rest of Asia,2012,Soya beans,0.0,2.871571410558445e-05
GEO,Georgia,Rest of Asia,2013,Soya beans,0.01383021160509903,2.945780629046639e-05
GEO,Georgia,Rest of Asia,2014,Soya beans,0.01309039721369411,3.000911974435473e-05
GEO,Georgia,Rest of Asia,2015,Soya beans,0.02317221868640926,2.932101169437418e-06
GEO,Georgia,Rest of Asia,2016,Soya beans,0.0,2.932101169437418e-06
GEO,Georgia,Rest of Asia,2017,Soya beans,0.0,2.932101169437418e-06
GEO,Georgia,Rest of Asia,2018,Soya beans,0.0,2.19000898455547e-06
GEO,Georgia,Rest of Asia,2019,Soya beans,0.0,1.446311153983365e-06
GEO,Georgia,Rest of Asia,2020,Soya beans,0.0,0.0
GEO,Georgia,Rest of Asia,2021,Soya beans,0.0,0.0
GEO,Georgia,Rest of Asia,2022,Soya beans,0.0,0.0
GEO,Georgia,Rest of Asia,2023,Soya beans,0.0,0.0
GHA,Ghana,Africa,2001,Cattle meat,0.0,0.0
GHA,Ghana,Africa,2002,Cattle meat,0.0,0.0
GHA,Ghana,Africa,2003,Cattle meat,0.0,0.0
GHA,Ghana,Africa,2004,Cattle meat,3402.558574709498,0.0004066325144324696
GHA,Ghana,Africa,2005,Cattle meat,0.0,0.22655688226001
GHA,Ghana,Africa,2006,Cattle meat,279.7246411399799,0.2439031710743994
GHA,Ghana,Africa,2007,Cattle meat,0.0,0.2439031710743994
GHA,Ghana,Africa,2008,Cattle meat,2895.655456830151,0.4133400889242794
GHA,Ghana,Africa,2009,Cattle meat,0.0,0.1871898391787018
GHA,Ghana,Africa,2010,Cattle meat,0.0,0.1871898391787018
GHA,Ghana,Africa,2011,Cattle meat,0.0,0.169868269981369
GHA,Ghana,Africa,2012,Cattle meat,0.0,0.169868269981369
GHA,Ghana,Africa,2013,Cattle meat,0.0,0.0007686316749899206
GHA,Ghana,Africa,2014,Cattle meat,0.0,0.0007686316749899206
GHA,Ghana,Africa,2015,Cattle meat,0.0,0.0007686316749899206
GHA,Ghana,Africa,2016,Cattle meat,0.0,0.0007686316749899206
GHA,Ghana,Africa,2017,Cattle meat,32831.4662407155,1.602269004280811
GHA,Ghana,Africa,2018,Cattle meat,43216.21342492313,3.930122165966718
GHA,Ghana,Africa,2019,Cattle meat,17010.35518227195,4.832207773887066
GHA,Ghana,Africa,2020,Cattle meat,11183.42786242565,5.448684433629148
GHA,Ghana,Africa,2021,Cattle meat,11088.53530090778,6.041743262443727
GHA,Ghana,Africa,2022,Cattle meat,12457.98764703307,5.146243352024911
GHA,Ghana,Africa,2023,Cattle meat,11576.65027012216,3.474440732249302
GHA,Ghana,Africa,2001,Oil palm fruit,6017.970577373899,9.592415452429199e-05
GHA,Ghana,Africa,2002,Oil palm fruit,13520.17830120057,0.000137626843484436
GHA,Ghana,Africa,2003,Oil palm fruit,6118.069970760003,0.0001584784733978271
GHA,Ghana,Africa,2004,Oil palm fruit,610.4747337158225,0.0002376900786902465
GHA,Ghana,Africa,2005,Oil palm fruit,1629.262668201073,-0.9119392617031499
GHA,Ghana,Africa,2006,Oil palm fruit,739.7348523853091,-0.7095147717125311
GHA,Ghana,Africa,2007,Oil palm fruit,4033.954606428856,-0.1950700994410844
GHA,Ghana,Africa,2008,Oil palm fruit,1124.208615299207,0.03274890895592011
GHA,Ghana,Africa,2009,Oil palm fruit,2234.762438010922,-0.009409678806773751
GHA,Ghana,Africa,2010,Oil palm fruit,250.7673357666014,-0.01268315975239671
GHA,Ghana,Africa,2011,Oil palm fruit,524.3591940277697,0.009057953643376304
GHA,Ghana,Africa,2012,Oil palm fruit,859.7911511901616,0.03472401702305834
GHA,Ghana,Africa,2013,Oil palm fruit,6844.299369007093,-0.1168895136529672
GHA,Ghana,Africa,2014,Oil palm fruit,3237.732262367374,-0.1580747900827082
GHA,Ghana,Africa,2015,Oil palm fruit,1867.702280953491,-0.1873403677526179
GHA,Ghana,Africa,2016,Oil palm fruit,2806.972877273944,-0.3127418087204371
GHA,Ghana,Africa,2017,Oil palm fruit,585.0114562833776,-0.3605318781966054
GHA,Ghana,Africa,2018,Oil palm fruit,718.2614313440185,-0.2297492037266254
GHA,Ghana,Africa,2019,Oil palm fruit,352.8907802628685,-0.1685234387058787
GHA,Ghana,Africa,2020,Oil palm fruit,339.8940683589726,-0.1519538420779734
GHA,Ghana,Africa,2021,Oil palm fruit,404.5335349218468,-0.04228945544360312
GHA,Ghana,Africa,2022,Oil palm fruit,1174.272767638952,-0.04689747413235292
GHA,Ghana,Africa,2023,Oil palm fruit,942.0647064352863,-0.05164849555681036
GHA,Ghana,Africa,2001,Soya beans,0.0,0.0
GHA,Ghana,Africa,2002,Soya beans,0.0,0.0
GHA,Ghana,Africa,2003,Soya beans,0.0,0.0
GHA,Ghana,Africa,2004,Soya beans,0.0,0.0
GHA,Ghana,Africa,2005,Soya beans,2256.623269957408,0.1626386888194621
GHA,Ghana,Africa,2006,Soya beans,1441.813320745801,0.26848991652653
GHA,Ghana,Africa,2007,Soya beans,2538.981046650712,0.4592481208827781
GHA,Ghana,Africa,2008,Soya beans,1423.964139408223,0.557322151685693
GHA,Ghana,Africa,2009,Soya beans,849.4508202435244,0.6244026969535571
GHA,Ghana,Africa,2010,Soya beans,0.0,0.461940676296943
GHA,Ghana,Africa,2011,Soya beans,0.0,0.3562513953788053
GHA,Ghana,Africa,2012,Soya beans,0.0,0.1656363373002121
GHA,Ghana,Africa,2013,Soya beans,337.2637980361976,0.09239782389779985
GHA,Ghana,Africa,2014,Soya beans,2767.585532946031,0.2230664858354383
GHA,Ghana,Africa,2015,Soya beans,1133.524152018483,0.301856991822315
GHA,Ghana,Africa,2016,Soya beans,2766.337951738985,0.4829684166999118
GHA,Ghana,Africa,2017,Soya beans,1130.908888984579,0.550203015554628
GHA,Ghana,Africa,2018,Soya beans,1744.543494501926,0.6376607620822183
GHA,Ghana,Africa,2019,Soya beans,1848.350609667277,0.5571098246104282
GHA,Ghana,Africa,2020,Soya beans,519.2877905298309,0.5133554413907785
GHA,Ghana,Africa,2021,Soya beans,790.4572827646845,0.3839367495977561
GHA,Ghana,Africa,2022,Soya beans,2920.098524775822,0.5192584971115127
GHA,Ghana,Africa,2023,Soya beans,2303.047493276431,0.5643392876569205
GIN,Guinea,Africa,2001,Cattle meat,261.500546044467,4.324489432304183e-05
GIN,Guinea,Africa,2002,Cattle meat,496.9589812559643,0.0001339113217792731
GIN,Guinea,Africa,2003,Cattle meat,81.05623187189646,0.0001403128519129313
GIN,Guinea,Africa,2004,Cattle meat,100.4714203571652,0.0001554480862984479
GIN,Guinea,Africa,2005,Cattle meat,42.1652887477055,0.05878772636601381
GIN,Guinea,Africa,2006,Cattle meat,102.6116957870058,0.04892606042255043
GIN,Guinea,Africa,2007,Cattle meat,49.455833818743,0.02237445384616353
GIN,Guinea,Africa,2008,Cattle meat,50.46273591000332,0.02040498514565125
GIN,Guinea,Africa,2009,Cattle meat,14.74775852712395,0.01526839334934489
GIN,Guinea,Africa,2010,Cattle meat,28.26103526735213,0.01469673240375308
GIN,Guinea,Africa,2011,Cattle meat,14.62283276639444,0.00966350648949584
GIN,Guinea,Africa,2012,Cattle meat,15.42375788571053,0.007523692234472748
GIN,Guinea,Africa,2013,Cattle meat,12.66700637481287,0.005111987011008999
GIN,Guinea,Africa,2014,Cattle meat,332.1700709524245,0.02134412703171309
GIN,Guinea,Africa,2015,Cattle meat,427.2797514047223,0.04125035630713757
GIN,Guinea,Africa,2016,Cattle meat,1577.471568295076,0.1196377154101931
GIN,Guinea,Africa,2017,Cattle meat,1592.395813552682,0.2001866367629208
GIN,Guinea,Africa,2018,Cattle meat,1281.072257058621,0.2652089723846748
GIN,Guinea,Africa,2019,Cattle meat,916.7267408572668,0.2953468225976432
GIN,Guinea,Africa,2020,Cattle meat,530.7792306610781,0.3011206386208566
GIN,Guinea,Africa,2021,Cattle meat,708.9701613929035,0.2588730788933825
GIN,Guinea,Africa,2022,Cattle meat,544.4134720002743,0.2059839231070458
GIN,Guinea,Africa,2023,Cattle meat,591.2023058994506,0.1713517824887049
GIN,Guinea,Africa,2001,Oil palm fruit,0.07580098876953124,0.0
GIN,Guinea,Africa,2002,Oil palm fruit,2.954817669677734,4.948642867230225e-05
GIN,Guinea,Africa,2003,Oil palm fruit,0.0,4.948642867230225e-05
GIN,Guinea,Africa,2004,Oil palm fruit,3.034808209228517,4.948642867230225e-05
GIN,Guinea,Africa,2005,Oil palm fruit,0.9101878723144531,0.0001711469406782216
GIN,Guinea,Africa,2006,Oil palm fruit,0.075795263671875,0.000171841676586697
GIN,Guinea,Africa,2007,Oil palm fruit,0.0,0.0001252090829937293
GIN,Guinea,Africa,2008,Oil palm fruit,0.0,0.0001252090829937293
GIN,Guinea,Africa,2009,Oil palm fruit,0.3031460571289062,7.415191578330789e-05
GIN,Guinea,Africa,2010,Oil palm fruit,0.07587470703125,5.99270257092869e-05
GIN,Guinea,Africa,2011,Oil palm fruit,21.29242878049237,-0.0008363510311261293
GIN,Guinea,Africa,2012,Oil palm fruit,36.23443614347779,-0.002430666221439152
GIN,Guinea,Africa,2013,Oil palm fruit,266.2016103666808,-0.01414353707757311
GIN,Guinea,Africa,2014,Oil palm fruit,339.676608373443,-0.02909457935662059
GIN,Guinea,Africa,2015,Oil palm fruit,360.4614373551821,-0.04489376662943919
GIN,Guinea,Africa,2016,Oil palm fruit,407.5753075165127,-0.06192325570999151
GIN,Guinea,Africa,2017,Oil palm fruit,431.9111566437509,-0.07933303141200351
GIN,Guinea,Africa,2018,Oil palm fruit,308.4355177079744,-0.08119132333502044
GIN,Guinea,Africa,2019,Oil palm fruit,277.8001739596524,-0.07839923837082442
GIN,Guinea,Africa,2020,Oil palm fruit,15.61138833584147,-0.06328962811653743
GIN,Guinea,Africa,2021,Oil palm fruit,50.32883751096698,-0.04758082298429866
GIN,Guinea,Africa,2022,Oil palm fruit,9.387242385353153,-0.02898977075692916
GIN,Guinea,Africa,2023,Oil palm fruit,22.77536507171955,-0.01642072404093394
GLP,Guadeloupe,North and Central America,2001,Cattle meat,0.0,0.0
GLP,Guadeloupe,North and Central America,2002,Cattle meat,0.0,0.0
GLP,Guadeloupe,North and Central America,2003,Cattle meat,0.0,0.0
GLP,Guadeloupe,North and Central America,2004,Cattle meat,18.05487505859375,2.890354570361328e-05
GLP,Guadeloupe,North and Central America,2005,Cattle meat,15.38643823059082,0.002295290822073114
GLP,Guadeloupe,North and Central America,2006,Cattle meat,7.656733699645995,0.00282457760493171
GMB,Gambia,Africa,2001,Cattle meat,0.0,0.0
GMB,Gambia,Africa,2002,Cattle meat,0.0,0.0
GMB,Gambia,Africa,2003,Cattle meat,0.0,0.0
GMB,Gambia,Africa,2004,Cattle meat,0.0,0.0
GMB,Gambia,Africa,2005,Cattle meat,0.0,0.0
GMB,Gambia,Africa,2006,Cattle meat,0.0,0.0
GMB,Gambia,Africa,2007,Cattle meat,0.0,0.0
GMB,Gambia,Africa,2008,Cattle meat,0.0,0.0
GMB,Gambia,Africa,2009,Cattle meat,0.0705805701700271,3.103300908607458e-06
GMB,Gambia,Africa,2010,Cattle meat,2.795561913558099,9.208788426415085e-05
GMB,Gambia,Africa,2011,Cattle meat,3.838143187022116,0.0002190410480705039
GMB,Gambia,Africa,2012,Cattle meat,2.432201241274479,0.0003021984789625757
GMB,Gambia,Africa,2013,Cattle meat,2.047555974540809,0.0003707049782537476
GMB,Gambia,Africa,2014,Cattle meat,5.837301463623047,0.000545864252061259
GMB,Gambia,Africa,2015,Cattle meat,3.13172097503662,0.0005412413318280077
GMB,Gambia,Africa,2016,Cattle meat,2.064468152770996,0.0004878678677342577
GMB,Gambia,Africa,2017,Cattle meat,0.440562487529996,0.0004202966517336665
GMB,Gambia,Africa,2018,Cattle meat,0.5992321819339944,0.000370260493258157
GMB,Gambia,Africa,2019,Cattle meat,1.264199017252574,0.0002297613521309274
GMB,Gambia,Africa,2020,Cattle meat,0.4861149379772589,0.000159805739158434
GMB,Gambia,Africa,2021,Cattle meat,0.22883248744869,9.873100874440425e-05
GMB,Gambia,Africa,2022,Cattle meat,0.3098079636846652,9.358694038162314e-05
GMB,Gambia,Africa,2023,Cattle meat,0.3094769970044715,8.577134103101844e-05
GMB,Gambia,Africa,2001,Oil palm fruit,0.0,0.0
GMB,Gambia,Africa,2002,Oil palm fruit,0.0,0.0
GMB,Gambia,Africa,2003,Oil palm fruit,0.0,0.0
GMB,Gambia,Africa,2004,Oil palm fruit,0.219799095441673,7.821933617366422e-08
GMB,Gambia,Africa,2005,Oil palm fruit,0.0,-3.606507704202179e-07
GMB,Gambia,Africa,2006,Oil palm fruit,0.0,-3.606507704202179e-07
GMB,Gambia,Africa,2007,Oil palm fruit,0.0,-3.606507704202179e-07
GMB,Gambia,Africa,2008,Oil palm fruit,0.0,-3.606507704202179e-07
GMB,Gambia,Africa,2009,Oil palm fruit,0.0,7.821933617366422e-08
GMB,Gambia,Africa,2010,Oil palm fruit,0.0,7.821933617366422e-08
GMB,Gambia,Africa,2011,Oil palm fruit,0.007369535552440691,3.70432270154966e-08
GMB,Gambia,Africa,2012,Oil palm fruit,0.01177236971524061,-1.564540264737895e-08
GMB,Gambia,Africa,2013,Oil palm fruit,0.01605673385264043,-6.948575148087205e-08
GMB,Gambia,Africa,2014,Oil palm fruit,0.01335948160887747,-1.156652087434226e-07
GMB,Gambia,Africa,2015,Oil palm fruit,0.0131415617101333,-1.927990048602261e-07
GMB,Gambia,Africa,2016,Oil palm fruit,0.006755307940399192,-1.862328218004599e-07
GMB,Gambia,Africa,2017,Oil palm fruit,0.09776375947314395,-5.571190761543286e-07
GMB,Gambia,Africa,2018,Oil palm fruit,0.0008069147716821961,-5.069686911358107e-07
GMB,Gambia,Africa,2019,Oil palm fruit,0.002586378342070393,-4.742163624193437e-07
GMB,Gambia,Africa,2020,Oil palm fruit,0.0004458523256820342,-3.994073925862896e-07
GMB,Gambia,Africa,2021,Oil palm fruit,3.43772921608873e-05,-3.641145849583506e-07
GMB,Gambia,Africa,2022,Oil palm fruit,0.0,5.99560736526556e-08
GMB,Gambia,Africa,2023,Oil palm fruit,4.859038592994674e-05,6.355160130731492e-08
GNB,Guinea-Bissau,Africa,2001,Cattle meat,116.9137484928975,6.966798067665271e-05
GNB,Guinea-Bissau,Africa,2002,Cattle meat,391.0252452259997,0.0005390248060636594
GNB,Guinea-Bissau,Africa,2003,Cattle meat,31.73312299759561,0.000568320930887203
GNB,Guinea-Bissau,Africa,2004,Cattle meat,295.9654037210533,0.0008148024815459114
GNB,Guinea-Bissau,Africa,2005,Cattle meat,196.0795925501962,0.05428364047516637
GNB,Guinea-Bissau,Africa,2006,Cattle meat,134.6036994267344,0.05534497991403042
GNB,Guinea-Bissau,Africa,2007,Cattle meat,175.3729271419164,0.04561369916510723
GNB,Guinea-Bissau,Africa,2008,Cattle meat,75.28627111425186,0.04794576518492241
GNB,Guinea-Bissau,Africa,2009,Cattle meat,296.9354054520083,0.04773156518590355
GNB,Guinea-Bissau,Africa,2010,Cattle meat,436.1887523533347,0.06054040612572034
GNB,Guinea-Bissau,Africa,2011,Cattle meat,230.07152664124,0.06562696510856708
GNB,Guinea-Bissau,Africa,2012,Cattle meat,188.8366591093171,0.0655903754227404
GNB,Guinea-Bissau,Africa,2013,Cattle meat,483.3696009335703,0.08599246075451995
GNB,Guinea-Bissau,Africa,2014,Cattle meat,4.338459699108228,0.07163261593292222
GNB,Guinea-Bissau,Africa,2015,Cattle meat,0.0,0.0487688735830431
GNB,Guinea-Bissau,Africa,2016,Cattle meat,0.0,0.03663758705653489
GNB,Guinea-Bissau,Africa,2017,Cattle meat,0.0,0.027221032746364
GNB,Guinea-Bissau,Africa,2018,Cattle meat,0.0,0.003570632175783834
GNB,Guinea-Bissau,Africa,2019,Cattle meat,0.0,0.003365251773211607
GNB,Guinea-Bissau,Africa,2020,Cattle meat,0.0,0.003365251773211607
GNB,Guinea-Bissau,Africa,2021,Cattle meat,184.2689292915631,0.01253242490974779
GNB,Guinea-Bissau,Africa,2022,Cattle meat,97.12503279872472,0.01706108744060312
GNB,Guinea-Bissau,Africa,2023,Cattle meat,74.25238520529815,0.02062900757522288
GNB,Guinea-Bissau,Africa,2001,Oil palm fruit,0.0,0.0
GNB,Guinea-Bissau,Africa,2002,Oil palm fruit,0.0,0.0
GNB,Guinea-Bissau,Africa,2003,Oil palm fruit,0.0,0.0
GNB,Guinea-Bissau,Africa,2004,Oil palm fruit,0.0,0.0
GNB,Guinea-Bissau,Africa,2005,Oil palm fruit,0.0,0.0
GNB,Guinea-Bissau,Africa,2006,Oil palm fruit,0.0,0.0
GNB,Guinea-Bissau,Africa,2007,Oil palm fruit,0.0,0.0
GNB,Guinea-Bissau,Africa,2008,Oil palm fruit,0.0,0.0
GNB,Guinea-Bissau,Africa,2009,Oil palm fruit,0.0,0.0
GNB,Guinea-Bissau,Africa,2010,Oil palm fruit,0.0,0.0
GNB,Guinea-Bissau,Africa,2011,Oil palm fruit,0.004301866458375655,8.125965031061924e-08
GNB,Guinea-Bissau,Africa,2012,Oil palm fruit,0.03085875227050116,4.595461332174926e-07
GNB,Guinea-Bissau,Africa,2013,Oil palm fruit,0.7493161855196304,1.246883231191499e-05
GNB,Guinea-Bissau,Africa,2014,Oil palm fruit,0.4898218969821964,1.992690589774223e-05
GNB,Guinea-Bissau,Africa,2015,Oil palm fruit,0.2032868037668346,2.324263172021637e-05
GNB,Guinea-Bissau,Africa,2016,Oil palm fruit,0.1299139782029867,2.471120704590323e-05
GNB,Guinea-Bissau,Africa,2017,Oil palm fruit,0.5567024038113974,3.225897207105434e-05
GNB,Guinea-Bissau,Africa,2018,Oil palm fruit,0.6568400071904413,2.99789885071868e-05
GNB,Guinea-Bissau,Africa,2019,Oil palm fruit,1.354510629241227,4.593418556679393e-05
GNB,Guinea-Bissau,Africa,2020,Oil palm fruit,0.8693390397232156,5.755549868944536e-05
GNB,Guinea-Bissau,Africa,2021,Oil palm fruit,0.5983125403031158,6.639522827718913e-05
GNB,Guinea-Bissau,Africa,2022,Oil palm fruit,0.507318882032379,6.687061344388164e-05
GNB,Guinea-Bissau,Africa,2023,Oil palm fruit,0.5017390350681227,6.825988167984966e-05
GNQ,Equatorial Guinea,Africa,2001,Cattle meat,191.2530424704493,0.0001190466771525448
GNQ,Equatorial Guinea,Africa,2002,Cattle meat,232.1779381024146,0.000198158092068438
GNQ,Equatorial Guinea,Africa,2003,Cattle meat,220.3461318347769,0.0004084904429936582
GNQ,Equatorial Guinea,Africa,2004,Cattle meat,32.21225554382324,0.0004276172475637875
GNQ,Equatorial Guinea,Africa,2005,Cattle meat,162.6680716553998,0.1057372778378244
GNQ,Equatorial Guinea,Africa,2006,Cattle meat,114.4071047122587,0.09554986669733413
GNQ,Equatorial Guinea,Africa,2007,Cattle meat,158.812143189031,0.08509978113196077
GNQ,Equatorial Guinea,Africa,2008,Cattle meat,142.9741712268921,0.07473391093557276
GNQ,Equatorial Guinea,Africa,2009,Cattle meat,175.9505557832517,0.09146708091459015
GNQ,Equatorial Guinea,Africa,2010,Cattle meat,235.3313802446569,0.09780339356708899
GNQ,Equatorial Guinea,Africa,2011,Cattle meat,220.7100582044479,0.1094009777069197
GNQ,Equatorial Guinea,Africa,2012,Cattle meat,87.80683933601604,0.1000042384859642
GNQ,Equatorial Guinea,Africa,2013,Cattle meat,220.5565419234565,0.1095512209222766
GNQ,Equatorial Guinea,Africa,2014,Cattle meat,346.9637459437487,0.1304646661153971
GNQ,Equatorial Guinea,Africa,2015,Cattle meat,84.20426159011838,0.1145299105386798
GNQ,Equatorial Guinea,Africa,2016,Cattle meat,135.7223582322786,0.1051802331229104
GNQ,Equatorial Guinea,Africa,2017,Cattle meat,263.2354144279019,0.1268436072638293
GNQ,Equatorial Guinea,Africa,2018,Cattle meat,153.9288255046671,0.1187195451255923
GNQ,Equatorial Guinea,Africa,2019,Cattle meat,286.0831876231829,0.1113202568576397
GNQ,Equatorial Guinea,Africa,2020,Cattle meat,139.7735141794901,0.1181765002436737
GNQ,Equatorial Guinea,Africa,2021,Cattle meat,404.83987830458,0.1508795498384573
GNQ,Equatorial Guinea,Africa,2022,Cattle meat,329.0951829479794,0.1593997756726838
GNQ,Equatorial Guinea,Africa,2023,Cattle meat,305.2970797816693,0.1778383520678021
GNQ,Equatorial Guinea,Africa,2001,Oil palm fruit,0.0,0.0
GNQ,Equatorial Guinea,Africa,2002,Oil palm fruit,0.0,0.0
GNQ,Equatorial Guinea,Africa,2003,Oil palm fruit,0.0,0.0
GNQ,Equatorial Guinea,Africa,2004,Oil palm fruit,0.0,0.0
GNQ,Equatorial Guinea,Africa,2005,Oil palm fruit,0.0,0.0
GNQ,Equatorial Guinea,Africa,2006,Oil palm fruit,0.0,0.0
GNQ,Equatorial Guinea,Africa,2007,Oil palm fruit,0.0,0.0
GNQ,Equatorial Guinea,Africa,2008,Oil palm fruit,0.1537573608398438,1.263739400568647e-05
GNQ,Equatorial Guinea,Africa,2009,Oil palm fruit,0.0,1.263739400568647e-05
GNQ,Equatorial Guinea,Africa,2010,Oil palm fruit,0.0,1.263739400568647e-05
GNQ,Equatorial Guinea,Africa,2011,Oil palm fruit,1.864513881815164,-6.001142086771787e-05
GNQ,Equatorial Guinea,Africa,2012,Oil palm fruit,0.2196481492713143,-6.945744791307151e-05
GNQ,Equatorial Guinea,Africa,2013,Oil palm fruit,0.0,-8.195091689151531e-05
GNQ,Equatorial Guinea,Africa,2014,Oil palm fruit,45.8813612476903,-0.002023787584025401
GNQ,Equatorial Guinea,Africa,2015,Oil palm fruit,58.89513651126794,-0.00453122729340468
GNQ,Equatorial Guinea,Africa,2016,Oil palm fruit,104.3855216496117,-0.008911463675488859
GNQ,Equatorial Guinea,Africa,2017,Oil palm fruit,109.8250639967998,-0.01363828184201443
GNQ,Equatorial Guinea,Africa,2018,Oil palm fruit,33.09333365078842,-0.01506165059920264
GNQ,Equatorial Guinea,Africa,2019,Oil palm fruit,6.247641361420832,-0.01331213924660376
GNQ,Equatorial Guinea,Africa,2020,Oil palm fruit,2.179450973877653,-0.01081458596617048
GNQ,Equatorial Guinea,Africa,2021,Oil palm fruit,0.0,-0.006221623013587567
GNQ,Equatorial Guinea,Africa,2022,Oil palm fruit,11.60886883460401,-0.001888763245284467
GNQ,Equatorial Guinea,Africa,2023,Oil palm fruit,1.195924833430592,-0.0004843256384473179
GRC,Greece,Europe,2001,Cattle meat,0.0,0.0
GRC,Greece,Europe,2002,Cattle meat,0.0,0.0
GRC,Greece,Europe,2003,Cattle meat,0.0,0.0
GRC,Greece,Europe,2004,Cattle meat,0.0,0.0
GRC,Greece,Europe,2005,Cattle meat,0.0,0.0
GRC,Greece,Europe,2006,Cattle meat,0.0,0.0
GRC,Greece,Europe,2007,Cattle meat,0.0,0.0
GRC,Greece,Europe,2008,Cattle meat,0.0,0.0
GRC,Greece,Europe,2009,Cattle meat,0.0,0.0
GRC,Greece,Europe,2010,Cattle meat,0.0,0.0
GRC,Greece,Europe,2011,Cattle meat,0.0,0.0
GRC,Greece,Europe,2012,Cattle meat,0.0,0.0
GRC,Greece,Europe,2013,Cattle meat,0.0,0.0
GRC,Greece,Europe,2014,Cattle meat,0.0,0.0
GRC,Greece,Europe,2015,Cattle meat,0.0,0.0
GRC,Greece,Europe,2016,Cattle meat,0.0,0.0
GRC,Greece,Europe,2017,Cattle meat,0.0,0.0
GRC,Greece,Europe,2018,Cattle meat,374.3803471031745,0.01603380029108679
GRC,Greece,Europe,2019,Cattle meat,0.0,0.01603380029108679
GRC,Greece,Europe,2020,Cattle meat,0.0,0.01603380029108679
GRC,Greece,Europe,2021,Cattle meat,0.0,0.01603380029108679
GRC,Greece,Europe,2022,Cattle meat,87.89826174969514,0.01982771386498784
GRC,Greece,Europe,2023,Cattle meat,9.868377513015007,0.004239917253126359
GRC,Greece,Europe,2001,Soya beans,0.1412136028829611,3.298372073655509e-08
GRC,Greece,Europe,2002,Soya beans,0.03872214168715227,3.56005200338831e-08
GRC,Greece,Europe,2003,Soya beans,0.0,3.56005200338831e-08
GRC,Greece,Europe,2004,Soya beans,0.0,3.56005200338831e-08
GRC,Greece,Europe,2005,Soya beans,0.0,9.78776571311601e-06
GRC,Greece,Europe,2006,Soya beans,0.0280963999412685,3.599001687892497e-06
GRC,Greece,Europe,2007,Soya beans,4.75150053871559,0.0003019026089120187
GRC,Greece,Europe,2008,Soya beans,1.872523179686011,0.0004159272728810002
GRC,Greece,Europe,2009,Soya beans,1.19580141728817,0.0004853747792641123
GRC,Greece,Europe,2010,Soya beans,0.0308493811299896,0.0004869742988511464
GRC,Greece,Europe,2011,Soya beans,2.881909117144561,0.0006333122510318704
GRC,Greece,Europe,2012,Soya beans,1.129468882445021,0.0003919774227463765
GRC,Greece,Europe,2013,Soya beans,0.7780666374174189,0.0003158766466416293
GRC,Greece,Europe,2014,Soya beans,0.0,0.0002465255628517302
GRC,Greece,Europe,2015,Soya beans,0.0,0.0002449267136786528
GRC,Greece,Europe,2016,Soya beans,0.0,9.715330772167445e-05
GRC,Greece,Europe,2017,Soya beans,0.0,3.845161555363912e-05
GRC,Greece,Europe,2018,Soya beans,0.5448420709447332,2.895767665735959e-05
GRC,Greece,Europe,2019,Soya beans,0.1704192587240227,3.790343832366287e-05
GRC,Greece,Europe,2020,Soya beans,3.382330828282485,0.0002205342144156275
GRC,Greece,Europe,2021,Soya beans,5.016478368539552,0.0004925091310117618
GRC,Greece,Europe,2022,Soya beans,2.282909133782715,0.000611615361468022
GRC,Greece,Europe,2023,Soya beans,4.358926896385958,0.0008174997785711127
GRD,Grenada,South America,2001,Cattle meat,4.00371372894287,0.0
GRD,Grenada,South America,2002,Cattle meat,4.503385496826171,1.604272575415039e-05
GRD,Grenada,South America,2003,Cattle meat,5.567394420380237,2.139278279974365e-05
GRD,Grenada,South America,2004,Cattle meat,82.01125860534667,3.743578830059814e-05
GRD,Grenada,South America,2005,Cattle meat,3.503214010314942,0.01135153741142658
GRD,Grenada,South America,2006,Cattle meat,0.0,0.01092923744436998
GRD,Grenada,South America,2007,Cattle meat,0.0,0.01046523077839882
GRD,Grenada,South America,2008,Cattle meat,0.0,0.009925966223974026
GRD,Grenada,South America,2009,Cattle meat,7.506578099365233,0.001163256406199549
GRD,Grenada,South America,2010,Cattle meat,6.149029154663086,0.001465329658564746
GRD,Grenada,South America,2011,Cattle meat,2.502017470092773,0.001754959224860456
GRD,Grenada,South America,2012,Cattle meat,2.931199510498046,0.002059232203849485
GRD,Grenada,South America,2013,Cattle meat,2.938387185702438,0.002236209908483529
GRD,Grenada,South America,2014,Cattle meat,2.938387185702438,0.001687548861112095
GRD,Grenada,South America,2015,Cattle meat,0.0,0.001048175863330078
GRD,Grenada,South America,2016,Cattle meat,0.0,0.0007585462970343675
GRD,Grenada,South America,2017,Cattle meat,0.0,0.0004542733180453384
GRD,Grenada,South America,2018,Cattle meat,0.0,0.0002772956134112948
GRD,Grenada,South America,2019,Cattle meat,0.0,5.882889595349121e-05
GRD,Grenada,South America,2020,Cattle meat,0.01516935841447114,5.973347183155369e-05
GRD,Grenada,South America,2021,Cattle meat,0.1471827982042277,7.152938784501293e-05
GRD,Grenada,South America,2022,Cattle meat,0.5366958480938985,0.0001187541416713368
GRD,Grenada,South America,2023,Cattle meat,0.05872501344897516,0.0001234242964259439
GTM,Guatemala,North and Central America,2001,Cattle meat,0.0,0.0
GTM,Guatemala,North and Central America,2002,Cattle meat,0.0,0.0
GTM,Guatemala,North and Central America,2003,Cattle meat,0.0,0.0
GTM,Guatemala,North and Central America,2004,Cattle meat,0.0,0.0
GTM,Guatemala,North and Central America,2005,Cattle meat,0.0,0.0
GTM,Guatemala,North and Central America,2006,Cattle meat,0.0,0.0
GTM,Guatemala,North and Central America,2007,Cattle meat,0.0,0.0
GTM,Guatemala,North and Central America,2008,Cattle meat,0.0,0.0
GTM,Guatemala,North and Central America,2009,Cattle meat,0.0,0.0
GTM,Guatemala,North and Central America,2010,Cattle meat,0.0,0.0
GTM,Guatemala,North and Central America,2011,Cattle meat,0.0,0.0
GTM,Guatemala,North and Central America,2012,Cattle meat,0.0,0.0
GTM,Guatemala,North and Central America,2013,Cattle meat,3127.81535581021,0.2523568290346641
GTM,Guatemala,North and Central America,2014,Cattle meat,7229.491426929058,0.8081944273595667
GTM,Guatemala,North and Central America,2015,Cattle meat,14319.79543695273,1.897606515812566
GTM,Guatemala,North and Central America,2016,Cattle meat,14751.10934654526,3.080274353000884
GTM,Guatemala,North and Central America,2017,Cattle meat,15426.34435745454,4.282070479724721
GTM,Guatemala,North and Central America,2018,Cattle meat,12903.27540514623,5.025579444716217
GTM,Guatemala,North and Central America,2019,Cattle meat,15054.37826007751,5.640134634881009
GTM,Guatemala,North and Central America,2020,Cattle meat,9184.501628728192,5.288840258920125
GTM,Guatemala,North and Central America,2021,Cattle meat,11018.13045333492,4.985281506943023
GTM,Guatemala,North and Central America,2022,Cattle meat,1139.648083518925,3.879972189140018
GTM,Guatemala,North and Central America,2023,Cattle meat,7114.093388527346,3.419733673225239
GTM,Guatemala,North and Central America,2001,Oil palm fruit,163.3664306779406,4.438848498425293e-05
GTM,Guatemala,North and Central America,2002,Oil palm fruit,85.62726421674876,7.263022329956054e-05
GTM,Guatemala,North and Central America,2003,Oil palm fruit,186.5407122567004,0.001319598886242187
GTM,Guatemala,North and Central America,2004,Oil palm fruit,4051.836607265502,0.00139629591299414
GTM,Guatemala,North and Central America,2005,Oil palm fruit,4140.099289195424,-0.3404876725440681
GTM,Guatemala,North and Central America,2006,Oil palm fruit,812.3468249018321,-0.3699980014077487
GTM,Guatemala,North and Central America,2007,Oil palm fruit,259.2324611750588,-0.3607038079689252
GTM,Guatemala,North and Central America,2008,Oil palm fruit,190.9730348028606,-0.3625090393920672
GTM,Guatemala,North and Central America,2009,Oil palm fruit,232.0807277662811,-0.1876721341709993
GTM,Guatemala,North and Central America,2010,Oil palm fruit,211.6641631423969,-0.009825829070811124
GTM,Guatemala,North and Central America,2011,Oil palm fruit,2346.397819030857,-0.06624050837935361
GTM,Guatemala,North and Central America,2012,Oil palm fruit,19025.18283300904,-0.8889898125481523
GTM,Guatemala,North and Central America,2013,Oil palm fruit,14589.46965555773,-1.514294577806161
GTM,Guatemala,North and Central America,2014,Oil palm fruit,16792.23618136172,-2.241468069381632
GTM,Guatemala,North and Central America,2015,Oil palm fruit,4303.690714706393,-2.425816160950253
GTM,Guatemala,North and Central America,2016,Oil palm fruit,6050.840364801853,-2.59518680888054
GTM,Guatemala,North and Central America,2017,Oil palm fruit,1472.665526363838,-1.84527275253959
GTM,Guatemala,North and Central America,2018,Oil palm fruit,936.0019047850058,-1.261554321010476
GTM,Guatemala,North and Central America,2019,Oil palm fruit,475.213852817297,-0.5539335759135543
GTM,Guatemala,North and Central America,2020,Oil palm fruit,274.9673754422378,-0.3843446144815832
GTM,Guatemala,North and Central America,2021,Oil palm fruit,236.7492887945577,-0.137303813512853
GTM,Guatemala,North and Central America,2022,Oil palm fruit,27.0419287895939,-0.07551213434538871
GTM,Guatemala,North and Central America,2023,Oil palm fruit,157.5902968190407,-0.04222783690311929
GTM,Guatemala,North and Central America,2001,Soya beans,64.52990257536152,4.999396677256532e-05
GTM,Guatemala,North and Central America,2002,Soya beans,0.0,4.999396677256532e-05
GTM,Guatemala,North and Central America,2003,Soya beans,0.0,4.999396677256532e-05
GTM,Guatemala,North and Central America,2004,Soya beans,0.0,4.999396677256532e-05
GTM,Guatemala,North and Central America,2005,Soya beans,0.0,0.005991604723008715
GTM,Guatemala,North and Central America,2006,Soya beans,107.9463686084108,0.01029788718795358
GTM,Guatemala,North and Central America,2007,Soya beans,2.375361673595469,0.01048370795477153
GTM,Guatemala,North and Central America,2008,Soya beans,3.798291142308462,0.01083647867912602
GTM,Guatemala,North and Central America,2009,Soya beans,0.0,0.01083647867912602
GTM,Guatemala,North and Central America,2010,Soya beans,1.927950534527423,0.01103492327551778
GTM,Guatemala,North and Central America,2011,Soya beans,43.68912699194527,0.007124363627484992
GTM,Guatemala,North and Central America,2012,Soya beans,412.9428447336025,0.0628886208501879
GTM,Guatemala,North and Central America,2013,Soya beans,0.0,0.06253844563575005
GTM,Guatemala,North and Central America,2014,Soya beans,46.41288275086617,0.06899202489953687
GTM,Guatemala,North and Central America,2015,Soya beans,0.0,0.06879567246187461
GTM,Guatemala,North and Central America,2016,Soya beans,0.0,0.0625354455547469
GTM,Guatemala,North and Central America,2017,Soya beans,49.90199853263648,0.0117824925902361
GTM,Guatemala,North and Central America,2018,Soya beans,24.29610371767953,0.01425349634725735
GTM,Guatemala,North and Central America,2019,Soya beans,26.02749234065729,0.01035323910711774
GTM,Guatemala,North and Central America,2020,Soya beans,12.49851706555626,0.01159774977797834
GTM,Guatemala,North and Central America,2021,Soya beans,23.67492887945577,0.01387211322117276
GTM,Guatemala,North and Central America,2022,Soya beans,0.0,0.008880727373296713
GTM,Guatemala,North and Central America,2023,Soya beans,7.576456577838496,0.007115705854122212
GUF,French Guiana,South America,2001,Cattle meat,480.0151253909623,0.0003718317558229252
GUF,French Guiana,South America,2002,Cattle meat,546.1935854566265,0.001055322041327647
GUF,French Guiana,South America,2003,Cattle meat,428.6323964428241,0.001515772468998968
GUF,French Guiana,South America,2004,Cattle meat,1318.128688315334,0.002148080976412546
GUF,French Guiana,South America,2005,Cattle meat,789.2669964434156,0.4719828137975357
GUF,French Guiana,South America,2006,Cattle meat,758.9132379272818,0.5121676127791068
GUY,Guyana,South America,2001,Cattle meat,171.8180802442702,0.0001342977835630932
GUY,Guyana,South America,2002,Cattle meat,125.9766068355404,0.0004063315594288686
GUY,Guyana,South America,2003,Cattle meat,922.0096639863546,0.001043194888019408
GUY,Guyana,South America,2004,Cattle meat,156.6449169273329,0.001469441352430212
GUY,Guyana,South America,2005,Cattle meat,252.6755828554746,0.1663360671224392
GUY,Guyana,South America,2006,Cattle meat,212.9619185785591,0.1665801399825901
GUY,Guyana,South America,2007,Cattle meat,192.6720560586606,0.1710088655926347
GUY,Guyana,South America,2008,Cattle meat,286.9490321280111,0.1005865916130369
GUY,Guyana,South America,2009,Cattle meat,329.4184310891566,0.1152814672335983
GUY,Guyana,South America,2010,Cattle meat,588.0388792047082,0.1441262818030628
GUY,Guyana,South America,2011,Cattle meat,216.6532478509482,0.144571645364034
GUY,Guyana,South America,2012,Cattle meat,306.591391859035,0.1565363220532541
GUY,Guyana,South America,2013,Cattle meat,190.4042898705683,0.1499419748729593
GUY,Guyana,South America,2014,Cattle meat,368.9831040778413,0.1536833224798922
GUY,Guyana,South America,2015,Cattle meat,508.4303319999415,0.1508213778256161
GUY,Guyana,South America,2016,Cattle meat,774.7460147187587,0.1948194084470162
GUY,Guyana,South America,2017,Cattle meat,639.1290778408938,0.2215261435199571
GUY,Guyana,South America,2018,Cattle meat,366.6716146409221,0.2359070666893839
GUY,Guyana,South America,2019,Cattle meat,783.1397972249608,0.2757967974216374
GUY,Guyana,South America,2020,Cattle meat,622.9262757275015,0.2872599821342309
GUY,Guyana,South America,2021,Cattle meat,222.3538022737654,0.2528473254722653
GUY,Guyana,South America,2022,Cattle meat,273.3489424784916,0.2288695686522412
GUY,Guyana,South America,2023,Cattle meat,1194.11847685523,0.2845691847068339
HND,Honduras,North and Central America,2001,Cattle meat,33144.31750835132,0.003208850824327766
HND,Honduras,North and Central America,2002,Cattle meat,20699.57854972811,0.005617358052655917
HND,Honduras,North and Central America,2003,Cattle meat,681.9746987247914,0.005719161063059172
HND,Honduras,North and Central America,2004,Cattle meat,4470.683135938385,0.006749257266340433
HND,Honduras,North and Central America,2005,Cattle meat,20932.76164185206,6.503903285576947
HND,Honduras,North and Central America,2006,Cattle meat,23180.38757817485,5.783339319333048
HND,Honduras,North and Central America,2007,Cattle meat,22741.30743278617,5.991422167822577
HND,Honduras,North and Central America,2008,Cattle meat,9098.443979395888,6.67582421017311
HND,Honduras,North and Central America,2009,Cattle meat,11249.89513545803,7.313118327497473
HND,Honduras,North and Central America,2010,Cattle meat,15785.923322189,6.95540771777328
HND,Honduras,North and Central America,2011,Cattle meat,12877.90194927098,6.164777106423022
HND,Honduras,North and Central America,2012,Cattle meat,9623.840672209868,5.087393395874422
HND,Honduras,North and Central America,2013,Cattle meat,20554.31898012792,6.099707123577297
HND,Honduras,North and Central America,2014,Cattle meat,30413.98639147223,7.670680207003262
HND,Honduras,North and Central America,2015,Cattle meat,29481.6479200021,8.647147131274938
HND,Honduras,North and Central America,2016,Cattle meat,17785.31341688888,8.944160495996202
HND,Honduras,North and Central America,2017,Cattle meat,16711.66666721116,9.559773098649254
HND,Honduras,North and Central America,2018,Cattle meat,16478.90657070629,9.249683692541412
HND,Honduras,North and Central America,2019,Cattle meat,24793.77857620432,8.786778096419843
HND,Honduras,North and Central America,2020,Cattle meat,14193.9331447891,7.676732430697832
HND,Honduras,North and Central America,2021,Cattle meat,14084.76161068254,7.543136276485615
HND,Honduras,North and Central America,2022,Cattle meat,552.4969628744716,6.220074379477254
HND,Honduras,North and Central America,2023,Cattle meat,9610.397239448701,5.668352003066063
HND,Honduras,North and Central America,2001,Oil palm fruit,339.0396732219721,4.035077348022461e-06
HND,Honduras,North and Central America,2002,Oil palm fruit,1145.598583080759,1.613326505053711e-05
HND,Honduras,North and Central America,2003,Oil palm fruit,4881.193556439487,3.630572273669434e-05
HND,Honduras,North and Central America,2004,Oil palm fruit,2427.289727162483,6.452878086096191e-05
HND,Honduras,North and Central America,2005,Oil palm fruit,61.78238843687031,-0.3748169588956733
HND,Honduras,North and Central America,2006,Oil palm fruit,62.77300563017499,-0.3614770096482148
HND,Honduras,North and Central America,2007,Oil palm fruit,2151.297102421663,-0.4005097024061395
HND,Honduras,North and Central America,2008,Oil palm fruit,3477.160505267757,-0.3336991099188027
HND,Honduras,North and Central America,2009,Oil palm fruit,4179.713344869939,-0.4062913753316825
HND,Honduras,North and Central America,2010,Oil palm fruit,3686.721883136885,-0.5650518209793992
HND,Honduras,North and Central America,2011,Oil palm fruit,3496.619731391046,-0.7124050019850661
HND,Honduras,North and Central America,2012,Oil palm fruit,283.7154822153405,-0.6287060471049869
HND,Honduras,North and Central America,2013,Oil palm fruit,236.6819048550017,-0.4794647955916377
HND,Honduras,North and Central America,2014,Oil palm fruit,1546.329162825941,-0.3601646686938245
HND,Honduras,North and Central America,2015,Oil palm fruit,1413.0012743183,-0.2602389280357968
HND,Honduras,North and Central America,2016,Oil palm fruit,1197.175609243159,-0.1595750581282876
HND,Honduras,North and Central America,2017,Oil palm fruit,336.8879622363124,-0.164907694750257
HND,Honduras,North and Central America,2018,Oil palm fruit,4728.652122748962,-0.3729987002652709
HND,Honduras,North and Central America,2019,Oil palm fruit,1772.050374730073,-0.3892197225322531
HND,Honduras,North and Central America,2020,Oil palm fruit,3461.725340566433,-0.4842031196021005
HND,Honduras,North and Central America,2021,Oil palm fruit,2425.561554495173,-0.5453466996831617
HND,Honduras,North and Central America,2022,Oil palm fruit,163.9341931936153,-0.5440395787766132
HND,Honduras,North and Central America,2023,Oil palm fruit,1289.677809396075,-0.3962284537891807
HND,Honduras,North and Central America,2001,Soya beans,0.0,0.0
HND,Honduras,North and Central America,2002,Soya beans,0.0,0.0
HND,Honduras,North and Central America,2003,Soya beans,0.0,0.0
HND,Honduras,North and Central America,2004,Soya beans,0.0,0.0
HND,Honduras,North and Central America,2005,Soya beans,0.0,0.0
HND,Honduras,North and Central America,2006,Soya beans,0.0,0.0
HND,Honduras,North and Central America,2007,Soya beans,0.0,0.0
HND,Honduras,North and Central America,2008,Soya beans,0.0,0.0
HND,Honduras,North and Central America,2009,Soya beans,0.0,0.0
HND,Honduras,North and Central America,2010,Soya beans,0.0,0.0
HND,Honduras,North and Central America,2011,Soya beans,83.89904469595898,0.0126295422458837
HND,Honduras,North and Central America,2012,Soya beans,2.13793318194526,0.01285168120013681
HND,Honduras,North and Central America,2013,Soya beans,0.5915938787025552,0.01291067264780625
HND,Honduras,North and Central America,2014,Soya beans,0.1416305202740851,0.01292711384081339
HND,Honduras,North and Central America,2015,Soya beans,0.0,0.01292711384081339
HND,Honduras,North and Central America,2016,Soya beans,0.0,0.0003681540819448902
HND,Honduras,North and Central America,2017,Soya beans,0.0,0.0001477655444321638
HND,Honduras,North and Central America,2018,Soya beans,1.171819902414063,0.0004952751377369402
HND,Honduras,North and Central America,2019,Soya beans,0.0,0.0004789319549918839
HND,Honduras,North and Central America,2020,Soya beans,0.0,0.0004789319549918839
HND,Honduras,North and Central America,2021,Soya beans,0.3234082072660231,0.0005205533628436069
HND,Honduras,North and Central America,2022,Soya beans,0.0,0.0005205533628436069
HND,Honduras,North and Central America,2023,Soya beans,0.05411235563899614,0.0001263651718539675
HRV,Croatia,Europe,2001,Cattle meat,40.01357817379277,0.0
HRV,Croatia,Europe,2002,Cattle meat,23.20880460921624,0.0
HRV,Croatia,Europe,2003,Cattle meat,9.163456399423975,0.0
HRV,Croatia,Europe,2004,Cattle meat,61.8499036233486,0.0
HRV,Croatia,Europe,2005,Cattle meat,94.8710296186623,0.01407740920100973
HRV,Croatia,Europe,2006,Cattle meat,75.19492899607624,0.01566926972855841
HRV,Croatia,Europe,2007,Cattle meat,64.56560882184971,0.01820113699631742
HRV,Croatia,Europe,2008,Cattle meat,18.78210529564204,0.01866866544968102
HRV,Croatia,Europe,2009,Cattle meat,11.83048810837004,0.01530158484228974
HRV,Croatia,Europe,2010,Cattle meat,131.1225161711509,0.01772555980505157
HRV,Croatia,Europe,2011,Cattle meat,121.4840299331114,0.02115571553815597
HRV,Croatia,Europe,2012,Cattle meat,173.6019541353197,0.02839203104979225
HRV,Croatia,Europe,2013,Cattle meat,0.0,0.0273410578356439
HRV,Croatia,Europe,2014,Cattle meat,0.0,0.02669343862864086
HRV,Croatia,Europe,2015,Cattle meat,0.0,0.01889965492888133
HRV,Croatia,Europe,2016,Cattle meat,170.8001771099183,0.0208677170126232
HRV,Croatia,Europe,2017,Cattle meat,0.0,0.009759465309907055
HRV,Croatia,Europe,2018,Cattle meat,0.0,0.009759465309907055
HRV,Croatia,Europe,2019,Cattle meat,0.0,0.009759465309907055
HRV,Croatia,Europe,2020,Cattle meat,167.0060806428114,0.02035964609501245
HRV,Croatia,Europe,2021,Cattle meat,15.94482612161766,0.01155168682394538
HRV,Croatia,Europe,2022,Cattle meat,88.61836008063105,0.01684398053360224
HRV,Croatia,Europe,2023,Cattle meat,139.9768693913557,0.02474610007051343
HRV,Croatia,Europe,2001,Soya beans,0.0,0.0
HRV,Croatia,Europe,2002,Soya beans,0.5394475868657852,0.0
HRV,Croatia,Europe,2003,Soya beans,8.043891563952506,0.0
HRV,Croatia,Europe,2004,Soya beans,18.70860808653811,0.0
HRV,Croatia,Europe,2005,Soya beans,0.0,0.002070695038948511
HRV,Croatia,Europe,2006,Soya beans,0.0,0.002070695038948511
HRV,Croatia,Europe,2007,Soya beans,10.83270285095647,0.002833005002839304
HRV,Croatia,Europe,2008,Soya beans,67.82110786536003,0.006593911450497435
HRV,Croatia,Europe,2009,Soya beans,23.39592493094688,0.00667592167128938
HRV,Croatia,Europe,2010,Soya beans,0.0,0.00667592167128938
HRV,Croatia,Europe,2011,Soya beans,0.0,0.00667592167128938
HRV,Croatia,Europe,2012,Soya beans,26.24298847181593,0.007697587088430026
HRV,Croatia,Europe,2013,Soya beans,66.33304331693522,0.009731529357196095
HRV,Croatia,Europe,2014,Soya beans,133.6314600624828,0.02269439582995223
HRV,Croatia,Europe,2015,Soya beans,0.0,0.02269439582995223
HRV,Croatia,Europe,2016,Soya beans,0.0,0.02269439582995223
HRV,Croatia,Europe,2017,Soya beans,4.96962582207868,0.02115613310021163
HRV,Croatia,Europe,2018,Soya beans,37.71936860576042,0.01712818310995022
HRV,Croatia,Europe,2019,Soya beans,32.34492053589626,0.004677534198611513
HRV,Croatia,Europe,2020,Soya beans,0.0,0.004677534198611513
HRV,Croatia,Europe,2021,Soya beans,0.0,0.004677534198611513
HRV,Croatia,Europe,2022,Soya beans,0.0,0.004391977379134928
HRV,Croatia,Europe,2023,Soya beans,0.0,0.002009220479588878
HTI,Haiti,North and Central America,2001,Cattle meat,119.1131139552942,7.393350031400042e-06
HTI,Haiti,North and Central America,2002,Cattle meat,6.215282944542676,8.741605357741804e-06
HTI,Haiti,North and Central America,2003,Cattle meat,2.660223582601716,9.24594347548822e-06
HTI,Haiti,North and Central America,2004,Cattle meat,6.521087003802652,1.000537593638132e-05
HTI,Haiti,North and Central America,2005,Cattle meat,63.12824045420454,0.009086470743745806
HTI,Haiti,North and Central America,2006,Cattle meat,4.876512644144157,0.003832302852985026
HTI,Haiti,North and Central America,2007,Cattle meat,0.3747144300714141,0.003600338251485663
HTI,Haiti,North and Central America,2008,Cattle meat,0.0,0.003480837853122642
HTI,Haiti,North and Central America,2009,Cattle meat,0.04090756076484228,0.003191245837515001
HTI,Haiti,North and Central America,2010,Cattle meat,2.14623846113883,0.0003283852511877987
HTI,Haiti,North and Central America,2011,Cattle meat,6.157900370624231,0.0003839578492549214
HTI,Haiti,North and Central America,2012,Cattle meat,12.57566169182362,0.0009195332058583308
HTI,Haiti,North and Central America,2013,Cattle meat,91.64026086031089,0.004065909794356483
HTI,Haiti,North and Central America,2014,Cattle meat,211.2505308477961,0.01198102987074129
HTI,Haiti,North and Central America,2015,Cattle meat,143.0722164135407,0.0170493425175858
HTI,Haiti,North and Central America,2016,Cattle meat,315.6948688620258,0.03612820593936291
HTI,Haiti,North and Central America,2017,Cattle meat,179.9450598244521,0.04542450776848878
HTI,Haiti,North and Central America,2018,Cattle meat,108.5556644546807,0.04809567037099058
HTI,Haiti,North and Central America,2019,Cattle meat,12.50311978338952,0.04093580173429969
HTI,Haiti,North and Central America,2020,Cattle meat,11.2946716136355,0.036386201322165
HTI,Haiti,North and Central America,2021,Cattle meat,21.1332257689001,0.01956254080052834
HTI,Haiti,North and Central America,2022,Cattle meat,11.27606810008089,0.01095300411265061
HTI,Haiti,North and Central America,2023,Cattle meat,10.65854586800447,0.005858622056222521
HUN,Hungary,Europe,2001,Cattle meat,5.74456156889364,3.969372181749099e-06
HUN,Hungary,Europe,2002,Cattle meat,3.573557597961884,6.068924927141252e-06
HUN,Hungary,Europe,2003,Cattle meat,0.0,6.068924927141252e-06
HUN,Hungary,Europe,2004,Cattle meat,0.0,6.068924927141252e-06
HUN,Hungary,Europe,2005,Cattle meat,0.0,0.0005744989619158883
HUN,Hungary,Europe,2006,Cattle meat,0.0,0.0002213569725400605
HUN,Hungary,Europe,2007,Cattle meat,0.0,6.068924927141252e-06
HUN,Hungary,Europe,2008,Cattle meat,0.0,6.068924927141252e-06
HUN,Hungary,Europe,2009,Cattle meat,0.0,6.068924927141252e-06
HUN,Hungary,Europe,2010,Cattle meat,0.0,6.068924927141252e-06
HUN,Hungary,Europe,2011,Cattle meat,54.85436450012207,0.003088512092586695
HUN,Hungary,Europe,2012,Cattle meat,111.9256291774029,0.009684906045425306
HUN,Hungary,Europe,2013,Cattle meat,61.85711641173884,0.01271581116362733
HUN,Hungary,Europe,2014,Cattle meat,202.5120817630678,0.02250093012261494
HUN,Hungary,Europe,2015,Cattle meat,107.1311852310748,0.02759020092557373
HUN,Hungary,Europe,2016,Cattle meat,134.0162304634675,0.03059787533366234
HUN,Hungary,Europe,2017,Cattle meat,0.0,0.02412777185048562
HUN,Hungary,Europe,2018,Cattle meat,0.0,0.02113292050911206
HUN,Hungary,Europe,2019,Cattle meat,0.0,0.01144968697937308
HUN,Hungary,Europe,2020,Cattle meat,39.58098690940529,0.00837702267844222
HUN,Hungary,Europe,2021,Cattle meat,81.36588507817284,0.006112659624528274
HUN,Hungary,Europe,2022,Cattle meat,108.2079628851271,0.01093422504582192
HUN,Hungary,Europe,2023,Cattle meat,83.5566902339638,0.01507802340950287
HUN,Hungary,Europe,2001,Soya beans,5.407635353533424,2.086916396575606e-06
HUN,Hungary,Europe,2002,Soya beans,7.846222104009286,6.367273808444253e-06
HUN,Hungary,Europe,2003,Soya beans,3.660353229579574,9.163112963977814e-06
HUN,Hungary,Europe,2004,Soya beans,2.335481749798605,2.150589766604752e-05
HUN,Hungary,Europe,2005,Soya beans,0.0,0.001938507153706304
HUN,Hungary,Europe,2006,Soya beans,0.0,0.001547285762578067
HUN,Hungary,Europe,2007,Soya beans,4.353315483275661,0.00166685403604239
HUN,Hungary,Europe,2008,Soya beans,5.358968584721923,0.001572500767274086
HUN,Hungary,Europe,2009,Soya beans,4.009525298042319,0.00128321919706274
HUN,Hungary,Europe,2010,Soya beans,1.022587882401737,0.001353416906238178
HUN,Hungary,Europe,2011,Soya beans,0.5569248755250968,0.00139144940466252
HUN,Hungary,Europe,2012,Soya beans,18.64204697378969,0.002674399754249124
HUN,Hungary,Europe,2013,Soya beans,9.881717178614798,0.003200875487839971
HUN,Hungary,Europe,2014,Soya beans,42.74752175833684,0.006958420377350299
HUN,Hungary,Europe,2015,Soya beans,0.0,0.006888821459910386
HUN,Hungary,Europe,2016,Soya beans,0.0,0.006850966591655771
HUN,Hungary,Europe,2017,Soya beans,0.0,0.00492103268510149
HUN,Hungary,Europe,2018,Soya beans,0.0,0.004077103005399129
HUN,Hungary,Europe,2019,Soya beans,10.79519270316301,0.0008809272677256285
HUN,Hungary,Europe,2020,Soya beans,0.0,0.0008809272677256285
HUN,Hungary,Europe,2021,Soya beans,0.0,0.0008809272677256285
HUN,Hungary,Europe,2022,Soya beans,0.0,0.0008809272677256285
HUN,Hungary,Europe,2023,Soya beans,0.0,0.0008809272677256285
IDN,Indonesia,Southeast Asia,2001,Cattle meat,212.5034365851381,0.0015324621724896
IDN,Indonesia,Southeast Asia,2002,Cattle meat,163.493109249611,0.002741456499591604
IDN,Indonesia,Southeast Asia,2003,Cattle meat,535.1110087773108,0.006801806163650269
IDN,Indonesia,Southeast Asia,2004,Cattle meat,1330.900688091725,0.01828792094932781
IDN,Indonesia,Southeast Asia,2005,Cattle meat,1491.951563749079,0.4396958694909479
IDN,Indonesia,Southeast Asia,2006,Cattle meat,2530.500581131971,0.708991846088824
IDN,Indonesia,Southeast Asia,2007,Cattle meat,5267.887129962066,1.291679086393726
IDN,Indonesia,Southeast Asia,2008,Cattle meat,4215.380626484898,1.724840099421042
IDN,Indonesia,Southeast Asia,2009,Cattle meat,8654.775620734868,2.594915957192183
IDN,Indonesia,Southeast Asia,2010,Cattle meat,2786.072670856319,2.784517336575771
IDN,Indonesia,Southeast Asia,2011,Cattle meat,5895.551112903698,3.222799058476165
IDN,Indonesia,Southeast Asia,2012,Cattle meat,18056.24677080384,4.835269186912255
IDN,Indonesia,Southeast Asia,2013,Cattle meat,8218.11283554375,5.387176712463976
IDN,Indonesia,Southeast Asia,2014,Cattle meat,27298.15809301059,7.763347620870794
IDN,Indonesia,Southeast Asia,2015,Cattle meat,6082.643877252057,8.14287465704352
IDN,Indonesia,Southeast Asia,2016,Cattle meat,10939.43487150066,8.692134443055522
IDN,Indonesia,Southeast Asia,2017,Cattle meat,4131.06118559528,7.202575976279374
IDN,Indonesia,Southeast Asia,2018,Cattle meat,5617.897593017594,6.8968040515931
IDN,Indonesia,Southeast Asia,2019,Cattle meat,9116.39118850256,5.024138656966689
IDN,Indonesia,Southeast Asia,2020,Cattle meat,10443.60522749443,5.554996746777028
IDN,Indonesia,Southeast Asia,2021,Cattle meat,12998.37565699329,5.861503615491244
IDN,Indonesia,Southeast Asia,2022,Cattle meat,8792.456428124,6.304063540228553
IDN,Indonesia,Southeast Asia,2023,Cattle meat,7679.561152297804,6.460367207291632
IDN,Indonesia,Southeast Asia,2001,Oil palm fruit,162990.021189884,1.736565598327996
IDN,Indonesia,Southeast Asia,2002,Oil palm fruit,192542.9924009708,4.3586828809841
IDN,Indonesia,Southeast Asia,2003,Oil palm fruit,119755.8828619729,5.946418630083409
IDN,Indonesia,Southeast Asia,2004,Oil palm fruit,406747.509695019,11.21753969640013
IDN,Indonesia,Southeast Asia,2005,Oil palm fruit,440118.7402008942,110.3927610742022
IDN,Indonesia,Southeast Asia,2006,Oil palm fruit,540404.1993052793,142.4565677753326
IDN,Indonesia,Southeast Asia,2007,Oil palm fruit,486978.6250242061,170.3516300859138
IDN,Indonesia,Southeast Asia,2008,Oil palm fruit,554809.875320693,208.7090505568538
IDN,Indonesia,Southeast Asia,2009,Oil palm fruit,807542.0282496295,246.9431742170172
IDN,Indonesia,Southeast Asia,2010,Oil palm fruit,519178.088892622,260.8448867575977
IDN,Indonesia,Southeast Asia,2011,Oil palm fruit,592841.2605838974,274.5859872828044
IDN,Indonesia,Southeast Asia,2012,Oil palm fruit,806187.0407731264,308.072620969743
IDN,Indonesia,Southeast Asia,2013,Oil palm fruit,385977.5955002645,302.9425639878751
IDN,Indonesia,Southeast Asia,2014,Oil palm fruit,481390.2048268928,288.4460573345553
IDN,Indonesia,Southeast Asia,2015,Oil palm fruit,314382.0490330704,277.9620770811152
IDN,Indonesia,Southeast Asia,2016,Oil palm fruit,261041.9763179657,255.1813129356152
IDN,Indonesia,Southeast Asia,2017,Oil palm fruit,189772.0203955539,216.2641739638142
IDN,Indonesia,Southeast Asia,2018,Oil palm fruit,185446.3810023941,202.0422444213616
IDN,Indonesia,Southeast Asia,2019,Oil palm fruit,124941.6554049987,179.3899434777437
IDN,Indonesia,Southeast Asia,2020,Oil palm fruit,94225.0071978787,158.3677360576567
IDN,Indonesia,Southeast Asia,2021,Oil palm fruit,54976.68350645092,140.7178993451953
IDN,Indonesia,Southeast Asia,2022,Oil palm fruit,47497.35059409128,127.7470086373025
IDN,Indonesia,Southeast Asia,2023,Oil palm fruit,67376.75407920076,116.5393001692218
IDN,Indonesia,Southeast Asia,2001,Soya beans,0.0,0.0
IDN,Indonesia,Southeast Asia,2002,Soya beans,404.4296447586452,0.004365290928238287
IDN,Indonesia,Southeast Asia,2003,Soya beans,612.256362263547,0.01369548420886828
IDN,Indonesia,Southeast Asia,2004,Soya beans,0.0,0.01369548420886828
IDN,Indonesia,Southeast Asia,2005,Soya beans,0.0,0.2388996756967152
IDN,Indonesia,Southeast Asia,2006,Soya beans,2715.763250831887,0.7461121089100382
IDN,Indonesia,Southeast Asia,2007,Soya beans,4015.847074044033,1.389126291152313
IDN,Indonesia,Southeast Asia,2008,Soya beans,2544.53709688169,1.669441644688291
IDN,Indonesia,Southeast Asia,2009,Soya beans,1651.439696062045,2.276332275289981
IDN,Indonesia,Southeast Asia,2010,Soya beans,0.0,2.276332275289981
IDN,Indonesia,Southeast Asia,2011,Soya beans,0.0,1.798066058516861
IDN,Indonesia,Southeast Asia,2012,Soya beans,1935.590275001219,1.883225011247706
IDN,Indonesia,Southeast Asia,2013,Soya beans,1763.595657833346,1.770213136948221
IDN,Indonesia,Southeast Asia,2014,Soya beans,0.0,1.215928358856041
IDN,Indonesia,Southeast Asia,2015,Soya beans,18762.86129703507,4.107812171765728
IDN,Indonesia,Southeast Asia,2016,Soya beans,0.0,4.107812171765728
IDN,Indonesia,Southeast Asia,2017,Soya beans,0.0,3.408267652979661
IDN,Indonesia,Southeast Asia,2018,Soya beans,0.0,3.163345066383327
IDN,Indonesia,Southeast Asia,2019,Soya beans,0.0,3.163345066383327
IDN,Indonesia,Southeast Asia,2020,Soya beans,1641.726189794331,1.353070059814769
IDN,Indonesia,Southeast Asia,2021,Soya beans,4278.326864430322,2.578917531630936
IDN,Indonesia,Southeast Asia,2022,Soya beans,7908.516058871203,4.805832065138373
IDN,Indonesia,Southeast Asia,2023,Soya beans,3651.873548921449,5.919334292421571
IND,India,Rest of Asia,2001,Cattle meat,7916.815329244124,0.002806939542342032
IND,India,Rest of Asia,2002,Cattle meat,25501.03634859228,0.01165923068772686
IND,India,Rest of Asia,2003,Cattle meat,24350.7407566846,0.02214408673549646
IND,India,Rest of Asia,2004,Cattle meat,45150.78431130268,0.04903921524758711
IND,India,Rest of Asia,2005,Cattle meat,15575.95617957232,11.7589231854749
IND,India,Rest of Asia,2006,Cattle meat,699.7739107869971,11.0136297895126
IND,India,Rest of Asia,2007,Cattle meat,2839.854944880427,8.769492515115104
IND,India,Rest of Asia,2008,Cattle meat,5833.620074336127,6.925547919201082
IND,India,Rest of Asia,2009,Cattle meat,19727.14575791702,4.441596221795596
IND,India,Rest of Asia,2010,Cattle meat,1666.785107023976,3.063314935078713
IND,India,Rest of Asia,2011,Cattle meat,7610.905647510289,3.721356038498097
IND,India,Rest of Asia,2012,Cattle meat,10626.5670209639,4.468704206452482
IND,India,Rest of Asia,2013,Cattle meat,19606.5474187926,5.729754678048671
IND,India,Rest of Asia,2014,Cattle meat,80669.56561385939,11.25393797992982
IND,India,Rest of Asia,2015,Cattle meat,73621.83670577452,18.04162396057486
IND,India,Rest of Asia,2016,Cattle meat,109378.0097637941,27.78093423582036
IND,India,Rest of Asia,2017,Cattle meat,132944.8987763189,39.42898516229385
IND,India,Rest of Asia,2018,Cattle meat,70562.72241862564,44.08270677528882
IND,India,Rest of Asia,2019,Cattle meat,23995.41102538745,38.90927966015511
IND,India,Rest of Asia,2020,Cattle meat,0.0,31.97967704142753
IND,India,Rest of Asia,2021,Cattle meat,1319.892436223543,21.67377609226261
IND,India,Rest of Asia,2022,Cattle meat,3117.67831631043,9.339107166346682
IND,India,Rest of Asia,2023,Cattle meat,1994.458880586707,3.068321350707599
IND,India,Rest of Asia,2001,Oil palm fruit,0.1514501159667969,9.84541871450163e-08
IND,India,Rest of Asia,2002,Oil palm fruit,0.6833966430664062,7.819676489798276e-07
IND,India,Rest of Asia,2003,Oil palm fruit,4.331996948242187,5.254284136820699e-06
IND,India,Rest of Asia,2004,Oil palm fruit,0.07602216796875,5.517199399341946e-06
IND,India,Rest of Asia,2005,Oil palm fruit,1.140409075927734,0.0005190746499870234
IND,India,Rest of Asia,2006,Oil palm fruit,0.9124057861328125,0.0005861864591533665
IND,India,Rest of Asia,2007,Oil palm fruit,6.154808453369136,0.001027645740912044
IND,India,Rest of Asia,2008,Oil palm fruit,1.748515997314454,0.0008219053708956502
IND,India,Rest of Asia,2009,Oil palm fruit,0.1508756591796875,0.0008246696396008188
IND,India,Rest of Asia,2010,Oil palm fruit,0.0,0.0007331636116731827
IND,India,Rest of Asia,2011,Oil palm fruit,9.120871435546873,0.001396100026283107
IND,India,Rest of Asia,2012,Oil palm fruit,0.9866714538574219,0.0009716091529894801
IND,India,Rest of Asia,2013,Oil palm fruit,1.061525146484375,0.0009092471792872229
IND,India,Rest of Asia,2014,Oil palm fruit,1.747852966308594,0.001044038190882284
IND,India,Rest of Asia,2015,Oil palm fruit,3.112993914794922,0.001228386439557757
IND,India,Rest of Asia,2016,Oil palm fruit,12.24012716064453,0.001337554501859275
IND,India,Rest of Asia,2017,Oil palm fruit,4.100445837402344,0.001563186135810904
IND,India,Rest of Asia,2018,Oil palm fruit,2.051527563476562,0.001629759508996135
IND,India,Rest of Asia,2019,Oil palm fruit,14.51923794555666,0.002664305638041071
IND,India,Rest of Asia,2020,Oil palm fruit,15.66178826904296,0.00368275692767718
IND,India,Rest of Asia,2021,Oil palm fruit,32.30769935913087,0.005329619087810392
IND,India,Rest of Asia,2022,Oil palm fruit,47.29272110595696,0.008513779910208349
IND,India,Rest of Asia,2023,Oil palm fruit,55.43135092773444,0.01256998976852945
IND,India,Rest of Asia,2001,Soya beans,4010.190500648377,0.002156072560291121
IND,India,Rest of Asia,2002,Soya beans,1509.102917877376,0.003404395289056865
IND,India,Rest of Asia,2003,Soya beans,1419.339415209464,0.004616288739676224
IND,India,Rest of Asia,2004,Soya beans,179.9416535863725,0.005130973184228585
IND,India,Rest of Asia,2005,Soya beans,1983.834801506501,0.9651194591315571
IND,India,Rest of Asia,2006,Soya beans,8891.247134546864,1.480647320889832
IND,India,Rest of Asia,2007,Soya beans,4513.874086448765,1.811251454497467
IND,India,Rest of Asia,2008,Soya beans,2534.809860109712,1.932018810199718
IND,India,Rest of Asia,2009,Soya beans,368.4573390161163,1.94752958431771
IND,India,Rest of Asia,2010,Soya beans,6225.774025293894,2.404697437219421
IND,India,Rest of Asia,2011,Soya beans,6879.272331737924,2.158132145442594
IND,India,Rest of Asia,2012,Soya beans,7849.234262896782,2.496059279127143
IND,India,Rest of Asia,2013,Soya beans,0.0,2.231668913092975
IND,India,Rest of Asia,2014,Soya beans,141.6224300202372,2.218922809368924
IND,India,Rest of Asia,2015,Soya beans,0.0,1.562689237720484
IND,India,Rest of Asia,2016,Soya beans,0.0,0.8648763831378056
IND,India,Rest of Asia,2017,Soya beans,247.0650519000165,0.08036871077012248
IND,India,Rest of Asia,2018,Soya beans,10153.77617480831,1.125283147669927
IND,India,Rest of Asia,2019,Soya beans,4815.2055642099,1.613717178154259
IND,India,Rest of Asia,2020,Soya beans,7862.547148531905,2.427847548924362
IND,India,Rest of Asia,2021,Soya beans,2057.623353462913,2.647151672234785
IND,India,Rest of Asia,2022,Soya beans,13870.41367175191,4.067834629426819
IND,India,Rest of Asia,2023,Soya beans,10055.55999001643,4.07512738178629
IRL,Ireland,Europe,2001,Cattle meat,0.0,0.0
IRL,Ireland,Europe,2002,Cattle meat,0.0,0.0
IRL,Ireland,Europe,2003,Cattle meat,0.0,0.0
IRL,Ireland,Europe,2004,Cattle meat,481.1736053122527,0.001804633354995499
IRL,Ireland,Europe,2005,Cattle meat,841.4918399235894,0.1102675924356555
IRL,Ireland,Europe,2006,Cattle meat,591.2223452209113,0.1612769175541596
IRL,Ireland,Europe,2007,Cattle meat,428.5387017670479,0.196324887421024
IRL,Ireland,Europe,2008,Cattle meat,0.0,0.196324887421024
IRL,Ireland,Europe,2009,Cattle meat,0.0,0.1580915535822106
IRL,Ireland,Europe,2010,Cattle meat,0.0,0.08986813199271401
IRL,Ireland,Europe,2011,Cattle meat,0.0,0.0395036716777693
IRL,Ireland,Europe,2012,Cattle meat,0.0,0.005781468691747196
IRL,Ireland,Europe,2013,Cattle meat,20.80112024171312,0.007273286544104515
IRL,Ireland,Europe,2014,Cattle meat,32.0402020690244,0.009563252884273565
IRL,Ireland,Europe,2015,Cattle meat,21.20715981696478,0.01109428039155454
IRL,Ireland,Europe,2016,Cattle meat,20.43955893677905,0.01263036640586638
IRL,Ireland,Europe,2017,Cattle meat,28.56162015315011,0.01467324073405671
IRL,Ireland,Europe,2018,Cattle meat,0.0,0.01323158033341542
IRL,Ireland,Europe,2019,Cattle meat,0.0,0.01107358812452405
IRL,Ireland,Europe,2020,Cattle meat,0.0,0.009620359192589929
IRL,Ireland,Europe,2021,Cattle meat,0.0,0.008160477008968273
IRL,Ireland,Europe,2022,Cattle meat,0.0,0.006231593278809318
IRL,Ireland,Europe,2023,Cattle meat,0.0,0.006231593278809318
IRN,Iran,Rest of Asia,2001,Cattle meat,17.98491779052755,1.347893294698134e-05
IRN,Iran,Rest of Asia,2002,Cattle meat,0.0,1.347893294698134e-05
IRN,Iran,Rest of Asia,2003,Cattle meat,0.0,1.347893294698134e-05
IRN,Iran,Rest of Asia,2004,Cattle meat,0.0,1.347893294698134e-05
IRN,Iran,Rest of Asia,2005,Cattle meat,28.49622628299355,0.002323313724488071
IRN,Iran,Rest of Asia,2006,Cattle meat,22.44980579188185,0.00253185388519436
IRN,Iran,Rest of Asia,2007,Cattle meat,22.92914098861041,0.003649171160743688
IRN,Iran,Rest of Asia,2008,Cattle meat,43.69081822878584,0.0058675030984846
IRN,Iran,Rest of Asia,2009,Cattle meat,32.17519950869728,0.007549612366561551
IRN,Iran,Rest of Asia,2010,Cattle meat,33.64559237945557,0.007805385684472251
IRN,Iran,Rest of Asia,2011,Cattle meat,49.82353263887892,0.009381851033084827
IRN,Iran,Rest of Asia,2012,Cattle meat,115.9149314846801,0.01445893634551301
IRN,Iran,Rest of Asia,2013,Cattle meat,13.00596857920658,0.01286628981662325
IRN,Iran,Rest of Asia,2014,Cattle meat,1.462141113303989,0.01126998767638165
IRN,Iran,Rest of Asia,2015,Cattle meat,0.0,0.009616462430264273
IRN,Iran,Rest of Asia,2016,Cattle meat,0.01443509565647238,0.006970123931683948
IRN,Iran,Rest of Asia,2017,Cattle meat,0.5387314412662362,0.0008341783614406865
IRN,Iran,Rest of Asia,2018,Cattle meat,0.3927830431120951,0.0002434384927307844
IRN,Iran,Rest of Asia,2019,Cattle meat,2.334713706837839,0.0003013361324762205
IRN,Iran,Rest of Asia,2020,Cattle meat,0.814575680423591,0.0003437884868707214
IRN,Iran,Rest of Asia,2021,Cattle meat,0.1983227808264649,0.0003523573897108433
IRN,Iran,Rest of Asia,2022,Cattle meat,0.6682221018468318,0.000362805957688571
IRN,Iran,Rest of Asia,2023,Cattle meat,1.100666679529468,0.0003845104490821271
IRN,Iran,Rest of Asia,2001,Soya beans,3.132838891046407,1.330375425343271e-06
IRN,Iran,Rest of Asia,2002,Soya beans,2.140634828190552,1.555381683796627e-06
IRN,Iran,Rest of Asia,2003,Soya beans,3.161937279244143,2.212619142468315e-06
IRN,Iran,Rest of Asia,2004,Soya beans,0.0,2.212619142468315e-06
IRN,Iran,Rest of Asia,2005,Soya beans,0.1890016064047735,0.0004685342495011471
IRN,Iran,Rest of Asia,2006,Soya beans,0.0,0.0002993057545168294
IRN,Iran,Rest of Asia,2007,Soya beans,0.0,0.0001734170079033976
IRN,Iran,Rest of Asia,2008,Soya beans,0.0,1.188873988531471e-05
IRN,Iran,Rest of Asia,2009,Soya beans,0.0,1.188873988531471e-05
IRN,Iran,Rest of Asia,2010,Soya beans,0.0,2.242473152440788e-06
IRN,Iran,Rest of Asia,2011,Soya beans,0.01312011991183508,2.998333988268999e-06
IRN,Iran,Rest of Asia,2012,Soya beans,0.0,2.998333988268998e-06
IRN,Iran,Rest of Asia,2013,Soya beans,0.0,2.998333988268998e-06
IRN,Iran,Rest of Asia,2014,Soya beans,0.0,2.998333988268998e-06
IRN,Iran,Rest of Asia,2015,Soya beans,0.0,2.998333988268998e-06
IRN,Iran,Rest of Asia,2016,Soya beans,0.02047362833556644,3.552344257428988e-06
IRN,Iran,Rest of Asia,2017,Soya beans,0.4744162538568896,3.174089429411729e-05
IRN,Iran,Rest of Asia,2018,Soya beans,0.04684315422906908,3.478214401743466e-05
IRN,Iran,Rest of Asia,2019,Soya beans,0.1776629418754783,4.588446277911051e-05
IRN,Iran,Rest of Asia,2020,Soya beans,0.0,4.588446277911051e-05
IRN,Iran,Rest of Asia,2021,Soya beans,0.0,4.46008334005717e-05
IRN,Iran,Rest of Asia,2022,Soya beans,0.0,1.675466864145781e-05
IRN,Iran,Rest of Asia,2023,Soya beans,0.0,1.371341891814044e-05
IRQ,Iraq,Rest of Asia,2001,Cattle meat,1.457682138279817,5.037720748504849e-06
IRQ,Iraq,Rest of Asia,2002,Cattle meat,0.8845524528983655,9.651740816167765e-06
IRQ,Iraq,Rest of Asia,2003,Cattle meat,0.4393721182030216,1.33032701955039e-05
IRQ,Iraq,Rest of Asia,2004,Cattle meat,0.05967950963773307,1.33032701955039e-05
IRQ,Iraq,Rest of Asia,2005,Cattle meat,1.82684015782522,0.0002306993823472059
IRQ,Iraq,Rest of Asia,2006,Cattle meat,2.761797514371128,0.000294921687993758
IRQ,Iraq,Rest of Asia,2007,Cattle meat,3.707404164113252,0.0004373258136784552
IRQ,Iraq,Rest of Asia,2008,Cattle meat,0.141459001824041,0.0004214433820789343
IRQ,Iraq,Rest of Asia,2009,Cattle meat,0.002733416147402775,0.0004189303146664042
IRQ,Iraq,Rest of Asia,2010,Cattle meat,0.006858226421157303,0.0003425006535857275
IRQ,Iraq,Rest of Asia,2011,Cattle meat,0.0009676989136343676,0.0002132446392587009
IRQ,Iraq,Rest of Asia,2012,Cattle meat,0.009542822371769876,5.230023158807614e-05
IRQ,Iraq,Rest of Asia,2013,Cattle meat,0.001304654336444567,4.606781336933946e-05
IRQ,Iraq,Rest of Asia,2014,Cattle meat,0.05896784416084801,4.865394634114561e-05
IRQ,Iraq,Rest of Asia,2015,Cattle meat,0.0,4.833370673771792e-05
IRQ,Iraq,Rest of Asia,2016,Cattle meat,0.005316866986207623,4.852007936073054e-05
IRQ,Iraq,Rest of Asia,2017,Cattle meat,0.01468816877636046,4.882636546261855e-05
IRQ,Iraq,Rest of Asia,2018,Cattle meat,0.0,4.876598357086845e-05
IRQ,Iraq,Rest of Asia,2019,Cattle meat,0.0,4.631498083560241e-05
IRQ,Iraq,Rest of Asia,2020,Cattle meat,0.0,4.631498083560241e-05
IRQ,Iraq,Rest of Asia,2021,Cattle meat,0.0,4.60823127218667e-05
IRQ,Iraq,Rest of Asia,2022,Cattle meat,0.0,4.536988649368691e-05
IRQ,Iraq,Rest of Asia,2023,Cattle meat,0.01095220515084907,4.588301389602773e-05
IRQ,Iraq,Rest of Asia,2001,Soya beans,0.0,0.0
IRQ,Iraq,Rest of Asia,2002,Soya beans,0.0,0.0
IRQ,Iraq,Rest of Asia,2003,Soya beans,0.0,0.0
IRQ,Iraq,Rest of Asia,2004,Soya beans,0.0,0.0
IRQ,Iraq,Rest of Asia,2005,Soya beans,0.0,0.0
IRQ,Iraq,Rest of Asia,2006,Soya beans,0.0,0.0
IRQ,Iraq,Rest of Asia,2007,Soya beans,0.0001270993450685745,5.557712697237132e-09
IRQ,Iraq,Rest of Asia,2008,Soya beans,3.605588248098428e-05,7.30108996472991e-09
IRQ,Iraq,Rest of Asia,2009,Soya beans,2.002216738443818e-05,8.225421322643222e-09
IRQ,Iraq,Rest of Asia,2010,Soya beans,1.751370357872714e-05,9.138772340452899e-09
IRQ,Iraq,Rest of Asia,2011,Soya beans,0.0,9.138772340452899e-09
IRQ,Iraq,Rest of Asia,2012,Soya beans,0.001138630792527962,5.883260639758551e-08
IRQ,Iraq,Rest of Asia,2013,Soya beans,0.0002497179255341558,7.005871959537179e-08
IRQ,Iraq,Rest of Asia,2014,Soya beans,0.0003586824042873063,8.651490171942574e-08
IRQ,Iraq,Rest of Asia,2015,Soya beans,0.0,8.563688439763569e-08
IRQ,Iraq,Rest of Asia,2016,Soya beans,4.054852891049318e-07,8.565880915534143e-08
IRQ,Iraq,Rest of Asia,2017,Soya beans,2.774292475183332e-07,3.09371190374836e-08
IRQ,Iraq,Rest of Asia,2018,Soya beans,0.0,1.796762857220455e-08
IRQ,Iraq,Rest of Asia,2019,Soya beans,0.0,1.202340777646659e-09
IRQ,Iraq,Rest of Asia,2020,Soya beans,0.0,1.202340777646659e-09
IRQ,Iraq,Rest of Asia,2021,Soya beans,0.0,1.180416019940909e-09
IRQ,Iraq,Rest of Asia,2022,Soya beans,0.0,1.163755406926653e-09
IRQ,Iraq,Rest of Asia,2023,Soya beans,0.0,1.163755406926653e-09
ISR,Israel,Rest of Asia,2001,Cattle meat,9.34423933013916,0.0
ISR,Israel,Rest of Asia,2002,Cattle meat,6.237015664855956,0.0
ISR,Israel,Rest of Asia,2003,Cattle meat,2.967338434753418,0.0
ISR,Israel,Rest of Asia,2004,Cattle meat,4.506002599128262,0.0
ISR,Israel,Rest of Asia,2005,Cattle meat,4.149813181762695,0.001043521941679471
ISR,Israel,Rest of Asia,2006,Cattle meat,0.8023642379927678,0.0007175898584092153
ISR,Israel,Rest of Asia,2007,Cattle meat,0.0,0.00047030302404743
ISR,Israel,Rest of Asia,2008,Cattle meat,2.435969989838376,0.000465533202532351
ISR,Israel,Rest of Asia,2009,Cattle meat,0.5399755680794872,0.0003181082743373546
ISR,Israel,Rest of Asia,2010,Cattle meat,2.131800344392553,0.0002319787922872234
ISR,Israel,Rest of Asia,2011,Cattle meat,0.0859750063491574,0.0002063213144822485
ISR,Israel,Rest of Asia,2012,Cattle meat,0.4709945178944803,0.0002244549460770083
ISR,Israel,Rest of Asia,2013,Cattle meat,1.71352028322727,0.0001872336567722652
ISR,Israel,Rest of Asia,2014,Cattle meat,0.655047028871049,0.0001929966545532748
ISR,Israel,Rest of Asia,2015,Cattle meat,0.147090885486685,0.0001195120365868324
ISR,Israel,Rest of Asia,2016,Cattle meat,0.0,0.0001160042794667145
ISR,Israel,Rest of Asia,2017,Cattle meat,2.036283072204589,0.0001784541231935592
ISR,Israel,Rest of Asia,2018,Cattle meat,1.236863000793457,0.0001758995398698663
ISR,Israel,Rest of Asia,2019,Cattle meat,1.296353097839355,0.0002049334079238885
ISR,Israel,Rest of Asia,2020,Cattle meat,0.2599078645053347,0.0002088905182897145
ISR,Israel,Rest of Asia,2021,Cattle meat,0.2469112428429531,0.0002171398654981447
ISR,Israel,Rest of Asia,2022,Cattle meat,0.07086685801339031,0.0001394491206111327
ISR,Israel,Rest of Asia,2023,Cattle meat,0.7832977215495738,0.0001076628706318096
ITA,Italy,Europe,2001,Cattle meat,1375.243919596506,1.223955375291443e-05
ITA,Italy,Europe,2002,Cattle meat,1040.665248956105,2.420615578695828e-05
ITA,Italy,Europe,2003,Cattle meat,0.0,2.420615578695828e-05
ITA,Italy,Europe,2004,Cattle meat,1757.242490213681,4.066290201938979e-05
ITA,Italy,Europe,2005,Cattle meat,890.3029744252908,0.2616822461681745
ITA,Italy,Europe,2006,Cattle meat,1351.909083620417,0.2570041134324079
ITA,Italy,Europe,2007,Cattle meat,1426.197220361607,0.2739307482015366
ITA,Italy,Europe,2008,Cattle meat,1561.105980537229,0.3570433360777814
ITA,Italy,Europe,2009,Cattle meat,0.0,0.269446670474761
ITA,Italy,Europe,2010,Cattle meat,0.0,0.223244361706321
ITA,Italy,Europe,2011,Cattle meat,0.0,0.1570489376444266
ITA,Italy,Europe,2012,Cattle meat,0.0,0.08318656638444205
ITA,Italy,Europe,2013,Cattle meat,0.0,8.56406953465996e-05
ITA,Italy,Europe,2014,Cattle meat,0.0,8.56406953465996e-05
ITA,Italy,Europe,2015,Cattle meat,0.0,8.56406953465996e-05
ITA,Italy,Europe,2016,Cattle meat,487.486398732807,0.02439066727623104
ITA,Italy,Europe,2017,Cattle meat,0.0,0.02439066727623104
ITA,Italy,Europe,2018,Cattle meat,0.0,0.02439066727623104
ITA,Italy,Europe,2019,Cattle meat,0.0,0.02439066727623104
ITA,Italy,Europe,2020,Cattle meat,689.8931713037988,0.0595057780050854
ITA,Italy,Europe,2021,Cattle meat,690.7818214544011,0.0698034807445081
ITA,Italy,Europe,2022,Cattle meat,730.3426813633869,0.1067294589620933
ITA,Italy,Europe,2023,Cattle meat,1072.722524967956,0.1601863454788296
ITA,Italy,Europe,2001,Soya beans,0.0,0.0
ITA,Italy,Europe,2002,Soya beans,1.404976779578189,4.70753823063548e-08
ITA,Italy,Europe,2003,Soya beans,53.14241091862203,1.626775814860501e-06
ITA,Italy,Europe,2004,Soya beans,0.0,1.626775814860501e-06
ITA,Italy,Europe,2005,Soya beans,0.0,0.002599757828875118
ITA,Italy,Europe,2006,Soya beans,0.0,0.002599757828875118
ITA,Italy,Europe,2007,Soya beans,68.85136653262244,0.005958353640835149
ITA,Italy,Europe,2008,Soya beans,232.2467838838093,0.01573716332111886
ITA,Italy,Europe,2009,Soya beans,281.4050672167014,0.03248619138741846
ITA,Italy,Europe,2010,Soya beans,64.11623808415752,0.0357393522086825
ITA,Italy,Europe,2011,Soya beans,91.57533656196905,0.04065318949291177
ITA,Italy,Europe,2012,Soya beans,175.1198673216875,0.04630787174184405
ITA,Italy,Europe,2013,Soya beans,632.9604606878034,0.06941320694588662
ITA,Italy,Europe,2014,Soya beans,713.0943541495776,0.09226324666980976
ITA,Italy,Europe,2015,Soya beans,147.0607874223336,0.09696345693464523
ITA,Italy,Europe,2016,Soya beans,0.0,0.09205004278711075
ITA,Italy,Europe,2017,Soya beans,0.0,0.08297319870082728
ITA,Italy,Europe,2018,Soya beans,0.0,0.04758381788056824
ITA,Italy,Europe,2019,Soya beans,622.7439135386416,0.04506091498428269
ITA,Italy,Europe,2020,Soya beans,29.76026568646516,0.0389159009681692
ITA,Italy,Europe,2021,Soya beans,15.24579241787939,0.03982590889807719
ITA,Italy,Europe,2022,Soya beans,0.0,0.03982590889807719
ITA,Italy,Europe,2023,Soya beans,18.30586360759367,0.04091779268779624
JAM,Jamaica,North and Central America,2001,Cattle meat,53.43358121978809,7.78415849159157e-06
JAM,Jamaica,North and Central America,2002,Cattle meat,68.81255543888436,2.031132055680415e-05
JAM,Jamaica,North and Central America,2003,Cattle meat,58.73626419151329,3.851196923166988e-05
JAM,Jamaica,North and Central America,2004,Cattle meat,174.8423571607227,0.0001064479907377133
JAM,Jamaica,North and Central America,2005,Cattle meat,276.0355016918912,0.06155359044894246
JAM,Jamaica,North and Central America,2006,Cattle meat,91.31951893151539,0.06406480465273105
JAM,Jamaica,North and Central America,2007,Cattle meat,46.21364690889602,0.06236452683690127
JAM,Jamaica,North and Central America,2008,Cattle meat,109.1298444935928,0.06866071150944553
JAM,Jamaica,North and Central America,2009,Cattle meat,112.2620016154557,0.0624412667855384
JAM,Jamaica,North and Central America,2010,Cattle meat,69.08838413735853,0.03934444588938354
JAM,Jamaica,North and Central America,2011,Cattle meat,113.3759652658973,0.04265454999997189
JAM,Jamaica,North and Central America,2012,Cattle meat,160.0213626945624,0.05434243696112129
JAM,Jamaica,North and Central America,2013,Cattle meat,66.99474055671546,0.04817587555394955
JAM,Jamaica,North and Central America,2014,Cattle meat,82.3506264229535,0.04252291392612603
JAM,Jamaica,North and Central America,2015,Cattle meat,22.53219062192196,0.03809236840693907
JAM,Jamaica,North and Central America,2016,Cattle meat,42.50166275089283,0.03086595934659793
JAM,Jamaica,North and Central America,2017,Cattle meat,57.69165229087448,0.02051150142964634
JAM,Jamaica,North and Central America,2018,Cattle meat,76.23015584561217,0.02397215022483896
JAM,Jamaica,North and Central America,2019,Cattle meat,51.53424424308351,0.02444767482957712
JAM,Jamaica,North and Central America,2020,Cattle meat,37.28763483367641,0.02596658814920907
JAM,Jamaica,North and Central America,2021,Cattle meat,19.60487739296211,0.02419629353569871
JAM,Jamaica,North and Central America,2022,Cattle meat,20.08245542277919,0.02066897210918492
JAM,Jamaica,North and Central America,2023,Cattle meat,47.82766485540738,0.01791744784070017
JOR,Jordan,Rest of Asia,2001,Cattle meat,0.004286859314385463,0.0
JOR,Jordan,Rest of Asia,2002,Cattle meat,0.1921205897216797,0.0
JOR,Jordan,Rest of Asia,2003,Cattle meat,0.0,0.0
JOR,Jordan,Rest of Asia,2004,Cattle meat,0.1860540325927734,0.0
JOR,Jordan,Rest of Asia,2005,Cattle meat,0.06213397766113282,1.732137008881636e-05
JOR,Jordan,Rest of Asia,2006,Cattle meat,0.0,1.717146172332757e-05
JOR,Jordan,Rest of Asia,2007,Cattle meat,0.0,9.618749400759718e-06
JOR,Jordan,Rest of Asia,2008,Cattle meat,0.0,9.618749400759718e-06
JOR,Jordan,Rest of Asia,2009,Cattle meat,0.0,2.319973966495075e-06
JOR,Jordan,Rest of Asia,2010,Cattle meat,0.0,0.0
JOR,Jordan,Rest of Asia,2011,Cattle meat,0.0,0.0
JOR,Jordan,Rest of Asia,2012,Cattle meat,0.0,0.0
JOR,Jordan,Rest of Asia,2013,Cattle meat,0.0,0.0
JOR,Jordan,Rest of Asia,2014,Cattle meat,0.3716258694458008,1.273660822464242e-05
JOR,Jordan,Rest of Asia,2015,Cattle meat,0.3720261810302734,2.897656725130394e-05
JOR,Jordan,Rest of Asia,2016,Cattle meat,0.0,2.897656725130394e-05
JOR,Jordan,Rest of Asia,2017,Cattle meat,0.0006932280626072793,2.899895286345768e-05
JOR,Jordan,Rest of Asia,2018,Cattle meat,0.0,2.899895286345768e-05
JOR,Jordan,Rest of Asia,2019,Cattle meat,0.03069764276211321,1.730105569611907e-05
JOR,Jordan,Rest of Asia,2020,Cattle meat,0.05082596217626036,2.640784406880832e-06
JOR,Jordan,Rest of Asia,2021,Cattle meat,0.0,2.640784406880832e-06
JOR,Jordan,Rest of Asia,2022,Cattle meat,0.0,2.618398794727101e-06
JOR,Jordan,Rest of Asia,2023,Cattle meat,0.0,2.618398794727101e-06
JPN,Japan,Rest of Asia,2001,Cattle meat,0.0,0.0
JPN,Japan,Rest of Asia,2002,Cattle meat,0.0,0.0
JPN,Japan,Rest of Asia,2003,Cattle meat,0.0,0.0
JPN,Japan,Rest of Asia,2004,Cattle meat,1.604986747695868,5.18515197848179e-07
JPN,Japan,Rest of Asia,2005,Cattle meat,53.16517623287044,0.004139043421401229
JPN,Japan,Rest of Asia,2006,Cattle meat,55.63619776539537,0.00825582629258119
JPN,Japan,Rest of Asia,2007,Cattle meat,76.428976190429,0.0142275421832112
JPN,Japan,Rest of Asia,2008,Cattle meat,99.74009195867568,0.02165021145879108
JPN,Japan,Rest of Asia,2009,Cattle meat,114.4375131515186,0.03014718367809526
JPN,Japan,Rest of Asia,2010,Cattle meat,127.2125578446524,0.03590791353203236
JPN,Japan,Rest of Asia,2011,Cattle meat,123.8372030387521,0.04116393238597274
JPN,Japan,Rest of Asia,2012,Cattle meat,226.824392535686,0.05283051489181648
JPN,Japan,Rest of Asia,2013,Cattle meat,56.21942019759598,0.04952758365615435
JPN,Japan,Rest of Asia,2014,Cattle meat,12.03799010294571,0.0418225642431275
JPN,Japan,Rest of Asia,2015,Cattle meat,0.0,0.03210084917395232
JPN,Japan,Rest of Asia,2016,Cattle meat,0.0,0.02278870034793966
JPN,Japan,Rest of Asia,2017,Cattle meat,0.0,0.005247678879225594
JPN,Japan,Rest of Asia,2018,Cattle meat,0.0,0.001175898191184126
JPN,Japan,Rest of Asia,2019,Cattle meat,0.0,0.0003050515374796085
JPN,Japan,Rest of Asia,2020,Cattle meat,500.7616106116814,0.0368956301031764
JPN,Japan,Rest of Asia,2021,Cattle meat,253.8921281618555,0.05486962389836975
JPN,Japan,Rest of Asia,2022,Cattle meat,242.6018848114223,0.07219285237091791
JPN,Japan,Rest of Asia,2023,Cattle meat,262.7132850383994,0.09086067512202849
JPN,Japan,Rest of Asia,2001,Soya beans,0.0,0.0
JPN,Japan,Rest of Asia,2002,Soya beans,0.0,0.0
JPN,Japan,Rest of Asia,2003,Soya beans,0.0,0.0
JPN,Japan,Rest of Asia,2004,Soya beans,111.2066079260015,6.279424950975773e-05
JPN,Japan,Rest of Asia,2005,Soya beans,654.2755627126313,0.0672759739174628
JPN,Japan,Rest of Asia,2006,Soya beans,234.9087697110945,0.08783245288857207
JPN,Japan,Rest of Asia,2007,Soya beans,0.0,0.08783245288857207
JPN,Japan,Rest of Asia,2008,Soya beans,0.0,0.08783245288857207
JPN,Japan,Rest of Asia,2009,Soya beans,0.0,0.07833724304483584
JPN,Japan,Rest of Asia,2010,Soya beans,0.0,0.02113719734666512
JPN,Japan,Rest of Asia,2011,Soya beans,0.0,0.0007871253643810111
JPN,Japan,Rest of Asia,2012,Soya beans,1191.025987733337,0.1095178535229234
JPN,Japan,Rest of Asia,2013,Soya beans,433.1337470150909,0.1470337924267228
JPN,Japan,Rest of Asia,2014,Soya beans,683.1892930759163,0.2065360790460448
JPN,Japan,Rest of Asia,2015,Soya beans,52.29213776313384,0.2114642410211185
JPN,Japan,Rest of Asia,2016,Soya beans,0.0,0.2114642410211185
JPN,Japan,Rest of Asia,2017,Soya beans,0.0,0.1032123317186281
JPN,Japan,Rest of Asia,2018,Soya beans,0.0,0.06588365782653423
JPN,Japan,Rest of Asia,2019,Soya beans,93.82458638018312,0.01470701773963254
JPN,Japan,Rest of Asia,2020,Soya beans,0.0,0.009805298048337508
JPN,Japan,Rest of Asia,2021,Soya beans,73.06536846476736,0.01599848725727059
JPN,Japan,Rest of Asia,2022,Soya beans,68.04987670518844,0.02181031576597456
JPN,Japan,Rest of Asia,2023,Soya beans,62.79639892737881,0.02714491662253165
KAZ,Kazakhstan,North Asia,2001,Cattle meat,0.0,0.0
KAZ,Kazakhstan,North Asia,2002,Cattle meat,0.0,0.0
KAZ,Kazakhstan,North Asia,2003,Cattle meat,0.0,0.0
KAZ,Kazakhstan,North Asia,2004,Cattle meat,0.0,0.0
KAZ,Kazakhstan,North Asia,2005,Cattle meat,0.0,0.0
KAZ,Kazakhstan,North Asia,2006,Cattle meat,0.0,0.0
KAZ,Kazakhstan,North Asia,2007,Cattle meat,378.5708799074581,0.01977929493557534
KAZ,Kazakhstan,North Asia,2008,Cattle meat,361.0240184707748,0.03776960168556559
KAZ,Kazakhstan,North Asia,2009,Cattle meat,665.5580510352172,0.07387517545588305
KAZ,Kazakhstan,North Asia,2010,Cattle meat,0.0,0.07387517545588305
KAZ,Kazakhstan,North Asia,2011,Cattle meat,0.0,0.07387517545588305
KAZ,Kazakhstan,North Asia,2012,Cattle meat,0.0,0.05431852170036237
KAZ,Kazakhstan,North Asia,2013,Cattle meat,0.0,0.03638440576666788
KAZ,Kazakhstan,North Asia,2014,Cattle meat,0.0,0.0002925821333366075
KAZ,Kazakhstan,North Asia,2015,Cattle meat,8.235654292447126,0.0008235549368650424
KAZ,Kazakhstan,North Asia,2016,Cattle meat,0.0,0.0008235549368650424
KAZ,Kazakhstan,North Asia,2017,Cattle meat,51.38706794647216,0.003613084233938281
KAZ,Kazakhstan,North Asia,2018,Cattle meat,59.99494390616322,0.006953976131572994
KAZ,Kazakhstan,North Asia,2019,Cattle meat,34.9498093457543,0.009070639864429391
KAZ,Kazakhstan,North Asia,2020,Cattle meat,34.00638935859175,0.01040977429084436
KAZ,Kazakhstan,North Asia,2021,Cattle meat,21.41211408295611,0.01161621647505165
KAZ,Kazakhstan,North Asia,2022,Cattle meat,40.35499473722606,0.0111385004113567
KAZ,Kazakhstan,North Asia,2023,Cattle meat,98.75670301948973,0.01317905109210564
KAZ,Kazakhstan,North Asia,2001,Soya beans,6.295101196298096,0.0
KAZ,Kazakhstan,North Asia,2002,Soya beans,28.03681473172317,6.271674918431161e-06
KAZ,Kazakhstan,North Asia,2003,Soya beans,8.199628859875936,6.583762209910416e-06
KAZ,Kazakhstan,North Asia,2004,Soya beans,5.756897146470575,9.196959049857572e-06
KAZ,Kazakhstan,North Asia,2005,Soya beans,2.459263869991949,0.002780523014799918
KAZ,Kazakhstan,North Asia,2006,Soya beans,0.8284829460160064,0.002489968658123939
KAZ,Kazakhstan,North Asia,2007,Soya beans,0.2451304880574129,0.0009620517798095428
KAZ,Kazakhstan,North Asia,2008,Soya beans,0.2720024222609274,0.0005577256648304316
KAZ,Kazakhstan,North Asia,2009,Soya beans,1.158875280486811,0.0002907738377870192
KAZ,Kazakhstan,North Asia,2010,Soya beans,16.49271789629059,0.001195712161114733
KAZ,Kazakhstan,North Asia,2011,Soya beans,33.05236138950791,0.003339453077941648
KAZ,Kazakhstan,North Asia,2012,Soya beans,12.65148348699398,0.004130450310201199
KAZ,Kazakhstan,North Asia,2013,Soya beans,1.459935862675344,0.004207811624533622
KAZ,Kazakhstan,North Asia,2014,Soya beans,0.457146851278896,0.004183377407633292
KAZ,Kazakhstan,North Asia,2015,Soya beans,0.09872232855414853,0.003132656329245474
KAZ,Kazakhstan,North Asia,2016,Soya beans,0.1187568524784639,0.0009526939736087567
KAZ,Kazakhstan,North Asia,2017,Soya beans,0.0,0.0001511425239544894
KAZ,Kazakhstan,North Asia,2018,Soya beans,0.0,6.009447826480304e-05
KAZ,Kazakhstan,North Asia,2019,Soya beans,0.0,2.824192424177714e-05
KAZ,Kazakhstan,North Asia,2020,Soya beans,0.0,2.089384155318406e-05
KAZ,Kazakhstan,North Asia,2021,Soya beans,0.0,1.509439298201826e-05
KAZ,Kazakhstan,North Asia,2022,Soya beans,0.0,1.509439298201826e-05
KAZ,Kazakhstan,North Asia,2023,Soya beans,0.0,1.509439298201826e-05
KEN,Kenya,Africa,2001,Cattle meat,3232.775745996456,7.416043498734734e-05
KEN,Kenya,Africa,2002,Cattle meat,1407.565593096149,8.259381919020384e-05
KEN,Kenya,Africa,2003,Cattle meat,978.6792908500855,0.0001097800676175734
KEN,Kenya,Africa,2004,Cattle meat,3115.364659589939,0.0001447217130848404
KEN,Kenya,Africa,2005,Cattle meat,2068.814112647593,0.8474201320890726
KEN,Kenya,Africa,2006,Cattle meat,2158.056989495927,0.732316263733186
KEN,Kenya,Africa,2007,Cattle meat,1979.154561390747,0.7774974661918623
KEN,Kenya,Africa,2008,Cattle meat,536.333879037821,0.7382271067601195
KEN,Kenya,Africa,2009,Cattle meat,286.8131947555365,0.5255416596630378
KEN,Kenya,Africa,2010,Cattle meat,297.7467137324513,0.4133220126346161
KEN,Kenya,Africa,2011,Cattle meat,399.2855011761834,0.2730514346485413
KEN,Kenya,Africa,2012,Cattle meat,3678.027402522395,0.3529124368985554
KEN,Kenya,Africa,2013,Cattle meat,1397.698456077539,0.3956060297157778
KEN,Kenya,Africa,2014,Cattle meat,7548.091575992487,0.7668707254926874
KEN,Kenya,Africa,2015,Cattle meat,690.5387837107626,0.7828386545708295
KEN,Kenya,Africa,2016,Cattle meat,2043.974510206948,0.8669248924353524
KEN,Kenya,Africa,2017,Cattle meat,2989.531364367091,0.8001212174689454
KEN,Kenya,Africa,2018,Cattle meat,5486.6793131108,1.055246623737512
KEN,Kenya,Africa,2019,Cattle meat,5855.280324036771,0.998653990371923
KEN,Kenya,Africa,2020,Cattle meat,4755.681336290936,1.239620120781439
KEN,Kenya,Africa,2021,Cattle meat,2000.334077503387,1.213859074672668
KEN,Kenya,Africa,2022,Cattle meat,1457.787980161115,1.103887493838061
KEN,Kenya,Africa,2023,Cattle meat,2582.784457097126,0.913306541507628
KEN,Kenya,Africa,2001,Soya beans,1.836190260618301,4.4175343711651e-08
KEN,Kenya,Africa,2002,Soya beans,0.8398142921012374,4.996899316847101e-08
KEN,Kenya,Africa,2003,Soya beans,1.522360321455779,8.402419159512799e-08
KEN,Kenya,Africa,2004,Soya beans,1.452472343191073,1.037678950005019e-07
KEN,Kenya,Africa,2005,Soya beans,8.482282047370308,0.00127071283536284
KEN,Kenya,Africa,2006,Soya beans,53.90522366241981,0.006472303243922096
KEN,Kenya,Africa,2007,Soya beans,0.0,0.006385778501214526
KEN,Kenya,Africa,2008,Soya beans,0.0,0.006243716559565272
KEN,Kenya,Africa,2009,Soya beans,0.0,0.006108021418815451
KEN,Kenya,Africa,2010,Soya beans,8.6773046572197,0.006205119316272547
KEN,Kenya,Africa,2011,Soya beans,16.15502944354099,0.002208421622477646
KEN,Kenya,Africa,2012,Soya beans,25.58600251133181,0.004332914886604009
KEN,Kenya,Africa,2013,Soya beans,4.03461052218392,0.004607260183972356
KEN,Kenya,Africa,2014,Soya beans,3.526529908177636,0.004861588287518945
KEN,Kenya,Africa,2015,Soya beans,0.0,0.004043375147969002
KEN,Kenya,Africa,2016,Soya beans,5.000107978961094,0.003005563003594665
KEN,Kenya,Africa,2017,Soya beans,0.0,0.0008816457389326433
KEN,Kenya,Africa,2018,Soya beans,98.47662887433856,0.007671383796418054
KEN,Kenya,Africa,2019,Soya beans,58.71536507028455,0.01143746859597516
KEN,Kenya,Africa,2020,Soya beans,111.0806177070599,0.01958508555398383
KEN,Kenya,Africa,2021,Soya beans,55.0790862333192,0.02218958393328955
KEN,Kenya,Africa,2022,Soya beans,42.33155966849459,0.02478998186899198
KEN,Kenya,Africa,2023,Soya beans,67.74079302622961,0.02234795263203808
KGZ,Kyrgyzstan,Rest of Asia,2001,Cattle meat,83.15115984452093,0.0
KGZ,Kyrgyzstan,Rest of Asia,2002,Cattle meat,83.90877601089777,0.0
KGZ,Kyrgyzstan,Rest of Asia,2003,Cattle meat,0.0,0.0
KGZ,Kyrgyzstan,Rest of Asia,2004,Cattle meat,48.95201643676759,0.0
KGZ,Kyrgyzstan,Rest of Asia,2005,Cattle meat,18.62895325084561,0.0112802139067371
KGZ,Kyrgyzstan,Rest of Asia,2006,Cattle meat,0.0,0.007254818663347739
KGZ,Kyrgyzstan,Rest of Asia,2007,Cattle meat,0.0,0.00316760799182415
KGZ,Kyrgyzstan,Rest of Asia,2008,Cattle meat,0.0,0.00316760799182415
KGZ,Kyrgyzstan,Rest of Asia,2009,Cattle meat,10.36807449602043,0.001471868474009218
KGZ,Kyrgyzstan,Rest of Asia,2010,Cattle meat,0.0,0.0005592163661373843
KGZ,Kyrgyzstan,Rest of Asia,2011,Cattle meat,0.0,0.0005592163661373843
KGZ,Kyrgyzstan,Rest of Asia,2012,Cattle meat,7.031688198552983,0.0009367694740094864
KGZ,Kyrgyzstan,Rest of Asia,2013,Cattle meat,1.136799920157805,0.0009897301500933577
KGZ,Kyrgyzstan,Rest of Asia,2014,Cattle meat,0.1713096584881386,0.0004376327341079025
KGZ,Kyrgyzstan,Rest of Asia,2015,Cattle meat,0.0,0.0004376327341079025
KGZ,Kyrgyzstan,Rest of Asia,2016,Cattle meat,0.0,0.0004376327341079025
KGZ,Kyrgyzstan,Rest of Asia,2017,Cattle meat,0.0,6.007962623580021e-05
KGZ,Kyrgyzstan,Rest of Asia,2018,Cattle meat,0.2159124353347361,2.474823214101008e-05
KGZ,Kyrgyzstan,Rest of Asia,2019,Cattle meat,0.03294958074539474,1.916301064738014e-05
KGZ,Kyrgyzstan,Rest of Asia,2020,Cattle meat,0.0,1.916301064738014e-05
KGZ,Kyrgyzstan,Rest of Asia,2021,Cattle meat,0.0871785546206276,2.260304021093997e-05
KGZ,Kyrgyzstan,Rest of Asia,2022,Cattle meat,0.7007405017947537,5.893977172147241e-05
KGZ,Kyrgyzstan,Rest of Asia,2023,Cattle meat,0.0,4.131048973239127e-05
KGZ,Kyrgyzstan,Rest of Asia,2001,Soya beans,0.5313155843803146,0.0
KGZ,Kyrgyzstan,Rest of Asia,2002,Soya beans,0.01311452581400152,0.0
KGZ,Kyrgyzstan,Rest of Asia,2003,Soya beans,0.0,0.0
KGZ,Kyrgyzstan,Rest of Asia,2004,Soya beans,0.0,0.0
KGZ,Kyrgyzstan,Rest of Asia,2005,Soya beans,0.0,2.95445513482437e-05
KGZ,Kyrgyzstan,Rest of Asia,2006,Soya beans,0.0,7.126297455842421e-07
KGZ,Kyrgyzstan,Rest of Asia,2007,Soya beans,0.08966114994328739,4.939952169540729e-06
KGZ,Kyrgyzstan,Rest of Asia,2008,Soya beans,0.06735873001870829,8.795275245205313e-06
KGZ,Kyrgyzstan,Rest of Asia,2009,Soya beans,0.03492928263557317,1.089656253099241e-05
KGZ,Kyrgyzstan,Rest of Asia,2010,Soya beans,0.0727591598360518,1.505997468943768e-05
KGZ,Kyrgyzstan,Rest of Asia,2011,Soya beans,0.2258093342440234,2.802727677690517e-05
KGZ,Kyrgyzstan,Rest of Asia,2012,Soya beans,0.1406633071016937,3.146104328064707e-05
KGZ,Kyrgyzstan,Rest of Asia,2013,Soya beans,0.02036866669455604,2.875702161229823e-05
KGZ,Kyrgyzstan,Rest of Asia,2014,Soya beans,0.002567978964699701,2.678883191762178e-05
KGZ,Kyrgyzstan,Rest of Asia,2015,Soya beans,0.0,2.262541975917651e-05
KGZ,Kyrgyzstan,Rest of Asia,2016,Soya beans,0.02536666631747865,1.123192480429762e-05
KGZ,Kyrgyzstan,Rest of Asia,2017,Soya beans,0.0,2.858206131014994e-06
KGZ,Kyrgyzstan,Rest of Asia,2018,Soya beans,0.0001909299478708658,1.724950106896867e-06
KGZ,Kyrgyzstan,Rest of Asia,2019,Soya beans,0.0001477587818341923,1.600487358562136e-06
KGZ,Kyrgyzstan,Rest of Asia,2020,Soya beans,0.0,1.600487358562136e-06
KGZ,Kyrgyzstan,Rest of Asia,2021,Soya beans,0.0,2.668022597352848e-08
KGZ,Kyrgyzstan,Rest of Asia,2022,Soya beans,0.0,2.668022597352848e-08
KGZ,Kyrgyzstan,Rest of Asia,2023,Soya beans,0.0,8.634842775915896e-09
KHM,Cambodia,Southeast Asia,2001,Cattle meat,19288.49088433064,0.01038843637124797
KHM,Cambodia,Southeast Asia,2002,Cattle meat,38708.63755954188,0.02165660701634975
KHM,Cambodia,Southeast Asia,2003,Cattle meat,40660.48757623902,0.03305662127231462
KHM,Cambodia,Southeast Asia,2004,Cattle meat,51593.23315768694,0.0497484378426339
KHM,Cambodia,Southeast Asia,2005,Cattle meat,7063.191002273529,15.09999780935628
KHM,Cambodia,Southeast Asia,2006,Cattle meat,5439.685617716572,13.75646988581443
KHM,Cambodia,Southeast Asia,2007,Cattle meat,4039.885752933481,10.53411156673189
KHM,Cambodia,Southeast Asia,2008,Cattle meat,3881.403371576494,7.220182739131509
KHM,Cambodia,Southeast Asia,2009,Cattle meat,1949.699753349728,2.363259622114708
KHM,Cambodia,Southeast Asia,2010,Cattle meat,1738.109456814683,1.845011157962676
KHM,Cambodia,Southeast Asia,2011,Cattle meat,1141.754835694888,1.409428824106843
KHM,Cambodia,Southeast Asia,2012,Cattle meat,981.6449796962572,1.106800506591073
KHM,Cambodia,Southeast Asia,2013,Cattle meat,659.0690124090466,0.7680793018382898
KHM,Cambodia,Southeast Asia,2014,Cattle meat,3753.324330327951,0.9773131702473139
KHM,Cambodia,Southeast Asia,2015,Cattle meat,4277.713380586736,1.267605441389262
KHM,Cambodia,Southeast Asia,2016,Cattle meat,5968.571579923346,1.789443598799702
KHM,Cambodia,Southeast Asia,2017,Cattle meat,4123.817758426783,2.126102134731271
KHM,Cambodia,Southeast Asia,2018,Cattle meat,3940.646298391916,2.466543418671231
KHM,Cambodia,Southeast Asia,2019,Cattle meat,3028.962732690087,2.370534815447244
KHM,Cambodia,Southeast Asia,2020,Cattle meat,5121.554824776329,2.43485457840486
KHM,Cambodia,Southeast Asia,2021,Cattle meat,7056.07492554795,2.532344358835379
KHM,Cambodia,Southeast Asia,2022,Cattle meat,12314.48751873915,3.374194774351318
KHM,Cambodia,Southeast Asia,2023,Cattle meat,8164.039089687808,3.793933648745511
KHM,Cambodia,Southeast Asia,2001,Oil palm fruit,9.355275415248308,0.0
KHM,Cambodia,Southeast Asia,2002,Oil palm fruit,17.8507211378843,1.233813766223145e-05
KHM,Cambodia,Southeast Asia,2003,Oil palm fruit,34.28757277796905,2.879187176794433e-05
KHM,Cambodia,Southeast Asia,2004,Oil palm fruit,46.84942873650446,4.113030798114014e-05
KHM,Cambodia,Southeast Asia,2005,Oil palm fruit,49.06806523163677,0.00717397438454816
KHM,Cambodia,Southeast Asia,2006,Oil palm fruit,24.27941661284299,0.00789763784263421
KHM,Cambodia,Southeast Asia,2007,Oil palm fruit,68.49571407477984,0.01049783910896701
KHM,Cambodia,Southeast Asia,2008,Oil palm fruit,40.2295465474223,0.01026648769133061
KHM,Cambodia,Southeast Asia,2009,Oil palm fruit,74.07696911029888,0.01142345523020472
KHM,Cambodia,Southeast Asia,2010,Oil palm fruit,142.0974182887178,0.01711971666093174
KHM,Cambodia,Southeast Asia,2011,Oil palm fruit,100.7204582915211,0.01837302687513899
KHM,Cambodia,Southeast Asia,2012,Oil palm fruit,603.7380625500192,-0.007200989774753403
KHM,Cambodia,Southeast Asia,2013,Oil palm fruit,782.5359909693419,-0.03952970591289783
KHM,Cambodia,Southeast Asia,2014,Oil palm fruit,1673.080531595727,-0.1137912651270721
KHM,Cambodia,Southeast Asia,2015,Oil palm fruit,1933.325042214308,-0.2050091592302074
KHM,Cambodia,Southeast Asia,2016,Oil palm fruit,3715.61993397097,-0.370505981793976
KHM,Cambodia,Southeast Asia,2017,Oil palm fruit,6098.377194788593,-0.6162085243705128
KHM,Cambodia,Southeast Asia,2018,Oil palm fruit,3688.20539558867,-0.74690623757323
KHM,Cambodia,Southeast Asia,2019,Oil palm fruit,3976.625459752117,-0.85072676788157
KHM,Cambodia,Southeast Asia,2020,Oil palm fruit,1001.058898862067,-0.8116559681687058
KHM,Cambodia,Southeast Asia,2021,Oil palm fruit,579.8539436548168,-0.6739556483591627
KHM,Cambodia,Southeast Asia,2022,Oil palm fruit,378.774964796494,-0.4223909774036277
KHM,Cambodia,Southeast Asia,2023,Oil palm fruit,572.9950860978987,-0.28541144246063
KHM,Cambodia,Southeast Asia,2001,Soya beans,579.3219861996871,0.001514358523674626
KHM,Cambodia,Southeast Asia,2002,Soya beans,802.288173263312,0.002570145393763214
KHM,Cambodia,Southeast Asia,2003,Soya beans,182.1893649292574,0.002791314778000456
KHM,Cambodia,Southeast Asia,2004,Soya beans,0.0,0.002791314778000457
KHM,Cambodia,Southeast Asia,2005,Soya beans,0.0,0.3595630646029155
KHM,Cambodia,Southeast Asia,2006,Soya beans,457.731987564937,0.3366445667094063
KHM,Cambodia,Southeast Asia,2007,Soya beans,543.5952651092333,0.2223729329775391
KHM,Cambodia,Southeast Asia,2008,Soya beans,0.0,0.1799302083336119
KHM,Cambodia,Southeast Asia,2009,Soya beans,0.0,0.1799302083336119
KHM,Cambodia,Southeast Asia,2010,Soya beans,0.0,0.1799302083336119
KHM,Cambodia,Southeast Asia,2011,Soya beans,300.6274592044444,0.1667345363664285
KHM,Cambodia,Southeast Asia,2012,Soya beans,0.0,0.06136768135042094
KHM,Cambodia,Southeast Asia,2013,Soya beans,0.0,0.06136768135042094
KHM,Cambodia,Southeast Asia,2014,Soya beans,0.0,0.06136768135042094
KHM,Cambodia,Southeast Asia,2015,Soya beans,0.0,0.06136768135042094
KHM,Cambodia,Southeast Asia,2016,Soya beans,0.0,0.00698381966271516
KHM,Cambodia,Southeast Asia,2017,Soya beans,28.47130147880686,0.02003480116171463
KHM,Cambodia,Southeast Asia,2018,Soya beans,0.0,0.02003480116171463
KHM,Cambodia,Southeast Asia,2019,Soya beans,2424.011815131221,0.7315314017425828
KHM,Cambodia,Southeast Asia,2020,Soya beans,85.1820029664795,0.7737277880328164
KHM,Cambodia,Southeast Asia,2021,Soya beans,180.134806975712,0.8127446869062703
KHM,Cambodia,Southeast Asia,2022,Soya beans,73.734663187949,0.8444662447538934
KHM,Cambodia,Southeast Asia,2023,Soya beans,108.9344270148096,0.8894287367495428
KNA,Saint Kitts and Nevis,North and Central America,2001,Cattle meat,0.0,0.0
KNA,Saint Kitts and Nevis,North and Central America,2002,Cattle meat,2.096699680175781,0.0
KNA,Saint Kitts and Nevis,North and Central America,2003,Cattle meat,2.934179521806305,5.223657726074219e-06
KNA,Saint Kitts and Nevis,North and Central America,2004,Cattle meat,2.654100139388739,5.223657726074219e-06
KNA,Saint Kitts and Nevis,North and Central America,2005,Cattle meat,0.0,0.0005990787863638476
KNA,Saint Kitts and Nevis,North and Central America,2006,Cattle meat,2.02673271485093,0.0007550649781467577
KNA,Saint Kitts and Nevis,North and Central America,2007,Cattle meat,0.05615277688332489,0.0006073503862034806
KNA,Saint Kitts and Nevis,North and Central America,2008,Cattle meat,0.0,0.0003814272661816546
KNA,Saint Kitts and Nevis,North and Central America,2009,Cattle meat,0.0,0.0001661403699650357
KNA,Saint Kitts and Nevis,North and Central America,2010,Cattle meat,0.0,0.0001661403699650357
KNA,Saint Kitts and Nevis,North and Central America,2011,Cattle meat,0.826466694869229,8.84737752111603e-05
KNA,Saint Kitts and Nevis,North and Central America,2012,Cattle meat,0.77803381440924,0.0001369708838331085
KNA,Saint Kitts and Nevis,North and Central America,2013,Cattle meat,0.3303333730845088,0.0001709088188776092
KNA,Saint Kitts and Nevis,North and Central America,2014,Cattle meat,0.1157683575120479,0.0001750876962929981
KNA,Saint Kitts and Nevis,North and Central America,2015,Cattle meat,0.0,0.0001750876962929981
KNA,Saint Kitts and Nevis,North and Central America,2016,Cattle meat,0.0,9.676809926396355e-05
KNA,Saint Kitts and Nevis,North and Central America,2017,Cattle meat,0.5209509683236417,7.63524188463602e-05
KNA,Saint Kitts and Nevis,North and Central America,2018,Cattle meat,0.06290566958538046,4.786149423571254e-05
KNA,Saint Kitts and Nevis,North and Central America,2019,Cattle meat,0.413955786566428,5.903116783619916e-05
KNA,Saint Kitts and Nevis,North and Central America,2020,Cattle meat,0.0,5.903116783619916e-05
KNA,Saint Kitts and Nevis,North and Central America,2021,Cattle meat,1.006755345925809,0.0001152860733559485
KNA,Saint Kitts and Nevis,North and Central America,2022,Cattle meat,0.0345410224743582,9.318301098033206e-05
KNA,Saint Kitts and Nevis,North and Central America,2023,Cattle meat,0.0,8.773600054647911e-05
KOR,South Korea,Rest of Asia,2001,Cattle meat,74.59171622983106,9.560011224394225e-06
KOR,South Korea,Rest of Asia,2002,Cattle meat,57.68694877034044,1.139681948281103e-05
KOR,South Korea,Rest of Asia,2003,Cattle meat,81.3206923272661,1.156094822053113e-05
KOR,South Korea,Rest of Asia,2004,Cattle meat,343.2696966685988,2.94211279940347e-05
KOR,South Korea,Rest of Asia,2005,Cattle meat,244.4599040951808,0.03972337394357021
KOR,South Korea,Rest of Asia,2006,Cattle meat,310.4382022817329,0.05248683915980534
KOR,South Korea,Rest of Asia,2007,Cattle meat,216.7538438201949,0.06044542238764811
KOR,South Korea,Rest of Asia,2008,Cattle meat,676.3158329840777,0.09376146910831648
KOR,South Korea,Rest of Asia,2009,Cattle meat,200.1622311956185,0.0877989387920615
KOR,South Korea,Rest of Asia,2010,Cattle meat,191.7355010288963,0.08666272490677715
KOR,South Korea,Rest of Asia,2011,Cattle meat,119.4606789345649,0.07696119169200843
KOR,South Korea,Rest of Asia,2012,Cattle meat,489.9329079703941,0.09224220734016858
KOR,South Korea,Rest of Asia,2013,Cattle meat,125.0656297347564,0.06080136488451806
KOR,South Korea,Rest of Asia,2014,Cattle meat,194.1858763281985,0.0587330585012141
KOR,South Korea,Rest of Asia,2015,Cattle meat,209.2582309696392,0.0574129091772491
KOR,South Korea,Rest of Asia,2016,Cattle meat,251.8553537174299,0.06252052082078874
KOR,South Korea,Rest of Asia,2017,Cattle meat,182.2578450839437,0.04466808207593146
KOR,South Korea,Rest of Asia,2018,Cattle meat,135.2955198800312,0.04558229009251018
KOR,South Korea,Rest of Asia,2019,Cattle meat,161.7161663095104,0.04408000021837161
KOR,South Korea,Rest of Asia,2020,Cattle meat,120.1208619397368,0.04027653909094779
KOR,South Korea,Rest of Asia,2021,Cattle meat,96.2849475241795,0.0330338297797464
KOR,South Korea,Rest of Asia,2022,Cattle meat,67.79048994364331,0.02777896655378623
KOR,South Korea,Rest of Asia,2023,Cattle meat,100.1725517432358,0.02587830173775768
KOR,South Korea,Rest of Asia,2001,Soya beans,23.25361801235111,1.226519922293301e-06
KOR,South Korea,Rest of Asia,2002,Soya beans,46.05533473493185,9.196705045703924e-06
KOR,South Korea,Rest of Asia,2003,Soya beans,7.59097435748905,1.008523599647876e-05
KOR,South Korea,Rest of Asia,2004,Soya beans,0.0,1.008523599647876e-05
KOR,South Korea,Rest of Asia,2005,Soya beans,0.0,0.003971201597762466
KOR,South Korea,Rest of Asia,2006,Soya beans,0.0,0.002649318355030033
KOR,South Korea,Rest of Asia,2007,Soya beans,0.0,0.0003862802774650882
KOR,South Korea,Rest of Asia,2008,Soya beans,7.122800888041464,0.0003773137587723516
KOR,South Korea,Rest of Asia,2009,Soya beans,73.27956722601358,0.004934869111583676
KOR,South Korea,Rest of Asia,2010,Soya beans,65.8916259028062,0.009101631314551753
KOR,South Korea,Rest of Asia,2011,Soya beans,0.0,0.009101631314551753
KOR,South Korea,Rest of Asia,2012,Soya beans,0.0,0.009101631314551753
KOR,South Korea,Rest of Asia,2013,Soya beans,0.0,0.008735991758517117
KOR,South Korea,Rest of Asia,2014,Soya beans,0.0,0.004181515482891102
KOR,South Korea,Rest of Asia,2015,Soya beans,0.0,1.885644659029621e-05
KOR,South Korea,Rest of Asia,2016,Soya beans,60.77006591340113,0.003198826145225479
KOR,South Korea,Rest of Asia,2017,Soya beans,195.2098415570102,0.01332179537441611
KOR,South Korea,Rest of Asia,2018,Soya beans,70.64793796204488,0.01692908940121619
KOR,South Korea,Rest of Asia,2019,Soya beans,36.35746269264381,0.01871475112074018
KOR,South Korea,Rest of Asia,2020,Soya beans,0.0,0.01871475112074018
KOR,South Korea,Rest of Asia,2021,Soya beans,0.0,0.01553526851330009
KOR,South Korea,Rest of Asia,2022,Soya beans,8.570202300883984,0.005879091382116612
KOR,South Korea,Rest of Asia,2023,Soya beans,8.18993542119258,0.00273763694989934
LAO,Laos,Southeast Asia,2001,Cattle meat,0.0,0.0
LAO,Laos,Southeast Asia,2002,Cattle meat,0.0,0.0
LAO,Laos,Southeast Asia,2003,Cattle meat,0.0,0.0
LAO,Laos,Southeast Asia,2004,Cattle meat,0.0,0.0
LAO,Laos,Southeast Asia,2005,Cattle meat,0.0,0.0
LAO,Laos,Southeast Asia,2006,Cattle meat,0.0,0.0
LAO,Laos,Southeast Asia,2007,Cattle meat,0.0,0.0
LAO,Laos,Southeast Asia,2008,Cattle meat,0.0,0.0
LAO,Laos,Southeast Asia,2009,Cattle meat,28.12344966690376,0.003084493745171074
LAO,Laos,Southeast Asia,2010,Cattle meat,307.2330491864901,0.03755875347110947
LAO,Laos,Southeast Asia,2011,Cattle meat,599.6727725091886,0.1018837449657189
LAO,Laos,Southeast Asia,2012,Cattle meat,601.379123312501,0.1666351090078838
LAO,Laos,Southeast Asia,2013,Cattle meat,974.8118239558352,0.2709786091368365
LAO,Laos,Southeast Asia,2014,Cattle meat,5362.927733890299,0.783286071761901
LAO,Laos,Southeast Asia,2015,Cattle meat,5232.663444808052,1.354175305312885
LAO,Laos,Southeast Asia,2016,Cattle meat,9564.706303653356,2.401163430983686
LAO,Laos,Southeast Asia,2017,Cattle meat,13052.19502947536,3.814387036715659
LAO,Laos,Southeast Asia,2018,Cattle meat,13994.77265581679,5.288578241171801
LAO,Laos,Southeast Asia,2019,Cattle meat,13871.13123492634,6.336388280898731
LAO,Laos,Southeast Asia,2020,Cattle meat,13765.00750111587,7.280685488586355
LAO,Laos,Southeast Asia,2021,Cattle meat,11932.37001603082,7.512757699121653
LAO,Laos,Southeast Asia,2022,Cattle meat,17928.65944643353,8.068353414985575
LAO,Laos,Southeast Asia,2023,Cattle meat,17989.91593416954,8.581880662059712
LAO,Laos,Southeast Asia,2001,Soya beans,169.9254242135157,7.183526364131034e-05
LAO,Laos,Southeast Asia,2002,Soya beans,721.4345405182004,0.0002332175223980565
LAO,Laos,Southeast Asia,2003,Soya beans,0.0,0.0002332175223980565
LAO,Laos,Southeast Asia,2004,Soya beans,173.464778203071,0.000315651202846821
LAO,Laos,Southeast Asia,2005,Soya beans,0.0,0.1258839228992594
LAO,Laos,Southeast Asia,2006,Soya beans,191.4128797988891,0.1288316983129706
LAO,Laos,Southeast Asia,2007,Soya beans,0.0,0.04885098738003041
LAO,Laos,Southeast Asia,2008,Soya beans,29.38403902854245,0.05260543269015756
LAO,Laos,Southeast Asia,2009,Soya beans,0.0,0.03300290570549475
LAO,Laos,Southeast Asia,2010,Soya beans,162.1577478477988,0.05615425456376204
LAO,Laos,Southeast Asia,2011,Soya beans,73.39991094527204,0.03979219655764921
LAO,Laos,Southeast Asia,2012,Soya beans,371.7920229582483,0.08343287132463194
LAO,Laos,Southeast Asia,2013,Soya beans,121.8802294533552,0.0969775312865656
LAO,Laos,Southeast Asia,2014,Soya beans,0.0,0.0969775312865656
LAO,Laos,Southeast Asia,2015,Soya beans,0.0,0.07387284164125582
LAO,Laos,Southeast Asia,2016,Soya beans,0.0,0.06144098439457776
LAO,Laos,Southeast Asia,2017,Soya beans,0.0,0.01802601267482332
LAO,Laos,Southeast Asia,2018,Soya beans,0.0,0.0009428860307065792
LAO,Laos,Southeast Asia,2019,Soya beans,0.0,0.0009428860307065792
LAO,Laos,Southeast Asia,2020,Soya beans,0.0,0.0009428860307065792
LAO,Laos,Southeast Asia,2021,Soya beans,0.0,0.0009428860307065792
LAO,Laos,Southeast Asia,2022,Soya beans,139.4114411375968,0.03249239828740103
LAO,Laos,Southeast Asia,2023,Soya beans,66.66471195934784,0.04313151401426061
LBN,Lebanon,Rest of Asia,2001,Cattle meat,7.885730779557971,4.324853036680052e-06
LBN,Lebanon,Rest of Asia,2002,Cattle meat,2.555397523268641,4.324853036680052e-06
LBN,Lebanon,Rest of Asia,2003,Cattle meat,1.589142813720703,4.324853036680052e-06
LBN,Lebanon,Rest of Asia,2004,Cattle meat,1.762875768432617,4.324853036680052e-06
LBN,Lebanon,Rest of Asia,2005,Cattle meat,7.664391926574707,0.0009244161939837022
LBN,Lebanon,Rest of Asia,2006,Cattle meat,2.564792633972168,0.0006983413816510803
LBN,Lebanon,Rest of Asia,2007,Cattle meat,4.626314198111739,0.0007669220452991538
LBN,Lebanon,Rest of Asia,2008,Cattle meat,5.427584235534669,0.0009335980830092989
LBN,Lebanon,Rest of Asia,2009,Cattle meat,4.75363557647705,0.001064666859842692
LBN,Lebanon,Rest of Asia,2010,Cattle meat,0.0,0.0007370584509119963
LBN,Lebanon,Rest of Asia,2011,Cattle meat,0.0,0.0006230070840386976
LBN,Lebanon,Rest of Asia,2012,Cattle meat,0.7838623183262454,0.0004746978330554821
LBN,Lebanon,Rest of Asia,2013,Cattle meat,0.3056784613971691,0.000254014872715496
LBN,Lebanon,Rest of Asia,2014,Cattle meat,0.1285832230401923,5.978457618725853e-05
LBN,Lebanon,Rest of Asia,2015,Cattle meat,0.0382756172364563,6.13701412390676e-05
LBN,Lebanon,Rest of Asia,2016,Cattle meat,1.226873653922995,0.0001144172013885855
LBN,Lebanon,Rest of Asia,2017,Cattle meat,1.154153112651784,0.0001224175851277934
LBN,Lebanon,Rest of Asia,2018,Cattle meat,0.0,0.0001109947317057723
LBN,Lebanon,Rest of Asia,2019,Cattle meat,0.1044694899212795,0.0001105750458312712
LBN,Lebanon,Rest of Asia,2020,Cattle meat,0.8793733119664564,0.0001535876758539005
LBN,Lebanon,Rest of Asia,2021,Cattle meat,1.276561346130371,0.000154765562363892
LBN,Lebanon,Rest of Asia,2022,Cattle meat,1.706529670410156,0.000187388833814181
LBN,Lebanon,Rest of Asia,2023,Cattle meat,1.201747758206854,0.0002318895659088291
LBR,Liberia,Africa,2001,Cattle meat,23087.19465899549,0.01583883283355375
LBR,Liberia,Africa,2002,Cattle meat,29410.47294936857,0.0408049441696153
LBR,Liberia,Africa,2003,Cattle meat,17736.70926830923,0.05066376876062584
LBR,Liberia,Africa,2004,Cattle meat,5220.513993256593,0.05304436622217112
LBR,Liberia,Africa,2005,Cattle meat,7845.545483598145,7.463852522458094
LBR,Liberia,Africa,2006,Cattle meat,17877.09633172021,6.926947484922315
LBR,Liberia,Africa,2007,Cattle meat,15288.58344052159,5.629120009492084
LBR,Liberia,Africa,2008,Cattle meat,4732.396431727635,4.453968367140487
LBR,Liberia,Africa,2009,Cattle meat,9659.691815993061,4.824327879000189
LBR,Liberia,Africa,2010,Cattle meat,7516.551197585251,4.840175627453433
LBR,Liberia,Africa,2011,Cattle meat,26393.14837346729,5.562153550230069
LBR,Liberia,Africa,2012,Cattle meat,33384.16174399464,7.038002073903294
LBR,Liberia,Africa,2013,Cattle meat,33262.54058666452,9.23356867788321
LBR,Liberia,Africa,2014,Cattle meat,34007.61059765332,11.11994918753418
LBR,Liberia,Africa,2015,Cattle meat,30606.23595736015,12.93759678398247
LBR,Liberia,Africa,2016,Cattle meat,26739.88047069164,12.83338589285868
LBR,Liberia,Africa,2017,Cattle meat,16372.55125143838,11.41189946843825
LBR,Liberia,Africa,2018,Cattle meat,7005.71824286589,9.498748746574822
LBR,Liberia,Africa,2019,Cattle meat,1546.37829808619,7.017014776573365
LBR,Liberia,Africa,2020,Cattle meat,1686.322038910742,4.769630494459194
LBR,Liberia,Africa,2021,Cattle meat,1438.82560798047,2.833401391523003
LBR,Liberia,Africa,2022,Cattle meat,1386.206080829984,1.690450253526786
LBR,Liberia,Africa,2023,Cattle meat,1503.784575907065,1.288380002433388
LBR,Liberia,Africa,2001,Oil palm fruit,101.7781112178309,0.0001668394051099243
LBR,Liberia,Africa,2002,Oil palm fruit,254.800262517457,0.0006049999168035889
LBR,Liberia,Africa,2003,Oil palm fruit,120.619632842573,0.0007426815956982423
LBR,Liberia,Africa,2004,Oil palm fruit,32.43443099822551,0.000776000212091675
LBR,Liberia,Africa,2005,Oil palm fruit,37.18493182373048,0.02085968062308143
LBR,Liberia,Africa,2006,Oil palm fruit,103.6601628725538,0.02060912319915089
LBR,Liberia,Africa,2007,Oil palm fruit,80.30232762960989,0.01546206822636562
LBR,Liberia,Africa,2008,Oil palm fruit,177.7450566812193,0.02140333036767388
LBR,Liberia,Africa,2009,Oil palm fruit,302.5708840128101,0.03451149953120469
LBR,Liberia,Africa,2010,Oil palm fruit,128.0064050331516,0.03719784792827108
LBR,Liberia,Africa,2011,Oil palm fruit,1228.496344438933,0.08505317084545816
LBR,Liberia,Africa,2012,Oil palm fruit,2773.52566922955,0.1940443602365945
LBR,Liberia,Africa,2013,Oil palm fruit,3920.715790959916,0.3379286851432926
LBR,Liberia,Africa,2014,Oil palm fruit,2940.771653935201,0.4695600976559819
LBR,Liberia,Africa,2015,Oil palm fruit,628.1110909458286,0.4944624995600555
LBR,Liberia,Africa,2016,Oil palm fruit,210.8804354760904,0.4473440328177367
LBR,Liberia,Africa,2017,Oil palm fruit,152.5658900795873,0.3338468357212536
LBR,Liberia,Africa,2018,Oil palm fruit,88.22030239437402,0.1830593285299925
LBR,Liberia,Africa,2019,Oil palm fruit,69.02956818630443,0.0425581530443688
LBR,Liberia,Africa,2020,Oil palm fruit,29.26078171276959,0.01389633876267972
LBR,Liberia,Africa,2021,Oil palm fruit,47.33632135492572,0.007082072253338978
LBR,Liberia,Africa,2022,Oil palm fruit,12.64047686843791,0.00884855590400797
LBR,Liberia,Africa,2023,Oil palm fruit,27.96702546267292,0.01026953821740624
LBR,Liberia,Africa,2001,Soya beans,0.0,0.0
LBR,Liberia,Africa,2002,Soya beans,1.902416754472022,2.324504070908517e-06
LBR,Liberia,Africa,2003,Soya beans,6.923009561054198,7.088372949970633e-06
LBR,Liberia,Africa,2004,Soya beans,1.219966852768181,7.764644679253107e-06
LBR,Liberia,Africa,2005,Soya beans,14.7416361527886,0.002428653312815074
LBR,Liberia,Africa,2006,Soya beans,0.0,0.002428653312815074
LBR,Liberia,Africa,2007,Soya beans,0.0,0.002233599358473302
LBR,Liberia,Africa,2008,Soya beans,0.0,0.00152662542276725
LBR,Liberia,Africa,2009,Soya beans,0.0,0.001404018953912043
LBR,Liberia,Africa,2010,Soya beans,77.04404312952195,0.007774391760058113
LBR,Liberia,Africa,2011,Soya beans,34.8411358824207,0.01108460318358153
LBR,Liberia,Africa,2012,Soya beans,0.05815850265813857,0.01108852686258464
LBR,Liberia,Africa,2013,Soya beans,0.0,0.01108852686258464
LBR,Liberia,Africa,2014,Soya beans,0.0,0.01108852686258464
LBR,Liberia,Africa,2015,Soya beans,6.271712528150134,0.003960106694717143
LBR,Liberia,Africa,2016,Soya beans,37.31145347080519,0.004057286027092402
LBR,Liberia,Africa,2017,Soya beans,16.86891041327357,0.005639195885271542
LBR,Liberia,Africa,2018,Soya beans,5.13039135498807,0.006161347712610344
LBR,Liberia,Africa,2019,Soya beans,0.9566284611637077,0.006264542593960727
LBR,Liberia,Africa,2020,Soya beans,5.759372877854059,0.006358700725947633
LBR,Liberia,Africa,2021,Soya beans,10.77757667721065,0.004220983505042469
LBR,Liberia,Africa,2022,Soya beans,7.825137531279704,0.003549251447008239
LBR,Liberia,Africa,2023,Soya beans,7.757493312208514,0.003939368384759105
LBY,Libya,Africa,2001,Cattle meat,3.396181823120117,0.0
LBY,Libya,Africa,2002,Cattle meat,1.296659157409668,0.0
LBY,Libya,Africa,2003,Cattle meat,3.330885106201172,0.0
LBY,Libya,Africa,2004,Cattle meat,0.9670916145629305,0.0
LBY,Libya,Africa,2005,Cattle meat,0.5996405814372461,0.0003189386309986861
LBY,Libya,Africa,2006,Cattle meat,0.3303873363981064,0.0002135071308996297
LBY,Libya,Africa,2007,Cattle meat,1.483394535522461,0.0002183966966510756
LBY,Libya,Africa,2008,Cattle meat,1.4199375390625,0.0001553566515262487
LBY,Libya,Africa,2009,Cattle meat,0.7410267477416993,0.0001444331964407316
LBY,Libya,Africa,2010,Cattle meat,0.2919580986834295,0.0001343422323736084
LBY,Libya,Africa,2011,Cattle meat,0.7295807731515906,0.0001471335402684088
LBY,Libya,Africa,2012,Cattle meat,0.4031859018269853,0.0001121281920417317
LBY,Libya,Africa,2013,Cattle meat,0.5413095678031624,8.53238772669434e-05
LBY,Libya,Africa,2014,Cattle meat,0.08538373818685799,6.601274513703778e-05
LBY,Libya,Africa,2015,Cattle meat,0.06860282033622538,5.86609259709109e-05
LBY,Libya,Africa,2016,Cattle meat,0.0949206215758932,3.891470619331373e-05
LBY,Libya,Africa,2017,Cattle meat,0.3216123708137769,3.765796549822936e-05
LBY,Libya,Africa,2018,Cattle meat,0.1743978585798371,2.557556448439113e-05
LBY,Libya,Africa,2019,Cattle meat,0.05251440275265964,2.478050350814843e-05
LBY,Libya,Africa,2020,Cattle meat,0.0,2.261982242146442e-05
LBY,Libya,Africa,2021,Cattle meat,0.07970265780506854,2.190791985476226e-05
LBY,Libya,Africa,2022,Cattle meat,0.0,9.282214829026647e-06
LBY,Libya,Africa,2023,Cattle meat,0.1584867519911986,9.339822454506751e-06
LCA,Saint Lucia,North and Central America,2001,Cattle meat,1.704178878479004,0.0
LCA,Saint Lucia,North and Central America,2002,Cattle meat,0.0,0.0
LCA,Saint Lucia,North and Central America,2003,Cattle meat,0.0,0.0
LCA,Saint Lucia,North and Central America,2004,Cattle meat,0.0,0.0
LCA,Saint Lucia,North and Central America,2005,Cattle meat,0.0,0.0001176983733684619
LCA,Saint Lucia,North and Central America,2006,Cattle meat,0.0,0.0
LCA,Saint Lucia,North and Central America,2007,Cattle meat,0.0,0.0
LCA,Saint Lucia,North and Central America,2008,Cattle meat,0.0,0.0
LCA,Saint Lucia,North and Central America,2009,Cattle meat,0.0,0.0
LCA,Saint Lucia,North and Central America,2010,Cattle meat,0.7968453111474981,7.103057651264741e-05
LCA,Saint Lucia,North and Central America,2011,Cattle meat,1.082669343435242,0.0001823534574166848
LCA,Saint Lucia,North and Central America,2012,Cattle meat,0.5092193955576197,0.0002304620925510895
LCA,Saint Lucia,North and Central America,2013,Cattle meat,0.4759102246630252,0.0002683430401354312
LCA,Saint Lucia,North and Central America,2014,Cattle meat,0.3582456986845002,0.000294401408574348
LCA,Saint Lucia,North and Central America,2015,Cattle meat,0.1187527987859197,0.0002290357250867328
LCA,Saint Lucia,North and Central America,2016,Cattle meat,0.0,0.0001177128441826954
LCA,Saint Lucia,North and Central America,2017,Cattle meat,0.0,7.055577201676526e-05
LCA,Saint Lucia,North and Central America,2018,Cattle meat,0.0,3.267482443242359e-05
LCA,Saint Lucia,North and Central America,2019,Cattle meat,0.1324859063936503,1.693488779024636e-05
LCA,Saint Lucia,North and Central America,2020,Cattle meat,0.2452912076787713,3.613686157773305e-05
LCA,Saint Lucia,North and Central America,2021,Cattle meat,0.7129978725062843,9.867318277185089e-05
LCA,Saint Lucia,North and Central America,2022,Cattle meat,0.1722644126521396,0.0001155097215098137
LCA,Saint Lucia,North and Central America,2023,Cattle meat,0.1899437889193578,0.0001297057216707676
LKA,Sri Lanka,Rest of Asia,2001,Cattle meat,1905.114991063894,0.0004013033258253092
LKA,Sri Lanka,Rest of Asia,2002,Cattle meat,95.44340465016977,0.0004110173617941423
LKA,Sri Lanka,Rest of Asia,2003,Cattle meat,264.6035707932726,0.0004463730804656158
LKA,Sri Lanka,Rest of Asia,2004,Cattle meat,187.12074042977,0.0004704630581139424
LKA,Sri Lanka,Rest of Asia,2005,Cattle meat,158.4265651867202,0.197930907398074
LKA,Sri Lanka,Rest of Asia,2006,Cattle meat,137.0629174976539,0.06206099887673684
LKA,Sri Lanka,Rest of Asia,2007,Cattle meat,124.1400082638289,0.06329040722255942
LKA,Sri Lanka,Rest of Asia,2008,Cattle meat,86.84961094349595,0.04994371616267536
LKA,Sri Lanka,Rest of Asia,2009,Cattle meat,186.4321005998368,0.04990250357645909
LKA,Sri Lanka,Rest of Asia,2010,Cattle meat,137.1857124104069,0.04609829812464469
LKA,Sri Lanka,Rest of Asia,2011,Cattle meat,1846.105113428714,0.1499481406435564
LKA,Sri Lanka,Rest of Asia,2012,Cattle meat,2801.093628763799,0.3264997760178246
LKA,Sri Lanka,Rest of Asia,2013,Cattle meat,1413.059236501164,0.4002256212773015
LKA,Sri Lanka,Rest of Asia,2014,Cattle meat,648.9248232301047,0.4296131496664835
LKA,Sri Lanka,Rest of Asia,2015,Cattle meat,135.7423514723268,0.4294152578744141
LKA,Sri Lanka,Rest of Asia,2016,Cattle meat,383.8683426021258,0.3402132244461771
LKA,Sri Lanka,Rest of Asia,2017,Cattle meat,605.9191033938225,0.2000046271582378
LKA,Sri Lanka,Rest of Asia,2018,Cattle meat,1596.56395357214,0.2237460986565052
LKA,Sri Lanka,Rest of Asia,2019,Cattle meat,1457.28679819079,0.279290181530618
LKA,Sri Lanka,Rest of Asia,2020,Cattle meat,97.11069105158013,0.2766887296570044
LKA,Sri Lanka,Rest of Asia,2021,Cattle meat,73.85298716279503,0.2565870334720664
LKA,Sri Lanka,Rest of Asia,2022,Cattle meat,23.09708360603449,0.2142328187340466
LKA,Sri Lanka,Rest of Asia,2023,Cattle meat,55.48576196546274,0.1138758748977795
LKA,Sri Lanka,Rest of Asia,2001,Oil palm fruit,3.058727587890624,2.805097923959509e-06
LKA,Sri Lanka,Rest of Asia,2002,Oil palm fruit,1.682224530029297,3.175118866856637e-06
LKA,Sri Lanka,Rest of Asia,2003,Oil palm fruit,0.2288303039550781,3.217032763779011e-06
LKA,Sri Lanka,Rest of Asia,2004,Oil palm fruit,2.672736004638672,3.713614613340684e-06
LKA,Sri Lanka,Rest of Asia,2005,Oil palm fruit,3.823493951416019,0.001071442612194583
LKA,Sri Lanka,Rest of Asia,2006,Oil palm fruit,7.496251330566409,0.001634223937873977
LKA,Sri Lanka,Rest of Asia,2007,Oil palm fruit,5.65891869506836,0.002035293248681341
LKA,Sri Lanka,Rest of Asia,2008,Oil palm fruit,4.049012738037109,0.002296321359884247
LKA,Sri Lanka,Rest of Asia,2009,Oil palm fruit,7.189717871093753,0.002838182623851007
LKA,Sri Lanka,Rest of Asia,2010,Oil palm fruit,3.900710656738283,0.00280313904717552
LKA,Sri Lanka,Rest of Asia,2011,Oil palm fruit,2.294448394775391,0.002225856099499291
LKA,Sri Lanka,Rest of Asia,2012,Oil palm fruit,4.589753991699222,0.00215589670007417
LKA,Sri Lanka,Rest of Asia,2013,Oil palm fruit,0.9942966186523438,0.001977161957677065
LKA,Sri Lanka,Rest of Asia,2014,Oil palm fruit,0.0,0.001239664395781489
LKA,Sri Lanka,Rest of Asia,2015,Oil palm fruit,0.3824921630859375,0.0008910903195797778
LKA,Sri Lanka,Rest of Asia,2016,Oil palm fruit,0.8412071533203124,0.0007388949514493984
LKA,Sri Lanka,Rest of Asia,2017,Oil palm fruit,0.1528829650878906,0.0002605707920194108
LKA,Sri Lanka,Rest of Asia,2018,Oil palm fruit,0.3052897216796875,0.0001859213680029692
LKA,Sri Lanka,Rest of Asia,2019,Oil palm fruit,0.0,0.0001859213680029692
LKA,Sri Lanka,Rest of Asia,2020,Oil palm fruit,0.0,0.0001345022717570535
LKA,Sri Lanka,Rest of Asia,2021,Oil palm fruit,0.0,4.145734402986022e-05
LKA,Sri Lanka,Rest of Asia,2022,Oil palm fruit,0.0,2.940442982954608e-05
LKA,Sri Lanka,Rest of Asia,2023,Oil palm fruit,0.0,1.487628535546426e-05
LKA,Sri Lanka,Rest of Asia,2001,Soya beans,19.44942858330155,1.475189664301686e-05
LKA,Sri Lanka,Rest of Asia,2002,Soya beans,37.7891635428121,2.162643296335015e-05
LKA,Sri Lanka,Rest of Asia,2003,Soya beans,47.1284791857473,2.876583299634997e-05
LKA,Sri Lanka,Rest of Asia,2004,Soya beans,54.42476224202442,3.712889094268602e-05
LKA,Sri Lanka,Rest of Asia,2005,Soya beans,0.0,0.01266512002170537
LKA,Sri Lanka,Rest of Asia,2006,Soya beans,0.0,0.01117396615011919
LKA,Sri Lanka,Rest of Asia,2007,Soya beans,36.84429985773581,0.01077023744417655
LKA,Sri Lanka,Rest of Asia,2008,Soya beans,44.03769648135773,0.01045664769201108
LKA,Sri Lanka,Rest of Asia,2009,Soya beans,0.0,0.006527058286357354
LKA,Sri Lanka,Rest of Asia,2010,Soya beans,109.2730748050315,0.01446997248770533
LKA,Sri Lanka,Rest of Asia,2011,Soya beans,203.090992438375,0.0359230178311938
LKA,Sri Lanka,Rest of Asia,2012,Soya beans,54.83672158803364,0.03783441404077465
LKA,Sri Lanka,Rest of Asia,2013,Soya beans,0.0,0.03405915880540506
LKA,Sri Lanka,Rest of Asia,2014,Soya beans,540.735724198463,0.09184688424896045
LKA,Sri Lanka,Rest of Asia,2015,Soya beans,0.0,0.08392849034118571
LKA,Sri Lanka,Rest of Asia,2016,Soya beans,0.0,0.06254385283871002
LKA,Sri Lanka,Rest of Asia,2017,Soya beans,0.0,0.05795225441176136
LKA,Sri Lanka,Rest of Asia,2018,Soya beans,5.962518238900335,0.0583969147326729
LKA,Sri Lanka,Rest of Asia,2019,Soya beans,19.56057859020594,0.002310418954148757
LKA,Sri Lanka,Rest of Asia,2020,Soya beans,37.68255230356786,0.005167233208971782
LKA,Sri Lanka,Rest of Asia,2021,Soya beans,311.0928936302881,0.03701037111633757
LKA,Sri Lanka,Rest of Asia,2022,Soya beans,185.3982952895096,0.05513092050478292
LKA,Sri Lanka,Rest of Asia,2023,Soya beans,214.214696312178,0.07380513621491883
LSO,Lesotho,Africa,2001,Cattle meat,1.590011115112305,0.0
LSO,Lesotho,Africa,2002,Cattle meat,1.037782338057025,0.0
LSO,Lesotho,Africa,2003,Cattle meat,1.743651951087567,0.0
LSO,Lesotho,Africa,2004,Cattle meat,1.132238251691317,0.0
LSO,Lesotho,Africa,2005,Cattle meat,0.0023637824023292,0.0002410291996171227
LSO,Lesotho,Africa,2006,Cattle meat,0.03430991837072483,0.000178209554692946
LSO,Lesotho,Africa,2007,Cattle meat,3.034180364786784,0.0002643965450705042
LSO,Lesotho,Africa,2008,Cattle meat,4.105396459548053,0.0003889001738839701
LSO,Lesotho,Africa,2009,Cattle meat,4.442615313322179,0.000606642478190942
LSO,Lesotho,Africa,2010,Cattle meat,1.469030789489746,0.0006933129512928462
LSO,Lesotho,Africa,2011,Cattle meat,3.637036771886489,0.0009270004937838536
LSO,Lesotho,Africa,2012,Cattle meat,2.233133242492676,0.0008952894792558754
LSO,Lesotho,Africa,2013,Cattle meat,0.009936599377289967,0.0007008056585672075
LSO,Lesotho,Africa,2014,Cattle meat,0.0,0.0004380414786839779
LSO,Lesotho,Africa,2015,Cattle meat,0.0,0.0003512423430845086
LSO,Lesotho,Africa,2016,Cattle meat,6.939042937546674,0.000392494955738244
LSO,Lesotho,Africa,2017,Cattle meat,2.806814417114257,0.0003984880009648362
LSO,Lesotho,Africa,2018,Cattle meat,1.28133756613219,0.0004610716678334377
LSO,Lesotho,Africa,2019,Cattle meat,0.1367661477921585,0.0004685876433621684
LSO,Lesotho,Africa,2020,Cattle meat,0.5145443562321376,0.0004966365154320093
LSO,Lesotho,Africa,2021,Cattle meat,0.0,0.0002197923827873441
LSO,Lesotho,Africa,2022,Cattle meat,0.0,9.85658066034381e-05
LSO,Lesotho,Africa,2023,Cattle meat,0.001652920406759738,3.569247705531536e-05
LTU,Lithuania,Europe,2001,Cattle meat,0.0,0.0
LTU,Lithuania,Europe,2002,Cattle meat,0.0,0.0
LTU,Lithuania,Europe,2003,Cattle meat,0.0,0.0
LTU,Lithuania,Europe,2004,Cattle meat,0.0,0.0
LTU,Lithuania,Europe,2005,Cattle meat,0.0,0.0
LTU,Lithuania,Europe,2006,Cattle meat,0.0,0.0
LTU,Lithuania,Europe,2007,Cattle meat,0.0,0.0
LTU,Lithuania,Europe,2008,Cattle meat,0.0,0.0
LTU,Lithuania,Europe,2009,Cattle meat,0.0,0.0
LTU,Lithuania,Europe,2010,Cattle meat,0.0,0.0
LTU,Lithuania,Europe,2011,Cattle meat,0.0,0.0
LTU,Lithuania,Europe,2012,Cattle meat,84.80193885192872,0.004112148656524047
LTU,Lithuania,Europe,2013,Cattle meat,59.94629849472047,0.006402661273777789
LTU,Lithuania,Europe,2014,Cattle meat,127.2671241097622,0.01043346122312593
LTU,Lithuania,Europe,2015,Cattle meat,81.90746685916558,0.01326568192483557
LTU,Lithuania,Europe,2016,Cattle meat,0.0,0.01326568192483557
LTU,Lithuania,Europe,2017,Cattle meat,0.0,0.009354964105916139
LTU,Lithuania,Europe,2018,Cattle meat,0.0,0.007194464795459264
LTU,Lithuania,Europe,2019,Cattle meat,0.0,0.003632767539690929
LTU,Lithuania,Europe,2020,Cattle meat,0.0,0.000938259459217453
LTU,Lithuania,Europe,2021,Cattle meat,0.0,0.000938259459217453
LTU,Lithuania,Europe,2022,Cattle meat,0.0,0.000938259459217453
LTU,Lithuania,Europe,2023,Cattle meat,0.0,0.000938259459217453
LTU,Lithuania,Europe,2001,Soya beans,0.0,0.0
LTU,Lithuania,Europe,2002,Soya beans,0.0,0.0
LTU,Lithuania,Europe,2003,Soya beans,0.0,0.0
LTU,Lithuania,Europe,2004,Soya beans,0.0,0.0
LTU,Lithuania,Europe,2005,Soya beans,0.0,0.0
LTU,Lithuania,Europe,2006,Soya beans,0.0,0.0
LTU,Lithuania,Europe,2007,Soya beans,0.0,0.0
LTU,Lithuania,Europe,2008,Soya beans,0.0,0.0
LTU,Lithuania,Europe,2009,Soya beans,0.0,0.0
LTU,Lithuania,Europe,2010,Soya beans,0.0,0.0
LTU,Lithuania,Europe,2011,Soya beans,0.0,0.0
LTU,Lithuania,Europe,2012,Soya beans,0.0,0.0
LTU,Lithuania,Europe,2013,Soya beans,0.0,0.0
LTU,Lithuania,Europe,2014,Soya beans,0.0,0.0
LTU,Lithuania,Europe,2015,Soya beans,0.2331015689909269,1.184911586225455e-05
LTU,Lithuania,Europe,2016,Soya beans,1.856497438309524,0.0001433149741275637
LTU,Lithuania,Europe,2017,Soya beans,1.159242318687577,0.0002141702744835579
LTU,Lithuania,Europe,2018,Soya beans,0.0,0.0002141702744835579
LTU,Lithuania,Europe,2019,Soya beans,0.1350907264834923,0.0002271516500643686
LTU,Lithuania,Europe,2020,Soya beans,0.0,0.0002158217744817137
LTU,Lithuania,Europe,2021,Soya beans,0.0,9.481631761250086e-05
LTU,Lithuania,Europe,2022,Soya beans,0.0,3.198977839373735e-05
LTU,Lithuania,Europe,2023,Soya beans,0.0,3.198977839373735e-05
LUX,Luxembourg,Europe,2001,Cattle meat,0.6778532180452123,0.0
LUX,Luxembourg,Europe,2002,Cattle meat,1.339783618543978,0.0
LUX,Luxembourg,Europe,2003,Cattle meat,1.568168464508056,0.0
LUX,Luxembourg,Europe,2004,Cattle meat,2.144685036010742,0.0
LUX,Luxembourg,Europe,2005,Cattle meat,0.0,0.0005041151366246993
LUX,Luxembourg,Europe,2006,Cattle meat,0.3839699720883524,0.0004768106756048484
LUX,Luxembourg,Europe,2007,Cattle meat,0.0,0.0003485655783075134
LUX,Luxembourg,Europe,2008,Cattle meat,7.299094688781738,0.000898837973789049
LUX,Luxembourg,Europe,2009,Cattle meat,0.0,0.0007165643872643244
LUX,Luxembourg,Europe,2010,Cattle meat,0.0,0.0007165643872643244
LUX,Luxembourg,Europe,2011,Cattle meat,0.0,0.0006836358572111347
LUX,Luxembourg,Europe,2012,Cattle meat,0.0,0.0006836358572111347
LUX,Luxembourg,Europe,2013,Cattle meat,2.950365548858642,0.0002742018552642031
LUX,Luxembourg,Europe,2014,Cattle meat,2.403960992870855,0.0004795834959752991
LUX,Luxembourg,Europe,2015,Cattle meat,2.047303840484619,0.0006573276095197552
LUX,Luxembourg,Europe,2016,Cattle meat,2.197073191940644,0.0008211027652706057
LUX,Luxembourg,Europe,2017,Cattle meat,3.294864124305276,0.001063670622862719
LUX,Luxembourg,Europe,2018,Cattle meat,0.9297623089416952,0.0008669581691864053
LUX,Luxembourg,Europe,2019,Cattle meat,1.747076433267032,0.0008058184187059591
LUX,Luxembourg,Europe,2020,Cattle meat,4.097775403900147,0.0009688299888742612
LUX,Luxembourg,Europe,2021,Cattle meat,3.957018213806152,0.001184439067826673
LUX,Luxembourg,Europe,2022,Cattle meat,1.143302458953857,0.001013958180145378
LUX,Luxembourg,Europe,2023,Cattle meat,3.092586770829743,0.001236348630318246
LUX,Luxembourg,Europe,2001,Soya beans,0.0,0.0
LUX,Luxembourg,Europe,2002,Soya beans,0.0,0.0
LUX,Luxembourg,Europe,2003,Soya beans,0.0,0.0
LUX,Luxembourg,Europe,2004,Soya beans,0.0,0.0
LUX,Luxembourg,Europe,2005,Soya beans,0.0,0.0
LUX,Luxembourg,Europe,2006,Soya beans,0.0,0.0
LUX,Luxembourg,Europe,2007,Soya beans,0.0,0.0
LUX,Luxembourg,Europe,2008,Soya beans,0.0,0.0
LUX,Luxembourg,Europe,2009,Soya beans,0.0,0.0
LUX,Luxembourg,Europe,2010,Soya beans,0.0,0.0
LUX,Luxembourg,Europe,2011,Soya beans,0.0,0.0
LUX,Luxembourg,Europe,2012,Soya beans,0.0,0.0
LUX,Luxembourg,Europe,2013,Soya beans,0.0,0.0
LUX,Luxembourg,Europe,2014,Soya beans,0.0,0.0
LUX,Luxembourg,Europe,2015,Soya beans,0.0,0.0
LUX,Luxembourg,Europe,2016,Soya beans,0.0,0.0
LUX,Luxembourg,Europe,2017,Soya beans,0.1241525978241505,1.015889103249313e-05
LUX,Luxembourg,Europe,2018,Soya beans,0.03448184913965371,1.327212231705335e-05
LUX,Luxembourg,Europe,2019,Soya beans,0.01199930054232111,1.426019376397683e-05
LUX,Luxembourg,Europe,2020,Soya beans,0.0,1.426019376397683e-05
LUX,Luxembourg,Europe,2021,Soya beans,0.0,1.426019376397683e-05
LUX,Luxembourg,Europe,2022,Soya beans,0.0,4.101302731483691e-06
LUX,Luxembourg,Europe,2023,Soya beans,0.0,9.880714469234735e-07
LVA,Latvia,Europe,2001,Cattle meat,34.73010781316417,0.0004448771187948526
LVA,Latvia,Europe,2002,Cattle meat,15.90549100014952,0.0005499198820734765
LVA,Latvia,Europe,2003,Cattle meat,4.032628007462355,0.0005645138958160177
LVA,Latvia,Europe,2004,Cattle meat,12.47494048314992,0.0006482151629184664
LVA,Latvia,Europe,2005,Cattle meat,55.1002979603162,0.004468173965202394
LVA,Latvia,Europe,2006,Cattle meat,164.8259462456559,0.00976409342838699
LVA,Latvia,Europe,2007,Cattle meat,0.0,0.009295838360060914
LVA,Latvia,Europe,2008,Cattle meat,79.90513596367346,0.01194232452965075
LVA,Latvia,Europe,2009,Cattle meat,44.42055002534556,0.01342074900608474
LVA,Latvia,Europe,2010,Cattle meat,200.7445191299808,0.02003590504737228
LVA,Latvia,Europe,2011,Cattle meat,39.89237456885446,0.01693147401352933
LVA,Latvia,Europe,2012,Cattle meat,0.0,0.01693147401352933
LVA,Latvia,Europe,2013,Cattle meat,0.0,0.0146216907268072
LVA,Latvia,Europe,2014,Cattle meat,0.0,0.01317441712785902
LVA,Latvia,Europe,2015,Cattle meat,0.0,0.006942428417239726
LVA,Latvia,Europe,2016,Cattle meat,15.7643417814572,0.006349439297576908
LVA,Latvia,Europe,2017,Cattle meat,0.0,0.006349439297576908
LVA,Latvia,Europe,2018,Cattle meat,0.0,0.006349439297576908
LVA,Latvia,Europe,2019,Cattle meat,0.0,0.006349439297576908
LVA,Latvia,Europe,2020,Cattle meat,0.0,0.006349439297576908
LVA,Latvia,Europe,2021,Cattle meat,94.18489719295313,0.009203730234521456
LVA,Latvia,Europe,2022,Cattle meat,0.0,0.009203730234521456
LVA,Latvia,Europe,2023,Cattle meat,18.39680064890819,0.00993804490719397
MAR,Morocco,Africa,2001,Cattle meat,73.70996980904852,0.0
MAR,Morocco,Africa,2002,Cattle meat,23.87605701163464,0.0
MAR,Morocco,Africa,2003,Cattle meat,26.6072673626651,0.0
MAR,Morocco,Africa,2004,Cattle meat,27.5960448301827,0.0
MAR,Morocco,Africa,2005,Cattle meat,29.3167867979862,0.0083113941420136
MAR,Morocco,Africa,2006,Cattle meat,8.458859002881011,0.005396252489628961
MAR,Morocco,Africa,2007,Cattle meat,21.32706033525369,0.005232529232274267
MAR,Morocco,Africa,2008,Cattle meat,17.42306034643662,0.004650221510028695
MAR,Morocco,Africa,2009,Cattle meat,2.726631337711648,0.003695420216834111
MAR,Morocco,Africa,2010,Cattle meat,0.6080193781563252,0.002495255089525546
MAR,Morocco,Africa,2011,Cattle meat,28.98140134444974,0.003483872560550037
MAR,Morocco,Africa,2012,Cattle meat,20.15849170177524,0.003282906627681424
MAR,Morocco,Africa,2013,Cattle meat,0.3779742767912991,0.002430009812621666
MAR,Morocco,Africa,2014,Cattle meat,0.5030433820420032,0.002306578161507681
MAR,Morocco,Africa,2015,Cattle meat,1.125450573200608,0.002330221164649567
MAR,Morocco,Africa,2016,Cattle meat,11.74335469014946,0.001405050908086764
MAR,Morocco,Africa,2017,Cattle meat,9.010444799698101,0.0009802385833593845
MAR,Morocco,Africa,2018,Cattle meat,8.84840852250157,0.001446400953420378
MAR,Morocco,Africa,2019,Cattle meat,6.552871274844652,0.001749553165468833
MAR,Morocco,Africa,2020,Cattle meat,5.965268806806314,0.001944000746771043
MAR,Morocco,Africa,2021,Cattle meat,4.994597322656134,0.00168375061478638
MAR,Morocco,Africa,2022,Cattle meat,0.8038130697611033,0.001320494148853464
MAR,Morocco,Africa,2023,Cattle meat,1.201369914997932,0.000881581709274166
MDA,Moldova,Europe,2001,Cattle meat,2.683972844216545,0.0
MDA,Moldova,Europe,2002,Cattle meat,0.0,0.0
MDA,Moldova,Europe,2003,Cattle meat,0.0,0.0
MDA,Moldova,Europe,2004,Cattle meat,0.0,0.0
MDA,Moldova,Europe,2005,Cattle meat,0.0,0.0001137228450664524
MDA,Moldova,Europe,2006,Cattle meat,0.0,0.0
MDA,Moldova,Europe,2007,Cattle meat,0.0,0.0
MDA,Moldova,Europe,2008,Cattle meat,0.0,0.0
MDA,Moldova,Europe,2009,Cattle meat,0.0,0.0
MDA,Moldova,Europe,2010,Cattle meat,0.0,0.0
MDA,Moldova,Europe,2011,Cattle meat,0.0,0.0
MDA,Moldova,Europe,2012,Cattle meat,0.0,0.0
MDA,Moldova,Europe,2013,Cattle meat,0.0,0.0
MDA,Moldova,Europe,2014,Cattle meat,0.0,0.0
MDA,Moldova,Europe,2015,Cattle meat,0.0,0.0
MDA,Moldova,Europe,2016,Cattle meat,0.0,0.0
MDA,Moldova,Europe,2017,Cattle meat,0.0,0.0
MDA,Moldova,Europe,2018,Cattle meat,0.0,0.0
MDA,Moldova,Europe,2019,Cattle meat,0.0,0.0
MDA,Moldova,Europe,2020,Cattle meat,0.0,0.0
MDA,Moldova,Europe,2021,Cattle meat,0.0,0.0
MDA,Moldova,Europe,2022,Cattle meat,0.0,0.0
MDA,Moldova,Europe,2023,Cattle meat,0.0,0.0
MDA,Moldova,Europe,2001,Soya beans,2.945967844859329,0.0
MDA,Moldova,Europe,2002,Soya beans,18.06762734540662,1.185386361240143e-06
MDA,Moldova,Europe,2003,Soya beans,4.441498054723528,1.848644032485928e-06
MDA,Moldova,Europe,2004,Soya beans,10.23980429101757,3.037906548848193e-06
MDA,Moldova,Europe,2005,Soya beans,0.0,0.00285776552412863
MDA,Moldova,Europe,2006,Soya beans,0.0,0.002710274101065874
MDA,Moldova,Europe,2007,Soya beans,1.233089697990364,0.001724578303511944
MDA,Moldova,Europe,2008,Soya beans,1.952158190615348,0.001577999285640305
MDA,Moldova,Europe,2009,Soya beans,0.4964158889985782,0.0001695556382264047
MDA,Moldova,Europe,2010,Soya beans,0.0,0.0001695556382264047
MDA,Moldova,Europe,2011,Soya beans,0.0,0.0001695556382264047
MDA,Moldova,Europe,2012,Soya beans,2.441414019550331,0.0002024194112992197
MDA,Moldova,Europe,2013,Soya beans,0.0,0.0001129866876704894
MDA,Moldova,Europe,2014,Soya beans,0.0,9.326993195191857e-05
MDA,Moldova,Europe,2015,Soya beans,0.0,9.326993195191857e-05
MDA,Moldova,Europe,2016,Soya beans,0.2406482276929089,0.0001043662362442915
MDA,Moldova,Europe,2017,Soya beans,0.0,1.462086209850987e-05
MDA,Moldova,Europe,2018,Soya beans,0.0,1.462086209850987e-05
MDA,Moldova,Europe,2019,Soya beans,0.0,1.462086209850987e-05
MDA,Moldova,Europe,2020,Soya beans,0.0,1.462086209850987e-05
MDA,Moldova,Europe,2021,Soya beans,1.301364377317733,0.0001299696951424166
MDA,Moldova,Europe,2022,Soya beans,0.4787457200521851,0.0001568615350606697
MDA,Moldova,Europe,2023,Soya beans,0.347075214052193,0.0001802849582751097
MDG,Madagascar,Africa,2001,Cattle meat,17985.53159697729,0.001055886848380711
MDG,Madagascar,Africa,2002,Cattle meat,19189.26258223455,0.001931991074092548
MDG,Madagascar,Africa,2003,Cattle meat,21372.70984106581,0.003022252720495937
MDG,Madagascar,Africa,2004,Cattle meat,15721.36039262246,0.004157914917492885
MDG,Madagascar,Africa,2005,Cattle meat,24064.60139833324,7.678873342035392
MDG,Madagascar,Africa,2006,Cattle meat,23732.404875445,7.589805248907338
MDG,Madagascar,Africa,2007,Cattle meat,34065.13468068212,8.643718127628032
MDG,Madagascar,Africa,2008,Cattle meat,27145.08226692791,9.096819692207033
MDG,Madagascar,Africa,2009,Cattle meat,18436.03192794991,9.172038396485291
MDG,Madagascar,Africa,2010,Cattle meat,4665.378237515855,7.699647353004265
MDG,Madagascar,Africa,2011,Cattle meat,3933.507052599983,6.543579226405299
MDG,Madagascar,Africa,2012,Cattle meat,6238.494602623171,4.424637420159131
MDG,Madagascar,Africa,2013,Cattle meat,5582.859173858456,2.944144740095612
MDG,Madagascar,Africa,2014,Cattle meat,13967.83090965487,2.706248954012185
MDG,Madagascar,Africa,2015,Cattle meat,14859.32326271126,3.563373659184547
MDG,Madagascar,Africa,2016,Cattle meat,20109.38440641908,4.90322075363894
MDG,Madagascar,Africa,2017,Cattle meat,16782.35069901769,5.795207075871555
MDG,Madagascar,Africa,2018,Cattle meat,19368.89988719453,7.02936502623983
MDG,Madagascar,Africa,2019,Cattle meat,19824.00605980837,7.619620247894145
MDG,Madagascar,Africa,2020,Cattle meat,23988.2757364292,8.480561624206995
MDG,Madagascar,Africa,2021,Cattle meat,24494.74040979146,8.848586100350165
MDG,Madagascar,Africa,2022,Cattle meat,31544.21425065568,10.07990625144581
MDG,Madagascar,Africa,2023,Cattle meat,26675.74346562545,10.72615233511017
MDG,Madagascar,Africa,2001,Oil palm fruit,0.0,0.0
MDG,Madagascar,Africa,2002,Oil palm fruit,0.0,0.0
MDG,Madagascar,Africa,2003,Oil palm fruit,0.0,0.0
MDG,Madagascar,Africa,2004,Oil palm fruit,0.0,0.0
MDG,Madagascar,Africa,2005,Oil palm fruit,0.6957447800835106,2.852686835257804e-05
MDG,Madagascar,Africa,2006,Oil palm fruit,0.6779243950753747,4.739263710807382e-05
MDG,Madagascar,Africa,2007,Oil palm fruit,2.002898884797518,0.0001235541651259287
MDG,Madagascar,Africa,2008,Oil palm fruit,0.4828850159526099,0.0001397323305522453
MDG,Madagascar,Africa,2009,Oil palm fruit,1.179230336699536,0.0001801302033801352
MDG,Madagascar,Africa,2010,Oil palm fruit,0.531321843938643,0.0001639941344121229
MDG,Madagascar,Africa,2011,Oil palm fruit,0.0,0.0001451654296409353
MDG,Madagascar,Africa,2012,Oil palm fruit,0.0,6.934231268785377e-05
MDG,Madagascar,Africa,2013,Oil palm fruit,0.0,5.324175442399155e-05
MDG,Madagascar,Africa,2014,Oil palm fruit,0.0,1.308105409650339e-05
MDG,Madagascar,Africa,2015,Oil palm fruit,0.0,1.078904186263335e-06
MDG,Madagascar,Africa,2016,Oil palm fruit,0.0,1.078904186263335e-06
MDG,Madagascar,Africa,2017,Oil palm fruit,0.1649407875258249,9.210296742462103e-06
MDG,Madagascar,Africa,2018,Oil palm fruit,0.292892918217752,2.571816102150309e-05
MDG,Madagascar,Africa,2019,Oil palm fruit,1.653099083414417,0.0001151917664953434
MDG,Madagascar,Africa,2020,Oil palm fruit,0.1407665365276357,0.0001231111021073184
MDG,Madagascar,Africa,2021,Oil palm fruit,0.0,0.0001231111021073184
MDG,Madagascar,Africa,2022,Oil palm fruit,0.0,0.0001150883843260651
MDG,Madagascar,Africa,2023,Oil palm fruit,0.02734462354314518,0.0001002686398817995
MDG,Madagascar,Africa,2001,Soya beans,0.0,0.0
MDG,Madagascar,Africa,2002,Soya beans,0.0,0.0
MDG,Madagascar,Africa,2003,Soya beans,0.0,0.0
MDG,Madagascar,Africa,2004,Soya beans,0.0,0.0
MDG,Madagascar,Africa,2005,Soya beans,0.0,0.0
MDG,Madagascar,Africa,2006,Soya beans,0.0,0.0
MDG,Madagascar,Africa,2007,Soya beans,0.0,0.0
MDG,Madagascar,Africa,2008,Soya beans,0.0,0.0
MDG,Madagascar,Africa,2009,Soya beans,0.0,0.0
MDG,Madagascar,Africa,2010,Soya beans,0.0,0.0
MDG,Madagascar,Africa,2011,Soya beans,0.03079528637900248,2.138034481928149e-06
MDG,Madagascar,Africa,2012,Soya beans,0.3123832158896422,2.499490590718698e-05
MDG,Madagascar,Africa,2013,Soya beans,0.03931456729198209,2.786064030048793e-05
MDG,Madagascar,Africa,2014,Soya beans,0.0,2.786064030048793e-05
MDG,Madagascar,Africa,2015,Soya beans,0.0,2.786064030048793e-05
MDG,Madagascar,Africa,2016,Soya beans,0.03485016960625372,2.898472861180639e-05
MDG,Madagascar,Africa,2017,Soya beans,0.09896447251549494,1.541582291551304e-05
MDG,Madagascar,Africa,2018,Soya beans,0.0,1.259068891581012e-05
MDG,Madagascar,Africa,2019,Soya beans,0.0,1.259068891581012e-05
MDG,Madagascar,Africa,2020,Soya beans,0.0,1.259068891581012e-05
MDG,Madagascar,Africa,2021,Soya beans,0.0,9.358722360028382e-06
MDG,Madagascar,Africa,2022,Soya beans,0.0,2.41456663152619e-07
MDG,Madagascar,Africa,2023,Soya beans,0.0,2.41456663152619e-07
MDV,Maldives,Rest of Asia,2001,Cattle meat,0.0,0.0
MDV,Maldives,Rest of Asia,2002,Cattle meat,0.3634370770263672,0.0
MDV,Maldives,Rest of Asia,2003,Cattle meat,1.017793615417481,1.357726513757324e-05
MDV,Maldives,Rest of Asia,2004,Cattle meat,1.018346591491699,3.529689184234618e-05
MDV,Maldives,Rest of Asia,2005,Cattle meat,2.109623228759765,0.0001334067813291384
MDV,Maldives,Rest of Asia,2006,Cattle meat,0.0,0.0001334067813291384
MDV,Maldives,Rest of Asia,2007,Cattle meat,2.034941417541503,0.0001899192372214591
MDV,Maldives,Rest of Asia,2008,Cattle meat,4.214288703002929,0.0003244453070581871
MDV,Maldives,Rest of Asia,2009,Cattle meat,2.107781235351562,0.0003309270681092572
MDV,Maldives,Rest of Asia,2010,Cattle meat,1.089315394565956,0.0003282362041047196
MDV,Maldives,Rest of Asia,2011,Cattle meat,2.691597942810058,0.0004028415450078758
MDV,Maldives,Rest of Asia,2012,Cattle meat,0.0,0.0003901447013577873
MDV,Maldives,Rest of Asia,2013,Cattle meat,0.0,0.0003847441723680432
MDV,Maldives,Rest of Asia,2014,Cattle meat,0.0,0.0003699148312890963
MDV,Maldives,Rest of Asia,2015,Cattle meat,0.0,0.0003544212465324285
MDV,Maldives,Rest of Asia,2016,Cattle meat,0.0,0.0003178271537185669
MDV,Maldives,Rest of Asia,2017,Cattle meat,0.0,0.0003178271537185669
MDV,Maldives,Rest of Asia,2018,Cattle meat,0.0,0.0003178271537185669
MDV,Maldives,Rest of Asia,2019,Cattle meat,0.0,0.0003178271537185669
MDV,Maldives,Rest of Asia,2020,Cattle meat,0.0,0.0003178271537185669
MDV,Maldives,Rest of Asia,2021,Cattle meat,0.0,0.0003178271537185669
MDV,Maldives,Rest of Asia,2022,Cattle meat,0.0,0.0003178271537185669
MDV,Maldives,Rest of Asia,2023,Cattle meat,0.7629015136848221,0.0003395254365659795
MEX,México,North and Central America,2001,Cattle meat,14160.77623314138,0.001089851183544088
MEX,México,North and Central America,2002,Cattle meat,0.0,0.001089851183544088
MEX,México,North and Central America,2003,Cattle meat,0.0,0.001089851183544088
MEX,México,North and Central America,2004,Cattle meat,0.0,0.001089851183544088
MEX,México,North and Central America,2005,Cattle meat,0.0,0.8699544823993959
MEX,México,North and Central America,2006,Cattle meat,0.0,0.001089851183544088
MEX,México,North and Central America,2007,Cattle meat,0.0,0.001089851183544088
MEX,México,North and Central America,2008,Cattle meat,0.0,0.001089851183544088
MEX,México,North and Central America,2009,Cattle meat,0.0,0.001089851183544088
MEX,México,North and Central America,2010,Cattle meat,0.0,0.001089851183544088
MEX,México,North and Central America,2011,Cattle meat,0.0,0.001089851183544088
MEX,México,North and Central America,2012,Cattle meat,0.0,0.001089851183544088
MEX,México,North and Central America,2013,Cattle meat,0.0,0.001089851183544088
MEX,México,North and Central America,2014,Cattle meat,72286.53193467078,4.542489656551123
MEX,México,North and Central America,2015,Cattle meat,35152.89639215792,6.751699428912427
MEX,México,North and Central America,2016,Cattle meat,66792.52149338767,11.04023315065345
MEX,México,North and Central America,2017,Cattle meat,28162.42515296349,12.78262608944336
MEX,México,North and Central America,2018,Cattle meat,25798.42395535932,14.42745336876298
MEX,México,North and Central America,2019,Cattle meat,21176.17310396546,11.2294652154563
MEX,México,North and Central America,2020,Cattle meat,607.370569983212,9.095389721222254
MEX,México,North and Central America,2021,Cattle meat,10787.61399345811,5.532287649501494
MEX,México,North and Central America,2022,Cattle meat,82516.73070715264,9.060483101112801
MEX,México,North and Central America,2023,Cattle meat,31303.90509019799,9.36308350185242
MEX,México,North and Central America,2001,Oil palm fruit,1602.820558138662,2.829127884613037e-05
MEX,México,North and Central America,2002,Oil palm fruit,973.3066209278027,0.0001375076987352905
MEX,México,North and Central America,2003,Oil palm fruit,2460.905149104381,0.0001658023260679321
MEX,México,North and Central America,2004,Oil palm fruit,2029.157664753922,0.0003475745443867187
MEX,México,North and Central America,2005,Oil palm fruit,258.9759791884553,-0.3095582111839757
MEX,México,North and Central America,2006,Oil palm fruit,63.67853536039494,-0.2421356070975112
MEX,México,North and Central America,2007,Oil palm fruit,175.107929241204,-0.2032755029874237
MEX,México,North and Central America,2008,Oil palm fruit,197.4402841977585,-0.1017395926250234
MEX,México,North and Central America,2009,Oil palm fruit,100.6376383860733,-0.01414658630916164
MEX,México,North and Central America,2010,Oil palm fruit,262.5702108720606,-0.01313547962295382
MEX,México,North and Central America,2011,Oil palm fruit,69.41710694519332,-0.01175758144081134
MEX,México,North and Central America,2012,Oil palm fruit,400.5423090566319,-0.01938570362815643
MEX,México,North and Central America,2013,Oil palm fruit,258.6597282400057,-0.01699670819934067
MEX,México,North and Central America,2014,Oil palm fruit,350.973274705188,-0.0202698457370655
MEX,México,North and Central America,2015,Oil palm fruit,189.8514382363022,-0.01823630594142238
MEX,México,North and Central America,2016,Oil palm fruit,500.5732157271673,-0.03941801778687902
MEX,México,North and Central America,2017,Oil palm fruit,16851.15261422951,-0.7690210300213428
MEX,México,North and Central America,2018,Oil palm fruit,14496.424706335,-1.404210008655656
MEX,México,North and Central America,2019,Oil palm fruit,4312.461029183087,-1.588279343167113
MEX,México,North and Central America,2020,Oil palm fruit,0.0,-1.582604400461811
MEX,México,North and Central America,2021,Oil palm fruit,0.0,-1.561560263801225
MEX,México,North and Central America,2022,Oil palm fruit,0.0,-0.8214337559756631
MEX,México,North and Central America,2023,Oil palm fruit,0.0,-0.1845950235686339
MEX,México,North and Central America,2001,Soya beans,4073.699008959501,0.0005185271138866656
MEX,México,North and Central America,2002,Soya beans,8634.689809959882,0.001559206859164371
MEX,México,North and Central America,2003,Soya beans,0.0,0.001559206859164371
MEX,México,North and Central America,2004,Soya beans,39.70959993405586,0.001564130437956399
MEX,México,North and Central America,2005,Soya beans,0.0,0.9596299187534744
MEX,México,North and Central America,2006,Soya beans,70.87546424503857,0.6442964075104511
MEX,México,North and Central America,2007,Soya beans,1268.724321951679,0.07388965416688566
MEX,México,North and Central America,2008,Soya beans,1602.236012079324,0.1515197414220148
MEX,México,North and Central America,2009,Soya beans,454.4558718307856,0.16909943302347
MEX,México,North and Central America,2010,Soya beans,60.2173061461508,0.171891494679588
MEX,México,North and Central America,2011,Soya beans,84.84324271102713,0.1717737949089373
MEX,México,North and Central America,2012,Soya beans,1605.055990188684,0.2022720844772284
MEX,México,North and Central America,2013,Soya beans,900.5728418892711,0.1750914951140156
MEX,México,North and Central America,2014,Soya beans,532.2714210773307,0.1827487104881272
MEX,México,North and Central America,2015,Soya beans,0.0,0.1799628043379924
MEX,México,North and Central America,2016,Soya beans,0.0,0.1765521030939104
MEX,México,North and Central America,2017,Soya beans,1852.194366851102,0.2307232212405051
MEX,México,North and Central America,2018,Soya beans,928.3811136666588,0.2569097577205557
MEX,México,North and Central America,2019,Soya beans,112.7392448577863,0.2375438263135119
MEX,México,North and Central America,2020,Soya beans,0.0,0.2375438263135119
MEX,México,North and Central America,2021,Soya beans,0.0,0.2375438263135119
MEX,México,North and Central America,2022,Soya beans,0.0,0.0876217977521114
MEX,México,North and Central America,2023,Soya beans,0.0,0.01157469961556248
MKD,North Macedonia,Europe,2001,Cattle meat,90.53736439620073,0.0
MKD,North Macedonia,Europe,2002,Cattle meat,0.0,0.0
MKD,North Macedonia,Europe,2003,Cattle meat,0.0,0.0
MKD,North Macedonia,Europe,2004,Cattle meat,0.0,0.0
MKD,North Macedonia,Europe,2005,Cattle meat,0.0,0.006202693559647787
MKD,North Macedonia,Europe,2006,Cattle meat,0.0,0.0
MKD,North Macedonia,Europe,2007,Cattle meat,38.21654445720237,0.002671641391544621
MKD,North Macedonia,Europe,2008,Cattle meat,59.52123446172856,0.006857134897384623
MKD,North Macedonia,Europe,2009,Cattle meat,92.4111195489502,0.01382079374384217
MKD,North Macedonia,Europe,2010,Cattle meat,54.93357869630341,0.01749057178117882
MKD,North Macedonia,Europe,2011,Cattle meat,82.81913354025814,0.02414195848407997
MKD,North Macedonia,Europe,2012,Cattle meat,0.0,0.02147031709253535
MKD,North Macedonia,Europe,2013,Cattle meat,0.0,0.01728482358669535
MKD,North Macedonia,Europe,2014,Cattle meat,2.660257838951254,0.01047946273025935
MKD,North Macedonia,Europe,2015,Cattle meat,0.0,0.006809684692922703
MKD,North Macedonia,Europe,2016,Cattle meat,0.1573560966756181,0.0001699464653398236
MKD,North Macedonia,Europe,2017,Cattle meat,0.0,0.0001699464653398236
MKD,North Macedonia,Europe,2018,Cattle meat,0.0,0.0001699464653398236
MKD,North Macedonia,Europe,2019,Cattle meat,0.0,1.164847531827457e-05
MKD,North Macedonia,Europe,2020,Cattle meat,0.0,1.164847531827457e-05
MKD,North Macedonia,Europe,2021,Cattle meat,0.0,0.0
MKD,North Macedonia,Europe,2022,Cattle meat,0.0,0.0
MKD,North Macedonia,Europe,2023,Cattle meat,0.0,0.0
MKD,North Macedonia,Europe,2001,Soya beans,0.5017207655318768,0.0
MKD,North Macedonia,Europe,2002,Soya beans,0.2334715770886036,0.0
MKD,North Macedonia,Europe,2003,Soya beans,0.145419510225415,0.0
MKD,North Macedonia,Europe,2004,Soya beans,0.02916256280876091,0.0
MKD,North Macedonia,Europe,2005,Soya beans,0.0,5.403455926291571e-05
MKD,North Macedonia,Europe,2006,Soya beans,0.0,2.208042638553849e-05
MKD,North Macedonia,Europe,2007,Soya beans,0.001689330076061915,9.552566021710643e-06
MKD,North Macedonia,Europe,2008,Soya beans,0.2154959463455516,1.46154358069987e-05
MKD,North Macedonia,Europe,2009,Soya beans,0.1093210375936269,1.991607904588878e-05
MKD,North Macedonia,Europe,2010,Soya beans,0.0,1.991607904588878e-05
MKD,North Macedonia,Europe,2011,Soya beans,0.0,1.991607904588878e-05
MKD,North Macedonia,Europe,2012,Soya beans,0.0,1.981511168414948e-05
MKD,North Macedonia,Europe,2013,Soya beans,0.0,6.88369315339922e-06
MKD,North Macedonia,Europe,2014,Soya beans,0.0,0.0
MKD,North Macedonia,Europe,2015,Soya beans,0.0284785583337747,2.233689914004564e-06
MKD,North Macedonia,Europe,2016,Soya beans,0.1483594624771976,1.448552088367483e-05
MKD,North Macedonia,Europe,2017,Soya beans,0.003026762102024194,1.470147460716678e-05
MKD,North Macedonia,Europe,2018,Soya beans,0.0,1.470147460716678e-05
MKD,North Macedonia,Europe,2019,Soya beans,0.002969311139119008,1.49093636078672e-05
MKD,North Macedonia,Europe,2020,Soya beans,0.3049768014966419,3.567929657318118e-05
MKD,North Macedonia,Europe,2021,Soya beans,0.6547914959909777,7.707541252679047e-05
MKD,North Macedonia,Europe,2022,Soya beans,0.08044632835516624,8.220733058741803e-05
MKD,North Macedonia,Europe,2023,Soya beans,0.2971964632028534,0.0001049060080993735
MLI,Mali,Africa,2001,Cattle meat,29.6487407266007,0.0
MLI,Mali,Africa,2002,Cattle meat,11.69363522386424,3.720675999639701e-07
MLI,Mali,Africa,2003,Cattle meat,10.85143625584501,3.720675999639701e-07
MLI,Mali,Africa,2004,Cattle meat,8.010000049108818,5.760908504168613e-07
MLI,Mali,Africa,2005,Cattle meat,4.49200656362098,0.00346239443297903
MLI,Mali,Africa,2006,Cattle meat,6.3087259376496,0.002137493837587992
MLI,Mali,Africa,2007,Cattle meat,13.22694203772475,0.00224461144966873
MLI,Mali,Africa,2008,Cattle meat,6.284139096853313,0.001926396294469294
MLI,Mali,Africa,2009,Cattle meat,6.4775760873928,0.001908442568654282
MLI,Mali,Africa,2010,Cattle meat,1.553935475721695,0.001760633714117968
MLI,Mali,Africa,2011,Cattle meat,2.480669801239131,0.001562970853954888
MLI,Mali,Africa,2012,Cattle meat,0.9686489898075985,0.000964177191362905
MLI,Mali,Africa,2013,Cattle meat,3.265231752044439,0.0007911377301118869
MLI,Mali,Africa,2014,Cattle meat,3.687393171286962,0.0006275262826668763
MLI,Mali,Africa,2015,Cattle meat,5.605277372621064,0.0008380334877290641
MLI,Mali,Africa,2016,Cattle meat,15.62874085316451,0.001536778717392882
MLI,Mali,Africa,2017,Cattle meat,49.43842233159157,0.004033614767788401
MLI,Mali,Africa,2018,Cattle meat,57.80931070243497,0.006869835855360165
MLI,Mali,Africa,2019,Cattle meat,69.27076040794138,0.01031310505795123
MLI,Mali,Africa,2020,Cattle meat,42.39585373745394,0.01222851018416942
MLI,Mali,Africa,2021,Cattle meat,97.4111348707637,0.0164939099739762
MLI,Mali,Africa,2022,Cattle meat,140.2581800602019,0.02119491818834445
MLI,Mali,Africa,2023,Cattle meat,155.5011706926196,0.02636884280740956
MLI,Mali,Africa,2001,Soya beans,0.07132158144778333,0.0
MLI,Mali,Africa,2002,Soya beans,0.0,0.0
MLI,Mali,Africa,2003,Soya beans,0.0,0.0
MLI,Mali,Africa,2004,Soya beans,0.3579595366808881,6.43249655675523e-09
MLI,Mali,Africa,2005,Soya beans,0.4024914696285877,4.745851748211997e-05
MLI,Mali,Africa,2006,Soya beans,0.8147250724719045,9.107033204599795e-05
MLI,Mali,Africa,2007,Soya beans,0.0,9.107033204599795e-05
MLI,Mali,Africa,2008,Soya beans,0.07279509259008222,9.53597465797292e-05
MLI,Mali,Africa,2009,Soya beans,0.3347811254440202,9.549448109009844e-05
MLI,Mali,Africa,2010,Soya beans,0.05617519953606542,7.542631167185711e-05
MLI,Mali,Africa,2011,Soya beans,0.0,2.749971401145165e-05
MLI,Mali,Africa,2012,Soya beans,1.033397265000865,8.904188344330674e-05
MLI,Mali,Africa,2013,Soya beans,10.15378404702228,0.0006856038699157438
MLI,Mali,Africa,2014,Soya beans,2.750123308363257,0.0008279228768785312
MLI,Mali,Africa,2015,Soya beans,0.7616477864072313,0.0008695900874927964
MLI,Mali,Africa,2016,Soya beans,0.0,0.0008695900874927964
MLI,Mali,Africa,2017,Soya beans,2.655366159956237,0.0009644849482059344
MLI,Mali,Africa,2018,Soya beans,2.26005591478108,0.0004976932317936922
MLI,Mali,Africa,2019,Soya beans,4.741226952143226,0.0006204491556628981
MLI,Mali,Africa,2020,Soya beans,1.605303967682032,0.0006712226856085587
MLI,Mali,Africa,2021,Soya beans,2.784399811178946,0.0008378362968439787
MLI,Mali,Africa,2022,Soya beans,0.7002700480751307,0.0007230421239465705
MLI,Mali,Africa,2023,Soya beans,3.64035442992073,0.0008079126068320887
MLT,Malta,Europe,2001,Cattle meat,0.1194907155820922,0.0
MLT,Malta,Europe,2002,Cattle meat,1.390131755840227,0.0
MLT,Malta,Europe,2003,Cattle meat,0.0,0.0
MLT,Malta,Europe,2004,Cattle meat,1.695789670194738,0.0
MLT,Malta,Europe,2005,Cattle meat,0.0309648986688821,0.0001316510364127925
MLT,Malta,Europe,2006,Cattle meat,0.06751104598058487,0.0001293097096560725
MLT,Malta,Europe,2007,Cattle meat,0.0006413105725032655,7.173527236699768e-05
MLT,Malta,Europe,2008,Cattle meat,0.0007627591105077734,7.1763175546142e-05
MLT,Malta,Europe,2009,Cattle meat,0.001243824534532954,4.009707697199602e-06
MLT,Malta,Europe,2010,Cattle meat,0.4181666440369848,1.890844430370946e-05
MLT,Malta,Europe,2011,Cattle meat,0.8915827448766371,5.602343916813062e-05
MLT,Malta,Europe,2012,Cattle meat,0.1189426324462891,5.973956094069291e-05
MLT,Malta,Europe,2013,Cattle meat,0.000861383995932652,5.974953897613349e-05
MLT,Malta,Europe,2014,Cattle meat,0.0,5.969906108743998e-05
MLT,Malta,Europe,2015,Cattle meat,0.0,4.356215963693866e-05
MLT,Malta,Europe,2016,Cattle meat,0.0,6.007314309379152e-06
MLT,Malta,Europe,2017,Cattle meat,0.1189332159423828,6.741600205668722e-06
MLT,Malta,Europe,2018,Cattle meat,0.0,6.703718991083826e-06
MLT,Malta,Europe,2019,Cattle meat,0.0,6.703718991083826e-06
MLT,Malta,Europe,2020,Cattle meat,0.0,6.703718991083826e-06
MLT,Malta,Europe,2021,Cattle meat,0.0,6.703718991083826e-06
MLT,Malta,Europe,2022,Cattle meat,0.0,2.225956831084743e-06
MLT,Malta,Europe,2023,Cattle meat,0.0,2.225956831084743e-06
MMR,Myanmar,Southeast Asia,2001,Cattle meat,14797.54056043434,0.00625502630542805
MMR,Myanmar,Southeast Asia,2002,Cattle meat,13610.86951324674,0.01305558047686533
MMR,Myanmar,Southeast Asia,2003,Cattle meat,9295.013298940114,0.0166996329349784
MMR,Myanmar,Southeast Asia,2004,Cattle meat,7307.928258493071,0.01957188464983491
MMR,Myanmar,Southeast Asia,2005,Cattle meat,2639.78748409718,4.88331950264025
MMR,Myanmar,Southeast Asia,2006,Cattle meat,4276.277790265132,3.778736934229961
MMR,Myanmar,Southeast Asia,2007,Cattle meat,7860.492405674104,3.188612112413454
MMR,Myanmar,Southeast Asia,2008,Cattle meat,10638.84715324964,3.308817948866718
MMR,Myanmar,Southeast Asia,2009,Cattle meat,16525.44222763599,4.235626720272467
MMR,Myanmar,Southeast Asia,2010,Cattle meat,14032.99483888794,5.38051568373482
MMR,Myanmar,Southeast Asia,2011,Cattle meat,11260.20700905046,6.072084510238246
MMR,Myanmar,Southeast Asia,2012,Cattle meat,8334.363750985356,6.104115712842785
MMR,Myanmar,Southeast Asia,2013,Cattle meat,5340.2977142329,5.562096990340399
MMR,Myanmar,Southeast Asia,2014,Cattle meat,76315.7780820668,11.12808283583192
MMR,Myanmar,Southeast Asia,2015,Cattle meat,77744.36809074758,17.31461001591832
MMR,Myanmar,Southeast Asia,2016,Cattle meat,84721.73916709868,24.53737396989932
MMR,Myanmar,Southeast Asia,2017,Cattle meat,27892.32732308184,26.45945085686235
MMR,Myanmar,Southeast Asia,2018,Cattle meat,29052.49908743088,28.74449741396051
MMR,Myanmar,Southeast Asia,2019,Cattle meat,27142.53286419513,24.16529977351898
MMR,Myanmar,Southeast Asia,2020,Cattle meat,21154.35388687982,18.65704853444915
MMR,Myanmar,Southeast Asia,2021,Cattle meat,21656.58962684222,12.47509628897025
MMR,Myanmar,Southeast Asia,2022,Cattle meat,31075.25666790113,12.81475236397182
MMR,Myanmar,Southeast Asia,2023,Cattle meat,24628.73339387439,12.48637651631135
MMR,Myanmar,Southeast Asia,2001,Oil palm fruit,105.1888919311523,1.6341020987854e-05
MMR,Myanmar,Southeast Asia,2002,Oil palm fruit,162.8627885375977,2.457213682940674e-05
MMR,Myanmar,Southeast Asia,2003,Oil palm fruit,162.1649560119629,3.271858839959717e-05
MMR,Myanmar,Southeast Asia,2004,Oil palm fruit,120.1495193054199,6.152741148614503e-05
MMR,Myanmar,Southeast Asia,2005,Oil palm fruit,338.4078615875127,0.06859533553626046
MMR,Myanmar,Southeast Asia,2006,Oil palm fruit,81.29947631225588,0.07057882198095475
MMR,Myanmar,Southeast Asia,2007,Oil palm fruit,129.8364699144551,0.0689980429613177
MMR,Myanmar,Southeast Asia,2008,Oil palm fruit,94.75737734877642,0.06272124981908235
MMR,Myanmar,Southeast Asia,2009,Oil palm fruit,125.5481655872061,0.06291059821842612
MMR,Myanmar,Southeast Asia,2010,Oil palm fruit,102.0671385146197,0.04439944048736436
MMR,Myanmar,Southeast Asia,2011,Oil palm fruit,89.42888582153317,0.04518319236383615
MMR,Myanmar,Southeast Asia,2012,Oil palm fruit,107.8463600830079,0.04402349901793568
MMR,Myanmar,Southeast Asia,2013,Oil palm fruit,108.768628894043,0.04495932493605062
MMR,Myanmar,Southeast Asia,2014,Oil palm fruit,62.6106344909668,0.03982731059561932
MMR,Myanmar,Southeast Asia,2015,Oil palm fruit,30.45390946655273,0.03409672417118597
MMR,Myanmar,Southeast Asia,2016,Oil palm fruit,24.74050343017579,0.02815465574703125
MMR,Myanmar,Southeast Asia,2017,Oil palm fruit,5.268431256103515,0.01902286698620548
MMR,Myanmar,Southeast Asia,2018,Oil palm fruit,5.568748736572267,0.01040890066500572
MMR,Myanmar,Southeast Asia,2019,Oil palm fruit,9.724332470703125,0.006084292593602453
MMR,Myanmar,Southeast Asia,2020,Oil palm fruit,0.0,0.003457512132133065
MMR,Myanmar,Southeast Asia,2021,Oil palm fruit,0.0,0.001616751360433743
MMR,Myanmar,Southeast Asia,2022,Oil palm fruit,0.0,0.001234673106310596
MMR,Myanmar,Southeast Asia,2023,Oil palm fruit,0.0,0.000806060956063837
MMR,Myanmar,Southeast Asia,2001,Soya beans,470.9444507131608,0.0005488528894632766
MMR,Myanmar,Southeast Asia,2002,Soya beans,912.4370080508095,0.002162295603137675
MMR,Myanmar,Southeast Asia,2003,Soya beans,475.8056759750893,0.002919584950024261
MMR,Myanmar,Southeast Asia,2004,Soya beans,420.7711181688857,0.003520199997445288
MMR,Myanmar,Southeast Asia,2005,Soya beans,300.182489179318,0.5781059849131316
MMR,Myanmar,Southeast Asia,2006,Soya beans,1023.625292285879,0.6128653751779491
MMR,Myanmar,Southeast Asia,2007,Soya beans,1162.519745152287,0.5127948948818176
MMR,Myanmar,Southeast Asia,2008,Soya beans,0.0,0.3814662346209205
MMR,Myanmar,Southeast Asia,2009,Soya beans,0.0,0.2893889126141758
MMR,Myanmar,Southeast Asia,2010,Soya beans,0.0,0.2424782629689283
MMR,Myanmar,Southeast Asia,2011,Soya beans,0.0,0.1319057878146845
MMR,Myanmar,Southeast Asia,2012,Soya beans,0.0,0.005305954216722649
MMR,Myanmar,Southeast Asia,2013,Soya beans,0.0,0.005305954216722649
MMR,Myanmar,Southeast Asia,2014,Soya beans,256.3817017782699,0.03502041913948434
MMR,Myanmar,Southeast Asia,2015,Soya beans,0.0,0.03502041913948434
MMR,Myanmar,Southeast Asia,2016,Soya beans,0.0,0.03502041913948434
MMR,Myanmar,Southeast Asia,2017,Soya beans,0.0,0.03502041913948434
MMR,Myanmar,Southeast Asia,2018,Soya beans,0.0,0.03502041913948434
MMR,Myanmar,Southeast Asia,2019,Soya beans,0.0,0.005450258198320949
MMR,Myanmar,Southeast Asia,2020,Soya beans,212.6748782345493,0.02859359503015154
MMR,Myanmar,Southeast Asia,2021,Soya beans,703.7432530994264,0.1054889969542572
MMR,Myanmar,Southeast Asia,2022,Soya beans,363.251778511784,0.1453579040161908
MMR,Myanmar,Southeast Asia,2023,Soya beans,417.1787283491678,0.1915333195036038
MNE,Montenegro,Europe,2006,Cattle meat,7.405789231070553,0.0005977341727720144
MNE,Montenegro,Europe,2007,Cattle meat,30.96101327555162,0.003276233610409193
MNE,Montenegro,Europe,2008,Cattle meat,28.02123689470217,0.005999664334358965
MNE,Montenegro,Europe,2009,Cattle meat,0.0,0.005999664334358965
MNE,Montenegro,Europe,2010,Cattle meat,0.0,0.005999664334358965
MNE,Montenegro,Europe,2011,Cattle meat,0.0,0.005403765670626773
MNE,Montenegro,Europe,2012,Cattle meat,0.0,0.002725580542322657
MNE,Montenegro,Europe,2013,Cattle meat,70.51884002579474,0.005728496682866915
MNE,Montenegro,Europe,2014,Cattle meat,62.01476762064544,0.01076741023632132
MNE,Montenegro,Europe,2015,Cattle meat,12.57125308636342,0.01187035425514683
MNE,Montenegro,Europe,2016,Cattle meat,48.62579797452546,0.01613296413035739
MNE,Montenegro,Europe,2017,Cattle meat,12.81383535854101,0.01707402971252072
MNE,Montenegro,Europe,2018,Cattle meat,7.083845007227131,0.01192151044138901
MNE,Montenegro,Europe,2019,Cattle meat,0.0,0.006882596887934603
MNE,Montenegro,Europe,2020,Cattle meat,43.4221072434387,0.008998696634168751
MNE,Montenegro,Europe,2021,Cattle meat,13.24320157575966,0.005790399394030464
MNE,Montenegro,Europe,2022,Cattle meat,21.95770291416804,0.006779314044620058
MNE,Montenegro,Europe,2023,Cattle meat,44.41912225789845,0.01012089670599091
MNG,Mongolia,North Asia,2001,Cattle meat,0.0,0.0
MNG,Mongolia,North Asia,2002,Cattle meat,0.0,0.0
MNG,Mongolia,North Asia,2003,Cattle meat,92.67599125039511,0.0003506591792991819
MNG,Mongolia,North Asia,2004,Cattle meat,129.8863349370451,0.0007894186446253668
MNG,Mongolia,North Asia,2005,Cattle meat,169.6817030628112,0.01817021436132972
MNG,Mongolia,North Asia,2006,Cattle meat,0.0,0.01817021436132972
MNG,Mongolia,North Asia,2007,Cattle meat,0.0,0.01817021436132972
MNG,Mongolia,North Asia,2008,Cattle meat,0.0,0.01410202807099034
MNG,Mongolia,North Asia,2009,Cattle meat,0.0,0.008620287972987755
MNG,Mongolia,North Asia,2010,Cattle meat,0.0,0.001241672935616193
MNG,Mongolia,North Asia,2011,Cattle meat,0.0,0.001241672935616193
MNG,Mongolia,North Asia,2012,Cattle meat,0.0,0.001241672935616193
MNG,Mongolia,North Asia,2013,Cattle meat,0.0,0.001241672935616193
MNG,Mongolia,North Asia,2014,Cattle meat,0.0,0.001241672935616193
MNG,Mongolia,North Asia,2015,Cattle meat,0.0,0.001241672935616193
MNG,Mongolia,North Asia,2016,Cattle meat,16.67658310709143,0.002157384355594266
MNG,Mongolia,North Asia,2017,Cattle meat,0.0,0.002157384355594266
MNG,Mongolia,North Asia,2018,Cattle meat,0.0,0.002157384355594266
MNG,Mongolia,North Asia,2019,Cattle meat,0.0,0.002157384355594266
MNG,Mongolia,North Asia,2020,Cattle meat,0.0,0.002157384355594266
MNG,Mongolia,North Asia,2021,Cattle meat,0.0,0.001261865936355724
MNG,Mongolia,North Asia,2022,Cattle meat,0.0,0.001261865936355724
MNG,Mongolia,North Asia,2023,Cattle meat,0.0,0.001261865936355724
MOZ,Mozambique,Africa,2001,Cattle meat,2277.238026948866,0.0001458713003740853
MOZ,Mozambique,Africa,2002,Cattle meat,4344.166719978582,0.0003221878132953119
MOZ,Mozambique,Africa,2003,Cattle meat,7134.130658252958,0.0005281201309636701
MOZ,Mozambique,Africa,2004,Cattle meat,3248.236533340323,0.00056550636959069
MOZ,Mozambique,Africa,2005,Cattle meat,14264.24105698399,1.773925832270117
MOZ,Mozambique,Africa,2006,Cattle meat,4441.438251261781,1.890322444509704
MOZ,Mozambique,Africa,2007,Cattle meat,9690.922152074716,2.159118601091567
MOZ,Mozambique,Africa,2008,Cattle meat,15886.72388944087,2.631091268795096
MOZ,Mozambique,Africa,2009,Cattle meat,26614.38469718319,3.863554304239664
MOZ,Mozambique,Africa,2010,Cattle meat,27845.02270555966,4.617538891139164
MOZ,Mozambique,Africa,2011,Cattle meat,13579.45191279307,5.050979636644603
MOZ,Mozambique,Africa,2012,Cattle meat,13895.8925479138,5.317958899985666
MOZ,Mozambique,Africa,2013,Cattle meat,10706.98829424551,5.028846631555989
MOZ,Mozambique,Africa,2014,Cattle meat,11087.69101671143,4.249434727338516
MOZ,Mozambique,Africa,2015,Cattle meat,14394.69631776972,3.53912656033103
MOZ,Mozambique,Africa,2016,Cattle meat,21783.93619839834,4.190030909300507
MOZ,Mozambique,Africa,2017,Cattle meat,31448.78192922715,5.306212335168317
MOZ,Mozambique,Africa,2018,Cattle meat,9695.712307282758,5.312003766002425
MOZ,Mozambique,Africa,2019,Cattle meat,15444.6552272867,5.648600352637629
MOZ,Mozambique,Africa,2020,Cattle meat,13834.35754403775,5.661098249748508
MOZ,Mozambique,Africa,2021,Cattle meat,19031.90843531909,5.499397402968201
MOZ,Mozambique,Africa,2022,Cattle meat,15033.45186852347,4.575459064912032
MOZ,Mozambique,Africa,2023,Cattle meat,20309.89084992658,5.25361139578212
MOZ,Mozambique,Africa,2001,Soya beans,0.0,0.0
MOZ,Mozambique,Africa,2002,Soya beans,0.0,0.0
MOZ,Mozambique,Africa,2003,Soya beans,0.0,0.0
MOZ,Mozambique,Africa,2004,Soya beans,0.0,0.0
MOZ,Mozambique,Africa,2005,Soya beans,0.0,0.0
MOZ,Mozambique,Africa,2006,Soya beans,0.0,0.0
MOZ,Mozambique,Africa,2007,Soya beans,0.0,0.0
MOZ,Mozambique,Africa,2008,Soya beans,0.0,0.0
MOZ,Mozambique,Africa,2009,Soya beans,0.0,0.0
MOZ,Mozambique,Africa,2010,Soya beans,0.0,0.0
MOZ,Mozambique,Africa,2011,Soya beans,0.0,0.0
MOZ,Mozambique,Africa,2012,Soya beans,0.0,0.0
MOZ,Mozambique,Africa,2013,Soya beans,5602.394662161181,0.3928486372051667
MOZ,Mozambique,Africa,2014,Soya beans,1232.938976975174,0.4712382770851948
MOZ,Mozambique,Africa,2015,Soya beans,692.9059581124529,0.5143159935141348
MOZ,Mozambique,Africa,2016,Soya beans,25.82266662794448,0.5158253143765977
MOZ,Mozambique,Africa,2017,Soya beans,86.6479113713468,0.5206133125775274
MOZ,Mozambique,Africa,2018,Soya beans,534.5731420967849,0.1634291832450751
MOZ,Mozambique,Africa,2019,Soya beans,8.885577227145681,0.08565789804395162
MOZ,Mozambique,Africa,2020,Soya beans,206.2595684054516,0.05701075649222339
MOZ,Mozambique,Africa,2021,Soya beans,79.05886009446508,0.06102289402381315
MOZ,Mozambique,Africa,2022,Soya beans,267.2478819333114,0.07564022921821888
MOZ,Mozambique,Africa,2023,Soya beans,259.6247351137882,0.05843771362781904
MRT,Mauritania,Africa,2001,Cattle meat,2.87354329819253,0.0
MRT,Mauritania,Africa,2002,Cattle meat,0.0,0.0
MRT,Mauritania,Africa,2003,Cattle meat,0.0,0.0
MRT,Mauritania,Africa,2004,Cattle meat,0.0,0.0
MRT,Mauritania,Africa,2005,Cattle meat,0.0,0.0001002300983688538
MRT,Mauritania,Africa,2006,Cattle meat,0.0,0.0
MRT,Mauritania,Africa,2007,Cattle meat,0.0,0.0
MRT,Mauritania,Africa,2008,Cattle meat,0.0,0.0
MRT,Mauritania,Africa,2009,Cattle meat,0.0,0.0
MRT,Mauritania,Africa,2010,Cattle meat,0.0,0.0
MRT,Mauritania,Africa,2011,Cattle meat,0.0,0.0
MRT,Mauritania,Africa,2012,Cattle meat,0.0,0.0
MRT,Mauritania,Africa,2013,Cattle meat,0.0,0.0
MRT,Mauritania,Africa,2014,Cattle meat,0.0,0.0
MRT,Mauritania,Africa,2015,Cattle meat,0.0,0.0
MRT,Mauritania,Africa,2016,Cattle meat,0.0,0.0
MRT,Mauritania,Africa,2017,Cattle meat,0.0,0.0
MRT,Mauritania,Africa,2018,Cattle meat,0.0,0.0
MRT,Mauritania,Africa,2019,Cattle meat,0.0,0.0
MRT,Mauritania,Africa,2020,Cattle meat,0.0,0.0
MRT,Mauritania,Africa,2021,Cattle meat,0.0,0.0
MRT,Mauritania,Africa,2022,Cattle meat,0.0,0.0
MRT,Mauritania,Africa,2023,Cattle meat,0.0,0.0
MTQ,Martinique,North and Central America,2001,Cattle meat,0.0,0.0
MTQ,Martinique,North and Central America,2002,Cattle meat,0.0,0.0
MTQ,Martinique,North and Central America,2003,Cattle meat,18.24200098807276,7.932344195248642e-06
MTQ,Martinique,North and Central America,2004,Cattle meat,12.0975960799052,1.58675143397706e-05
MTQ,Martinique,North and Central America,2005,Cattle meat,16.34344413586364,0.004013131879525834
MTQ,Martinique,North and Central America,2006,Cattle meat,7.713350510024448,0.004583274225969154
MUS,Mauritius,Africa,2001,Cattle meat,31.44284746590527,0.0
MUS,Mauritius,Africa,2002,Cattle meat,26.63946973476036,0.0
MUS,Mauritius,Africa,2003,Cattle meat,24.37557399108887,0.0
MUS,Mauritius,Africa,2004,Cattle meat,49.84350387494614,0.0
MUS,Mauritius,Africa,2005,Cattle meat,27.51885329975443,0.01246280441661456
MUS,Mauritius,Africa,2006,Cattle meat,27.64645818092017,0.01169839985364405
MUS,Mauritius,Africa,2007,Cattle meat,25.68841813699999,0.01152110642621597
MUS,Mauritius,Africa,2008,Cattle meat,36.32501380013499,0.01235478123360467
MUS,Mauritius,Africa,2009,Cattle meat,40.43495475860596,0.01149855610545346
MUS,Mauritius,Africa,2010,Cattle meat,5.62993602142334,0.009870345626031894
MUS,Mauritius,Africa,2011,Cattle meat,74.40843602569583,0.01263838567030908
MUS,Mauritius,Africa,2012,Cattle meat,36.86210503136608,0.01357728555482477
MUS,Mauritius,Africa,2013,Cattle meat,36.93404915789108,0.01289231164150306
MUS,Mauritius,Africa,2014,Cattle meat,80.01639588503197,0.01466706129766213
MUS,Mauritius,Africa,2015,Cattle meat,0.0,0.0142408295329356
MUS,Mauritius,Africa,2016,Cattle meat,0.0,0.00950383828773442
MUS,Mauritius,Africa,2017,Cattle meat,0.0,0.006579292796953938
MUS,Mauritius,Africa,2018,Cattle meat,0.0,0.004589999209585248
MUS,Mauritius,Africa,2019,Cattle meat,0.0,0.0
MUS,Mauritius,Africa,2020,Cattle meat,0.0,0.0
MUS,Mauritius,Africa,2021,Cattle meat,0.0,0.0
MUS,Mauritius,Africa,2022,Cattle meat,0.0,0.0
MUS,Mauritius,Africa,2023,Cattle meat,0.0,0.0
MWI,Malawi,Africa,2001,Cattle meat,243.6604392749892,6.484756576722262e-06
MWI,Malawi,Africa,2002,Cattle meat,108.5349841316222,7.67713794020014e-06
MWI,Malawi,Africa,2003,Cattle meat,173.5114866023209,1.022818914371593e-05
MWI,Malawi,Africa,2004,Cattle meat,83.44700974970233,1.174726386084448e-05
MWI,Malawi,Africa,2005,Cattle meat,130.7493370003266,0.05023806016209282
MWI,Malawi,Africa,2006,Cattle meat,115.9113368486233,0.04122273953805999
MWI,Malawi,Africa,2007,Cattle meat,173.3004223798163,0.04469521946915602
MWI,Malawi,Africa,2008,Cattle meat,633.5127074989414,0.07215609897129964
MWI,Malawi,Africa,2009,Cattle meat,948.0912518068825,0.1249633396740706
MWI,Malawi,Africa,2010,Cattle meat,253.8340999705239,0.1322991429379069
MWI,Malawi,Africa,2011,Cattle meat,137.8090066070168,0.1328660933168626
MWI,Malawi,Africa,2012,Cattle meat,127.5198650907771,0.1300726364185717
MWI,Malawi,Africa,2013,Cattle meat,138.6986484574737,0.09898814915980196
MWI,Malawi,Africa,2014,Cattle meat,392.8527760377939,0.06448930639299932
MWI,Malawi,Africa,2015,Cattle meat,211.0352102098053,0.06202746320008416
MWI,Malawi,Africa,2016,Cattle meat,419.870627167894,0.07876705428830498
MWI,Malawi,Africa,2017,Cattle meat,574.0075785429631,0.1039984756808167
MWI,Malawi,Africa,2018,Cattle meat,596.3096205319172,0.1301170332575136
MWI,Malawi,Africa,2019,Cattle meat,643.0120975083012,0.1453687025526855
MWI,Malawi,Africa,2020,Cattle meat,1411.191193022313,0.2160897716743225
MWI,Malawi,Africa,2021,Cattle meat,2932.870872648418,0.3609257244797712
MWI,Malawi,Africa,2022,Cattle meat,2516.552663814873,0.4808571008012613
MWI,Malawi,Africa,2023,Cattle meat,2577.933620461928,0.6050704220046059
MWI,Malawi,Africa,2001,Soya beans,670.7178756768886,1.924317578078219e-05
MWI,Malawi,Africa,2002,Soya beans,632.042734093863,2.686968916722037e-05
MWI,Malawi,Africa,2003,Soya beans,382.6162085443489,3.329844336437705e-05
MWI,Malawi,Africa,2004,Soya beans,90.26638269052336,3.537594415756094e-05
MWI,Malawi,Africa,2005,Soya beans,175.8398983108602,0.1485134255373247
MWI,Malawi,Africa,2006,Soya beans,241.9207104536036,0.1157024443543065
MWI,Malawi,Africa,2007,Soya beans,0.0,0.06646365611857201
MWI,Malawi,Africa,2008,Soya beans,50.66559993799084,0.04018256274591591
MWI,Malawi,Africa,2009,Soya beans,94.06329251915061,0.04023353661756233
MWI,Malawi,Africa,2010,Soya beans,346.9163728345065,0.05150103953917997
MWI,Malawi,Africa,2011,Soya beans,447.6350116270251,0.06300631217692648
MWI,Malawi,Africa,2012,Soya beans,479.9447571342533,0.09830219057732852
MWI,Malawi,Africa,2013,Soya beans,757.7474222479614,0.1478160217650614
MWI,Malawi,Africa,2014,Soya beans,2660.644760863799,0.3265967358119694
MWI,Malawi,Africa,2015,Soya beans,1039.051880761651,0.3770918397597942
MWI,Malawi,Africa,2016,Soya beans,1190.676628788168,0.4300856580950586
MWI,Malawi,Africa,2017,Soya beans,1186.812349695583,0.4749974264196598
MWI,Malawi,Africa,2018,Soya beans,1632.096933416909,0.5321323528611164
MWI,Malawi,Africa,2019,Soya beans,2626.05576871574,0.5308754867679066
MWI,Malawi,Africa,2020,Soya beans,3627.628109955969,0.7090778218735776
MWI,Malawi,Africa,2021,Soya beans,747.260186751443,0.6773970872657725
MWI,Malawi,Africa,2022,Soya beans,329.8996168845741,0.6205893413051452
MWI,Malawi,Africa,2023,Soya beans,2244.874378124263,0.6717884652214753
MYS,Malaysia,Southeast Asia,2001,Cattle meat,7789.600126316504,0.03716576693529992
MYS,Malaysia,Southeast Asia,2002,Cattle meat,10219.37907205144,0.09155621099279249
MYS,Malaysia,Southeast Asia,2003,Cattle meat,10923.01023325982,0.1421894150989808
MYS,Malaysia,Southeast Asia,2004,Cattle meat,15240.2665042893,0.2120565437504974
MYS,Malaysia,Southeast Asia,2005,Cattle meat,14112.79190531858,6.664942638543051
MYS,Malaysia,Southeast Asia,2006,Cattle meat,9994.002568085334,6.99781837668815
MYS,Malaysia,Southeast Asia,2007,Cattle meat,7904.55043184745,6.801076119310489
MYS,Malaysia,Southeast Asia,2008,Cattle meat,5581.421390015371,6.252075746020307
MYS,Malaysia,Southeast Asia,2009,Cattle meat,5949.93697506854,5.250932549596866
MYS,Malaysia,Southeast Asia,2010,Cattle meat,3128.277118204174,4.071057116348657
MYS,Malaysia,Southeast Asia,2011,Cattle meat,2794.998494369408,3.261274784937398
MYS,Malaysia,Southeast Asia,2012,Cattle meat,6610.19964274219,3.162240864912955
MYS,Malaysia,Southeast Asia,2013,Cattle meat,3945.516660134701,2.97342461888856
MYS,Malaysia,Southeast Asia,2014,Cattle meat,12816.30883684771,3.77639181125266
MYS,Malaysia,Southeast Asia,2015,Cattle meat,4564.299604480323,4.057392886652345
MYS,Malaysia,Southeast Asia,2016,Cattle meat,6822.476913878554,4.660489818794021
MYS,Malaysia,Southeast Asia,2017,Cattle meat,6962.01747655905,4.865531198020277
MYS,Malaysia,Southeast Asia,2018,Cattle meat,7036.649501273233,5.375998829512122
MYS,Malaysia,Southeast Asia,2019,Cattle meat,10748.77459241243,5.302920312027683
MYS,Malaysia,Southeast Asia,2020,Cattle meat,16296.96165636821,6.693147426998983
MYS,Malaysia,Southeast Asia,2021,Cattle meat,21774.69804025668,8.45535992195291
MYS,Malaysia,Southeast Asia,2022,Cattle meat,24909.57431364746,10.58794457261326
MYS,Malaysia,Southeast Asia,2023,Cattle meat,20993.74467009078,12.27432984903115
MYS,Malaysia,Southeast Asia,2001,Oil palm fruit,20427.97718666542,0.366233259953613
MYS,Malaysia,Southeast Asia,2002,Oil palm fruit,16625.44651697083,0.6020307671709663
MYS,Malaysia,Southeast Asia,2003,Oil palm fruit,10598.21581265851,0.7984649003623615
MYS,Malaysia,Southeast Asia,2004,Oil palm fruit,18465.75488349368,1.063408857279646
MYS,Malaysia,Southeast Asia,2005,Oil palm fruit,26473.75926434646,7.009939330357581
MYS,Malaysia,Southeast Asia,2006,Oil palm fruit,23644.65227107662,7.715410320462455
MYS,Malaysia,Southeast Asia,2007,Oil palm fruit,31319.68638980498,9.191208608561304
MYS,Malaysia,Southeast Asia,2008,Oil palm fruit,27437.65893891451,10.72525541011818
MYS,Malaysia,Southeast Asia,2009,Oil palm fruit,65384.97680137698,12.36110304910552
MYS,Malaysia,Southeast Asia,2010,Oil palm fruit,30976.79380695047,13.09045313083334
MYS,Malaysia,Southeast Asia,2011,Oil palm fruit,89359.41619614926,10.89649882058688
MYS,Malaysia,Southeast Asia,2012,Oil palm fruit,134382.0438231931,7.694044869774851
MYS,Malaysia,Southeast Asia,2013,Oil palm fruit,76924.46903577421,5.806352564349186
MYS,Malaysia,Southeast Asia,2014,Oil palm fruit,84122.80374499339,9.662799816595228
MYS,Malaysia,Southeast Asia,2015,Oil palm fruit,107494.4294022268,15.63683554451365
MYS,Malaysia,Southeast Asia,2016,Oil palm fruit,162770.9018418638,28.27695877785655
MYS,Malaysia,Southeast Asia,2017,Oil palm fruit,149241.4526921311,40.6085752140414
MYS,Malaysia,Southeast Asia,2018,Oil palm fruit,135963.4052287638,50.06882082748174
MYS,Malaysia,Southeast Asia,2019,Oil palm fruit,102727.6738755973,51.12694781219115
MYS,Malaysia,Southeast Asia,2020,Oil palm fruit,28531.0613432244,45.96767472171024
MYS,Malaysia,Southeast Asia,2021,Oil palm fruit,28094.85852952755,37.47761569023464
MYS,Malaysia,Southeast Asia,2022,Oil palm fruit,21131.32454609895,29.30244257405238
MYS,Malaysia,Southeast Asia,2023,Oil palm fruit,27100.22361844603,22.71459328199235
NAM,Namibia,Africa,2001,Cattle meat,389.0301329209912,0.0001052736323581428
NAM,Namibia,Africa,2002,Cattle meat,110.8680189126827,0.0001175876637041466
NAM,Namibia,Africa,2003,Cattle meat,265.7154808350931,0.0002885727457828516
NAM,Namibia,Africa,2004,Cattle meat,116.400679277114,0.0004039670258337061
NAM,Namibia,Africa,2005,Cattle meat,104.2367767964369,0.02969215014247762
NAM,Namibia,Africa,2006,Cattle meat,26.59261717681885,0.01907123262882932
NAM,Namibia,Africa,2007,Cattle meat,116.2664021921877,0.018298546032603
NAM,Namibia,Africa,2008,Cattle meat,48.92158294633013,0.01175432622894571
NAM,Namibia,Africa,2009,Cattle meat,125.3550557754125,0.01195851952505586
NAM,Namibia,Africa,2010,Cattle meat,40.1422955198861,0.01036942725205012
NAM,Namibia,Africa,2011,Cattle meat,62.50096535628826,0.0111179004863562
NAM,Namibia,Africa,2012,Cattle meat,30.15399154824101,0.009185648541885015
NAM,Namibia,Africa,2013,Cattle meat,7.851017132646748,0.008057256714247632
NAM,Namibia,Africa,2014,Cattle meat,7.687444472956487,0.004754995429104026
NAM,Namibia,Africa,2015,Cattle meat,4.012492703684613,0.00365464115338132
NAM,Namibia,Africa,2016,Cattle meat,4.095706648056828,0.002268548159014117
NAM,Namibia,Africa,2017,Cattle meat,10.17978184106083,0.001761059665382688
NAM,Namibia,Africa,2018,Cattle meat,19.00581325295714,0.002226053564777476
NAM,Namibia,Africa,2019,Cattle meat,5.653982042396541,0.002129249974141131
NAM,Namibia,Africa,2020,Cattle meat,2.871395797554333,0.002109178221986585
NAM,Namibia,Africa,2021,Cattle meat,10.67108107231154,0.002302556591684323
NAM,Namibia,Africa,2022,Cattle meat,4.812053568637801,0.002139460318722201
NAM,Namibia,Africa,2023,Cattle meat,4.670062699565692,0.001591924084155224
NCL,New Caledonia,Oceania,2001,Cattle meat,0.0,0.0
NCL,New Caledonia,Oceania,2002,Cattle meat,0.0,0.0
NCL,New Caledonia,Oceania,2003,Cattle meat,0.0,0.0
NCL,New Caledonia,Oceania,2004,Cattle meat,0.0,0.0
NCL,New Caledonia,Oceania,2005,Cattle meat,0.0,0.0
NCL,New Caledonia,Oceania,2006,Cattle meat,0.0,0.0
NCL,New Caledonia,Oceania,2007,Cattle meat,0.0,0.0
NCL,New Caledonia,Oceania,2008,Cattle meat,0.0,0.0
NCL,New Caledonia,Oceania,2009,Cattle meat,0.0,0.0
NCL,New Caledonia,Oceania,2010,Cattle meat,0.0,0.0
NCL,New Caledonia,Oceania,2011,Cattle meat,0.0,0.0
NCL,New Caledonia,Oceania,2012,Cattle meat,57.33103829912849,0.004932339482077253
NCL,New Caledonia,Oceania,2013,Cattle meat,148.1090814783863,0.01521830898750959
NCL,New Caledonia,Oceania,2014,Cattle meat,134.8492655273131,0.02447446996904237
NCL,New Caledonia,Oceania,2015,Cattle meat,13.18499483660004,0.02537539274609721
NCL,New Caledonia,Oceania,2016,Cattle meat,23.3855824238228,0.02693371987994387
NCL,New Caledonia,Oceania,2017,Cattle meat,36.09027559944465,0.0246323642887627
NCL,New Caledonia,Oceania,2018,Cattle meat,28.67638225257121,0.01642793550215668
NCL,New Caledonia,Oceania,2019,Cattle meat,15.7503982652434,0.008293732287515485
NCL,New Caledonia,Oceania,2020,Cattle meat,15.07211274890508,0.008381671174316195
NCL,New Caledonia,Oceania,2021,Cattle meat,9.841244092177186,0.007549039516250121
NCL,New Caledonia,Oceania,2022,Cattle meat,2.578929510431728,0.005284024339651488
NCL,New Caledonia,Oceania,2023,Cattle meat,6.975930513103799,0.003899462144477513
NER,Niger,Africa,2001,Cattle meat,0.3400741020253076,0.0
NER,Niger,Africa,2002,Cattle meat,1.19661817919282,0.0
NER,Niger,Africa,2003,Cattle meat,0.7825270696951894,0.0
NER,Niger,Africa,2004,Cattle meat,0.4348723177778619,0.0
NER,Niger,Africa,2005,Cattle meat,0.0,7.40581396083572e-05
NER,Niger,Africa,2006,Cattle meat,0.0,6.526924474475353e-05
NER,Niger,Africa,2007,Cattle meat,0.03798791769080175,3.631727728818304e-05
NER,Niger,Africa,2008,Cattle meat,0.0,1.600154317348103e-05
NER,Niger,Africa,2009,Cattle meat,0.0,1.022014245352891e-06
NER,Niger,Africa,2010,Cattle meat,0.004551566970864439,1.144192128078041e-06
NER,Niger,Africa,2011,Cattle meat,0.0,1.144192128078041e-06
NER,Niger,Africa,2012,Cattle meat,0.00262785485145741,2.574417453810541e-07
NER,Niger,Africa,2013,Cattle meat,0.0,2.574417453810541e-07
NER,Niger,Africa,2014,Cattle meat,0.0,2.574417453810541e-07
NER,Niger,Africa,2015,Cattle meat,0.0,1.352638626559039e-07
NER,Niger,Africa,2016,Cattle meat,0.0,1.352638626559039e-07
NER,Niger,Africa,2017,Cattle meat,0.0,0.0
NER,Niger,Africa,2018,Cattle meat,0.0,0.0
NER,Niger,Africa,2019,Cattle meat,0.0,0.0
NER,Niger,Africa,2020,Cattle meat,0.0,0.0
NER,Niger,Africa,2021,Cattle meat,0.0,0.0
NER,Niger,Africa,2022,Cattle meat,0.0,0.0
NER,Niger,Africa,2023,Cattle meat,0.0,0.0
NGA,Nigeria,Africa,2001,Cattle meat,17690.37742858063,0.02026716354957904
NGA,Nigeria,Africa,2002,Cattle meat,13392.89569564758,0.03287569578422357
NGA,Nigeria,Africa,2003,Cattle meat,14431.84923578596,0.04223466696633761
NGA,Nigeria,Africa,2004,Cattle meat,14322.85040660039,0.05091658741937246
NGA,Nigeria,Africa,2005,Cattle meat,13380.80486334833,4.41892266937653
NGA,Nigeria,Africa,2006,Cattle meat,0.0,3.380634132252264
NGA,Nigeria,Africa,2007,Cattle meat,20499.58952011991,3.761756955187476
NGA,Nigeria,Africa,2008,Cattle meat,22916.1538276866,4.312231959733162
NGA,Nigeria,Africa,2009,Cattle meat,21922.09364871357,4.734495399410672
NGA,Nigeria,Africa,2010,Cattle meat,27399.51863988546,5.635597254056622
NGA,Nigeria,Africa,2011,Cattle meat,37490.99341491804,7.885358677574415
NGA,Nigeria,Africa,2012,Cattle meat,30486.96613660565,8.447817875646646
NGA,Nigeria,Africa,2013,Cattle meat,31740.02718043318,8.711036395930705
NGA,Nigeria,Africa,2014,Cattle meat,34194.17917470854,9.153937793424364
NGA,Nigeria,Africa,2015,Cattle meat,5587.26435382455,7.765530459684049
NGA,Nigeria,Africa,2016,Cattle meat,0.0,5.545744187305532
NGA,Nigeria,Africa,2017,Cattle meat,0.0,3.817746540209451
NGA,Nigeria,Africa,2018,Cattle meat,17056.76096679427,3.121538960580072
NGA,Nigeria,Africa,2019,Cattle meat,38121.22472589157,3.42071869090312
NGA,Nigeria,Africa,2020,Cattle meat,36174.56301532994,5.040426672449595
NGA,Nigeria,Africa,2021,Cattle meat,19305.20738363651,6.035347551898115
NGA,Nigeria,Africa,2022,Cattle meat,22686.40891643172,7.233175360193743
NGA,Nigeria,Africa,2023,Cattle meat,21632.93846189936,7.518858087405056
NGA,Nigeria,Africa,2001,Oil palm fruit,1459.561570214953,0.001968916498574342
NGA,Nigeria,Africa,2002,Oil palm fruit,1692.423310665174,0.009055159007997481
NGA,Nigeria,Africa,2003,Oil palm fruit,96.93801948852547,0.009758962818572373
NGA,Nigeria,Africa,2004,Oil palm fruit,168.9288296142576,0.01020024083397343
NGA,Nigeria,Africa,2005,Oil palm fruit,204.2936840255438,-0.02194057112940475
NGA,Nigeria,Africa,2006,Oil palm fruit,2470.269246340682,-0.05739890254198765
NGA,Nigeria,Africa,2007,Oil palm fruit,700.6820289584165,-0.04412561557648473
NGA,Nigeria,Africa,2008,Oil palm fruit,674.5709029885195,-0.02714006057571161
NGA,Nigeria,Africa,2009,Oil palm fruit,406.3868334477852,-0.02364835150907733
NGA,Nigeria,Africa,2010,Oil palm fruit,502.1107567823955,-0.01007209957736589
NGA,Nigeria,Africa,2011,Oil palm fruit,904.6385252863867,0.1025316058334067
NGA,Nigeria,Africa,2012,Oil palm fruit,981.3276631515517,0.1417834867237448
NGA,Nigeria,Africa,2013,Oil palm fruit,2333.732485769575,0.1063790994467583
NGA,Nigeria,Africa,2014,Oil palm fruit,5394.039845090936,-0.0402257264492832
NGA,Nigeria,Africa,2015,Oil palm fruit,4525.869948371421,-0.2319228082623276
NGA,Nigeria,Africa,2016,Oil palm fruit,6223.625333618898,-0.527693675626046
NGA,Nigeria,Africa,2017,Oil palm fruit,11033.15452296007,-1.025023280223543
NGA,Nigeria,Africa,2018,Oil palm fruit,6465.538914185377,-1.282152076131291
NGA,Nigeria,Africa,2019,Oil palm fruit,9172.236202988875,-1.537040824715637
NGA,Nigeria,Africa,2020,Oil palm fruit,18908.82027524953,-2.167351243958993
NGA,Nigeria,Africa,2021,Oil palm fruit,24559.88828675317,-2.968514144177233
NGA,Nigeria,Africa,2022,Oil palm fruit,24893.50230037742,-3.561434183091977
NGA,Nigeria,Africa,2023,Oil palm fruit,19467.74192408207,-4.107461489020765
NGA,Nigeria,Africa,2001,Soya beans,531.9115165531246,0.0006920751368555951
NGA,Nigeria,Africa,2002,Soya beans,307.2626606424179,0.001025538208941397
NGA,Nigeria,Africa,2003,Soya beans,29.92229930617742,0.001025891553202747
NGA,Nigeria,Africa,2004,Soya beans,9.788525423674292,0.001026473484126447
NGA,Nigeria,Africa,2005,Soya beans,9.381006606181874,0.06193774218361645
NGA,Nigeria,Africa,2006,Soya beans,0.0,0.02563081209782876
NGA,Nigeria,Africa,2007,Soya beans,0.0,0.003712943430180773
NGA,Nigeria,Africa,2008,Soya beans,0.0,0.002100590238652231
NGA,Nigeria,Africa,2009,Soya beans,41.75901985778439,0.003872076644944525
NGA,Nigeria,Africa,2010,Soya beans,140.3186993263492,0.0113868155642593
NGA,Nigeria,Africa,2011,Soya beans,75.13147892572259,0.01548909883671535
NGA,Nigeria,Africa,2012,Soya beans,0.0,0.01548909883671535
NGA,Nigeria,Africa,2013,Soya beans,1383.716265151787,0.1013107497373125
NGA,Nigeria,Africa,2014,Soya beans,4620.903934491694,0.3919784340201449
NGA,Nigeria,Africa,2015,Soya beans,4647.352804829337,0.6788823046902601
NGA,Nigeria,Africa,2016,Soya beans,937.6824224027365,0.7350234947628154
NGA,Nigeria,Africa,2017,Soya beans,2744.348739034208,0.9031022823160699
NGA,Nigeria,Africa,2018,Soya beans,0.0,0.8193612519123461
NGA,Nigeria,Africa,2019,Soya beans,34.51019882190573,0.5372963634905726
NGA,Nigeria,Africa,2020,Soya beans,0.0,0.2515185969407671
NGA,Nigeria,Africa,2021,Soya beans,5279.141548248786,0.6028014636560216
NGA,Nigeria,Africa,2022,Soya beans,6204.083687018712,0.9225825185016298
NGA,Nigeria,Africa,2023,Soya beans,2962.970202277305,1.154562368350908
NIC,Nicaragua,North and Central America,2001,Cattle meat,4513.645934678314,0.001747700143466398
NIC,Nicaragua,North and Central America,2002,Cattle meat,2851.830626778367,0.003600590557826599
NIC,Nicaragua,North and Central America,2003,Cattle meat,12257.08765644144,0.01467784010702942
NIC,Nicaragua,North and Central America,2004,Cattle meat,19140.05154935565,0.02188744413889411
NIC,Nicaragua,North and Central America,2005,Cattle meat,37178.7274555458,6.865312242475107
NIC,Nicaragua,North and Central America,2006,Cattle meat,34958.08412937111,9.795297458425885
NIC,Nicaragua,North and Central America,2007,Cattle meat,39281.6226098474,13.46068509929716
NIC,Nicaragua,North and Central America,2008,Cattle meat,48398.4019377612,16.89906868325538
NIC,Nicaragua,North and Central America,2009,Cattle meat,39684.84193886754,19.08575232857148
NIC,Nicaragua,North and Central America,2010,Cattle meat,26452.75887525402,18.22628308705037
NIC,Nicaragua,North and Central America,2011,Cattle meat,2511.525568256897,15.18261900345802
NIC,Nicaragua,North and Central America,2012,Cattle meat,4338.21914357242,11.70434823701986
NIC,Nicaragua,North and Central America,2013,Cattle meat,3445.503276157773,7.554282589225136
NIC,Nicaragua,North and Central America,2014,Cattle meat,6419.227570073755,4.387239365268603
NIC,Nicaragua,North and Central America,2015,Cattle meat,4903.718361615111,2.417508680650752
NIC,Nicaragua,North and Central America,2016,Cattle meat,6336.563658729301,2.891337739594381
NIC,Nicaragua,North and Central America,2017,Cattle meat,7528.001198241773,3.383585419352288
NIC,Nicaragua,North and Central America,2018,Cattle meat,6344.115414940661,3.74330637564196
NIC,Nicaragua,North and Central America,2019,Cattle meat,15298.41265720698,4.702256726723554
NIC,Nicaragua,North and Central America,2020,Cattle meat,10755.15963824007,5.332324042101582
NIC,Nicaragua,North and Central America,2021,Cattle meat,15762.22947329856,6.370663213101579
NIC,Nicaragua,North and Central America,2022,Cattle meat,195.1044690671654,5.630690117648191
NIC,Nicaragua,North and Central America,2023,Cattle meat,8904.164526868595,5.937988684896646
NIC,Nicaragua,North and Central America,2001,Oil palm fruit,312.7139878811251,0.0001023095034375
NIC,Nicaragua,North and Central America,2002,Oil palm fruit,239.9693979311742,0.000159594575791626
NIC,Nicaragua,North and Central America,2003,Oil palm fruit,163.0730748168945,0.0002744637606361694
NIC,Nicaragua,North and Central America,2004,Oil palm fruit,37.31044682937161,0.000413659506375
NIC,Nicaragua,North and Central America,2005,Oil palm fruit,151.6552658087075,0.03103587854659786
NIC,Nicaragua,North and Central America,2006,Oil palm fruit,374.4013197509772,0.05385662251072786
NIC,Nicaragua,North and Central America,2007,Oil palm fruit,250.6917688817303,0.0645327625829361
NIC,Nicaragua,North and Central America,2008,Oil palm fruit,293.4113095205752,0.07294063578899684
NIC,Nicaragua,North and Central America,2009,Oil palm fruit,226.0933852144152,0.08513423731108812
NIC,Nicaragua,North and Central America,2010,Oil palm fruit,319.7011999139996,0.09285686813159234
NIC,Nicaragua,North and Central America,2011,Oil palm fruit,452.4163479672086,0.04964344857175439
NIC,Nicaragua,North and Central America,2012,Oil palm fruit,1817.592445368144,-0.03663051549055488
NIC,Nicaragua,North and Central America,2013,Oil palm fruit,459.0890073030943,-0.05756197173809702
NIC,Nicaragua,North and Central America,2014,Oil palm fruit,360.7869721556478,-0.06194774452334816
NIC,Nicaragua,North and Central America,2015,Oil palm fruit,26.16458004863703,-0.07800180621555107
NIC,Nicaragua,North and Central America,2016,Oil palm fruit,119.8072778301852,-0.06050581825971217
NIC,Nicaragua,North and Central America,2017,Oil palm fruit,39.4554046871005,0.01048069104224308
NIC,Nicaragua,North and Central America,2018,Oil palm fruit,40.94397647199956,0.01199975909352389
NIC,Nicaragua,North and Central America,2019,Oil palm fruit,417.5832418282295,-0.01534493585279523
NIC,Nicaragua,North and Central America,2020,Oil palm fruit,83.56395564629796,-0.0198753690200829
NIC,Nicaragua,North and Central America,2021,Oil palm fruit,186.0526758969041,-0.02590179698493641
NIC,Nicaragua,North and Central America,2022,Oil palm fruit,0.8276131713867186,-0.02584526115670906
NIC,Nicaragua,North and Central America,2023,Oil palm fruit,10.47018024291992,-0.02373080092042304
NIC,Nicaragua,North and Central America,2001,Soya beans,525.0679558576087,0.0002603227652191828
NIC,Nicaragua,North and Central America,2002,Soya beans,65.17746710958558,0.0003120462630241704
NIC,Nicaragua,North and Central America,2003,Soya beans,0.0,0.0003120462630241704
NIC,Nicaragua,North and Central America,2004,Soya beans,0.0,0.0003120462630241704
NIC,Nicaragua,North and Central America,2005,Soya beans,0.0,0.05876005136293906
NIC,Nicaragua,North and Central America,2006,Soya beans,0.0,0.007233677365654706
NIC,Nicaragua,North and Central America,2007,Soya beans,5.011037820202478,0.000663576968771972
NIC,Nicaragua,North and Central America,2008,Soya beans,1.257916721363369,0.0007437353584769783
NIC,Nicaragua,North and Central America,2009,Soya beans,6.971312229969961,0.00119145537938512
NIC,Nicaragua,North and Central America,2010,Soya beans,3.309534513499135,0.001430533916839302
NIC,Nicaragua,North and Central America,2011,Soya beans,0.0,0.001430533916839302
NIC,Nicaragua,North and Central America,2012,Soya beans,0.0,0.001081752968987669
NIC,Nicaragua,North and Central America,2013,Soya beans,0.0,0.001001837054933242
NIC,Nicaragua,North and Central America,2014,Soya beans,26.23912373599044,0.003606394724861263
NIC,Nicaragua,North and Central America,2015,Soya beans,0.007218438365424257,0.003370343956197563
NIC,Nicaragua,North and Central America,2016,Soya beans,5.66690143319981,0.003773044898125676
NIC,Nicaragua,North and Central America,2017,Soya beans,1.730055330027388,0.003885939130689141
NIC,Nicaragua,North and Central America,2018,Soya beans,3.024374118760178,0.004268340142355078
NIC,Nicaragua,North and Central America,2019,Soya beans,0.0,0.001561465213362038
NIC,Nicaragua,North and Central America,2020,Soya beans,343.2850782834922,0.04223661347668921
NIC,Nicaragua,North and Central America,2021,Soya beans,520.6587355613773,0.1046532590547189
NIC,Nicaragua,North and Central America,2022,Soya beans,47.98901798159503,0.1121381290673611
NIC,Nicaragua,North and Central America,2023,Soya beans,574.869969749627,0.1810819364392094
NLD,Netherlands,Europe,2001,Cattle meat,0.0,0.0
NLD,Netherlands,Europe,2002,Cattle meat,0.0,0.0
NLD,Netherlands,Europe,2003,Cattle meat,22.02583177786375,3.450948141780853e-05
NLD,Netherlands,Europe,2004,Cattle meat,54.05585837845391,9.755387387950896e-05
NLD,Netherlands,Europe,2005,Cattle meat,98.36018551054534,0.01131330788876212
NLD,Netherlands,Europe,2006,Cattle meat,79.84705761566161,0.0168256967969163
NLD,Netherlands,Europe,2007,Cattle meat,0.0,0.0168256967969163
NLD,Netherlands,Europe,2008,Cattle meat,0.0,0.01534041820949415
NLD,Netherlands,Europe,2009,Cattle meat,0.0,0.01199962238105015
NLD,Netherlands,Europe,2010,Cattle meat,0.0,0.005824907277041673
NLD,Netherlands,Europe,2011,Cattle meat,0.0,0.0004503757577593808
NLD,Netherlands,Europe,2012,Cattle meat,0.0,0.0004503757577593808
NLD,Netherlands,Europe,2013,Cattle meat,0.0,0.0004503757577593808
NLD,Netherlands,Europe,2014,Cattle meat,0.0,0.0004503757577593808
NLD,Netherlands,Europe,2015,Cattle meat,37.684016312132,0.002691960399384555
NLD,Netherlands,Europe,2016,Cattle meat,79.23590884547993,0.00721317155435597
NLD,Netherlands,Europe,2017,Cattle meat,54.28959007768217,0.01043326212450224
NLD,Netherlands,Europe,2018,Cattle meat,39.50084037249994,0.0128191158597985
NLD,Netherlands,Europe,2019,Cattle meat,21.01250549491732,0.01403602107985149
NLD,Netherlands,Europe,2020,Cattle meat,0.0,0.01185896647261049
NLD,Netherlands,Europe,2021,Cattle meat,0.0,0.007422567943008463
NLD,Netherlands,Europe,2022,Cattle meat,0.0,0.004329564568580566
NLD,Netherlands,Europe,2023,Cattle meat,0.0,0.001980572450259226
NLD,Netherlands,Europe,2001,Soya beans,0.0,0.0
NLD,Netherlands,Europe,2002,Soya beans,0.0,0.0
NLD,Netherlands,Europe,2003,Soya beans,0.0,0.0
NLD,Netherlands,Europe,2004,Soya beans,0.0,0.0
NLD,Netherlands,Europe,2005,Soya beans,0.0,0.0
NLD,Netherlands,Europe,2006,Soya beans,0.0,0.0
NLD,Netherlands,Europe,2007,Soya beans,0.0,0.0
NLD,Netherlands,Europe,2008,Soya beans,0.0,0.0
NLD,Netherlands,Europe,2009,Soya beans,0.0,0.0
NLD,Netherlands,Europe,2010,Soya beans,0.0,0.0
NLD,Netherlands,Europe,2011,Soya beans,0.0,0.0
NLD,Netherlands,Europe,2012,Soya beans,0.0,0.0
NLD,Netherlands,Europe,2013,Soya beans,0.0,0.0
NLD,Netherlands,Europe,2014,Soya beans,0.0,0.0
NLD,Netherlands,Europe,2015,Soya beans,0.9384796776973189,7.50192980302733e-05
NLD,Netherlands,Europe,2016,Soya beans,1.039309559927292,0.0001641391835061408
NLD,Netherlands,Europe,2017,Soya beans,0.0,0.0001641391835061408
NLD,Netherlands,Europe,2018,Soya beans,0.0,0.0001641391835061408
NLD,Netherlands,Europe,2019,Soya beans,0.0,0.0001641391835061408
NLD,Netherlands,Europe,2020,Soya beans,0.0,0.000102258345979041
NLD,Netherlands,Europe,2021,Soya beans,0.0,3.096083593984975e-05
NLD,Netherlands,Europe,2022,Soya beans,0.0,3.096083593984975e-05
NLD,Netherlands,Europe,2023,Soya beans,0.0,3.096083593984975e-05
NOR,Norway,Europe,2001,Cattle meat,248.1982275039367,0.0002223139084970488
NOR,Norway,Europe,2002,Cattle meat,383.2610315686815,0.0006335281105866836
NOR,Norway,Europe,2003,Cattle meat,128.4475449031302,0.0007216398328760062
NOR,Norway,Europe,2004,Cattle meat,316.8489544782944,0.001018577926728321
NOR,Norway,Europe,2005,Cattle meat,167.5062124378508,0.06076051402724353
NOR,Norway,Europe,2006,Cattle meat,418.9562049326562,0.07047429284564401
NOR,Norway,Europe,2007,Cattle meat,273.4002416011172,0.06555501843354838
NOR,Norway,Europe,2008,Cattle meat,345.1861721097653,0.07634255404165777
NOR,Norway,Europe,2009,Cattle meat,372.8977266790291,0.08087907480875442
NOR,Norway,Europe,2010,Cattle meat,764.9949083983503,0.1119784493570738
NOR,Norway,Europe,2011,Cattle meat,589.955033205249,0.1200938469624301
NOR,Norway,Europe,2012,Cattle meat,499.0910945337285,0.1317226107338087
NOR,Norway,Europe,2013,Cattle meat,552.6190492889767,0.1408846466682283
NOR,Norway,Europe,2014,Cattle meat,443.9626817051908,0.1437497955433203
NOR,Norway,Europe,2015,Cattle meat,249.6088202825807,0.1175362040707103
NOR,Norway,Europe,2016,Cattle meat,488.2547817714554,0.1134327237116927
NOR,Norway,Europe,2017,Cattle meat,382.1989803814773,0.1082436174826578
NOR,Norway,Europe,2018,Cattle meat,590.0615155821514,0.112066166005934
NOR,Norway,Europe,2019,Cattle meat,294.8309207220997,0.1052423563259736
NOR,Norway,Europe,2020,Cattle meat,597.5025757005325,0.1234165921699608
NOR,Norway,Europe,2021,Cattle meat,417.0879219864788,0.1195586222640056
NOR,Norway,Europe,2022,Cattle meat,365.7320883937825,0.1192327739924299
NOR,Norway,Europe,2023,Cattle meat,146.0139307246623,0.09790568227143089
NPL,Nepal,Rest of Asia,2001,Cattle meat,621.867163287977,3.555097001873132e-05
NPL,Nepal,Rest of Asia,2002,Cattle meat,797.9691672752663,5.955228163682046e-05
NPL,Nepal,Rest of Asia,2003,Cattle meat,871.3652935612417,0.0001157733784881635
NPL,Nepal,Rest of Asia,2004,Cattle meat,990.9130937331458,0.0001909063983443116
NPL,Nepal,Rest of Asia,2005,Cattle meat,1080.82550423913,0.529955966983567
NPL,Nepal,Rest of Asia,2006,Cattle meat,1320.084007630131,0.6091079209521261
NPL,Nepal,Rest of Asia,2007,Cattle meat,1212.873492475251,0.6517375409118968
NPL,Nepal,Rest of Asia,2008,Cattle meat,1020.140871979997,0.6644851367609143
NPL,Nepal,Rest of Asia,2009,Cattle meat,1315.906293914267,0.7070700648728196
NPL,Nepal,Rest of Asia,2010,Cattle meat,924.1910208201973,0.6763211447469571
NPL,Nepal,Rest of Asia,2011,Cattle meat,934.0705543687891,0.623145919479402
NPL,Nepal,Rest of Asia,2012,Cattle meat,1544.478990767105,0.6720823361938583
NPL,Nepal,Rest of Asia,2013,Cattle meat,502.9307771839828,0.6032758158767078
NPL,Nepal,Rest of Asia,2014,Cattle meat,641.9220452349219,0.5202012249013837
NPL,Nepal,Rest of Asia,2015,Cattle meat,186.3756625994406,0.4341398847421739
NPL,Nepal,Rest of Asia,2016,Cattle meat,246.5761450877326,0.3520838231198395
NPL,Nepal,Rest of Asia,2017,Cattle meat,273.6215592147121,0.1917882987172575
NPL,Nepal,Rest of Asia,2018,Cattle meat,407.8256389334298,0.1839263163407066
NPL,Nepal,Rest of Asia,2019,Cattle meat,698.1066936353832,0.1882768931017846
NPL,Nepal,Rest of Asia,2020,Cattle meat,904.1315765780638,0.2585310468647774
NPL,Nepal,Rest of Asia,2021,Cattle meat,1081.943084539503,0.3460718977294386
NPL,Nepal,Rest of Asia,2022,Cattle meat,299.2262223860233,0.3487794175639
NPL,Nepal,Rest of Asia,2023,Cattle meat,517.013702988998,0.3576818176025238
NPL,Nepal,Rest of Asia,2001,Soya beans,2.327757689867798,1.206541219022448e-06
NPL,Nepal,Rest of Asia,2002,Soya beans,3.244802832556115,3.246777878297283e-06
NPL,Nepal,Rest of Asia,2003,Soya beans,2.332570554466047,5.087239728115147e-06
NPL,Nepal,Rest of Asia,2004,Soya beans,2.118930323539852,5.40034920266845e-06
NPL,Nepal,Rest of Asia,2005,Soya beans,1.29157459479209,0.001181190415311298
NPL,Nepal,Rest of Asia,2006,Soya beans,0.8049707593605067,0.001039487669187918
NPL,Nepal,Rest of Asia,2007,Soya beans,1.618784336103056,0.0008753429299569604
NPL,Nepal,Rest of Asia,2008,Soya beans,13.46234319021803,0.002012111446968487
NPL,Nepal,Rest of Asia,2009,Soya beans,20.73052562657939,0.00380245713808743
NPL,Nepal,Rest of Asia,2010,Soya beans,1.809591126346756,0.003852209879723973
NPL,Nepal,Rest of Asia,2011,Soya beans,0.0,0.003762891478863028
NPL,Nepal,Rest of Asia,2012,Soya beans,0.0,0.003586209426804488
NPL,Nepal,Rest of Asia,2013,Soya beans,0.0,0.002189820061534306
NPL,Nepal,Rest of Asia,2014,Soya beans,0.0,0.0002144101334215948
NPL,Nepal,Rest of Asia,2015,Soya beans,0.0,2.533707907101459e-05
NPL,Nepal,Rest of Asia,2016,Soya beans,0.7982505064038073,9.714481904614368e-05
NPL,Nepal,Rest of Asia,2017,Soya beans,3.201939129419392,0.0004168784828524927
NPL,Nepal,Rest of Asia,2018,Soya beans,2.62768877647942,0.0007174257412942038
NPL,Nepal,Rest of Asia,2019,Soya beans,0.0,0.0007174257412942038
NPL,Nepal,Rest of Asia,2020,Soya beans,0.0,0.0007174257412942038
NPL,Nepal,Rest of Asia,2021,Soya beans,0.0,0.0006459881762002518
NPL,Nepal,Rest of Asia,2022,Soya beans,22.14030860999987,0.002949585684328211
NPL,Nepal,Rest of Asia,2023,Soya beans,14.60034679741491,0.004232016592737371
NZL,New Zealand,Oceania,2001,Cattle meat,0.0,0.0
NZL,New Zealand,Oceania,2002,Cattle meat,0.0,0.0
NZL,New Zealand,Oceania,2003,Cattle meat,0.0,0.0
NZL,New Zealand,Oceania,2004,Cattle meat,0.0,0.0
NZL,New Zealand,Oceania,2005,Cattle meat,0.0,0.0
NZL,New Zealand,Oceania,2006,Cattle meat,4552.03721744324,0.3720144624862074
NZL,New Zealand,Oceania,2007,Cattle meat,0.0,0.3720144624862074
NZL,New Zealand,Oceania,2008,Cattle meat,944.753790988274,0.4485004848420354
NZL,New Zealand,Oceania,2009,Cattle meat,0.0,0.4485004848420354
NZL,New Zealand,Oceania,2010,Cattle meat,0.0,0.4485004848420354
NZL,New Zealand,Oceania,2011,Cattle meat,0.0,0.07666146586248174
NZL,New Zealand,Oceania,2012,Cattle meat,0.0,0.07666146586248174
NZL,New Zealand,Oceania,2013,Cattle meat,0.0,0.0002626549402421597
NZL,New Zealand,Oceania,2014,Cattle meat,0.0,0.0002626549402421597
NZL,New Zealand,Oceania,2015,Cattle meat,0.0,0.0002626549402421597
NZL,New Zealand,Oceania,2016,Cattle meat,0.0,0.0002626549402421597
NZL,New Zealand,Oceania,2017,Cattle meat,0.0,0.0002626549402421597
NZL,New Zealand,Oceania,2018,Cattle meat,0.0,0.0002626549402421597
NZL,New Zealand,Oceania,2019,Cattle meat,0.0,0.0002626549402421597
NZL,New Zealand,Oceania,2020,Cattle meat,0.0,0.0002626549402421597
NZL,New Zealand,Oceania,2021,Cattle meat,0.0,0.0002626549402421597
NZL,New Zealand,Oceania,2022,Cattle meat,1546.532579973827,0.1081987790763154
NZL,New Zealand,Oceania,2023,Cattle meat,614.8715102171765,0.1511746043039732
PAK,Pakistan,Rest of Asia,2001,Cattle meat,21.99086861968994,7.242703756835937e-06
PAK,Pakistan,Rest of Asia,2002,Cattle meat,35.80339821197509,9.588383774169921e-06
PAK,Pakistan,Rest of Asia,2003,Cattle meat,68.33294742769488,1.185514702941894e-05
PAK,Pakistan,Rest of Asia,2004,Cattle meat,50.39321524101614,2.155665586106177e-05
PAK,Pakistan,Rest of Asia,2005,Cattle meat,45.32702750131763,0.02003608396924171
PAK,Pakistan,Rest of Asia,2006,Cattle meat,95.95155710937497,0.02676996176289469
PAK,Pakistan,Rest of Asia,2007,Cattle meat,58.39169065979005,0.02867259559210448
PAK,Pakistan,Rest of Asia,2008,Cattle meat,5.075983593159462,0.02269599312289349
PAK,Pakistan,Rest of Asia,2009,Cattle meat,2.541752645757752,0.01857246516705816
PAK,Pakistan,Rest of Asia,2010,Cattle meat,1.763827754416989,0.01485167455422967
PAK,Pakistan,Rest of Asia,2011,Cattle meat,2.620885096147866,0.006360613977112624
PAK,Pakistan,Rest of Asia,2012,Cattle meat,5.306675068502248,0.001538464832141755
PAK,Pakistan,Rest of Asia,2013,Cattle meat,1.710651347905825,0.001214283864249676
PAK,Pakistan,Rest of Asia,2014,Cattle meat,0.8841295431340092,0.001061990591019916
PAK,Pakistan,Rest of Asia,2015,Cattle meat,0.07217786544330473,0.0009156692954320813
PAK,Pakistan,Rest of Asia,2016,Cattle meat,0.0,0.0006930249495476302
PAK,Pakistan,Rest of Asia,2017,Cattle meat,0.05997364379882812,0.0002554097244360883
PAK,Pakistan,Rest of Asia,2018,Cattle meat,10.20363797393799,0.0008677713778961407
PAK,Pakistan,Rest of Asia,2019,Cattle meat,11.10935305480957,0.001641628776043223
PAK,Pakistan,Rest of Asia,2020,Cattle meat,13.17271015289307,0.002742779399954697
PAK,Pakistan,Rest of Asia,2021,Cattle meat,3.91092705429567,0.003033069445619257
PAK,Pakistan,Rest of Asia,2022,Cattle meat,1.461354114984221,0.003135989027882023
PAK,Pakistan,Rest of Asia,2023,Cattle meat,5.0855831319111,0.002743118389273064
PAK,Pakistan,Rest of Asia,2001,Soya beans,0.0,0.0
PAK,Pakistan,Rest of Asia,2002,Soya beans,0.0,0.0
PAK,Pakistan,Rest of Asia,2003,Soya beans,0.0006511931620937903,2.339957013535058e-09
PAK,Pakistan,Rest of Asia,2004,Soya beans,0.0,2.339957013535058e-09
PAK,Pakistan,Rest of Asia,2005,Soya beans,0.0,3.806920718590103e-08
PAK,Pakistan,Rest of Asia,2006,Soya beans,0.0,3.806920718590103e-08
PAK,Pakistan,Rest of Asia,2007,Soya beans,0.0005650473385267536,7.144341926069075e-08
PAK,Pakistan,Rest of Asia,2008,Soya beans,0.01578213237381324,1.368937476996732e-06
PAK,Pakistan,Rest of Asia,2009,Soya beans,0.009041336914511807,2.091158402153551e-06
PAK,Pakistan,Rest of Asia,2010,Soya beans,5.222137573344834e-05,2.095789270847313e-06
PAK,Pakistan,Rest of Asia,2011,Soya beans,0.0,2.095789270847313e-06
PAK,Pakistan,Rest of Asia,2012,Soya beans,0.0,2.064372209159978e-06
PAK,Pakistan,Rest of Asia,2013,Soya beans,0.0,7.325648213946706e-07
PAK,Pakistan,Rest of Asia,2014,Soya beans,0.0,1.201892513746211e-08
PAK,Pakistan,Rest of Asia,2015,Soya beans,0.0,7.433093390046829e-09
PAK,Pakistan,Rest of Asia,2016,Soya beans,0.0,7.433093390046829e-09
PAK,Pakistan,Rest of Asia,2017,Soya beans,0.0008140985068671065,8.125856571636284e-08
PAK,Pakistan,Rest of Asia,2018,Soya beans,3.095340493747153e-05,8.347050266512141e-08
PAK,Pakistan,Rest of Asia,2019,Soya beans,0.0,8.347050266512141e-08
PAK,Pakistan,Rest of Asia,2020,Soya beans,0.0,8.347050266512141e-08
PAK,Pakistan,Rest of Asia,2021,Soya beans,0.0,8.347050266512141e-08
PAK,Pakistan,Rest of Asia,2022,Soya beans,0.0,9.645030338805404e-09
PAK,Pakistan,Rest of Asia,2023,Soya beans,0.0,7.433093390046829e-09
PAN,Panama,North and Central America,2001,Cattle meat,0.0,0.0
PAN,Panama,North and Central America,2002,Cattle meat,0.0,0.0
PAN,Panama,North and Central America,2003,Cattle meat,0.0,0.0
PAN,Panama,North and Central America,2004,Cattle meat,0.0,0.0
PAN,Panama,North and Central America,2005,Cattle meat,0.0,0.0
PAN,Panama,North and Central America,2006,Cattle meat,0.0,0.0
PAN,Panama,North and Central America,2007,Cattle meat,443.7380350672818,0.04150539976274257
PAN,Panama,North and Central America,2008,Cattle meat,1463.711851119771,0.1830919689943837
PAN,Panama,North and Central America,2009,Cattle meat,1797.787925672074,0.3533492488656252
PAN,Panama,North and Central America,2010,Cattle meat,1894.670218856089,0.5495959583236583
PAN,Panama,North and Central America,2011,Cattle meat,1974.066606458529,0.762226675666366
PAN,Panama,North and Central America,2012,Cattle meat,3477.311970514134,1.069536746890651
PAN,Panama,North and Central America,2013,Cattle meat,3264.175545506813,1.253830163300146
PAN,Panama,North and Central America,2014,Cattle meat,2742.804047030733,1.352824433319752
PAN,Panama,North and Central America,2015,Cattle meat,693.2635081466353,1.231327886079612
PAN,Panama,North and Central America,2016,Cattle meat,921.842117748472,1.139783799017573
PAN,Panama,North and Central America,2017,Cattle meat,1322.459501296087,0.9449290336804477
PAN,Panama,North and Central America,2018,Cattle meat,994.8239904446295,0.7336599569565252
PAN,Panama,North and Central America,2019,Cattle meat,1066.924161648946,0.5774247517918347
PAN,Panama,North and Central America,2020,Cattle meat,499.1520166701899,0.5586712338853314
PAN,Panama,North and Central America,2021,Cattle meat,810.2023700238545,0.5482862202431134
PAN,Panama,North and Central America,2022,Cattle meat,305.2053466722754,0.4592569543884317
PAN,Panama,North and Central America,2023,Cattle meat,538.1865777887733,0.4161866219408585
PAN,Panama,North and Central America,2001,Oil palm fruit,64.27791824677742,2.899505579077148e-05
PAN,Panama,North and Central America,2002,Oil palm fruit,66.65232316155723,9.52711465198364e-05
PAN,Panama,North and Central America,2003,Oil palm fruit,36.31508514074281,0.000356251631939392
PAN,Panama,North and Central America,2004,Oil palm fruit,212.1292545281496,0.000356251631939392
PAN,Panama,North and Central America,2005,Oil palm fruit,10.65689561157227,-0.0141723159238292
PAN,Panama,North and Central America,2006,Oil palm fruit,467.8098838118457,-0.03147834130540058
PAN,Panama,North and Central America,2007,Oil palm fruit,221.4818669456536,-0.03797434775184987
PAN,Panama,North and Central America,2008,Oil palm fruit,199.6722223352285,-0.04471628992042078
PAN,Panama,North and Central America,2009,Oil palm fruit,84.99841484510553,-0.0365939547088515
PAN,Panama,North and Central America,2010,Oil palm fruit,8.830160278320312,-0.03653976358708276
PAN,Panama,North and Central America,2011,Oil palm fruit,20.31184966652423,-0.01588436242918341
PAN,Panama,North and Central America,2012,Oil palm fruit,23.24733206590839,-0.005405264897746533
PAN,Panama,North and Central America,2013,Oil palm fruit,20.32516096801757,0.003285706911616865
PAN,Panama,North and Central America,2014,Oil palm fruit,30.66002718553734,0.006675994057127582
PAN,Panama,North and Central America,2015,Oil palm fruit,47.25430232040102,0.004224399258534287
PAN,Panama,North and Central America,2016,Oil palm fruit,76.1553637669804,0.000213791557636609
PAN,Panama,North and Central America,2017,Oil palm fruit,119.1249738457613,-0.006153552853983613
PAN,Panama,North and Central America,2018,Oil palm fruit,41.66869597624436,-0.008994217768820645
PAN,Panama,North and Central America,2019,Oil palm fruit,2.207781982421875,-0.01063567318042662
PAN,Panama,North and Central America,2020,Oil palm fruit,0.0,-0.008567529717822465
PAN,Panama,North and Central America,2021,Oil palm fruit,0.0,-0.00524963781570421
PAN,Panama,North and Central America,2022,Oil palm fruit,0.0,-0.0001162902166497995
PAN,Panama,North and Central America,2023,Oil palm fruit,104.0911149256567,-0.002884679400833966
PAN,Panama,North and Central America,2001,Soya beans,2.005558378408206,3.024471517170635e-06
PAN,Panama,North and Central America,2002,Soya beans,1.610234906875781,7.862675425660826e-06
PAN,Panama,North and Central America,2003,Soya beans,0.66805748944947,1.526396567627986e-05
PAN,Panama,North and Central America,2004,Soya beans,5.710196694166735,2.313081790059604e-05
PAN,Panama,North and Central America,2005,Soya beans,10.02058542584713,0.002276917547187559
PAN,Panama,North and Central America,2006,Soya beans,17.18025836862626,0.003977496606499384
PAN,Panama,North and Central America,2007,Soya beans,18.98037577770513,0.005848626439820276
PAN,Panama,North and Central America,2008,Soya beans,20.51247002345164,0.00803186400973105
PAN,Panama,North and Central America,2009,Soya beans,25.55576877666866,0.01011422874149506
PAN,Panama,North and Central America,2010,Soya beans,0.1464259971323208,0.009008257103759307
PAN,Panama,North and Central America,2011,Soya beans,0.2400529702581785,0.007114582027787556
PAN,Panama,North and Central America,2012,Soya beans,0.0,0.005076365386435325
PAN,Panama,North and Central America,2013,Soya beans,0.0,0.002835998215000506
PAN,Panama,North and Central America,2014,Soya beans,0.0,0.0001542197153245022
PAN,Panama,North and Central America,2015,Soya beans,0.0,0.0001450218543417115
PAN,Panama,North and Central America,2016,Soya beans,0.03014563703883675,0.0001322958108240164
PAN,Panama,North and Central America,2017,Soya beans,0.04964863772784384,0.0001406496384319601
PAN,Panama,North and Central America,2018,Soya beans,0.01730862937746009,0.0001425791214750037
PAN,Panama,North and Central America,2019,Soya beans,0.0,0.0001425791214750037
PAN,Panama,North and Central America,2020,Soya beans,0.4623212567986193,0.0001951531031327695
PAN,Panama,North and Central America,2021,Soya beans,0.2780638089631334,0.0002222957984765144
PAN,Panama,North and Central America,2022,Soya beans,0.0,0.000214071513972741
PAN,Panama,North and Central America,2023,Soya beans,0.2068818297784205,0.0002363281158460603
PER,Peru,South America,2001,Cattle meat,26294.58468321249,0.01342129874522346
PER,Peru,South America,2002,Cattle meat,30085.06634734112,0.02502139919328807
PER,Peru,South America,2003,Cattle meat,30008.59218688039,0.03745789519608018
PER,Peru,South America,2004,Cattle meat,40245.60379262195,0.05669408941190636
PER,Peru,South America,2005,Cattle meat,62229.38308733275,23.20371298492206
PER,Peru,South America,2006,Cattle meat,35165.80765182996,24.16884405605557
PER,Peru,South America,2007,Cattle meat,49701.39092353928,26.39231088444172
PER,Peru,South America,2008,Cattle meat,55318.62560519695,29.6859397630609
PER,Peru,South America,2009,Cattle meat,83434.63344489134,35.08605269959796
PER,Peru,South America,2010,Cattle meat,36498.18010461059,32.18633401306065
PER,Peru,South America,2011,Cattle meat,3448.063397435857,28.43109633555008
PER,Peru,South America,2012,Cattle meat,8299.47970293876,23.58222826647041
PER,Peru,South America,2013,Cattle meat,5339.260349000114,17.32315966397386
PER,Peru,South America,2014,Cattle meat,9573.178893662394,8.299146429238029
PER,Peru,South America,2015,Cattle meat,5348.861844279732,4.41762928306794
PER,Peru,South America,2016,Cattle meat,5853.84559415446,4.712433020145352
PER,Peru,South America,2017,Cattle meat,8594.676344047115,4.71082223421265
PER,Peru,South America,2018,Cattle meat,34949.90480381685,8.298379132512693
PER,Peru,South America,2019,Cattle meat,35952.20148810916,11.58271004739553
PER,Peru,South America,2020,Cattle meat,79041.99108512756,20.63996627411068
PER,Peru,South America,2021,Cattle meat,3514.382973111102,20.29948797702125
PER,Peru,South America,2022,Cattle meat,81053.10472184257,29.20927677160446
PER,Peru,South America,2023,Cattle meat,47110.12156589305,30.50796812993337
PER,Peru,South America,2001,Oil palm fruit,291.0864668823243,0.001010823034219727
PER,Peru,South America,2002,Oil palm fruit,185.6437155009125,0.001748463962518433
PER,Peru,South America,2003,Oil palm fruit,393.5114659689523,0.00245684577981604
PER,Peru,South America,2004,Oil palm fruit,419.7654218815755,0.003310466962494507
PER,Peru,South America,2005,Oil palm fruit,1096.783607357178,0.201641354532396
PER,Peru,South America,2006,Oil palm fruit,1650.356847865414,0.339417276463692
PER,Peru,South America,2007,Oil palm fruit,4119.436903375755,0.8196554103986237
PER,Peru,South America,2008,Oil palm fruit,3779.086606059107,1.124229336407807
PER,Peru,South America,2009,Oil palm fruit,2823.78870595413,1.29573367069944
PER,Peru,South America,2010,Oil palm fruit,7687.522058516608,1.358114088940754
PER,Peru,South America,2011,Oil palm fruit,2147.11287234053,1.423928899135326
PER,Peru,South America,2012,Oil palm fruit,7222.67052978647,1.521600738378126
PER,Peru,South America,2013,Oil palm fruit,11523.615701177,2.190566004514257
PER,Peru,South America,2014,Oil palm fruit,10109.14700989612,1.989924179024376
PER,Peru,South America,2015,Oil palm fruit,8742.27641081658,1.670516336408192
PER,Peru,South America,2016,Oil palm fruit,9736.726694388373,1.221736370046318
PER,Peru,South America,2017,Oil palm fruit,4705.632712629018,0.6137147122758421
PER,Peru,South America,2018,Oil palm fruit,8925.97770623746,-0.6130147579079205
PER,Peru,South America,2019,Oil palm fruit,7309.553348626921,-0.8370412861392951
PER,Peru,South America,2020,Oil palm fruit,10008.18197060368,-1.035605560360145
PER,Peru,South America,2021,Oil palm fruit,2246.028448998941,-0.7815596104150715
PER,Peru,South America,2022,Oil palm fruit,3036.294889956785,-0.7437340046600246
PER,Peru,South America,2023,Oil palm fruit,2899.224597981879,-0.5657285857625974
PER,Peru,South America,2001,Soya beans,0.0,0.0
PER,Peru,South America,2002,Soya beans,3.879126346382443,6.65417510228473e-06
PER,Peru,South America,2003,Soya beans,19.54315110820356,3.861929770737807e-05
PER,Peru,South America,2004,Soya beans,2.398433781894981,4.240106488677286e-05
PER,Peru,South America,2005,Soya beans,35.16502807592229,0.0001829747913358931
PER,Peru,South America,2006,Soya beans,0.9801025329589845,0.0003304869470192589
PER,Peru,South America,2007,Soya beans,2.415002880859374,0.0006834056107284871
PER,Peru,South America,2008,Soya beans,4.150838092041015,0.001295722654396986
PER,Peru,South America,2009,Soya beans,0.4528311889648437,0.001235955659950265
PER,Peru,South America,2010,Soya beans,15.87545104550349,0.001545113368921053
PER,Peru,South America,2011,Soya beans,1.962138739013672,0.00169273349488418
PER,Peru,South America,2012,Soya beans,31.68756153461434,0.002266391450794526
PER,Peru,South America,2013,Soya beans,23.42746888098587,0.002109774890857865
PER,Peru,South America,2014,Soya beans,6.519636987049786,0.002744698108349746
PER,Peru,South America,2015,Soya beans,2.564790747070313,0.002848531196544142
PER,Peru,South America,2016,Soya beans,8.938887970049887,0.002725117118279922
PER,Peru,South America,2017,Soya beans,14.7319357812977,0.002061743906615577
PER,Peru,South America,2018,Soya beans,14.23246839778622,0.003657287838162615
PER,Peru,South America,2019,Soya beans,5.641243664497265,0.002971603009152237
PER,Peru,South America,2020,Soya beans,171.258497457806,0.002888764068152695
PER,Peru,South America,2021,Soya beans,64.18101344448482,0.002882811024600375
PER,Peru,South America,2022,Soya beans,167.3044327666208,0.002985224045585908
PER,Peru,South America,2023,Soya beans,95.6009126871058,0.001221652040760292
PHL,Philippines,Southeast Asia,2001,Cattle meat,988.6139076877402,0.0005025072496465879
PHL,Philippines,Southeast Asia,2002,Cattle meat,1273.477013403348,0.001160597111159879
PHL,Philippines,Southeast Asia,2003,Cattle meat,1013.367865775931,0.00152025121951731
PHL,Philippines,Southeast Asia,2004,Cattle meat,1397.118635818401,0.002175229491037323
PHL,Philippines,Southeast Asia,2005,Cattle meat,736.4487720188363,0.5832152010112752
PHL,Philippines,Southeast Asia,2006,Cattle meat,1419.871684389445,0.6246661900863583
PHL,Philippines,Southeast Asia,2007,Cattle meat,3280.399729088599,0.831239767455467
PHL,Philippines,Southeast Asia,2008,Cattle meat,1722.608045160142,0.9076907372100562
PHL,Philippines,Southeast Asia,2009,Cattle meat,1693.267130610967,0.9289198718766629
PHL,Philippines,Southeast Asia,2010,Cattle meat,1158.041857255178,0.9697172839103496
PHL,Philippines,Southeast Asia,2011,Cattle meat,599.3395259027521,0.8858477636279539
PHL,Philippines,Southeast Asia,2012,Cattle meat,4788.7276253882,1.042586502947901
PHL,Philippines,Southeast Asia,2013,Cattle meat,4786.009575482877,1.334634116246364
PHL,Philippines,Southeast Asia,2014,Cattle meat,8653.922564255015,2.005815499187925
PHL,Philippines,Southeast Asia,2015,Cattle meat,2660.343213624354,2.144379319077146
PHL,Philippines,Southeast Asia,2016,Cattle meat,3473.75520901652,2.414195653955879
PHL,Philippines,Southeast Asia,2017,Cattle meat,3135.703870336457,2.225391279558492
PHL,Philippines,Southeast Asia,2018,Cattle meat,3820.35783897802,2.121716390787348
PHL,Philippines,Southeast Asia,2019,Cattle meat,7071.37231423203,1.974287448073676
PHL,Philippines,Southeast Asia,2020,Cattle meat,8451.449250505182,2.533808871231641
PHL,Philippines,Southeast Asia,2021,Cattle meat,7889.126921113311,2.96856066289249
PHL,Philippines,Southeast Asia,2022,Cattle meat,5350.168064811194,3.194347442801093
PHL,Philippines,Southeast Asia,2023,Cattle meat,4806.196040029869,3.284628430845932
PHL,Philippines,Southeast Asia,2001,Oil palm fruit,378.6194609918612,8.299877508538819e-05
PHL,Philippines,Southeast Asia,2002,Oil palm fruit,491.437318251135,0.0001660084906190185
PHL,Philippines,Southeast Asia,2003,Oil palm fruit,486.8455347893952,0.0001660084906190185
PHL,Philippines,Southeast Asia,2004,Oil palm fruit,807.979472120606,0.0003649975658757935
PHL,Philippines,Southeast Asia,2005,Oil palm fruit,464.3744746241749,0.1858697428759025
PHL,Philippines,Southeast Asia,2006,Oil palm fruit,485.6917742903966,0.1895755985309993
PHL,Philippines,Southeast Asia,2007,Oil palm fruit,836.6720877617835,0.222950082176293
PHL,Philippines,Southeast Asia,2008,Oil palm fruit,586.402024479267,0.226944720399313
PHL,Philippines,Southeast Asia,2009,Oil palm fruit,912.1160232166277,0.2295977470620771
PHL,Philippines,Southeast Asia,2010,Oil palm fruit,888.1820939215753,0.2567341854160467
PHL,Philippines,Southeast Asia,2011,Oil palm fruit,209.4664609318233,0.2405844005656294
PHL,Philippines,Southeast Asia,2012,Oil palm fruit,559.6960236180578,0.2096153030303338
PHL,Philippines,Southeast Asia,2013,Oil palm fruit,497.0099978386208,0.1954042469315134
PHL,Philippines,Southeast Asia,2014,Oil palm fruit,1061.955533887159,0.1845284418277496
PHL,Philippines,Southeast Asia,2015,Oil palm fruit,330.4956739231936,0.1460492868149242
PHL,Philippines,Southeast Asia,2016,Oil palm fruit,311.1225249126141,0.1491473321939837
PHL,Philippines,Southeast Asia,2017,Oil palm fruit,1014.244740738932,0.1643165718079424
PHL,Philippines,Southeast Asia,2018,Oil palm fruit,408.5121028035238,0.1607921632919274
PHL,Philippines,Southeast Asia,2019,Oil palm fruit,58.10218419049842,0.114758601666166
PHL,Philippines,Southeast Asia,2020,Oil palm fruit,0.0,0.0952671645655254
PHL,Philippines,Southeast Asia,2021,Oil palm fruit,0.0,0.07711324860930893
PHL,Philippines,Southeast Asia,2022,Oil palm fruit,49.56036904122597,0.02846476315339931
PHL,Philippines,Southeast Asia,2023,Oil palm fruit,17.97699048872462,0.008985484314713214
PHL,Philippines,Southeast Asia,2001,Soya beans,0.8717356324241162,1.311424698731464e-06
PHL,Philippines,Southeast Asia,2002,Soya beans,0.0,1.311424698731464e-06
PHL,Philippines,Southeast Asia,2003,Soya beans,1.521430370211565,2.81035672738599e-06
PHL,Philippines,Southeast Asia,2004,Soya beans,0.0,2.81035672738599e-06
PHL,Philippines,Southeast Asia,2005,Soya beans,0.0,0.0002912954602336926
PHL,Philippines,Southeast Asia,2006,Soya beans,0.0,0.0001860610403594786
PHL,Philippines,Southeast Asia,2007,Soya beans,8.848301479152353,0.001092297728536001
PHL,Philippines,Southeast Asia,2008,Soya beans,0.0,0.0009090470449039085
PHL,Philippines,Southeast Asia,2009,Soya beans,0.0,0.0009090470449039085
PHL,Philippines,Southeast Asia,2010,Soya beans,0.0,0.0009090470449039085
PHL,Philippines,Southeast Asia,2011,Soya beans,2.393147577549988,0.001207613837105898
PHL,Philippines,Southeast Asia,2012,Soya beans,3.430378843631893,0.000707873658963736
PHL,Philippines,Southeast Asia,2013,Soya beans,0.0,0.000707873658963736
PHL,Philippines,Southeast Asia,2014,Soya beans,0.0,0.000707873658963736
PHL,Philippines,Southeast Asia,2015,Soya beans,0.966517353483788,0.0008351341870237499
PHL,Philippines,Southeast Asia,2016,Soya beans,0.0,0.0005384587787789913
PHL,Philippines,Southeast Asia,2017,Soya beans,0.0,0.0001456494017704762
PHL,Philippines,Southeast Asia,2018,Soya beans,0.0,0.0001456494017704762
PHL,Philippines,Southeast Asia,2019,Soya beans,0.0,0.0001456494017704762
PHL,Philippines,Southeast Asia,2020,Soya beans,0.0,2.087979446073762e-05
PHL,Philippines,Southeast Asia,2021,Soya beans,15.55099988202634,0.001912290012266475
PHL,Philippines,Southeast Asia,2022,Soya beans,0.0,0.001912290012266475
PHL,Philippines,Southeast Asia,2023,Soya beans,2.31605398934489,0.002201209279447616
PNG,Papua New Guinea,Oceania,2001,Cattle meat,4670.258968415959,0.005464645282611451
PNG,Papua New Guinea,Oceania,2002,Cattle meat,7259.132865997443,0.01450894723593679
PNG,Papua New Guinea,Oceania,2003,Cattle meat,4279.117195349831,0.01947488460019659
PNG,Papua New Guinea,Oceania,2004,Cattle meat,4520.078644736663,0.02486520595373221
PNG,Papua New Guinea,Oceania,2005,Cattle meat,2543.514022696351,3.083969206817193
PNG,Papua New Guinea,Oceania,2006,Cattle meat,4566.831944637176,3.069584823860112
PNG,Papua New Guinea,Oceania,2007,Cattle meat,4581.473604099808,2.724696766845848
PNG,Papua New Guinea,Oceania,2008,Cattle meat,7680.434608011002,3.162199099078274
PNG,Papua New Guinea,Oceania,2009,Cattle meat,5286.118344544388,3.262573210517903
PNG,Papua New Guinea,Oceania,2010,Cattle meat,2281.22237119603,3.235397109775367
PNG,Papua New Guinea,Oceania,2011,Cattle meat,2828.139750836257,3.015827373160779
PNG,Papua New Guinea,Oceania,2012,Cattle meat,7803.094041236471,3.472401168462962
PNG,Papua New Guinea,Oceania,2013,Cattle meat,6287.718816676916,3.300108416363954
PNG,Papua New Guinea,Oceania,2014,Cattle meat,9277.243863603075,3.793711214249344
PNG,Papua New Guinea,Oceania,2015,Cattle meat,4643.232428156614,4.083352995725411
PNG,Papua New Guinea,Oceania,2016,Cattle meat,5394.514052547961,4.41563458634154
PNG,Papua New Guinea,Oceania,2017,Cattle meat,2690.329607185421,3.738221469189699
PNG,Papua New Guinea,Oceania,2018,Cattle meat,2795.700443207855,3.314020188624122
PNG,Papua New Guinea,Oceania,2019,Cattle meat,3326.351816165866,2.591137608298798
PNG,Papua New Guinea,Oceania,2020,Cattle meat,3961.523204821603,2.532077361836359
PNG,Papua New Guinea,Oceania,2021,Cattle meat,4379.031339462656,2.410596651274298
PNG,Papua New Guinea,Oceania,2022,Cattle meat,4898.556784644852,2.717657181836649
PNG,Papua New Guinea,Oceania,2023,Cattle meat,4413.037109643037,2.93765321557148
PNG,Papua New Guinea,Oceania,2001,Oil palm fruit,3509.437511761274,0.0007728440515139158
PNG,Papua New Guinea,Oceania,2002,Oil palm fruit,3810.81009765423,0.001948477040683471
PNG,Papua New Guinea,Oceania,2003,Oil palm fruit,2519.129610185198,0.003706874726965331
PNG,Papua New Guinea,Oceania,2004,Oil palm fruit,2488.621892842443,0.004234660067130982
PNG,Papua New Guinea,Oceania,2005,Oil palm fruit,4899.24879077987,-0.5468673808371726
PNG,Papua New Guinea,Oceania,2006,Oil palm fruit,7200.414963823103,-0.6946327938029178
PNG,Papua New Guinea,Oceania,2007,Oil palm fruit,13085.05114261144,-1.116466931736592
PNG,Papua New Guinea,Oceania,2008,Oil palm fruit,10247.94745999855,-1.432776553111834
PNG,Papua New Guinea,Oceania,2009,Oil palm fruit,9683.3230081115,-1.743468360116577
PNG,Papua New Guinea,Oceania,2010,Oil palm fruit,3671.988013487889,-1.674635602935892
PNG,Papua New Guinea,Oceania,2011,Oil palm fruit,5505.894379496714,-1.562075431489422
PNG,Papua New Guinea,Oceania,2012,Oil palm fruit,11696.48138808886,-1.34490044418313
PNG,Papua New Guinea,Oceania,2013,Oil palm fruit,14991.48296742051,-1.502969879008573
PNG,Papua New Guinea,Oceania,2014,Oil palm fruit,10925.78623069648,-1.504276379665706
PNG,Papua New Guinea,Oceania,2015,Oil palm fruit,6089.351605865314,-1.549903180441077
PNG,Papua New Guinea,Oceania,2016,Oil palm fruit,6762.511850604727,-1.633746593569811
PNG,Papua New Guinea,Oceania,2017,Oil palm fruit,2431.546204661475,-1.401357519706171
PNG,Papua New Guinea,Oceania,2018,Oil palm fruit,2629.390765755282,-0.9806757405921607
PNG,Papua New Guinea,Oceania,2019,Oil palm fruit,3894.496523473958,-0.7632811397624759
PNG,Papua New Guinea,Oceania,2020,Oil palm fruit,3312.431476562297,-0.7403233182495257
PNG,Papua New Guinea,Oceania,2021,Oil palm fruit,3763.235581319797,-0.6522183595028903
PNG,Papua New Guinea,Oceania,2022,Oil palm fruit,2082.849882395446,-0.6475500750056091
PNG,Papua New Guinea,Oceania,2023,Oil palm fruit,3024.615214829882,-0.6685491950752143
POL,Poland,Europe,2001,Cattle meat,0.0,0.0
POL,Poland,Europe,2002,Cattle meat,0.0,0.0
POL,Poland,Europe,2003,Cattle meat,0.0,0.0
POL,Poland,Europe,2004,Cattle meat,0.0,0.0
POL,Poland,Europe,2005,Cattle meat,0.0,0.0
POL,Poland,Europe,2006,Cattle meat,0.0,0.0
POL,Poland,Europe,2007,Cattle meat,0.0,0.0
POL,Poland,Europe,2008,Cattle meat,496.7247100447689,0.02719253798440073
POL,Poland,Europe,2009,Cattle meat,542.9896365322638,0.05679704509078315
POL,Poland,Europe,2010,Cattle meat,0.0,0.05679704509078315
POL,Poland,Europe,2011,Cattle meat,0.0,0.05679704509078315
POL,Poland,Europe,2012,Cattle meat,0.0,0.05679704509078315
POL,Poland,Europe,2013,Cattle meat,0.0,0.03016629124586254
POL,Poland,Europe,2014,Cattle meat,284.9453533799837,0.01361859189487274
POL,Poland,Europe,2015,Cattle meat,98.30676041424533,0.01779952825455202
POL,Poland,Europe,2016,Cattle meat,0.0,0.01779952825455202
POL,Poland,Europe,2017,Cattle meat,83.58271332503516,0.02136831645167821
POL,Poland,Europe,2018,Cattle meat,0.0,0.02136831645167821
POL,Poland,Europe,2019,Cattle meat,0.0,0.009208507547450211
POL,Poland,Europe,2020,Cattle meat,0.0,0.005111359599252341
POL,Poland,Europe,2021,Cattle meat,0.0,0.005111359599252341
POL,Poland,Europe,2022,Cattle meat,249.2430979847988,0.01301067085501544
POL,Poland,Europe,2023,Cattle meat,203.8374167288074,0.0224150848441072
POL,Poland,Europe,2001,Soya beans,0.1197561257234793,2.184795523238088e-07
POL,Poland,Europe,2002,Soya beans,0.09004869807010128,3.653900990333725e-07
POL,Poland,Europe,2003,Soya beans,0.0,3.653900990333725e-07
POL,Poland,Europe,2004,Soya beans,0.005903423357962897,3.76512517355092e-07
POL,Poland,Europe,2005,Soya beans,0.0,1.420683361274915e-05
POL,Poland,Europe,2006,Soya beans,0.0,6.532509221756101e-06
POL,Poland,Europe,2007,Soya beans,0.0,7.89520731305264e-07
POL,Poland,Europe,2008,Soya beans,0.1213827794189016,9.4825084069196e-06
POL,Poland,Europe,2009,Soya beans,0.287518048256043,2.411142070274964e-05
POL,Poland,Europe,2010,Soya beans,0.0,2.411142070274964e-05
POL,Poland,Europe,2011,Soya beans,0.0,2.411142070274964e-05
POL,Poland,Europe,2012,Soya beans,0.0,2.411142070274964e-05
POL,Poland,Europe,2013,Soya beans,3.374434335515402,0.0001866081542319876
POL,Poland,Europe,2014,Soya beans,11.32153412632,0.000718881900666147
POL,Poland,Europe,2015,Soya beans,4.469995089790314,0.0009448190132225881
POL,Poland,Europe,2016,Soya beans,0.5608194980566209,0.0009761982357080744
POL,Poland,Europe,2017,Soya beans,0.0,0.0009761982357080744
POL,Poland,Europe,2018,Soya beans,12.26087352119664,0.001695615285726665
POL,Poland,Europe,2019,Soya beans,6.675151269276038,0.001586210441346692
POL,Poland,Europe,2020,Soya beans,5.610590371194956,0.001717543943319338
POL,Poland,Europe,2021,Soya beans,4.37532072131161,0.00196926363412012
POL,Poland,Europe,2022,Soya beans,0.0,0.00196926363412012
POL,Poland,Europe,2023,Soya beans,0.5241524842483907,0.001150640978428786
PRI,Puerto Rico,North and Central America,2001,Cattle meat,0.0,0.0
PRI,Puerto Rico,North and Central America,2002,Cattle meat,42.07733965087891,2.599042703796386e-06
PRI,Puerto Rico,North and Central America,2003,Cattle meat,29.18855252241546,2.599042703796386e-06
PRI,Puerto Rico,North and Central America,2004,Cattle meat,40.74616356781007,4.419429410107421e-05
PRI,Puerto Rico,North and Central America,2005,Cattle meat,36.71574433861945,0.009529231272884704
PRI,Puerto Rico,North and Central America,2006,Cattle meat,12.82717796477489,0.01036760369500526
PRI,Puerto Rico,North and Central America,2007,Cattle meat,0.0,0.007728175695721017
PRI,Puerto Rico,North and Central America,2008,Cattle meat,0.0,0.005582052647174675
PRI,Puerto Rico,North and Central America,2009,Cattle meat,0.0,0.003198472047932915
PRI,Puerto Rico,North and Central America,2010,Cattle meat,0.0,0.0008955705084226818
PRI,Puerto Rico,North and Central America,2011,Cattle meat,0.0,8.462591276084565e-05
PRI,Puerto Rico,North and Central America,2012,Cattle meat,0.0,8.462591276084565e-05
PRI,Puerto Rico,North and Central America,2013,Cattle meat,0.0,8.462591276084565e-05
PRI,Puerto Rico,North and Central America,2014,Cattle meat,0.0,8.462591276084565e-05
PRI,Puerto Rico,North and Central America,2015,Cattle meat,0.0,8.462591276084565e-05
PRI,Puerto Rico,North and Central America,2016,Cattle meat,0.0,8.462591276084565e-05
PRI,Puerto Rico,North and Central America,2017,Cattle meat,0.0,8.462591276084565e-05
PRI,Puerto Rico,North and Central America,2018,Cattle meat,8.355098908681203,0.0004804318841900327
PRI,Puerto Rico,North and Central America,2019,Cattle meat,6.089204141756397,0.0007347366021850676
PRI,Puerto Rico,North and Central America,2020,Cattle meat,7.195787989319197,0.001143193149762298
PRI,Puerto Rico,North and Central America,2021,Cattle meat,5.084144573119256,0.001399230393095897
PRI,Puerto Rico,North and Central America,2022,Cattle meat,3.690535469626626,0.001591847705798948
PRI,Puerto Rico,North and Central America,2023,Cattle meat,34.56617770547241,0.00249147736231275
PRK,North Korea,Rest of Asia,2001,Cattle meat,170.7103325284102,8.489555474603016e-06
PRK,North Korea,Rest of Asia,2002,Cattle meat,44.01223838555426,8.984772165932458e-06
PRK,North Korea,Rest of Asia,2003,Cattle meat,56.80218028593495,1.128556593147184e-05
PRK,North Korea,Rest of Asia,2004,Cattle meat,100.5315839432439,1.283524291594588e-05
PRK,North Korea,Rest of Asia,2005,Cattle meat,116.7189403775669,0.02830563766940502
PRK,North Korea,Rest of Asia,2006,Cattle meat,108.3542516064701,0.02455352482260449
PRK,North Korea,Rest of Asia,2007,Cattle meat,231.4321992386393,0.03508978181303861
PRK,North Korea,Rest of Asia,2008,Cattle meat,2015.238875299811,0.1455494052609576
PRK,North Korea,Rest of Asia,2009,Cattle meat,1499.145018714043,0.2277455059936851
PRK,North Korea,Rest of Asia,2010,Cattle meat,2231.533775770109,0.348657973881577
PRK,North Korea,Rest of Asia,2011,Cattle meat,171.5938893310995,0.3523095970839871
PRK,North Korea,Rest of Asia,2012,Cattle meat,1127.800482435641,0.403258716518776
PRK,North Korea,Rest of Asia,2013,Cattle meat,335.4359262751178,0.3069728269475187
PRK,North Korea,Rest of Asia,2014,Cattle meat,1116.292937626592,0.2805617046092257
PRK,North Korea,Rest of Asia,2015,Cattle meat,152.3690661865234,0.1613502226606422
PRK,North Korea,Rest of Asia,2016,Cattle meat,137.5668287414479,0.1592337125009052
PRK,North Korea,Rest of Asia,2017,Cattle meat,144.225346977784,0.1035029576312221
PRK,North Korea,Rest of Asia,2018,Cattle meat,101.3480145398443,0.09175284487780773
PRK,North Korea,Rest of Asia,2019,Cattle meat,246.3254504148129,0.04313904648400251
PRK,North Korea,Rest of Asia,2020,Cattle meat,353.1110159844971,0.05277994057721882
PRK,North Korea,Rest of Asia,2021,Cattle meat,468.6712802913851,0.06948319677238837
PRK,North Korea,Rest of Asia,2022,Cattle meat,264.4503806406212,0.075244054783968
PRK,North Korea,Rest of Asia,2023,Cattle meat,331.333419710007,0.08720203866382935
PRK,North Korea,Rest of Asia,2001,Soya beans,0.0,0.0
PRK,North Korea,Rest of Asia,2002,Soya beans,0.0,0.0
PRK,North Korea,Rest of Asia,2003,Soya beans,0.0,0.0
PRK,North Korea,Rest of Asia,2004,Soya beans,0.0,0.0
PRK,North Korea,Rest of Asia,2005,Soya beans,101.7758230654299,0.006913534237472849
PRK,North Korea,Rest of Asia,2006,Soya beans,0.0,0.006913534237472849
PRK,North Korea,Rest of Asia,2007,Soya beans,0.0,0.006913534237472849
PRK,North Korea,Rest of Asia,2008,Soya beans,0.0,0.006913534237472849
PRK,North Korea,Rest of Asia,2009,Soya beans,0.0,0.006913534237472849
PRK,North Korea,Rest of Asia,2010,Soya beans,0.0,1.084847463402868e-05
PRK,North Korea,Rest of Asia,2011,Soya beans,0.0,1.084847463402868e-05
PRK,North Korea,Rest of Asia,2012,Soya beans,0.0,1.084847463402868e-05
PRK,North Korea,Rest of Asia,2013,Soya beans,0.0,1.084847463402868e-05
PRK,North Korea,Rest of Asia,2014,Soya beans,0.0,1.084847463402868e-05
PRK,North Korea,Rest of Asia,2015,Soya beans,0.0,1.084847463402868e-05
PRK,North Korea,Rest of Asia,2016,Soya beans,0.0,1.084847463402868e-05
PRK,North Korea,Rest of Asia,2017,Soya beans,13.4502837904679,0.00090519093279575
PRK,North Korea,Rest of Asia,2018,Soya beans,18.42381129810355,0.0024373021048734
PRK,North Korea,Rest of Asia,2019,Soya beans,4.341024216803494,0.002709807267782532
PRK,North Korea,Rest of Asia,2020,Soya beans,0.0,0.002709807267782532
PRK,North Korea,Rest of Asia,2021,Soya beans,0.0,0.002709807267782532
PRK,North Korea,Rest of Asia,2022,Soya beans,0.0,0.001820422335583104
PRK,North Korea,Rest of Asia,2023,Soya beans,0.0,0.000288311163505455
PRT,Portugal,Europe,2001,Cattle meat,578.3211526020941,3.96455259080363e-06
PRT,Portugal,Europe,2002,Cattle meat,664.0259071965454,2.73902414967054e-05
PRT,Portugal,Europe,2003,Cattle meat,414.423482567109,3.23954784217115e-05
PRT,Portugal,Europe,2004,Cattle meat,1493.123441461227,4.362915347344609e-05
PRT,Portugal,Europe,2005,Cattle meat,546.1076235748727,0.1800443969819673
PRT,Portugal,Europe,2006,Cattle meat,654.52780699619,0.1852839306855327
PRT,Portugal,Europe,2007,Cattle meat,404.2880089623771,0.1730922310693087
PRT,Portugal,Europe,2008,Cattle meat,601.8840997545976,0.1847168334297538
PRT,Portugal,Europe,2009,Cattle meat,685.7586094100645,0.1433155601504998
PRT,Portugal,Europe,2010,Cattle meat,251.8289538458654,0.1291083717271632
PRT,Portugal,Europe,2011,Cattle meat,202.5665315113578,0.1071860145028148
PRT,Portugal,Europe,2012,Cattle meat,424.2901022223571,0.109036099565839
PRT,Portugal,Europe,2013,Cattle meat,317.3424736381771,0.09490163858422401
PRT,Portugal,Europe,2014,Cattle meat,465.9101708763838,0.0832152431630927
PRT,Portugal,Europe,2015,Cattle meat,493.6997634787814,0.09422727928495127
PRT,Portugal,Europe,2016,Cattle meat,436.8016097336244,0.105607426230723
PRT,Portugal,Europe,2017,Cattle meat,276.4976886364418,0.09637597642473104
PRT,Portugal,Europe,2018,Cattle meat,383.446536804288,0.09911513381466697
PRT,Portugal,Europe,2019,Cattle meat,407.0452418110063,0.09613506972039779
PRT,Portugal,Europe,2020,Cattle meat,543.2900393633589,0.09968221723800129
PRT,Portugal,Europe,2021,Cattle meat,384.5422538692302,0.09637205017475574
PRT,Portugal,Europe,2022,Cattle meat,284.9914981223012,0.0977942952650228
PRT,Portugal,Europe,2023,Cattle meat,237.6447940547136,0.09068165068116586
PRY,Paraguay,South America,2001,Cattle meat,62144.54948645696,0.0004775972865358338
PRY,Paraguay,South America,2002,Cattle meat,78028.9848883537,0.0007199381997958379
PRY,Paraguay,South America,2003,Cattle meat,103866.021538826,0.001271121115795753
PRY,Paraguay,South America,2004,Cattle meat,92380.73164056905,0.001666529631543883
PRY,Paraguay,South America,2005,Cattle meat,89450.21918910442,18.4027445903953
PRY,Paraguay,South America,2006,Cattle meat,60672.87396401948,17.93257750613418
PRY,Paraguay,South America,2007,Cattle meat,153418.3329681095,20.02892014359796
PRY,Paraguay,South America,2008,Cattle meat,153704.6061626883,20.27753667317192
PRY,Paraguay,South America,2009,Cattle meat,143416.7158042245,20.32452701311626
PRY,Paraguay,South America,2010,Cattle meat,151335.3248043298,21.61874325792367
PRY,Paraguay,South America,2011,Cattle meat,149259.1479396339,24.32687948283542
PRY,Paraguay,South America,2012,Cattle meat,151897.2065972039,23.75517925009364
PRY,Paraguay,South America,2013,Cattle meat,115259.043990694,22.37820793991549
PRY,Paraguay,South America,2014,Cattle meat,147656.4256039351,22.01896188855784
PRY,Paraguay,South America,2015,Cattle meat,112614.2595047975,20.00679389008922
PRY,Paraguay,South America,2016,Cattle meat,120162.6799184594,18.47951698223704
PRY,Paraguay,South America,2017,Cattle meat,96249.74398700295,16.91797036469158
PRY,Paraguay,South America,2018,Cattle meat,86635.27967276488,15.94226877248785
PRY,Paraguay,South America,2019,Cattle meat,62569.6496007523,13.94557599298043
PRY,Paraguay,South America,2020,Cattle meat,52845.7819902322,12.58167193414987
PRY,Paraguay,South America,2021,Cattle meat,63561.79854546518,11.0066976196985
PRY,Paraguay,South America,2022,Cattle meat,7229.129956934814,7.948397371513553
PRY,Paraguay,South America,2023,Cattle meat,46182.75838642746,6.836247762849199
PRY,Paraguay,South America,2001,Oil palm fruit,8.021554750931694,1.063253519459283e-07
PRY,Paraguay,South America,2002,Oil palm fruit,7.772843638133009,1.74993471700369e-07
PRY,Paraguay,South America,2003,Oil palm fruit,0.0,1.74993471700369e-07
PRY,Paraguay,South America,2004,Oil palm fruit,51.46879966487311,1.039306212665291e-06
PRY,Paraguay,South America,2005,Oil palm fruit,155.835466469332,0.001363197891279367
PRY,Paraguay,South America,2006,Oil palm fruit,101.8246141926485,0.0011276659479187
PRY,Paraguay,South America,2007,Oil palm fruit,92.18580771887676,0.001115036204089723
PRY,Paraguay,South America,2008,Oil palm fruit,15.79074954669656,0.001522372920556218
PRY,Paraguay,South America,2009,Oil palm fruit,0.0,-0.0002082898896006501
PRY,Paraguay,South America,2010,Oil palm fruit,0.0,0.0002436110929543585
PRY,Paraguay,South America,2011,Oil palm fruit,15.19337598865259,0.0004349719074117804
PRY,Paraguay,South America,2012,Oil palm fruit,26.29835341318315,0.0004236068991399467
PRY,Paraguay,South America,2013,Oil palm fruit,0.0,1.992881475100281e-05
PRY,Paraguay,South America,2014,Oil palm fruit,0.0,1.992881475100281e-05
PRY,Paraguay,South America,2015,Oil palm fruit,3.810461875973295,-1.450770139435332e-05
PRY,Paraguay,South America,2016,Oil palm fruit,0.0,-6.726093875785617e-06
PRY,Paraguay,South America,2017,Oil palm fruit,0.0,-1.758674832087397e-05
PRY,Paraguay,South America,2018,Oil palm fruit,0.0,-1.758674832087397e-05
PRY,Paraguay,South America,2019,Oil palm fruit,22.01554791350305,-7.89431948244436e-05
PRY,Paraguay,South America,2020,Oil palm fruit,54.6951232643568,0.001096095487096607
PRY,Paraguay,South America,2021,Oil palm fruit,75.5872964509959,0.00218243129884107
PRY,Paraguay,South America,2022,Oil palm fruit,0.7108809432369976,0.002193526098482915
PRY,Paraguay,South America,2023,Oil palm fruit,9.456744859494403,0.002127078498735113
PRY,Paraguay,South America,2001,Soya beans,13626.45724658478,0.0001412222291564942
PRY,Paraguay,South America,2002,Soya beans,23934.78423745879,0.0002164296486511231
PRY,Paraguay,South America,2003,Soya beans,36093.94398878171,0.0003535183276062013
PRY,Paraguay,South America,2004,Soya beans,42065.95431611415,0.0004063119818115235
PRY,Paraguay,South America,2005,Soya beans,19884.63594310761,10.48778415878821
PRY,Paraguay,South America,2006,Soya beans,7354.612010221047,9.98231487539535
PRY,Paraguay,South America,2007,Soya beans,16101.09132166938,9.345799334313597
PRY,Paraguay,South America,2008,Soya beans,13392.65205484381,7.512488524900059
PRY,Paraguay,South America,2009,Soya beans,6122.900524606706,4.712370193143637
PRY,Paraguay,South America,2010,Soya beans,12519.25252402576,3.994070316184994
PRY,Paraguay,South America,2011,Soya beans,23783.5807324211,5.285411603772763
PRY,Paraguay,South America,2012,Soya beans,24718.317076536,5.930362018824484
PRY,Paraguay,South America,2013,Soya beans,16178.40134705144,6.249338294663029
PRY,Paraguay,South America,2014,Soya beans,15804.81840621826,6.950382307085272
PRY,Paraguay,South America,2015,Soya beans,9541.023916678922,6.645611348494992
PRY,Paraguay,South America,2016,Soya beans,8190.135381996512,5.392718748254916
PRY,Paraguay,South America,2017,Soya beans,9083.613713184799,4.136460959107513
PRY,Paraguay,South America,2018,Soya beans,6597.200542511648,3.258606061594405
PRY,Paraguay,South America,2019,Soya beans,7371.573165407177,2.652684856775002
PRY,Paraguay,South America,2020,Soya beans,21787.43314192822,2.743040501971801
PRY,Paraguay,South America,2021,Soya beans,24864.52779687895,2.699715378406094
PRY,Paraguay,South America,2022,Soya beans,3890.558110593382,2.345778993584968
PRY,Paraguay,South America,2023,Soya beans,212.4097708177754,1.947415009680675
PSE,Palestine,Rest of Asia,2001,Cattle meat,0.05413693095093698,0.0
PSE,Palestine,Rest of Asia,2002,Cattle meat,0.1239432540893555,0.0
PSE,Palestine,Rest of Asia,2003,Cattle meat,0.04596238844800762,0.0
PSE,Palestine,Rest of Asia,2004,Cattle meat,0.01816754680355069,0.0
PSE,Palestine,Rest of Asia,2005,Cattle meat,0.01215054545848167,8.977309452843091e-06
PSE,Palestine,Rest of Asia,2006,Cattle meat,0.0,6.981640934412459e-06
PSE,Palestine,Rest of Asia,2007,Cattle meat,0.124140171508789,7.76860066527365e-06
PSE,Palestine,Rest of Asia,2008,Cattle meat,0.0,6.202698618957963e-06
PSE,Palestine,Rest of Asia,2009,Cattle meat,0.1870297250366211,1.194169004693038e-05
PSE,Palestine,Rest of Asia,2010,Cattle meat,0.0,1.157466967069834e-05
PSE,Palestine,Rest of Asia,2011,Cattle meat,0.0,1.157466967069834e-05
PSE,Palestine,Rest of Asia,2012,Cattle meat,0.0,6.44213361578051e-06
PSE,Palestine,Rest of Asia,2013,Cattle meat,0.0,6.44213361578051e-06
PSE,Palestine,Rest of Asia,2014,Cattle meat,0.0,0.0
PSE,Palestine,Rest of Asia,2015,Cattle meat,0.09939558366696596,3.083437507087513e-06
PSE,Palestine,Rest of Asia,2016,Cattle meat,0.0,3.083437507087513e-06
PSE,Palestine,Rest of Asia,2017,Cattle meat,0.0,3.083437507087513e-06
PSE,Palestine,Rest of Asia,2018,Cattle meat,0.185789048461914,1.030455438310551e-05
PSE,Palestine,Rest of Asia,2019,Cattle meat,0.0,1.030455438310551e-05
PSE,Palestine,Rest of Asia,2020,Cattle meat,0.1241139688110351,1.10968652006641e-05
PSE,Palestine,Rest of Asia,2021,Cattle meat,0.0,1.10968652006641e-05
PSE,Palestine,Rest of Asia,2022,Cattle meat,0.0,1.10968652006641e-05
PSE,Palestine,Rest of Asia,2023,Cattle meat,0.0,3.875748324646106e-06
REU,Réunion,Africa,2001,Cattle meat,1.845453126831055,0.0
REU,Réunion,Africa,2002,Cattle meat,68.05654989759978,0.0
REU,Réunion,Africa,2003,Cattle meat,23.60581746648572,0.0
REU,Réunion,Africa,2004,Cattle meat,0.0,0.0
REU,Réunion,Africa,2005,Cattle meat,34.68415709225284,0.008926401128441609
REU,Réunion,Africa,2006,Cattle meat,62.08975830020733,0.01338202136807511
ROU,Romania,Europe,2001,Cattle meat,0.0,0.0
ROU,Romania,Europe,2002,Cattle meat,0.0,0.0
ROU,Romania,Europe,2003,Cattle meat,0.0,0.0
ROU,Romania,Europe,2004,Cattle meat,0.0,0.0
ROU,Romania,Europe,2005,Cattle meat,0.0,0.0
ROU,Romania,Europe,2006,Cattle meat,0.0,0.0
ROU,Romania,Europe,2007,Cattle meat,34.44230874025585,0.002183737760667158
ROU,Romania,Europe,2008,Cattle meat,62.2183523583625,0.006702045921122146
ROU,Romania,Europe,2009,Cattle meat,178.3881111235997,0.01834416657941174
ROU,Romania,Europe,2010,Cattle meat,250.6414220361412,0.03586435295130305
ROU,Romania,Europe,2011,Cattle meat,277.7305295151992,0.05265747613165447
ROU,Romania,Europe,2012,Cattle meat,531.2831666938894,0.08352426263179194
ROU,Romania,Europe,2013,Cattle meat,0.0,0.07900595447133694
ROU,Romania,Europe,2014,Cattle meat,0.0,0.06736383381304736
ROU,Romania,Europe,2015,Cattle meat,0.0,0.04984364744115605
ROU,Romania,Europe,2016,Cattle meat,0.0,0.03305052426080463
ROU,Romania,Europe,2017,Cattle meat,0.0,0.0
ROU,Romania,Europe,2018,Cattle meat,0.0,0.0
ROU,Romania,Europe,2019,Cattle meat,0.0,0.0
ROU,Romania,Europe,2020,Cattle meat,0.0,0.0
ROU,Romania,Europe,2021,Cattle meat,0.0,0.0
ROU,Romania,Europe,2022,Cattle meat,0.0,0.0
ROU,Romania,Europe,2023,Cattle meat,0.0,0.0
ROU,Romania,Europe,2001,Soya beans,10.5697200857528,0.0
ROU,Romania,Europe,2002,Soya beans,9.948158475844323,0.0
ROU,Romania,Europe,2003,Soya beans,3.152879229599925,0.0
ROU,Romania,Europe,2004,Soya beans,0.0,0.0
ROU,Romania,Europe,2005,Soya beans,0.0,0.001610143112832534
ROU,Romania,Europe,2006,Soya beans,0.0,0.0009104718958664857
ROU,Romania,Europe,2007,Soya beans,0.0,0.0002208819640901829
ROU,Romania,Europe,2008,Soya beans,11.22340778901328,0.000950592942901155
ROU,Romania,Europe,2009,Soya beans,2.534677770172454,0.001117623945378128
ROU,Romania,Europe,2010,Soya beans,0.1211877577779533,0.001124554596092929
ROU,Romania,Europe,2011,Soya beans,0.6791268639112319,0.001162812461927017
ROU,Romania,Europe,2012,Soya beans,7.894533665733545,0.002211971791696927
ROU,Romania,Europe,2013,Soya beans,3.411419939444071,0.001641328087972802
ROU,Romania,Europe,2014,Soya beans,21.08562687410578,0.004059021263487293
ROU,Romania,Europe,2015,Soya beans,10.21671228409157,0.005644540513943029
ROU,Romania,Europe,2016,Soya beans,39.63520280737865,0.008314762193673431
ROU,Romania,Europe,2017,Soya beans,2.020261534131163,0.007378970480321524
ROU,Romania,Europe,2018,Soya beans,0.0,0.006999021241144494
ROU,Romania,Europe,2019,Soya beans,0.0,0.004414297063153031
ROU,Romania,Europe,2020,Soya beans,0.0,0.002821847161982494
ROU,Romania,Europe,2021,Soya beans,0.0,0.0001133676164180046
ROU,Romania,Europe,2022,Soya beans,2.344935224915492,0.0002390984720173195
ROU,Romania,Europe,2023,Soya beans,2.157005101872291,0.0004990974535724602
RUS,Russia,North Asia,2001,Cattle meat,15457.31953847648,0.03125545311158142
RUS,Russia,North Asia,2002,Cattle meat,12335.82102138371,0.05092323945663096
RUS,Russia,North Asia,2003,Cattle meat,6359.444845076831,0.06486504927698006
RUS,Russia,North Asia,2004,Cattle meat,15622.29269701085,0.0980983640474199
RUS,Russia,North Asia,2005,Cattle meat,8281.177230530013,3.035883465484756
RUS,Russia,North Asia,2006,Cattle meat,7460.870602914535,2.666097208299379
RUS,Russia,North Asia,2007,Cattle meat,7331.263206130476,2.437990793271207
RUS,Russia,North Asia,2008,Cattle meat,7794.344712313641,2.529722256133799
RUS,Russia,North Asia,2009,Cattle meat,8914.06284273966,2.231975411397527
RUS,Russia,North Asia,2010,Cattle meat,9864.508981804831,2.373087572754218
RUS,Russia,North Asia,2011,Cattle meat,8808.145905204596,2.493207839288756
RUS,Russia,North Asia,2012,Cattle meat,15317.29609796123,2.922202564008562
RUS,Russia,North Asia,2013,Cattle meat,10718.48239706679,3.06455510655846
RUS,Russia,North Asia,2014,Cattle meat,7788.032255244051,3.003947559174604
RUS,Russia,North Asia,2015,Cattle meat,4640.893479713841,2.709510755503589
RUS,Russia,North Asia,2016,Cattle meat,4834.269384821625,2.469466352378775
RUS,Russia,North Asia,2017,Cattle meat,5006.481928194646,1.945058188678061
RUS,Russia,North Asia,2018,Cattle meat,2998.225003653882,1.609082831896189
RUS,Russia,North Asia,2019,Cattle meat,2795.298397997688,1.374937093684873
RUS,Russia,North Asia,2020,Cattle meat,3545.617174099267,1.318582125458405
RUS,Russia,North Asia,2021,Cattle meat,2506.260143324259,1.20374074367397
RUS,Russia,North Asia,2022,Cattle meat,2178.546518635811,1.062714752094348
RUS,Russia,North Asia,2023,Cattle meat,998.4368884729536,0.9389155711048948
RUS,Russia,North Asia,2001,Soya beans,513.9500163952005,0.0001404720347414945
RUS,Russia,North Asia,2002,Soya beans,474.6792083647085,0.0004077474055770183
RUS,Russia,North Asia,2003,Soya beans,65.46455360224006,0.0004464967294551461
RUS,Russia,North Asia,2004,Soya beans,103.9630702842565,0.0005058890100926201
RUS,Russia,North Asia,2005,Soya beans,62.3200469359621,0.05936070510078886
RUS,Russia,North Asia,2006,Soya beans,0.0,0.03427635739444768
RUS,Russia,North Asia,2007,Soya beans,1085.145384167736,0.06943362362960716
RUS,Russia,North Asia,2008,Soya beans,596.3999637783157,0.09761440278036179
RUS,Russia,North Asia,2009,Soya beans,794.3783654877179,0.1347399574342909
RUS,Russia,North Asia,2010,Soya beans,116.4793538392273,0.1381930982593556
RUS,Russia,North Asia,2011,Soya beans,1206.913531286472,0.2064914807106361
RUS,Russia,North Asia,2012,Soya beans,890.1681168832034,0.198616076132509
RUS,Russia,North Asia,2013,Soya beans,729.5809430050938,0.2069334986740609
RUS,Russia,North Asia,2014,Soya beans,473.492252237916,0.1923525658097488
RUS,Russia,North Asia,2015,Soya beans,475.4761892905722,0.2133636292905354
RUS,Russia,North Asia,2016,Soya beans,994.4319522247671,0.2019034240870336
RUS,Russia,North Asia,2017,Soya beans,235.5894224547303,0.1688056749183522
RUS,Russia,North Asia,2018,Soya beans,339.1291713274939,0.1533869191857125
RUS,Russia,North Asia,2019,Soya beans,217.1876855237996,0.1410417780387286
RUS,Russia,North Asia,2020,Soya beans,273.0390209804025,0.1292999708258972
RUS,Russia,North Asia,2021,Soya beans,257.8142821296086,0.0891884901375216
RUS,Russia,North Asia,2022,Soya beans,157.2276735009935,0.08524596182751806
RUS,Russia,North Asia,2023,Soya beans,88.48708940815065,0.0692817272337547
RWA,Rwanda,Africa,2001,Cattle meat,0.0,0.0
RWA,Rwanda,Africa,2002,Cattle meat,0.0,0.0
RWA,Rwanda,Africa,2003,Cattle meat,0.0,0.0
RWA,Rwanda,Africa,2004,Cattle meat,0.0,0.0
RWA,Rwanda,Africa,2005,Cattle meat,0.0,0.0
RWA,Rwanda,Africa,2006,Cattle meat,0.0,0.0
RWA,Rwanda,Africa,2007,Cattle meat,0.0,0.0
RWA,Rwanda,Africa,2008,Cattle meat,0.0,0.0
RWA,Rwanda,Africa,2009,Cattle meat,0.0,0.0
RWA,Rwanda,Africa,2010,Cattle meat,0.0,0.0
RWA,Rwanda,Africa,2011,Cattle meat,0.0,0.0
RWA,Rwanda,Africa,2012,Cattle meat,0.0,0.0
RWA,Rwanda,Africa,2013,Cattle meat,0.0,0.0
RWA,Rwanda,Africa,2014,Cattle meat,0.0,0.0
RWA,Rwanda,Africa,2015,Cattle meat,0.0,0.0
RWA,Rwanda,Africa,2016,Cattle meat,0.0,0.0
RWA,Rwanda,Africa,2017,Cattle meat,0.0,0.0
RWA,Rwanda,Africa,2018,Cattle meat,0.0,0.0
RWA,Rwanda,Africa,2019,Cattle meat,0.0,0.0
RWA,Rwanda,Africa,2020,Cattle meat,0.0,0.0
RWA,Rwanda,Africa,2021,Cattle meat,1012.123206125198,0.05297544664410733
RWA,Rwanda,Africa,2022,Cattle meat,1178.269248421916,0.1140438082397047
RWA,Rwanda,Africa,2023,Cattle meat,783.523331021351,0.1554162472752517
RWA,Rwanda,Africa,2001,Oil palm fruit,1.076081475830078,1.94146878700479e-07
RWA,Rwanda,Africa,2002,Oil palm fruit,0.7688393127441406,3.936823466952025e-07
RWA,Rwanda,Africa,2003,Oil palm fruit,2.459358215332031,1.27664360983068e-06
RWA,Rwanda,Africa,2004,Oil palm fruit,0.23063994140625,1.325568592375937e-06
RWA,Rwanda,Africa,2005,Oil palm fruit,0.5380426879882813,0.0003489521040950757
RWA,Rwanda,Africa,2006,Oil palm fruit,0.07684513549804688,0.0002932199995537863
RWA,Rwanda,Africa,2007,Oil palm fruit,0.6147764282226563,0.0002583743917216076
RWA,Rwanda,Africa,2008,Oil palm fruit,1.613956689453125,0.0001789171854952719
RWA,Rwanda,Africa,2009,Oil palm fruit,0.3843328552246094,0.0001719264617237125
RWA,Rwanda,Africa,2010,Oil palm fruit,2.228771911621094,0.000244358741101638
RWA,Rwanda,Africa,2011,Oil palm fruit,0.7686680419921875,0.000287876606157959
RWA,Rwanda,Africa,2012,Oil palm fruit,6.686292175292969,0.0005400662179311412
RWA,Rwanda,Africa,2013,Oil palm fruit,26.20706068115233,0.001184001775839648
RWA,Rwanda,Africa,2014,Oil palm fruit,22.6722409301758,0.001728374886521123
RWA,Rwanda,Africa,2015,Oil palm fruit,5.918309106445313,0.001868542417551208
RWA,Rwanda,Africa,2016,Oil palm fruit,17.82956076660157,0.002456154207303005
RWA,Rwanda,Africa,2017,Oil palm fruit,34.5827080383301,0.003136798908583688
RWA,Rwanda,Africa,2018,Oil palm fruit,46.18879844360351,0.003497679409572242
RWA,Rwanda,Africa,2019,Oil palm fruit,4.381246539306641,0.003054392923254135
RWA,Rwanda,Africa,2020,Oil palm fruit,0.0,0.002824393612004731
RWA,Rwanda,Africa,2021,Oil palm fruit,0.0,0.002234887968098065
RWA,Rwanda,Africa,2022,Oil palm fruit,0.0,0.001402971920527617
RWA,Rwanda,Africa,2023,Oil palm fruit,0.0,0.0003263888347228899
RWA,Rwanda,Africa,2001,Soya beans,100.4879318416378,1.499453331190959e-05
RWA,Rwanda,Africa,2002,Soya beans,85.9744145306188,3.344840671899634e-05
RWA,Rwanda,Africa,2003,Soya beans,74.49952913378077,5.556953001996535e-05
RWA,Rwanda,Africa,2004,Soya beans,82.0449072040896,6.996353260529734e-05
RWA,Rwanda,Africa,2005,Soya beans,70.42110307632969,0.03073033636119954
RWA,Rwanda,Africa,2006,Soya beans,138.988220864316,0.03152468282408754
RWA,Rwanda,Africa,2007,Soya beans,183.5594445245198,0.03873082258845827
RWA,Rwanda,Africa,2008,Soya beans,0.0,0.03317227992867787
RWA,Rwanda,Africa,2009,Soya beans,0.0,0.02699509785719526
RWA,Rwanda,Africa,2010,Soya beans,0.0,0.02185768306363558
RWA,Rwanda,Africa,2011,Soya beans,0.0,0.01269254628155441
RWA,Rwanda,Africa,2012,Soya beans,24.19193051207737,0.001728615812246214
RWA,Rwanda,Africa,2013,Soya beans,33.49378216676104,0.003842743527576515
RWA,Rwanda,Africa,2014,Soya beans,67.46189721759023,0.008640130994654377
RWA,Rwanda,Africa,2015,Soya beans,10.6038745224058,0.009259865722030117
RWA,Rwanda,Africa,2016,Soya beans,0.4872001053269992,0.009289470872573204
RWA,Rwanda,Africa,2017,Soya beans,0.0,0.007701658299999032
RWA,Rwanda,Africa,2018,Soya beans,0.0,0.005593998450589841
RWA,Rwanda,Africa,2019,Soya beans,101.3976488195041,0.007979551485533696
RWA,Rwanda,Africa,2020,Soya beans,0.0,0.007367533084243048
RWA,Rwanda,Africa,2021,Soya beans,0.0,0.007338971005226321
RWA,Rwanda,Africa,2022,Soya beans,0.0,0.007338971005226321
RWA,Rwanda,Africa,2023,Soya beans,0.0,0.007338971005226321
SDN,Sudan,Africa,2012,Cattle meat,6.59727004500921,0.00115104038181398
SDN,Sudan,Africa,2013,Cattle meat,2.726045135590918,0.0004059727551689829
SDN,Sudan,Africa,2014,Cattle meat,1.512751161858418,0.0004688566977400758
SDN,Sudan,Africa,2015,Cattle meat,0.7707388738052287,0.0005069093565989813
SDN,Sudan,Africa,2016,Cattle meat,10.40623568639379,0.0009569417315328175
SDN,Sudan,Africa,2017,Cattle meat,46.11470912872428,0.002665256994484114
SDN,Sudan,Africa,2018,Cattle meat,23.48877798791272,0.003475787351080833
SDN,Sudan,Africa,2019,Cattle meat,41.98857525881628,0.005216292981925445
SDN,Sudan,Africa,2020,Cattle meat,66.70718050723512,0.008064599294098286
SDN,Sudan,Africa,2021,Cattle meat,46.70223960496886,0.009734559647588252
SDN,Sudan,Africa,2022,Cattle meat,40.81115445386813,0.009691639819633934
SDN,Sudan,Africa,2023,Cattle meat,40.6435646169417,0.01040778850085014
SDN and SSD,Sudan and South Sudan,Africa,2001,Cattle meat,1400.327447813075,0.0002205601076010114
SDN and SSD,Sudan and South Sudan,Africa,2002,Cattle meat,1333.277719102041,0.0003536898269305193
SDN and SSD,Sudan and South Sudan,Africa,2003,Cattle meat,1010.76139659935,0.000627110327458231
SDN and SSD,Sudan and South Sudan,Africa,2004,Cattle meat,2807.704610202944,0.001221112282246691
SDN and SSD,Sudan and South Sudan,Africa,2005,Cattle meat,3556.274904369579,0.4036516825526983
SDN and SSD,Sudan and South Sudan,Africa,2006,Cattle meat,869.4143672137794,0.375527704383479
SDN and SSD,Sudan and South Sudan,Africa,2007,Cattle meat,1186.980960951353,0.3674711534450473
SDN and SSD,Sudan and South Sudan,Africa,2008,Cattle meat,1180.311444385489,0.3684572315293927
SDN and SSD,Sudan and South Sudan,Africa,2009,Cattle meat,469.0079915943446,0.2766843655465781
SDN and SSD,Sudan and South Sudan,Africa,2010,Cattle meat,216.9927009872372,0.1546097303624009
SDN and SSD,Sudan and South Sudan,Africa,2011,Cattle meat,313.4386901070291,0.1361119267056693
SEN,Senegal,Africa,2001,Cattle meat,29.16265059528186,0.0
SEN,Senegal,Africa,2002,Cattle meat,0.0,0.0
SEN,Senegal,Africa,2003,Cattle meat,0.0,0.0
SEN,Senegal,Africa,2004,Cattle meat,0.0,0.0
SEN,Senegal,Africa,2005,Cattle meat,0.330946325963333,0.001432015023128328
SEN,Senegal,Africa,2006,Cattle meat,0.09510529158482914,2.412463988095787e-05
SEN,Senegal,Africa,2007,Cattle meat,0.3916216364141186,4.298330065644472e-05
SEN,Senegal,Africa,2008,Cattle meat,52.4701850149536,0.002426767291313755
SEN,Senegal,Africa,2009,Cattle meat,40.01740860046387,0.004398066974253109
SEN,Senegal,Africa,2010,Cattle meat,35.93289941903986,0.006080704195184381
SEN,Senegal,Africa,2011,Cattle meat,6.348737376660365,0.006404701779107138
SEN,Senegal,Africa,2012,Cattle meat,0.3668216162592561,0.006401003761813797
SEN,Senegal,Africa,2013,Cattle meat,0.7954665576689839,0.004098669850526192
SEN,Senegal,Africa,2014,Cattle meat,0.4083317224052422,0.002188409864287368
SEN,Senegal,Africa,2015,Cattle meat,1.078833561942197,0.0005422222672026377
SEN,Senegal,Africa,2016,Cattle meat,0.5691605999811193,0.0002560340417719628
SEN,Senegal,Africa,2017,Cattle meat,4.220549462808696,0.0004257537034826991
SEN,Senegal,Africa,2018,Cattle meat,2.245722576728434,0.0004833277035841281
SEN,Senegal,Africa,2019,Cattle meat,3.032615995539955,0.000608240558093457
SEN,Senegal,Africa,2020,Cattle meat,1.16469087711675,0.000614160577929135
SEN,Senegal,Africa,2021,Cattle meat,1.785824807740417,0.000673357644428958
SEN,Senegal,Africa,2022,Cattle meat,2.427310760040363,0.0006008270802962132
SEN,Senegal,Africa,2023,Cattle meat,1.366149530543303,0.0005631296077701082
SEN,Senegal,Africa,2001,Oil palm fruit,0.02199338877408287,0.0
SEN,Senegal,Africa,2002,Oil palm fruit,0.1429998828780454,8.731662341874237e-08
SEN,Senegal,Africa,2003,Oil palm fruit,0.0,8.731662341874237e-08
SEN,Senegal,Africa,2004,Oil palm fruit,0.03288322107026202,8.731662341874237e-08
SEN,Senegal,Africa,2005,Oil palm fruit,0.0653126683181139,3.259361174687176e-06
SEN,Senegal,Africa,2006,Oil palm fruit,0.04452123765516199,3.758971080439643e-06
SEN,Senegal,Africa,2007,Oil palm fruit,0.2272780004668951,4.709261374460769e-06
SEN,Senegal,Africa,2008,Oil palm fruit,0.5274054220588444,8.378731322896633e-06
SEN,Senegal,Africa,2009,Oil palm fruit,2.76993221916715,2.554603485289495e-05
SEN,Senegal,Africa,2010,Oil palm fruit,0.3332055125697461,2.726697547824569e-05
SEN,Senegal,Africa,2011,Oil palm fruit,0.07971150257294908,2.775677123769815e-05
SEN,Senegal,Africa,2012,Oil palm fruit,0.01758749970761034,2.555050587945457e-05
SEN,Senegal,Africa,2013,Oil palm fruit,0.009265469426958986,2.194421025951145e-05
SEN,Senegal,Africa,2014,Oil palm fruit,0.01011961571180106,4.597620019928403e-06
SEN,Senegal,Africa,2015,Oil palm fruit,0.003034667779205995,2.081702783123641e-06
SEN,Senegal,Africa,2016,Oil palm fruit,0.03613274942189925,1.401825480310754e-06
SEN,Senegal,Africa,2017,Oil palm fruit,0.0240326468717375,1.370342988022112e-06
SEN,Senegal,Africa,2018,Oil palm fruit,0.004164928247499772,1.332267132912155e-06
SEN,Senegal,Africa,2019,Oil palm fruit,0.0,1.282616735187394e-06
SEN,Senegal,Africa,2020,Oil palm fruit,0.1112894413764339,2.652213485323604e-06
SEN,Senegal,Africa,2021,Oil palm fruit,0.0,2.516134815488699e-06
SEN,Senegal,Africa,2022,Oil palm fruit,0.0,2.439643309500615e-06
SEN,Senegal,Africa,2023,Oil palm fruit,0.00207370653491235,2.421792706492406e-06
SGP,Singapore,Southeast Asia,2001,Cattle meat,1.545724243764365,3.928687227318693e-05
SGP,Singapore,Southeast Asia,2002,Cattle meat,4.189238613199517,6.025484138617498e-05
SGP,Singapore,Southeast Asia,2003,Cattle meat,0.07352132985073645,6.059855924606072e-05
SGP,Singapore,Southeast Asia,2004,Cattle meat,0.3677736225571772,6.557369659311323e-05
SGP,Singapore,Southeast Asia,2005,Cattle meat,0.9865421134020936,0.0003978873668816568
SGP,Singapore,Southeast Asia,2006,Cattle meat,0.5269521062422738,0.0003746258949652385
SGP,Singapore,Southeast Asia,2007,Cattle meat,0.5999576871653503,0.0002225015644576182
SGP,Singapore,Southeast Asia,2008,Cattle meat,2.070820687573117,0.0003374566827009367
SGP,Singapore,Southeast Asia,2009,Cattle meat,2.683842388468607,0.0004877531166116576
SGP,Singapore,Southeast Asia,2010,Cattle meat,0.6335106213828342,0.000474458886537965
SGP,Singapore,Southeast Asia,2011,Cattle meat,1.268957589397659,0.0005164220801443375
SGP,Singapore,Southeast Asia,2012,Cattle meat,1.636622216560845,0.0005730241252069161
SGP,Singapore,Southeast Asia,2013,Cattle meat,0.06457628735136732,0.0004571744677439212
SGP,Singapore,Southeast Asia,2014,Cattle meat,1.358163003152372,0.0003708677139833027
SGP,Singapore,Southeast Asia,2015,Cattle meat,0.6016588863195477,0.0003639565872127875
SGP,Singapore,Southeast Asia,2016,Cattle meat,3.308256024907253,0.0004302995917896482
SGP,Singapore,Southeast Asia,2017,Cattle meat,3.034380865838223,0.0005351607230743089
SGP,Singapore,Southeast Asia,2018,Cattle meat,0.2081366280365743,0.0005428558302550963
SGP,Singapore,Southeast Asia,2019,Cattle meat,0.2687125656676111,0.0004963402461564451
SGP,Singapore,Southeast Asia,2020,Cattle meat,1.318415674066813,0.0005835179277486177
SGP,Singapore,Southeast Asia,2021,Cattle meat,0.6295707585783787,0.0004848495829893353
SGP,Singapore,Southeast Asia,2022,Cattle meat,1.802290082031855,0.0005067901099985945
SGP,Singapore,Southeast Asia,2023,Cattle meat,0.8664855391179044,0.0005365326183050978
SLB,Solomon Islands,Oceania,2001,Cattle meat,266.0471281271672,0.0004633571701491082
SLB,Solomon Islands,Oceania,2002,Cattle meat,36.06059094108193,0.0005945381552050871
SLB,Solomon Islands,Oceania,2003,Cattle meat,0.0,0.0005945381552050871
SLB,Solomon Islands,Oceania,2004,Cattle meat,0.0,0.0005945381552050871
SLB,Solomon Islands,Oceania,2005,Cattle meat,0.0,0.03583407479887531
SLB,Solomon Islands,Oceania,2006,Cattle meat,0.0,0.004785207806547029
SLB,Solomon Islands,Oceania,2007,Cattle meat,193.6118802712425,0.02887931402819358
SLB,Solomon Islands,Oceania,2008,Cattle meat,73.72375007543643,0.03928965100612122
SLB,Solomon Islands,Oceania,2009,Cattle meat,140.2237500754364,0.05938746329983155
SLB,Solomon Islands,Oceania,2010,Cattle meat,0.0,0.05938746329983155
SLB,Solomon Islands,Oceania,2011,Cattle meat,0.0,0.05938746329983155
SLB,Solomon Islands,Oceania,2012,Cattle meat,0.0,0.03822399533142341
SLB,Solomon Islands,Oceania,2013,Cattle meat,0.0,0.03057092660631709
SLB,Solomon Islands,Oceania,2014,Cattle meat,0.0,0.01571748256542809
SLB,Solomon Islands,Oceania,2015,Cattle meat,0.0,0.01571748256542809
SLB,Solomon Islands,Oceania,2016,Cattle meat,0.0,0.01571748256542809
SLB,Solomon Islands,Oceania,2017,Cattle meat,0.0,0.01571748256542809
SLB,Solomon Islands,Oceania,2018,Cattle meat,0.0,0.01571748256542809
SLB,Solomon Islands,Oceania,2019,Cattle meat,0.0,0.01571748256542809
SLB,Solomon Islands,Oceania,2020,Cattle meat,0.0,0.01571748256542809
SLB,Solomon Islands,Oceania,2021,Cattle meat,0.0,0.01571748256542809
SLB,Solomon Islands,Oceania,2022,Cattle meat,0.0,0.01571748256542809
SLB,Solomon Islands,Oceania,2023,Cattle meat,0.0,0.01571748256542809
SLB,Solomon Islands,Oceania,2001,Oil palm fruit,5.161846051025392,1.239097022387695e-05
SLB,Solomon Islands,Oceania,2002,Oil palm fruit,10.17214876098632,0.0001652130502260131
SLB,Solomon Islands,Oceania,2003,Oil palm fruit,69.64215124218369,0.0003469475893541258
SLB,Solomon Islands,Oceania,2004,Oil palm fruit,69.93963806949243,0.0003552082879764403
SLB,Solomon Islands,Oceania,2005,Oil palm fruit,567.3573891560485,-0.01292848538147043
SLB,Solomon Islands,Oceania,2006,Oil palm fruit,951.4231842853585,0.009243660800077854
SLB,Solomon Islands,Oceania,2007,Oil palm fruit,60.90086913748578,0.01352804283611598
SLB,Solomon Islands,Oceania,2008,Oil palm fruit,41.02103197723795,0.01918779850231565
SLB,Solomon Islands,Oceania,2009,Oil palm fruit,12.8823369132619,0.0232946318801277
SLB,Solomon Islands,Oceania,2010,Oil palm fruit,854.674378072992,-0.001515362950421774
SLB,Solomon Islands,Oceania,2011,Oil palm fruit,595.1897690577783,-0.03196277202967444
SLB,Solomon Islands,Oceania,2012,Oil palm fruit,965.8415715080496,-0.07009979410906199
SLB,Solomon Islands,Oceania,2013,Oil palm fruit,1010.991844671605,-0.09879047119767388
SLB,Solomon Islands,Oceania,2014,Oil palm fruit,683.1480660438524,-0.1261030386614658
SLB,Solomon Islands,Oceania,2015,Oil palm fruit,777.6981293700969,-0.1121621055479351
SLB,Solomon Islands,Oceania,2016,Oil palm fruit,615.0717094622938,-0.1184337456110311
SLB,Solomon Islands,Oceania,2017,Oil palm fruit,493.7607457927363,-0.1049277560702151
SLB,Solomon Islands,Oceania,2018,Oil palm fruit,1344.594452865096,-0.1370665413635898
SLB,Solomon Islands,Oceania,2019,Oil palm fruit,1254.7835208728,-0.165058528322422
SLB,Solomon Islands,Oceania,2020,Oil palm fruit,1400.567058922127,-0.1994574872687341
SLB,Solomon Islands,Oceania,2021,Oil palm fruit,127.1838660654373,-0.1806050622118327
SLB,Solomon Islands,Oceania,2022,Oil palm fruit,1040.383281938505,-0.20330097001761
SLB,Solomon Islands,Oceania,2023,Oil palm fruit,917.0824904838059,-0.1720682366129496
SLE,Sierra Leone,Africa,2001,Cattle meat,0.0,0.0
SLE,Sierra Leone,Africa,2002,Cattle meat,0.0,0.0
SLE,Sierra Leone,Africa,2003,Cattle meat,0.0,0.0
SLE,Sierra Leone,Africa,2004,Cattle meat,119.8141295493193,0.0002773555446455976
SLE,Sierra Leone,Africa,2005,Cattle meat,196.8288048504271,0.01984932443227182
SLE,Sierra Leone,Africa,2006,Cattle meat,791.7836614704432,0.07020842233056003
SLE,Sierra Leone,Africa,2007,Cattle meat,0.0,0.07020842233056003
SLE,Sierra Leone,Africa,2008,Cattle meat,0.0,0.07020842233056003
SLE,Sierra Leone,Africa,2009,Cattle meat,36.02068029376671,0.0645884100898634
SLE,Sierra Leone,Africa,2010,Cattle meat,18.01443981287143,0.05440521903187753
SLE,Sierra Leone,Africa,2011,Cattle meat,790.7180539164469,0.05742416289479233
SLE,Sierra Leone,Africa,2012,Cattle meat,0.0,0.05742416289479233
SLE,Sierra Leone,Africa,2013,Cattle meat,390.1391062370897,0.07741490093195534
SLE,Sierra Leone,Africa,2014,Cattle meat,573.1452004917556,0.1035702967554955
SLE,Sierra Leone,Africa,2015,Cattle meat,516.7835506343717,0.1272876210453737
SLE,Sierra Leone,Africa,2016,Cattle meat,600.484682630178,0.1088292877090327
SLE,Sierra Leone,Africa,2017,Cattle meat,325.6369714602985,0.1298508339654462
SLE,Sierra Leone,Africa,2018,Cattle meat,334.058487187425,0.1328082510464977
SLE,Sierra Leone,Africa,2019,Cattle meat,334.2659369322088,0.127007168414828
SLE,Sierra Leone,Africa,2020,Cattle meat,799.7433687888462,0.1517464651938085
SLE,Sierra Leone,Africa,2021,Cattle meat,766.1733415705767,0.1694614705734194
SLE,Sierra Leone,Africa,2022,Cattle meat,694.2215877699159,0.1940410140027982
SLE,Sierra Leone,Africa,2023,Cattle meat,713.796367409061,0.2213306152510695
SLE,Sierra Leone,Africa,2001,Oil palm fruit,4.500878596599702,0.0
SLE,Sierra Leone,Africa,2002,Oil palm fruit,3.280523017884799,0.0
SLE,Sierra Leone,Africa,2003,Oil palm fruit,0.0,0.0
SLE,Sierra Leone,Africa,2004,Oil palm fruit,0.0,0.0
SLE,Sierra Leone,Africa,2005,Oil palm fruit,0.07624259033203125,-0.000327013957060783
SLE,Sierra Leone,Africa,2006,Oil palm fruit,1.576285876584757,-0.0001636788968469529
SLE,Sierra Leone,Africa,2007,Oil palm fruit,4.143691212424792,-0.0001913518534672992
SLE,Sierra Leone,Africa,2008,Oil palm fruit,2.137254402268968,-0.000259862963316256
SLE,Sierra Leone,Africa,2009,Oil palm fruit,3.269828605865772,-0.0003339485961899436
SLE,Sierra Leone,Africa,2010,Oil palm fruit,1.343672772939666,-0.0003933140803933102
SLE,Sierra Leone,Africa,2011,Oil palm fruit,3.384972926327462,-0.0003776892135613672
SLE,Sierra Leone,Africa,2012,Oil palm fruit,32.61216893629755,-0.001519990851698628
SLE,Sierra Leone,Africa,2013,Oil palm fruit,59.35228461994627,-0.003889746121054252
SLE,Sierra Leone,Africa,2014,Oil palm fruit,215.653740151522,-0.01310496991212141
SLE,Sierra Leone,Africa,2015,Oil palm fruit,41.59771090110627,-0.01459249811031005
SLE,Sierra Leone,Africa,2016,Oil palm fruit,678.8996939143759,-0.04439051737996894
SLE,Sierra Leone,Africa,2017,Oil palm fruit,118.7252567540862,-0.04826404049524017
SLE,Sierra Leone,Africa,2018,Oil palm fruit,47.10470633272556,-0.0478743567944126
SLE,Sierra Leone,Africa,2019,Oil palm fruit,29.6305042493474,-0.03985563925435751
SLE,Sierra Leone,Africa,2020,Oil palm fruit,46.63416590437331,-0.04033195129831962
SLE,Sierra Leone,Africa,2021,Oil palm fruit,521.0374565905657,-0.03342963131910331
SLE,Sierra Leone,Africa,2022,Oil palm fruit,16.41713716541741,-0.02896444522696031
SLE,Sierra Leone,Africa,2023,Oil palm fruit,40.65258001192626,-0.02870125500654462
SLV,El Salvador,North and Central America,2001,Cattle meat,0.0,0.0
SLV,El Salvador,North and Central America,2002,Cattle meat,0.0,0.0
SLV,El Salvador,North and Central America,2003,Cattle meat,0.0,0.0
SLV,El Salvador,North and Central America,2004,Cattle meat,0.0,0.0
SLV,El Salvador,North and Central America,2005,Cattle meat,0.0,0.0
SLV,El Salvador,North and Central America,2006,Cattle meat,0.0,0.0
SLV,El Salvador,North and Central America,2007,Cattle meat,0.0,0.0
SLV,El Salvador,North and Central America,2008,Cattle meat,0.0,0.0
SLV,El Salvador,North and Central America,2009,Cattle meat,0.0,0.0
SLV,El Salvador,North and Central America,2010,Cattle meat,0.0,0.0
SLV,El Salvador,North and Central America,2011,Cattle meat,0.0,0.0
SLV,El Salvador,North and Central America,2012,Cattle meat,0.0,0.0
SLV,El Salvador,North and Central America,2013,Cattle meat,0.0,0.0
SLV,El Salvador,North and Central America,2014,Cattle meat,0.0,0.0
SLV,El Salvador,North and Central America,2015,Cattle meat,0.0,0.0
SLV,El Salvador,North and Central America,2016,Cattle meat,0.0,0.0
SLV,El Salvador,North and Central America,2017,Cattle meat,0.0,0.0
SLV,El Salvador,North and Central America,2018,Cattle meat,64.03735442013279,0.003396267674889192
SLV,El Salvador,North and Central America,2019,Cattle meat,56.86555937478837,0.006452279764323795
SLV,El Salvador,North and Central America,2020,Cattle meat,25.79425237390616,0.00777085050123815
SLV,El Salvador,North and Central America,2021,Cattle meat,21.40119910313945,0.008916362776142677
SLV,El Salvador,North and Central America,2022,Cattle meat,11.67267369120095,0.009496176445628224
SLV,El Salvador,North and Central America,2023,Cattle meat,20.67721014410656,0.007208182868306884
SLV,El Salvador,North and Central America,2001,Soya beans,81.66509838464106,1.282340429444078e-05
SLV,El Salvador,North and Central America,2002,Soya beans,0.6680303954735314,1.348477689089656e-05
SLV,El Salvador,North and Central America,2003,Soya beans,0.1410666094776044,1.353100742387537e-05
SLV,El Salvador,North and Central America,2004,Soya beans,1.201086376984306,1.585274647430676e-05
SLV,El Salvador,North and Central America,2005,Soya beans,7.238764219230005,0.006443339050821298
SLV,El Salvador,North and Central America,2006,Soya beans,14.82935291355387,0.00177354880998408
SLV,El Salvador,North and Central America,2007,Soya beans,5.383363328239199,0.002119691873706526
SLV,El Salvador,North and Central America,2008,Soya beans,15.88295029440155,0.0032817765711595
SLV,El Salvador,North and Central America,2009,Soya beans,1.630724473629713,0.003323851990851426
SLV,El Salvador,North and Central America,2010,Soya beans,0.7406762531643041,0.002807673270671944
SLV,El Salvador,North and Central America,2011,Soya beans,1.53807080137629,0.00186943133590598
SLV,El Salvador,North and Central America,2012,Soya beans,6.271242339270145,0.001929927118583476
SLV,El Salvador,North and Central America,2013,Soya beans,1.41807326073895,0.0008638784030546704
SLV,El Salvador,North and Central America,2014,Soya beans,3.34871934276698,0.0009651572622613374
SLV,El Salvador,North and Central America,2015,Soya beans,0.0,0.0009139353061373102
SLV,El Salvador,North and Central America,2016,Soya beans,1.429134180176993,0.0009053900563239797
SLV,El Salvador,North and Central America,2017,Soya beans,0.35594976595928,0.000481556676126615
SLV,El Salvador,North and Central America,2018,Soya beans,0.0,0.0003859069935122353
SLV,El Salvador,North and Central America,2019,Soya beans,0.1256577617770638,0.0001787801232563583
SLV,El Salvador,North and Central America,2020,Soya beans,0.0,0.0001787801232563583
SLV,El Salvador,North and Central America,2021,Soya beans,0.0,8.122055696959714e-05
SLV,El Salvador,North and Central America,2022,Soya beans,0.009559682758968997,5.907429058742963e-05
SLV,El Salvador,North and Central America,2023,Soya beans,0.006550098338943853,5.947522166897124e-05
SOM,Somalia,Africa,2001,Cattle meat,143.9254290606123,0.0
SOM,Somalia,Africa,2002,Cattle meat,105.2919356452232,0.0
SOM,Somalia,Africa,2003,Cattle meat,91.63596250305176,0.0
SOM,Somalia,Africa,2004,Cattle meat,139.3628757733322,0.0
SOM,Somalia,Africa,2005,Cattle meat,153.2988222974622,0.01987019688234588
SOM,Somalia,Africa,2006,Cattle meat,36.55426983848578,0.01603220000851432
SOM,Somalia,Africa,2007,Cattle meat,63.61151207190702,0.01451742752603656
SOM,Somalia,Africa,2008,Cattle meat,114.8477503112266,0.01486622295169479
SOM,Somalia,Africa,2009,Cattle meat,154.4748527001953,0.01557763444248578
SOM,Somalia,Africa,2010,Cattle meat,65.9295030835714,0.01383537914402974
SOM,Somalia,Africa,2011,Cattle meat,15.91891258951259,0.01323883330584679
SOM,Somalia,Africa,2012,Cattle meat,14.27371743547411,0.01181263041902463
SOM,Somalia,Africa,2013,Cattle meat,123.5358351390191,0.0115274778766964
SOM,Somalia,Africa,2014,Cattle meat,37.75500314384871,0.007349455156202576
SOM,Somalia,Africa,2015,Cattle meat,6.261377988807621,0.005124224346586923
SOM,Somalia,Africa,2016,Cattle meat,15.04925350128387,0.004985531771261825
SOM,Somalia,Africa,2017,Cattle meat,37.66140429119334,0.005611209493610307
SOM,Somalia,Africa,2018,Cattle meat,5.916465698155875,0.002643261906397541
SOM,Somalia,Africa,2019,Cattle meat,63.54755840283746,0.003309906101702489
SOM,Somalia,Africa,2020,Cattle meat,83.09516791982205,0.00518936953394923
SOM,Somalia,Africa,2021,Cattle meat,78.84575715494199,0.006713513287380905
SOM,Somalia,Africa,2022,Cattle meat,62.33262225384078,0.007195358263961792
SOM,Somalia,Africa,2023,Cattle meat,95.3603409547161,0.009165081100022442
SRB,Serbia,Europe,2006,Cattle meat,0.0,0.0
SRB,Serbia,Europe,2007,Cattle meat,0.0,0.0
SRB,Serbia,Europe,2008,Cattle meat,0.0,0.0
SRB,Serbia,Europe,2009,Cattle meat,31.3451752624814,0.002584167643070331
SRB,Serbia,Europe,2010,Cattle meat,99.18760366858666,0.0107585221386287
SRB,Serbia,Europe,2011,Cattle meat,105.3651517139928,0.01920554130633213
SRB,Serbia,Europe,2012,Cattle meat,0.0,0.01920554130633213
SRB,Serbia,Europe,2013,Cattle meat,0.0,0.01920554130633213
SRB,Serbia,Europe,2014,Cattle meat,0.0,0.0166213736632618
SRB,Serbia,Europe,2015,Cattle meat,0.0,0.00844701916770343
SRB,Serbia,Europe,2016,Cattle meat,186.2560275726447,0.0150644126613111
SRB,Serbia,Europe,2017,Cattle meat,164.2729087613793,0.02703462342171409
SRB,Serbia,Europe,2018,Cattle meat,0.0,0.02703462342171409
SRB,Serbia,Europe,2019,Cattle meat,0.0,0.02703462342171409
SRB,Serbia,Europe,2020,Cattle meat,0.0,0.02703462342171409
SRB,Serbia,Europe,2021,Cattle meat,0.0,0.01197021076040299
SRB,Serbia,Europe,2022,Cattle meat,0.0,0.0
SRB,Serbia,Europe,2023,Cattle meat,0.0,0.0
SRB,Serbia,Europe,2006,Soya beans,0.0,0.001677769096134896
SRB,Serbia,Europe,2007,Soya beans,35.84367211866508,0.003728655475713327
SRB,Serbia,Europe,2008,Soya beans,8.251174393870455,0.00411444030869846
SRB,Serbia,Europe,2009,Soya beans,4.387709617482207,0.00425816885637805
SRB,Serbia,Europe,2010,Soya beans,0.0,0.004198242509267114
SRB,Serbia,Europe,2011,Soya beans,0.0,0.004198242509267114
SRB,Serbia,Europe,2012,Soya beans,56.04147546211691,0.00617151240386825
SRB,Serbia,Europe,2013,Soya beans,33.66501464409575,0.008506000773236906
SRB,Serbia,Europe,2014,Soya beans,98.51262688172139,0.01715991912255159
SRB,Serbia,Europe,2015,Soya beans,10.34585607540172,0.01822186468061076
SRB,Serbia,Europe,2016,Soya beans,103.3867821468078,0.02818501926556644
SRB,Serbia,Europe,2017,Soya beans,110.557882019319,0.03222240709602658
SRB,Serbia,Europe,2018,Soya beans,79.17501636097288,0.0358009712654965
SRB,Serbia,Europe,2019,Soya beans,9.65538302629438,0.02759437709064911
SRB,Serbia,Europe,2020,Soya beans,0.0,0.02653243153258995
SRB,Serbia,Europe,2021,Soya beans,0.0,0.01656927694763427
SRB,Serbia,Europe,2022,Soya beans,0.0,0.007332759370633245
SRB,Serbia,Europe,2023,Soya beans,0.0,0.000803655607000378
SRB and MNE,Serbia and Montenegro,Europe,2001,Cattle meat,119.9350600259508,3.56366706175269e-07
SRB and MNE,Serbia and Montenegro,Europe,2002,Cattle meat,0.0,3.56366706175269e-07
SRB and MNE,Serbia and Montenegro,Europe,2003,Cattle meat,0.0,3.56366706175269e-07
SRB and MNE,Serbia and Montenegro,Europe,2004,Cattle meat,0.0,3.56366706175269e-07
SRB and MNE,Serbia and Montenegro,Europe,2005,Cattle meat,0.0,0.01016890817443043
SRB and MNE,Serbia and Montenegro,Europe,2001,Soya beans,38.79201838225086,1.338834202580898e-07
SRB and MNE,Serbia and Montenegro,Europe,2002,Soya beans,18.32191021747383,7.539181539966502e-07
SRB and MNE,Serbia and Montenegro,Europe,2003,Soya beans,3.037484090351276,7.539181539966502e-07
SRB and MNE,Serbia and Montenegro,Europe,2004,Soya beans,2.467756050324057,7.539181539966502e-07
SRB and MNE,Serbia and Montenegro,Europe,2005,Soya beans,0.7159338135105404,0.005736014589179042
SSD,South Sudan,Africa,2012,Cattle meat,3452.030120077002,0.1588163182091188
SSD,South Sudan,Africa,2013,Cattle meat,2454.493045150964,0.2416978715383044
SSD,South Sudan,Africa,2014,Cattle meat,2321.300682540696,0.3352027308229546
SSD,South Sudan,Africa,2015,Cattle meat,540.8912644594213,0.3615075073738052
SSD,South Sudan,Africa,2016,Cattle meat,1278.740960503373,0.4352207274697851
SSD,South Sudan,Africa,2017,Cattle meat,2542.191586389458,0.4220753764664671
SSD,South Sudan,Africa,2018,Cattle meat,961.6404147055529,0.3746709698719743
SSD,South Sudan,Africa,2019,Cattle meat,1170.842297400725,0.3440203858538515
SSD,South Sudan,Africa,2020,Cattle meat,361.0210141621247,0.3367786712226204
SSD,South Sudan,Africa,2021,Cattle meat,420.791255158298,0.2857308896798301
SSD,South Sudan,Africa,2022,Cattle meat,293.3557668541739,0.1672911484913532
SSD,South Sudan,Africa,2023,Cattle meat,958.8926009902252,0.1666247173281153
STP,São Tomé and Príncipe,Africa,2001,Cattle meat,12.05658019012451,0.0
STP,São Tomé and Príncipe,Africa,2002,Cattle meat,0.0,0.0
STP,São Tomé and Príncipe,Africa,2003,Cattle meat,0.0,0.0
STP,São Tomé and Príncipe,Africa,2004,Cattle meat,0.0,0.0
STP,São Tomé and Príncipe,Africa,2005,Cattle meat,0.0,0.001280639357611352
STP,São Tomé and Príncipe,Africa,2006,Cattle meat,0.0,0.0
STP,São Tomé and Príncipe,Africa,2007,Cattle meat,0.0,0.0
STP,São Tomé and Príncipe,Africa,2008,Cattle meat,0.0,0.0
STP,São Tomé and Príncipe,Africa,2009,Cattle meat,0.0,0.0
STP,São Tomé and Príncipe,Africa,2010,Cattle meat,0.0,0.0
STP,São Tomé and Príncipe,Africa,2011,Cattle meat,0.0,0.0
STP,São Tomé and Príncipe,Africa,2012,Cattle meat,0.0,0.0
STP,São Tomé and Príncipe,Africa,2013,Cattle meat,0.0,0.0
STP,São Tomé and Príncipe,Africa,2014,Cattle meat,0.0,0.0
STP,São Tomé and Príncipe,Africa,2015,Cattle meat,0.0,0.0
STP,São Tomé and Príncipe,Africa,2016,Cattle meat,0.0,0.0
STP,São Tomé and Príncipe,Africa,2017,Cattle meat,0.0,0.0
STP,São Tomé and Príncipe,Africa,2018,Cattle meat,0.0,0.0
STP,São Tomé and Príncipe,Africa,2019,Cattle meat,0.0,0.0
STP,São Tomé and Príncipe,Africa,2020,Cattle meat,0.0,0.0
STP,São Tomé and Príncipe,Africa,2021,Cattle meat,0.0,0.0
STP,São Tomé and Príncipe,Africa,2022,Cattle meat,0.0,0.0
STP,São Tomé and Príncipe,Africa,2023,Cattle meat,0.0,0.0
SUR,Suriname,South America,2001,Cattle meat,0.0,0.0
SUR,Suriname,South America,2002,Cattle meat,253.5924722787737,0.001101806597858981
SUR,Suriname,South America,2003,Cattle meat,870.9206638245408,0.004685701056622625
SUR,Suriname,South America,2004,Cattle meat,617.4777649781596,0.008677761045933829
SUR,Suriname,South America,2005,Cattle meat,622.0369121496512,0.2551485028264939
SUR,Suriname,South America,2006,Cattle meat,0.0,0.2551485028264939
SUR,Suriname,South America,2007,Cattle meat,0.0,0.2283336256101214
SUR,Suriname,South America,2008,Cattle meat,0.0,0.1295446049410584
SUR,Suriname,South America,2009,Cattle meat,0.0,0.06932196835719404
SUR,Suriname,South America,2010,Cattle meat,0.0,0.01169955932747261
SUR,Suriname,South America,2011,Cattle meat,0.0,0.01169955932747261
SUR,Suriname,South America,2012,Cattle meat,0.0,0.01169955932747261
SUR,Suriname,South America,2013,Cattle meat,0.0,0.01169955932747261
SUR,Suriname,South America,2014,Cattle meat,0.0,0.01169955932747261
SUR,Suriname,South America,2015,Cattle meat,1407.765653177539,0.155310849330227
SUR,Suriname,South America,2016,Cattle meat,2440.509239772192,0.392130412246696
SUR,Suriname,South America,2017,Cattle meat,1262.110253015603,0.5175369054432402
SUR,Suriname,South America,2018,Cattle meat,1119.431032824104,0.6333156435562571
SUR,Suriname,South America,2019,Cattle meat,2214.804787015174,0.8707743005346528
SUR,Suriname,South America,2020,Cattle meat,1453.525875590301,0.8845565445647445
SUR,Suriname,South America,2021,Cattle meat,191.9579776706327,0.6822367523153041
SUR,Suriname,South America,2022,Cattle meat,21.99880134183262,0.5659280035626344
SUR,Suriname,South America,2023,Cattle meat,415.1987623663227,0.4872492708917507
SUR,Suriname,South America,2001,Oil palm fruit,0.0,0.0
SUR,Suriname,South America,2002,Oil palm fruit,0.0,0.0
SUR,Suriname,South America,2003,Oil palm fruit,0.0,0.0
SUR,Suriname,South America,2004,Oil palm fruit,0.01321271083866361,2.69633021742319e-07
SUR,Suriname,South America,2005,Oil palm fruit,0.3500359515878365,2.161969688581864e-05
SUR,Suriname,South America,2006,Oil palm fruit,3.323005247177386,0.0002395734467101757
SUR,Suriname,South America,2007,Oil palm fruit,0.9233682973775862,0.0002994763872698358
SUR,Suriname,South America,2008,Oil palm fruit,2.832758528535396,0.0004964561216172089
SUR,Suriname,South America,2009,Oil palm fruit,0.03423647234027476,0.000497477544070805
SUR,Suriname,South America,2010,Oil palm fruit,5.817788980121553,0.000930205641924766
SUR,Suriname,South America,2011,Oil palm fruit,0.0,0.000742986396348094
SUR,Suriname,South America,2012,Oil palm fruit,0.0,0.000690428964805747
SUR,Suriname,South America,2013,Oil palm fruit,0.0,0.0005158332828452648
SUR,Suriname,South America,2014,Oil palm fruit,0.0,0.0005144046018652892
SUR,Suriname,South America,2015,Oil palm fruit,0.0,0.0001140539359693365
SUR,Suriname,South America,2016,Oil palm fruit,0.0,0.0001140539359693365
SUR,Suriname,South America,2017,Oil palm fruit,0.0,0.0001140539359693365
SUR,Suriname,South America,2018,Oil palm fruit,0.0,0.0001140539359693365
SUR,Suriname,South America,2019,Oil palm fruit,0.0,0.0001140539359693365
SUR,Suriname,South America,2020,Oil palm fruit,0.0,0.0001140539359693365
SUR,Suriname,South America,2021,Oil palm fruit,0.0,0.0001140539359693365
SUR,Suriname,South America,2022,Oil palm fruit,0.0,0.0001140539359693365
SUR,Suriname,South America,2023,Oil palm fruit,4.058493165200805,0.0002871773201509764
SUR,Suriname,South America,2001,Soya beans,0.0,0.0
SUR,Suriname,South America,2002,Soya beans,0.0,0.0
SUR,Suriname,South America,2003,Soya beans,0.0,0.0
SUR,Suriname,South America,2004,Soya beans,0.0,0.0
SUR,Suriname,South America,2005,Soya beans,0.0,0.0
SUR,Suriname,South America,2006,Soya beans,0.08861347325806362,9.523860191207821e-06
SUR,Suriname,South America,2007,Soya beans,0.1477389275804138,2.532974377790458e-05
SUR,Suriname,South America,2008,Soya beans,0.3399310234242475,6.328523072415452e-05
SUR,Suriname,South America,2009,Soya beans,0.0,6.328523072415452e-05
SUR,Suriname,South America,2010,Soya beans,0.0,6.328523072415452e-05
SUR,Suriname,South America,2011,Soya beans,0.0,5.443921293502761e-05
SUR,Suriname,South America,2012,Soya beans,0.0,3.960535039087181e-05
SUR,Suriname,South America,2013,Soya beans,0.0,3.871401450304855e-06
SUR,Suriname,South America,2014,Soya beans,0.0,3.871401450304855e-06
SUR,Suriname,South America,2015,Soya beans,0.0,3.871401450304855e-06
SUR,Suriname,South America,2016,Soya beans,0.1921385375503308,1.958898133459788e-05
SUR,Suriname,South America,2017,Soya beans,0.0,1.958898133459788e-05
SUR,Suriname,South America,2018,Soya beans,0.0,1.958898133459788e-05
SUR,Suriname,South America,2019,Soya beans,0.0,1.958898133459788e-05
SUR,Suriname,South America,2020,Soya beans,0.0,1.958898133459788e-05
SUR,Suriname,South America,2021,Soya beans,0.0,5.236572415755898e-06
SUR,Suriname,South America,2022,Soya beans,0.0,5.236572415755898e-06
SUR,Suriname,South America,2023,Soya beans,0.02029246582600403,6.945566229263634e-06
SVK,Slovakia,Europe,2001,Cattle meat,0.0,0.0
SVK,Slovakia,Europe,2002,Cattle meat,0.0,0.0
SVK,Slovakia,Europe,2003,Cattle meat,0.0,0.0
SVK,Slovakia,Europe,2004,Cattle meat,50.02572538287459,1.523376835323957e-06
SVK,Slovakia,Europe,2005,Cattle meat,107.0670969951996,0.01166243956767368
SVK,Slovakia,Europe,2006,Cattle meat,0.0,0.01166243956767368
SVK,Slovakia,Europe,2007,Cattle meat,0.6053624336620052,0.01170820723824663
SVK,Slovakia,Europe,2008,Cattle meat,0.0,0.01170820723824663
SVK,Slovakia,Europe,2009,Cattle meat,0.0,0.00804774778551042
SVK,Slovakia,Europe,2010,Cattle meat,0.0,4.798762690385983e-05
SVK,Slovakia,Europe,2011,Cattle meat,0.0,4.798762690385983e-05
SVK,Slovakia,Europe,2012,Cattle meat,86.2681336419534,0.006086621180659053
SVK,Slovakia,Europe,2013,Cattle meat,89.29174846922507,0.01229035413344441
SVK,Slovakia,Europe,2014,Cattle meat,145.3690374098769,0.02227300080347869
SVK,Slovakia,Europe,2015,Cattle meat,98.64505136384975,0.02889393063256964
SVK,Slovakia,Europe,2016,Cattle meat,0.0,0.02889393063256964
SVK,Slovakia,Europe,2017,Cattle meat,52.99692063380833,0.02612216115684817
SVK,Slovakia,Europe,2018,Cattle meat,0.0,0.01991842820406282
SVK,Slovakia,Europe,2019,Cattle meat,0.0,0.009935781534028538
SVK,Slovakia,Europe,2020,Cattle meat,0.0,0.003314851704937588
SVK,Slovakia,Europe,2021,Cattle meat,0.0,0.003314851704937588
SVK,Slovakia,Europe,2022,Cattle meat,0.0,4.854319453715438e-06
SVK,Slovakia,Europe,2023,Cattle meat,0.0,4.854319453715438e-06
SVK,Slovakia,Europe,2001,Soya beans,2.085828348651825,1.898871396001072e-06
SVK,Slovakia,Europe,2002,Soya beans,3.094199718742012,4.261041737618953e-06
SVK,Slovakia,Europe,2003,Soya beans,0.4036189129244027,4.2841800601819e-06
SVK,Slovakia,Europe,2004,Soya beans,0.0,4.2841800601819e-06
SVK,Slovakia,Europe,2005,Soya beans,0.0,0.000468995677977939
SVK,Slovakia,Europe,2006,Soya beans,0.0,0.0003071404328198001
SVK,Slovakia,Europe,2007,Soya beans,12.4817658017365,0.001333525006142668
SVK,Slovakia,Europe,2008,Soya beans,20.96047600724103,0.002962214185865778
SVK,Slovakia,Europe,2009,Soya beans,12.47481178868089,0.00391766010194171
SVK,Slovakia,Europe,2010,Soya beans,5.078857050687212,0.004296160668262926
SVK,Slovakia,Europe,2011,Soya beans,8.40256919586825,0.004930993779269089
SVK,Slovakia,Europe,2012,Soya beans,27.88679954004729,0.006700164035116952
SVK,Slovakia,Europe,2013,Soya beans,1.023678841396051,0.005104986878242827
SVK,Slovakia,Europe,2014,Soya beans,7.035567038948231,0.005077270192200005
SVK,Slovakia,Europe,2015,Soya beans,1.291879240875704,0.004877824482814487
SVK,Slovakia,Europe,2016,Soya beans,35.76229159377319,0.008061892346381787
SVK,Slovakia,Europe,2017,Soya beans,23.81642602793821,0.006777415032855407
SVK,Slovakia,Europe,2018,Soya beans,30.00225830478386,0.009052881995594408
SVK,Slovakia,Europe,2019,Soya beans,7.342168287748354,0.008673771190295916
SVK,Slovakia,Europe,2020,Soya beans,0.0,0.008497283965159932
SVK,Slovakia,Europe,2021,Soya beans,0.0,0.00467958055979942
SVK,Slovakia,Europe,2022,Soya beans,0.0,0.002948793755637247
SVK,Slovakia,Europe,2023,Soya beans,0.0,0.0006093566873851897
SVN,Slovenia,Europe,2001,Cattle meat,0.0,0.0
SVN,Slovenia,Europe,2002,Cattle meat,0.0,0.0
SVN,Slovenia,Europe,2003,Cattle meat,0.0,0.0
SVN,Slovenia,Europe,2004,Cattle meat,75.98487001115626,0.0
SVN,Slovenia,Europe,2005,Cattle meat,76.89892493725354,0.01357318962777354
SVN,Slovenia,Europe,2006,Cattle meat,42.22330317491887,0.01707052360117307
SVN,Slovenia,Europe,2007,Cattle meat,57.52124156570312,0.02193303322095779
SVN,Slovenia,Europe,2008,Cattle meat,2.841201446721462,0.02216922004578811
SVN,Slovenia,Europe,2009,Cattle meat,0.0,0.01516280473916114
SVN,Slovenia,Europe,2010,Cattle meat,0.0,0.00859808816710313
SVN,Slovenia,Europe,2011,Cattle meat,0.0,0.005100754193703596
SVN,Slovenia,Europe,2012,Cattle meat,77.09910354156375,0.006631871486559165
SVN,Slovenia,Europe,2013,Cattle meat,62.24278179590322,0.01099879038533188
SVN,Slovenia,Europe,2014,Cattle meat,35.26020529594116,0.01408702141126385
SVN,Slovenia,Europe,2015,Cattle meat,0.0,0.01408702141126385
SVN,Slovenia,Europe,2016,Cattle meat,0.0,0.01408702141126385
SVN,Slovenia,Europe,2017,Cattle meat,122.6455070699128,0.01795243882419314
SVN,Slovenia,Europe,2018,Cattle meat,100.4284879269457,0.02293277361145866
SVN,Slovenia,Europe,2019,Cattle meat,93.19034865788834,0.02682918315478834
SVN,Slovenia,Europe,2020,Cattle meat,69.20154415161973,0.03300033067004344
SVN,Slovenia,Europe,2021,Cattle meat,52.4467618984315,0.03722740973396613
SVN,Slovenia,Europe,2022,Cattle meat,50.56968479532457,0.03110651523860067
SVN,Slovenia,Europe,2023,Cattle meat,89.58036560782149,0.02935946219284097
SVN,Slovenia,Europe,2001,Soya beans,0.3603253586924619,1.829843149261701e-08
SVN,Slovenia,Europe,2002,Soya beans,0.7971639063503669,1.829843149261701e-08
SVN,Slovenia,Europe,2003,Soya beans,0.7233432930646334,3.098716011447059e-07
SVN,Slovenia,Europe,2004,Soya beans,0.01513473619160648,3.098716011447059e-07
SVN,Slovenia,Europe,2005,Soya beans,0.0,0.0002044448016041424
SVN,Slovenia,Europe,2006,Soya beans,0.0,0.0001592775485634286
SVN,Slovenia,Europe,2007,Soya beans,0.0,7.665192315693624e-05
SVN,Slovenia,Europe,2008,Soya beans,2.560889269813007,0.0002905992601289778
SVN,Slovenia,Europe,2009,Soya beans,2.29672248610243,0.0005779508715350675
SVN,Slovenia,Europe,2010,Soya beans,1.376487775365399,0.0007285400371829792
SVN,Slovenia,Europe,2011,Soya beans,2.772782696408592,0.0010387376484843
SVN,Slovenia,Europe,2012,Soya beans,3.056550955251872,0.001294124305901838
SVN,Slovenia,Europe,2013,Soya beans,0.6836674218900818,0.001057420850324588
SVN,Slovenia,Europe,2014,Soya beans,23.97819863771717,0.003185136323928167
SVN,Slovenia,Europe,2015,Soya beans,0.03605328828719713,0.003037413249664536
SVN,Slovenia,Europe,2016,Soya beans,0.0,0.002727588089810637
SVN,Slovenia,Europe,2017,Soya beans,0.0,0.0024722014323931
SVN,Slovenia,Europe,2018,Soya beans,0.3316202026228786,0.002450877729429664
SVN,Slovenia,Europe,2019,Soya beans,0.5418780125527484,7.763475971668878e-05
SVN,Slovenia,Europe,2020,Soya beans,0.0,7.498248502971363e-05
SVN,Slovenia,Europe,2021,Soya beans,0.0,7.498248502971363e-05
SVN,Slovenia,Europe,2022,Soya beans,0.9830722448676563,0.0001678228832762628
SVN,Slovenia,Europe,2023,Soya beans,0.786424603957869,0.0002169980270452922
SWE,Sweden,Europe,2001,Cattle meat,335.1233304229656,0.002513780605266317
SWE,Sweden,Europe,2002,Cattle meat,270.1715533441258,0.0035926646376844
SWE,Sweden,Europe,2003,Cattle meat,156.9387072756029,0.004995823007962157
SWE,Sweden,Europe,2004,Cattle meat,300.9601513845273,0.007384919963266309
SWE,Sweden,Europe,2005,Cattle meat,128.7467923809798,0.05305971116070835
SWE,Sweden,Europe,2006,Cattle meat,224.5887462923214,0.05190068501789302
SWE,Sweden,Europe,2007,Cattle meat,213.7757039349887,0.05201039653603141
SWE,Sweden,Europe,2008,Cattle meat,467.8350492248586,0.06729314380219027
SWE,Sweden,Europe,2009,Cattle meat,359.3260753154429,0.07354938062934646
SWE,Sweden,Europe,2010,Cattle meat,538.0940608311296,0.09283734412038319
SWE,Sweden,Europe,2011,Cattle meat,349.5084486449925,0.09956092300897602
SWE,Sweden,Europe,2012,Cattle meat,710.1887479502637,0.1185083890845958
SWE,Sweden,Europe,2013,Cattle meat,534.2693596322941,0.1197302518069725
SWE,Sweden,Europe,2014,Cattle meat,418.8773781088815,0.1204834139441164
SWE,Sweden,Europe,2015,Cattle meat,266.6425909514039,0.1095877062960109
SWE,Sweden,Europe,2016,Cattle meat,314.7165159879071,0.1087517298798449
SWE,Sweden,Europe,2017,Cattle meat,565.807786495171,0.1064271682055003
SWE,Sweden,Europe,2018,Cattle meat,273.4090885163133,0.1013362589056339
SWE,Sweden,Europe,2019,Cattle meat,236.4686185612116,0.09738804903105663
SWE,Sweden,Europe,2020,Cattle meat,224.6079395640773,0.09660517117816003
SWE,Sweden,Europe,2021,Cattle meat,162.4424076609139,0.09220955511335904
SWE,Sweden,Europe,2022,Cattle meat,0.0,0.07245515092626167
SWE,Sweden,Europe,2023,Cattle meat,65.33495880539667,0.06556916754583286
SWZ,Swaziland,Africa,2001,Cattle meat,180.3989915957742,0.0
SWZ,Swaziland,Africa,2002,Cattle meat,137.681396095618,0.0
SWZ,Swaziland,Africa,2003,Cattle meat,125.6654666580309,1.590871078521748e-05
SWZ,Swaziland,Africa,2004,Cattle meat,81.9355245812751,1.590871078521748e-05
SWZ,Swaziland,Africa,2005,Cattle meat,34.25439248627196,0.01593746316391817
SWZ,Swaziland,Africa,2006,Cattle meat,147.1078191385717,0.01507641684986547
SWZ,Swaziland,Africa,2007,Cattle meat,0.0,0.01187920336284863
SWZ,Swaziland,Africa,2008,Cattle meat,0.0,0.007426185527447943
SWZ,Swaziland,Africa,2009,Cattle meat,0.0,0.004813001596239536
SWZ,Swaziland,Africa,2010,Cattle meat,0.0,0.00372169757717753
SWZ,Swaziland,Africa,2011,Cattle meat,0.0,1.590871078521748e-05
SWZ,Swaziland,Africa,2012,Cattle meat,0.0,1.590871078521748e-05
SWZ,Swaziland,Africa,2013,Cattle meat,0.0,1.590871078521748e-05
SWZ,Swaziland,Africa,2014,Cattle meat,0.0,1.590871078521748e-05
SWZ,Swaziland,Africa,2015,Cattle meat,0.0,1.590871078521748e-05
SWZ,Swaziland,Africa,2016,Cattle meat,0.0,1.590871078521748e-05
SWZ,Swaziland,Africa,2017,Cattle meat,0.0,1.590871078521748e-05
SWZ,Swaziland,Africa,2018,Cattle meat,0.0,1.590871078521748e-05
SWZ,Swaziland,Africa,2019,Cattle meat,0.0,1.590871078521748e-05
SWZ,Swaziland,Africa,2020,Cattle meat,22.07412713612771,0.0007718502467463533
SWZ,Swaziland,Africa,2021,Cattle meat,15.60934944709043,0.001432939127785438
SWZ,Swaziland,Africa,2022,Cattle meat,15.63830552899549,0.00208869165642864
SWZ,Swaziland,Africa,2023,Cattle meat,13.37086939901916,0.002600492773050625
SYC,Seychelles,Africa,2001,Cattle meat,0.0,0.0
SYC,Seychelles,Africa,2002,Cattle meat,0.0,0.0
SYC,Seychelles,Africa,2003,Cattle meat,0.0,0.0
SYC,Seychelles,Africa,2004,Cattle meat,0.0,0.0
SYC,Seychelles,Africa,2005,Cattle meat,0.0,0.0
SYC,Seychelles,Africa,2006,Cattle meat,0.0,0.0
SYC,Seychelles,Africa,2007,Cattle meat,0.0,0.0
SYC,Seychelles,Africa,2008,Cattle meat,0.0,0.0
SYC,Seychelles,Africa,2009,Cattle meat,0.0,0.0
SYC,Seychelles,Africa,2010,Cattle meat,0.0,0.0
SYC,Seychelles,Africa,2011,Cattle meat,0.0,0.0
SYC,Seychelles,Africa,2012,Cattle meat,0.005536845812760549,3.54961973826137e-07
SYC,Seychelles,Africa,2013,Cattle meat,0.2218993934726856,1.041036707445761e-05
SYC,Seychelles,Africa,2014,Cattle meat,0.2014737545506238,2.454767668675789e-05
SYC,Seychelles,Africa,2015,Cattle meat,0.0,2.454767668675789e-05
SYC,Seychelles,Africa,2016,Cattle meat,0.0,2.454767668675789e-05
SYC,Seychelles,Africa,2017,Cattle meat,0.0,2.421572362335565e-05
SYC,Seychelles,Africa,2018,Cattle meat,0.0,1.479874680560976e-05
SYC,Seychelles,Africa,2019,Cattle meat,0.0,1.289381337701269e-06
SYC,Seychelles,Africa,2020,Cattle meat,0.0,1.289381337701269e-06
SYC,Seychelles,Africa,2021,Cattle meat,0.0,1.289381337701269e-06
SYC,Seychelles,Africa,2022,Cattle meat,0.0,1.289381337701269e-06
SYC,Seychelles,Africa,2023,Cattle meat,0.0,1.289381337701269e-06
SYR,Syria,Rest of Asia,2001,Cattle meat,2.250223691572591,2.308864681155447e-06
SYR,Syria,Rest of Asia,2002,Cattle meat,0.0,2.308864681155447e-06
SYR,Syria,Rest of Asia,2003,Cattle meat,0.0,2.308864681155447e-06
SYR,Syria,Rest of Asia,2004,Cattle meat,0.0,2.308864681155447e-06
SYR,Syria,Rest of Asia,2005,Cattle meat,0.0,9.812826346112154e-05
SYR,Syria,Rest of Asia,2006,Cattle meat,0.0,2.308864681155447e-06
SYR,Syria,Rest of Asia,2007,Cattle meat,2.614975222078027,0.0001193461870674487
SYR,Syria,Rest of Asia,2008,Cattle meat,0.0,0.0001193461870674487
SYR,Syria,Rest of Asia,2009,Cattle meat,0.0,0.0001193461870674487
SYR,Syria,Rest of Asia,2010,Cattle meat,0.0,0.0001193461870674487
SYR,Syria,Rest of Asia,2011,Cattle meat,0.0,0.0001193461870674487
SYR,Syria,Rest of Asia,2012,Cattle meat,0.0,8.280388411659313e-06
SYR,Syria,Rest of Asia,2013,Cattle meat,1.206406610100186,5.791845503546586e-05
SYR,Syria,Rest of Asia,2014,Cattle meat,0.6310457703791016,8.685997969095652e-05
SYR,Syria,Rest of Asia,2015,Cattle meat,2.909643599632193,0.0002118686512132692
SYR,Syria,Rest of Asia,2016,Cattle meat,1.872529711330042,0.0002842949558733322
SYR,Syria,Rest of Asia,2017,Cattle meat,2.99443930979295,0.0004104110412222619
SYR,Syria,Rest of Asia,2018,Cattle meat,0.7786194967876066,0.0003906429439473489
SYR,Syria,Rest of Asia,2019,Cattle meat,0.0,0.0003656986521664189
SYR,Syria,Rest of Asia,2020,Cattle meat,0.0,0.0002414747815264327
SYR,Syria,Rest of Asia,2021,Cattle meat,0.0,0.0001690484768663697
SYR,Syria,Rest of Asia,2022,Cattle meat,0.3218736585123298,5.615516786378894e-05
SYR,Syria,Rest of Asia,2023,Cattle meat,0.2032366181822476,3.550268842087229e-05
SYR,Syria,Rest of Asia,2001,Soya beans,0.0,0.0
SYR,Syria,Rest of Asia,2002,Soya beans,0.0,0.0
SYR,Syria,Rest of Asia,2003,Soya beans,0.0,0.0
SYR,Syria,Rest of Asia,2004,Soya beans,0.0,0.0
SYR,Syria,Rest of Asia,2005,Soya beans,0.0,0.0
SYR,Syria,Rest of Asia,2006,Soya beans,0.0,0.0
SYR,Syria,Rest of Asia,2007,Soya beans,0.1782257217859514,1.207465661457469e-05
SYR,Syria,Rest of Asia,2008,Soya beans,0.2119709196890038,2.53475717339171e-05
SYR,Syria,Rest of Asia,2009,Soya beans,0.0,2.53475717339171e-05
SYR,Syria,Rest of Asia,2010,Soya beans,0.0,2.53475717339171e-05
SYR,Syria,Rest of Asia,2011,Soya beans,0.0,2.53475717339171e-05
SYR,Syria,Rest of Asia,2012,Soya beans,0.0,1.34457711051015e-05
SYR,Syria,Rest of Asia,2013,Soya beans,0.8114571854948142,4.309947313350594e-05
SYR,Syria,Rest of Asia,2014,Soya beans,0.5359331561188656,7.455071794492577e-05
SYR,Syria,Rest of Asia,2015,Soya beans,0.4606353799467436,0.000104022099933563
SYR,Syria,Rest of Asia,2016,Soya beans,0.0,0.000104022099933563
SYR,Syria,Rest of Asia,2017,Soya beans,0.1625008368336819,0.000113744132970868
SYR,Syria,Rest of Asia,2018,Soya beans,0.1787863268322941,8.257267634794951e-05
SYR,Syria,Rest of Asia,2019,Soya beans,0.0,5.279142546855885e-05
SYR,Syria,Rest of Asia,2020,Soya beans,0.0,2.332321867925818e-05
SYR,Syria,Rest of Asia,2021,Soya beans,0.0,2.332321867925818e-05
SYR,Syria,Rest of Asia,2022,Soya beans,0.0,1.360118564195319e-05
SYR,Syria,Rest of Asia,2023,Soya beans,0.0,2.936082461919439e-06
TCD,Chad,Africa,2001,Cattle meat,265.4312275424643,0.0
TCD,Chad,Africa,2002,Cattle meat,625.6918661604093,2.026770612915822e-06
TCD,Chad,Africa,2003,Cattle meat,123.37256751542,2.026770612915822e-06
TCD,Chad,Africa,2004,Cattle meat,303.2084899151992,3.476171859066449e-06
TCD,Chad,Africa,2005,Cattle meat,383.2614194231998,0.076072972364214
TCD,Chad,Africa,2006,Cattle meat,1107.020803918428,0.1135705766631143
TCD,Chad,Africa,2007,Cattle meat,233.8228325574422,0.09640220436639532
TCD,Chad,Africa,2008,Cattle meat,294.7817403403592,0.1038115427280745
TCD,Chad,Africa,2009,Cattle meat,59.0914262674243,0.0931191555624328
TCD,Chad,Africa,2010,Cattle meat,9.627470934303938,0.07613626854303769
TCD,Chad,Africa,2011,Cattle meat,26.9711924048609,0.02772335741581677
TCD,Chad,Africa,2012,Cattle meat,70.47326073562404,0.02031010552690739
TCD,Chad,Africa,2013,Cattle meat,55.67078031564868,0.009665895428129232
TCD,Chad,Africa,2014,Cattle meat,165.3215134677103,0.01416255164091434
TCD,Chad,Africa,2015,Cattle meat,125.6901572960987,0.01931233988598405
TCD,Chad,Africa,2016,Cattle meat,611.9118730732729,0.04511731385484404
TCD,Chad,Africa,2017,Cattle meat,2511.20932404647,0.1555311428167419
TCD,Chad,Africa,2018,Cattle meat,3521.102457826863,0.3143067956304678
TCD,Chad,Africa,2019,Cattle meat,4651.034137489448,0.5113074101114746
TCD,Chad,Africa,2020,Cattle meat,2911.062240431519,0.6402293626458413
TCD,Chad,Africa,2021,Cattle meat,4417.279638548834,0.8156093736515193
TCD,Chad,Africa,2022,Cattle meat,4235.438712182971,0.8971054059124198
TCD,Chad,Africa,2023,Cattle meat,8317.39424466039,1.123387079212353
TGO,Togo,Africa,2001,Cattle meat,97.5034458059261,3.656546598587498e-07
TGO,Togo,Africa,2002,Cattle meat,50.00096745760329,4.870377935816872e-06
TGO,Togo,Africa,2003,Cattle meat,50.70457137009444,5.571109660863161e-06
TGO,Togo,Africa,2004,Cattle meat,41.84812685279012,5.571109660863161e-06
TGO,Togo,Africa,2005,Cattle meat,19.07356094718396,0.01298111222798928
TGO,Togo,Africa,2006,Cattle meat,18.2662453910302,0.008855317485001851
TGO,Togo,Africa,2007,Cattle meat,82.85250974030495,0.01119813947091978
TGO,Togo,Africa,2008,Cattle meat,41.22647148097209,0.01066512651173929
TGO,Togo,Africa,2009,Cattle meat,93.71891816858466,0.013928985862396
TGO,Togo,Africa,2010,Cattle meat,4.211465098802275,0.01305966376398273
TGO,Togo,Africa,2011,Cattle meat,4.958440019025288,0.01248507760012218
TGO,Togo,Africa,2012,Cattle meat,337.1608166326341,0.02543274921375243
TGO,Togo,Africa,2013,Cattle meat,93.53876762073612,0.02772692782152289
TGO,Togo,Africa,2014,Cattle meat,46.31717424245137,0.02435454157576751
TGO,Togo,Africa,2015,Cattle meat,8.940778511551532,0.02454174556325049
TGO,Togo,Africa,2016,Cattle meat,19.8193632451327,0.02512162177590898
TGO,Togo,Africa,2017,Cattle meat,33.31229186578389,0.009130662469045647
TGO,Togo,Africa,2018,Cattle meat,60.35868294493285,0.007781621704297395
TGO,Togo,Africa,2019,Cattle meat,37.88943339516737,0.007847340404510478
TGO,Togo,Africa,2020,Cattle meat,69.83791774226518,0.01121699477482164
TGO,Togo,Africa,2021,Cattle meat,57.81048414015719,0.01336550409031459
TGO,Togo,Africa,2022,Cattle meat,65.17318772438104,0.0152121644138426
TGO,Togo,Africa,2023,Cattle meat,75.98143089106544,0.01607315128538095
TGO,Togo,Africa,2001,Oil palm fruit,0.458463232421875,1.72766792917119e-09
TGO,Togo,Africa,2002,Oil palm fruit,0.7640536926269532,7.91055193220914e-08
TGO,Togo,Africa,2003,Oil palm fruit,1.247263414028629,9.933335882767582e-08
TGO,Togo,Africa,2004,Oil palm fruit,0.8968295037417284,9.933335882767582e-08
TGO,Togo,Africa,2005,Oil palm fruit,0.4634768529181977,-6.338409543649802e-05
TGO,Togo,Africa,2006,Oil palm fruit,0.3056969604492187,-6.011479596348767e-05
TGO,Togo,Africa,2007,Oil palm fruit,0.6879536682128906,-5.889854810295176e-05
TGO,Togo,Africa,2008,Oil palm fruit,0.1528562072753906,-4.437965472853782e-05
TGO,Togo,Africa,2009,Oil palm fruit,0.458509326171875,-8.302264833733092e-06
TGO,Togo,Africa,2010,Oil palm fruit,0.0,1.209071669466761e-05
TGO,Togo,Africa,2011,Oil palm fruit,0.7632560668945314,1.52571633185975e-05
TGO,Togo,Africa,2012,Oil palm fruit,0.0,8.630699194907866e-06
TGO,Togo,Africa,2013,Oil palm fruit,0.0,8.997011065170217e-06
TGO,Togo,Africa,2014,Oil palm fruit,0.2582769568442,-5.274661639589032e-06
TGO,Togo,Africa,2015,Oil palm fruit,0.05303121266990562,-7.608034997064879e-06
TGO,Togo,Africa,2016,Oil palm fruit,0.02607573538873187,-1.472689789879805e-05
TGO,Togo,Africa,2017,Oil palm fruit,0.1180180999294473,-1.991969429569373e-05
TGO,Togo,Africa,2018,Oil palm fruit,0.5677794252338447,-4.49019890059829e-05
TGO,Togo,Africa,2019,Oil palm fruit,2.265006275144192,-0.0001331980790111825
TGO,Togo,Africa,2020,Oil palm fruit,2.94684358228241,-0.0002605258232741327
TGO,Togo,Africa,2021,Oil palm fruit,2.993282388804977,-0.0003910829160244476
TGO,Togo,Africa,2022,Oil palm fruit,0.07306886863565248,-0.0003891051498475206
TGO,Togo,Africa,2023,Oil palm fruit,2.068088419270405,-0.0004551187455851292
TGO,Togo,Africa,2001,Soya beans,2.907921033097085,9.063003672815592e-09
TGO,Togo,Africa,2002,Soya beans,2.588369040259585,2.258597557703247e-07
TGO,Togo,Africa,2003,Soya beans,2.197336650955107,2.553325765565843e-07
TGO,Togo,Africa,2004,Soya beans,0.6000022636809553,2.553325765565843e-07
TGO,Togo,Africa,2005,Soya beans,2.949398154933986,0.0006377439839149416
TGO,Togo,Africa,2006,Soya beans,8.677452420601005,0.0009032070940952603
TGO,Togo,Africa,2007,Soya beans,26.22327338007254,0.002378691817772918
TGO,Togo,Africa,2008,Soya beans,15.59651289577877,0.00314851490024896
TGO,Togo,Africa,2009,Soya beans,93.20875727982167,0.008785300713246175
TGO,Togo,Africa,2010,Soya beans,4.605745763981516,0.008852662538340897
TGO,Togo,Africa,2011,Soya beans,7.381211888308197,0.008807105768728727
TGO,Togo,Africa,2012,Soya beans,69.85732070703844,0.01108533305952313
TGO,Togo,Africa,2013,Soya beans,161.8107112077966,0.01914257718570938
TGO,Togo,Africa,2014,Soya beans,195.2537921942591,0.02351845200352043
TGO,Togo,Africa,2015,Soya beans,35.44818379707171,0.02515264116912915
TGO,Togo,Africa,2016,Soya beans,68.25284229310581,0.02821299930952501
TGO,Togo,Africa,2017,Soya beans,106.3140763621584,0.03006636264334087
TGO,Togo,Africa,2018,Soya beans,119.3552404293141,0.02801521174779096
TGO,Togo,Africa,2019,Soya beans,71.33661280762044,0.02214924904918589
TGO,Togo,Africa,2020,Soya beans,113.9446185149199,0.0272336724136315
TGO,Togo,Africa,2021,Soya beans,102.8699724254924,0.02985261296601817
TGO,Togo,Africa,2022,Soya beans,89.26651754467932,0.02944857209379535
TGO,Togo,Africa,2023,Soya beans,120.2291410134232,0.02967321340610789
THA,Thailand,Southeast Asia,2001,Cattle meat,2681.058731655296,0.001601266687604671
THA,Thailand,Southeast Asia,2002,Cattle meat,5162.417245841449,0.003859777563693785
THA,Thailand,Southeast Asia,2003,Cattle meat,5166.386482567798,0.00624532063634527
THA,Thailand,Southeast Asia,2004,Cattle meat,7176.862103941694,0.009659609512424176
THA,Thailand,Southeast Asia,2005,Cattle meat,4793.509642692327,2.347127148926927
THA,Thailand,Southeast Asia,2006,Cattle meat,5712.773128942308,2.616667384253842
THA,Thailand,Southeast Asia,2007,Cattle meat,4904.013772896948,2.589488087101347
THA,Thailand,Southeast Asia,2008,Cattle meat,4531.353579603759,2.534237070837158
THA,Thailand,Southeast Asia,2009,Cattle meat,6788.230819895428,2.513569631995397
THA,Thailand,Southeast Asia,2010,Cattle meat,6759.276293407721,2.702721945981171
THA,Thailand,Southeast Asia,2011,Cattle meat,6869.68490911745,2.805751678077544
THA,Thailand,Southeast Asia,2012,Cattle meat,10471.84507765565,3.286682009278272
THA,Thailand,Southeast Asia,2013,Cattle meat,9324.716339084316,3.706194512686173
THA,Thailand,Southeast Asia,2014,Cattle meat,14334.98362503704,4.382970442849546
THA,Thailand,Southeast Asia,2015,Cattle meat,9261.078258107767,4.613032292979075
THA,Thailand,Southeast Asia,2016,Cattle meat,11448.36880594194,5.051010993735715
THA,Thailand,Southeast Asia,2017,Cattle meat,9502.903108835366,4.990172559330545
THA,Thailand,Southeast Asia,2018,Cattle meat,9596.00594244511,5.088099751135516
THA,Thailand,Southeast Asia,2019,Cattle meat,9326.07618004912,4.686715381809337
THA,Thailand,Southeast Asia,2020,Cattle meat,11398.82592277283,4.899778289792057
THA,Thailand,Southeast Asia,2021,Cattle meat,13898.20289819528,5.150257873343289
THA,Thailand,Southeast Asia,2022,Cattle meat,18423.66495600955,5.908122091593842
THA,Thailand,Southeast Asia,2023,Cattle meat,15315.72097514753,6.401375104131951
THA,Thailand,Southeast Asia,2001,Oil palm fruit,2979.579564305922,0.0008229910954286499
THA,Thailand,Southeast Asia,2002,Oil palm fruit,3281.857793443146,0.002118776487084595
THA,Thailand,Southeast Asia,2003,Oil palm fruit,10324.42136984301,0.00350103739935907
THA,Thailand,Southeast Asia,2004,Oil palm fruit,8250.55492683098,0.00538684076421289
THA,Thailand,Southeast Asia,2005,Oil palm fruit,10018.99469396619,0.6450679378109956
THA,Thailand,Southeast Asia,2006,Oil palm fruit,7215.858891610618,0.4817766032783326
THA,Thailand,Southeast Asia,2007,Oil palm fruit,5943.232366531483,1.124736346398109
THA,Thailand,Southeast Asia,2008,Oil palm fruit,4470.958426064039,0.4501723733764259
THA,Thailand,Southeast Asia,2009,Oil palm fruit,3925.11937320055,-0.01053406762728916
THA,Thailand,Southeast Asia,2010,Oil palm fruit,2737.904380511305,0.3731268781683171
THA,Thailand,Southeast Asia,2011,Oil palm fruit,2551.974227851581,0.747458759541328
THA,Thailand,Southeast Asia,2012,Oil palm fruit,4120.129699942443,0.09845792906349096
THA,Thailand,Southeast Asia,2013,Oil palm fruit,3120.407759340903,0.3768344093579802
THA,Thailand,Southeast Asia,2014,Oil palm fruit,14568.2465047902,0.921519966095389
THA,Thailand,Southeast Asia,2015,Oil palm fruit,6367.162818348562,0.8725260228961866
THA,Thailand,Southeast Asia,2016,Oil palm fruit,12313.60180095476,1.530233234074619
THA,Thailand,Southeast Asia,2017,Oil palm fruit,20004.72409094405,0.9078528789743361
THA,Thailand,Southeast Asia,2018,Oil palm fruit,1151.237862416115,0.7749184710207765
THA,Thailand,Southeast Asia,2019,Oil palm fruit,1482.290293573421,0.2718806597676721
THA,Thailand,Southeast Asia,2020,Oil palm fruit,0.009931558163949536,0.2572228640134248
THA,Thailand,Southeast Asia,2021,Oil palm fruit,0.0,-0.5368361396193935
THA,Thailand,Southeast Asia,2022,Oil palm fruit,5175.418702992883,0.6098165400482313
THA,Thailand,Southeast Asia,2023,Oil palm fruit,2859.613218731916,0.445676770309157
TJK,Tajikistan,Rest of Asia,2001,Cattle meat,15.5487042907655,7.259229891082763e-06
TJK,Tajikistan,Rest of Asia,2002,Cattle meat,10.56917422173234,1.351292108876037e-05
TJK,Tajikistan,Rest of Asia,2003,Cattle meat,5.848523112487792,1.76741740540924e-05
TJK,Tajikistan,Rest of Asia,2004,Cattle meat,5.813054018249511,2.08221666159668e-05
TJK,Tajikistan,Rest of Asia,2005,Cattle meat,6.700147624091654,0.002019212279744548
TJK,Tajikistan,Rest of Asia,2006,Cattle meat,5.302000860960121,0.001535275876526375
TJK,Tajikistan,Rest of Asia,2007,Cattle meat,0.0,0.001061844467237668
TJK,Tajikistan,Rest of Asia,2008,Cattle meat,0.0,0.0007956322936549252
TJK,Tajikistan,Rest of Asia,2009,Cattle meat,0.0,0.0005287976285248415
TJK,Tajikistan,Rest of Asia,2010,Cattle meat,0.0,0.0002547297865994176
TJK,Tajikistan,Rest of Asia,2011,Cattle meat,0.0,4.374377735797407e-05
TJK,Tajikistan,Rest of Asia,2012,Cattle meat,0.796709838199127,8.145023545920793e-05
TJK,Tajikistan,Rest of Asia,2013,Cattle meat,0.1029998949218501,8.913287024071834e-05
TJK,Tajikistan,Rest of Asia,2014,Cattle meat,0.05919926762894924,9.28163962391422e-05
TJK,Tajikistan,Rest of Asia,2015,Cattle meat,0.0,9.28163962391422e-05
TJK,Tajikistan,Rest of Asia,2016,Cattle meat,0.0,9.28163962391422e-05
TJK,Tajikistan,Rest of Asia,2017,Cattle meat,0.05180873646939883,5.86654585087185e-05
TJK,Tajikistan,Rest of Asia,2018,Cattle meat,0.0,5.098282372720808e-05
TJK,Tajikistan,Rest of Asia,2019,Cattle meat,0.01829912071423181,4.851839549289151e-05
TJK,Tajikistan,Rest of Asia,2020,Cattle meat,0.03322438205873021,4.963264056099768e-05
TJK,Tajikistan,Rest of Asia,2021,Cattle meat,0.0,4.963264056099768e-05
TJK,Tajikistan,Rest of Asia,2022,Cattle meat,0.0,4.781850242985404e-05
TJK,Tajikistan,Rest of Asia,2023,Cattle meat,0.0,4.781850242985404e-05
TJK,Tajikistan,Rest of Asia,2001,Soya beans,0.0,0.0
TJK,Tajikistan,Rest of Asia,2002,Soya beans,0.0,0.0
TJK,Tajikistan,Rest of Asia,2003,Soya beans,0.0,0.0
TJK,Tajikistan,Rest of Asia,2004,Soya beans,0.009727671920457082,0.0
TJK,Tajikistan,Rest of Asia,2005,Soya beans,0.008100977533685412,8.158795462771152e-07
TJK,Tajikistan,Rest of Asia,2006,Soya beans,0.002418225057140547,9.317043114826598e-07
TJK,Tajikistan,Rest of Asia,2007,Soya beans,0.0,9.317043114826598e-07
TJK,Tajikistan,Rest of Asia,2008,Soya beans,0.01924984408279343,1.863679794512975e-06
TJK,Tajikistan,Rest of Asia,2009,Soya beans,0.0,1.423627682683709e-06
TJK,Tajikistan,Rest of Asia,2010,Soya beans,0.0,1.060080428923846e-06
TJK,Tajikistan,Rest of Asia,2011,Soya beans,0.0,9.462951545646938e-07
TJK,Tajikistan,Rest of Asia,2012,Soya beans,0.004213207746921398,1.16128123246508e-06
TJK,Tajikistan,Rest of Asia,2013,Soya beans,0.0,2.626462456198005e-07
TJK,Tajikistan,Rest of Asia,2014,Soya beans,2.000664176229785e-06,2.627731010597035e-07
TJK,Tajikistan,Rest of Asia,2015,Soya beans,0.0,2.627731010597035e-07
TJK,Tajikistan,Rest of Asia,2016,Soya beans,0.0,2.627731010597035e-07
TJK,Tajikistan,Rest of Asia,2017,Soya beans,0.0,5.797388514810072e-08
TJK,Tajikistan,Rest of Asia,2018,Soya beans,0.0,5.797388514810072e-08
TJK,Tajikistan,Rest of Asia,2019,Soya beans,1.49868396917176e-06,5.796910006993179e-08
TJK,Tajikistan,Rest of Asia,2020,Soya beans,0.0,5.796910006993179e-08
TJK,Tajikistan,Rest of Asia,2021,Soya beans,0.0,5.796910006993179e-08
TJK,Tajikistan,Rest of Asia,2022,Soya beans,0.0,5.796910006993179e-08
TJK,Tajikistan,Rest of Asia,2023,Soya beans,0.0,5.796910006993179e-08
TKM,Turkmenistan,Rest of Asia,2001,Cattle meat,0.0,0.0
TKM,Turkmenistan,Rest of Asia,2002,Cattle meat,0.0,0.0
TKM,Turkmenistan,Rest of Asia,2003,Cattle meat,0.0,0.0
TKM,Turkmenistan,Rest of Asia,2004,Cattle meat,0.0,0.0
TKM,Turkmenistan,Rest of Asia,2005,Cattle meat,0.0,0.0
TKM,Turkmenistan,Rest of Asia,2006,Cattle meat,0.0,0.0
TKM,Turkmenistan,Rest of Asia,2007,Cattle meat,0.0,0.0
TKM,Turkmenistan,Rest of Asia,2008,Cattle meat,0.0,0.0
TKM,Turkmenistan,Rest of Asia,2009,Cattle meat,4.184727419080341,0.0001678608094792842
TKM,Turkmenistan,Rest of Asia,2010,Cattle meat,2.86623244588307,0.0002971912271166108
TKM,Turkmenistan,Rest of Asia,2011,Cattle meat,11.87895738433838,0.0007255025483467966
TKM,Turkmenistan,Rest of Asia,2012,Cattle meat,2.655158890686036,0.0008476595823772861
TKM,Turkmenistan,Rest of Asia,2013,Cattle meat,0.1747567617797851,0.0008534249007685035
TKM,Turkmenistan,Rest of Asia,2014,Cattle meat,0.0,0.0006899121579872592
TKM,Turkmenistan,Rest of Asia,2015,Cattle meat,0.0,0.0005688674082176938
TKM,Turkmenistan,Rest of Asia,2016,Cattle meat,0.0,0.0001405560869875079
TKM,Turkmenistan,Rest of Asia,2017,Cattle meat,0.0,2.925719617820972e-05
TKM,Turkmenistan,Rest of Asia,2018,Cattle meat,0.0,2.34918777869924e-05
TKM,Turkmenistan,Rest of Asia,2019,Cattle meat,0.0,2.34918777869924e-05
TKM,Turkmenistan,Rest of Asia,2020,Cattle meat,0.0,2.34918777869924e-05
TKM,Turkmenistan,Rest of Asia,2021,Cattle meat,0.0,2.34918777869924e-05
TKM,Turkmenistan,Rest of Asia,2022,Cattle meat,0.0,2.34918777869924e-05
TKM,Turkmenistan,Rest of Asia,2023,Cattle meat,0.0,2.34918777869924e-05
TLS,Timor-Leste,Southeast Asia,2001,Cattle meat,43.53963699254548,6.537979299296703e-06
TLS,Timor-Leste,Southeast Asia,2002,Cattle meat,109.8123688930437,3.353509545347151e-05
TLS,Timor-Leste,Southeast Asia,2003,Cattle meat,37.30694457039659,5.26071732661138e-05
TLS,Timor-Leste,Southeast Asia,2004,Cattle meat,106.4781243475234,0.000106052443466716
TLS,Timor-Leste,Southeast Asia,2005,Cattle meat,1.447935859122566,0.02959931706981142
TLS,Timor-Leste,Southeast Asia,2006,Cattle meat,0.0,0.02480775773015247
TLS,Timor-Leste,Southeast Asia,2007,Cattle meat,0.0,0.01411007228172042
TLS,Timor-Leste,Southeast Asia,2008,Cattle meat,0.6037318267007745,0.01021334966814526
TLS,Timor-Leste,Southeast Asia,2009,Cattle meat,9.930859764022017,0.001230944518620869
TLS,Timor-Leste,Southeast Asia,2010,Cattle meat,0.0,0.001082980538876271
TLS,Timor-Leste,Southeast Asia,2011,Cattle meat,0.0,0.001082980538876271
TLS,Timor-Leste,Southeast Asia,2012,Cattle meat,10.88352369314324,0.002181269190812841
TLS,Timor-Leste,Southeast Asia,2013,Cattle meat,2.133703373295681,0.002287725948166568
TLS,Timor-Leste,Southeast Asia,2014,Cattle meat,8.591580731406998,0.002104331202790961
TLS,Timor-Leste,Southeast Asia,2015,Cattle meat,3.240665853937748,0.002361336748680891
TLS,Timor-Leste,Southeast Asia,2016,Cattle meat,11.56560757491028,0.003413688061981563
TLS,Timor-Leste,Southeast Asia,2017,Cattle meat,21.46570811798096,0.004279635283745711
TLS,Timor-Leste,Southeast Asia,2018,Cattle meat,24.7339630439246,0.006423008305450685
TLS,Timor-Leste,Southeast Asia,2019,Cattle meat,14.28803575239955,0.007030375475507818
TLS,Timor-Leste,Southeast Asia,2020,Cattle meat,33.2754475158531,0.00995785859555022
TLS,Timor-Leste,Southeast Asia,2021,Cattle meat,42.92895821303574,0.0130898265132329
TLS,Timor-Leste,Southeast Asia,2022,Cattle meat,24.81928713424518,0.01355330135474115
TLS,Timor-Leste,Southeast Asia,2023,Cattle meat,15.26629336039019,0.01275524311805455
TLS,Timor-Leste,Southeast Asia,2001,Soya beans,0.5509143659877208,7.454160243811525e-08
TLS,Timor-Leste,Southeast Asia,2002,Soya beans,0.7942652099018795,4.429926084737027e-07
TLS,Timor-Leste,Southeast Asia,2003,Soya beans,0.3870122521721014,5.652050017153735e-07
TLS,Timor-Leste,Southeast Asia,2004,Soya beans,0.0,5.652050017153735e-07
TLS,Timor-Leste,Southeast Asia,2005,Soya beans,0.0,0.0002185177455584238
TLS,Timor-Leste,Southeast Asia,2006,Soya beans,16.82081978921303,0.001907131605697828
TLS,Timor-Leste,Southeast Asia,2007,Soya beans,0.0,0.001790040835916467
TLS,Timor-Leste,Southeast Asia,2008,Soya beans,0.881424849185016,0.001843374930598773
TLS,Timor-Leste,Southeast Asia,2009,Soya beans,0.0,0.001843374930598773
TLS,Timor-Leste,Southeast Asia,2010,Soya beans,8.299795548138581,0.002715307745741341
TLS,Timor-Leste,Southeast Asia,2011,Soya beans,0.0,0.0009795383281762237
TLS,Timor-Leste,Southeast Asia,2012,Soya beans,0.0,0.0009795383281762237
TLS,Timor-Leste,Southeast Asia,2013,Soya beans,0.0,0.0008855672812475352
TLS,Timor-Leste,Southeast Asia,2014,Soya beans,0.0,0.0008855672812475352
TLS,Timor-Leste,Southeast Asia,2015,Soya beans,2.172769027461048,0.0002015094070674834
TLS,Timor-Leste,Southeast Asia,2016,Soya beans,0.9410553645354645,0.0003618211993425329
TLS,Timor-Leste,Southeast Asia,2017,Soya beans,1.130094090024261,0.0004652778405666792
TLS,Timor-Leste,Southeast Asia,2018,Soya beans,0.0,0.0004652778405666792
TLS,Timor-Leste,Southeast Asia,2019,Soya beans,0.3645362657977263,0.0005235945575944402
TLS,Timor-Leste,Southeast Asia,2020,Soya beans,0.1900494398342829,0.0003922556079884188
TLS,Timor-Leste,Southeast Asia,2021,Soya beans,2.947608557580952,0.001230718936813542
TLS,Timor-Leste,Southeast Asia,2022,Soya beans,0.0,0.001127830875024314
TLS,Timor-Leste,Southeast Asia,2023,Soya beans,0.3761467273717355,0.00120901681388879
TTO,Trinidad and Tobago,South America,2001,Cattle meat,79.03776268105656,0.0001532757477404785
TTO,Trinidad and Tobago,South America,2002,Cattle meat,20.70533568206787,0.000190927809519165
TTO,Trinidad and Tobago,South America,2003,Cattle meat,26.68566733681355,0.0003037989258342285
TTO,Trinidad and Tobago,South America,2004,Cattle meat,57.21517439860424,0.0003172708811630753
TTO,Trinidad and Tobago,South America,2005,Cattle meat,11.41540093886997,0.01527318399864692
TTO,Trinidad and Tobago,South America,2006,Cattle meat,15.97061523863413,0.01128869834401389
TTO,Trinidad and Tobago,South America,2007,Cattle meat,14.65846276413108,0.01078486039366036
TTO,Trinidad and Tobago,South America,2008,Cattle meat,12.93805149123416,0.01000100090699741
TTO,Trinidad and Tobago,South America,2009,Cattle meat,10.91241077884506,0.005547584216215136
TTO,Trinidad and Tobago,South America,2010,Cattle meat,23.3637688456078,0.006647460550682755
TTO,Trinidad and Tobago,South America,2011,Cattle meat,6.674170573949579,0.006139580123937292
TTO,Trinidad and Tobago,South America,2012,Cattle meat,9.745149475446619,0.005949806325900195
TTO,Trinidad and Tobago,South America,2013,Cattle meat,6.735542677969992,0.005485203570041081
TTO,Trinidad and Tobago,South America,2014,Cattle meat,7.717530194312664,0.005334307307062951
TTO,Trinidad and Tobago,South America,2015,Cattle meat,2.011337877669307,0.003663723215757591
TTO,Trinidad and Tobago,South America,2016,Cattle meat,13.46425758526238,0.004193610059744958
TTO,Trinidad and Tobago,South America,2017,Cattle meat,14.94053712957957,0.004836865473431371
TTO,Trinidad and Tobago,South America,2018,Cattle meat,9.171342955074303,0.0051761394681033
TTO,Trinidad and Tobago,South America,2019,Cattle meat,7.499697864020378,0.005374180586784746
TTO,Trinidad and Tobago,South America,2020,Cattle meat,8.52907497772572,0.005983816604869736
TTO,Trinidad and Tobago,South America,2021,Cattle meat,5.257023123804073,0.005379858941621891
TTO,Trinidad and Tobago,South America,2022,Cattle meat,3.071166602935203,0.004220233858630677
TTO,Trinidad and Tobago,South America,2023,Cattle meat,8.444711287790454,0.004125252043636383
TUN,Tunisia,Africa,2001,Cattle meat,8.741265746965487,2.031520748486217e-06
TUN,Tunisia,Africa,2002,Cattle meat,10.69363367314211,6.396756213925283e-06
TUN,Tunisia,Africa,2003,Cattle meat,28.03600502438934,1.295591861875784e-05
TUN,Tunisia,Africa,2004,Cattle meat,11.84738256122464,1.295591861875784e-05
TUN,Tunisia,Africa,2005,Cattle meat,0.0,0.002936926475914083
TUN,Tunisia,Africa,2006,Cattle meat,4.608775032630692,0.002720204622903216
TUN,Tunisia,Africa,2007,Cattle meat,0.0,0.002208102892310692
TUN,Tunisia,Africa,2008,Cattle meat,0.5539386561666714,0.0008527101596220846
TUN,Tunisia,Africa,2009,Cattle meat,0.0,0.0002559260373411862
TUN,Tunisia,Africa,2010,Cattle meat,0.0,0.0002559260373411862
TUN,Tunisia,Africa,2011,Cattle meat,25.02868856888525,0.001237193531095544
TUN,Tunisia,Africa,2012,Cattle meat,7.907900935308475,0.001655376079244039
TUN,Tunisia,Africa,2013,Cattle meat,0.0,0.0016294405098228
TUN,Tunisia,Africa,2014,Cattle meat,0.0,0.0016294405098228
TUN,Tunisia,Africa,2015,Cattle meat,0.0,0.0016294405098228
TUN,Tunisia,Africa,2016,Cattle meat,0.0,0.0004350506329069698
TUN,Tunisia,Africa,2017,Cattle meat,3.896849568203731,0.0001818609256757823
TUN,Tunisia,Africa,2018,Cattle meat,1.524866258489635,0.0002567194457884858
TUN,Tunisia,Africa,2019,Cattle meat,2.014769649876431,0.0003447784302882334
TUN,Tunisia,Africa,2020,Cattle meat,2.56788623979114,0.0004517916423576484
TUN,Tunisia,Africa,2021,Cattle meat,1.269112147347532,0.0005039673481344613
TUN,Tunisia,Africa,2022,Cattle meat,0.9205098768964093,0.0003876619111496522
TUN,Tunisia,Africa,2023,Cattle meat,2.701799518204845,0.0004245777320647213
TUR,Turkey,Rest of Asia,2001,Cattle meat,60.92153926033962,1.516891459702571e-05
TUR,Turkey,Rest of Asia,2002,Cattle meat,173.402305602248,2.56464159321581e-05
TUR,Turkey,Rest of Asia,2003,Cattle meat,284.5770754841797,3.524849359375858e-05
TUR,Turkey,Rest of Asia,2004,Cattle meat,771.791370268609,9.699809810704603e-05
TUR,Turkey,Rest of Asia,2005,Cattle meat,328.0865361775863,0.08396869038037749
TUR,Turkey,Rest of Asia,2006,Cattle meat,389.4946948449224,0.1008507617153373
TUR,Turkey,Rest of Asia,2007,Cattle meat,517.650924454601,0.1187838738705404
TUR,Turkey,Rest of Asia,2008,Cattle meat,332.6309114297307,0.12274534384312
TUR,Turkey,Rest of Asia,2009,Cattle meat,401.5374919366888,0.1028495783007127
TUR,Turkey,Rest of Asia,2010,Cattle meat,225.8759894336027,0.09761295844642336
TUR,Turkey,Rest of Asia,2011,Cattle meat,48.93240897908985,0.08034312249228617
TUR,Turkey,Rest of Asia,2012,Cattle meat,81.29879205166384,0.0577622635985029
TUR,Turkey,Rest of Asia,2013,Cattle meat,167.8154110290383,0.04886065783883249
TUR,Turkey,Rest of Asia,2014,Cattle meat,260.874316558593,0.04049585530863965
TUR,Turkey,Rest of Asia,2015,Cattle meat,307.3854536579195,0.0446882816725408
TUR,Turkey,Rest of Asia,2016,Cattle meat,330.4324247225179,0.05932737878680698
TUR,Turkey,Rest of Asia,2017,Cattle meat,280.7974015236426,0.06979400715174172
TUR,Turkey,Rest of Asia,2018,Cattle meat,43.76594397832831,0.06366509493265471
TUR,Turkey,Rest of Asia,2019,Cattle meat,25.49259916185541,0.05206452982890687
TUR,Turkey,Rest of Asia,2020,Cattle meat,37.91101696548676,0.03836192505395426
TUR,Turkey,Rest of Asia,2021,Cattle meat,50.76022519802677,0.02365638117453496
TUR,Turkey,Rest of Asia,2022,Cattle meat,99.35666207840384,0.01440951452121376
TUR,Turkey,Rest of Asia,2023,Cattle meat,61.89422738451599,0.01516388643686209
TUR,Turkey,Rest of Asia,2001,Soya beans,0.0,0.0
TUR,Turkey,Rest of Asia,2002,Soya beans,0.0,0.0
TUR,Turkey,Rest of Asia,2003,Soya beans,0.0,0.0
TUR,Turkey,Rest of Asia,2004,Soya beans,0.0,0.0
TUR,Turkey,Rest of Asia,2005,Soya beans,0.7268120965473043,4.164216460962991e-05
TUR,Turkey,Rest of Asia,2006,Soya beans,0.0,4.164216460962991e-05
TUR,Turkey,Rest of Asia,2007,Soya beans,7.640844805554214,0.0004496200651422284
TUR,Turkey,Rest of Asia,2008,Soya beans,3.681861279645483,0.0006438984512593841
TUR,Turkey,Rest of Asia,2009,Soya beans,10.73336079655809,0.001191248045397493
TUR,Turkey,Rest of Asia,2010,Soya beans,7.187068473683246,0.00151569483596678
TUR,Turkey,Rest of Asia,2011,Soya beans,13.33894044497099,0.002320793359965075
TUR,Turkey,Rest of Asia,2012,Soya beans,4.938522725824308,0.002202919049548605
TUR,Turkey,Rest of Asia,2013,Soya beans,0.0,0.002009891766965251
TUR,Turkey,Rest of Asia,2014,Soya beans,0.0,0.001464088581957775
TUR,Turkey,Rest of Asia,2015,Soya beans,0.0,0.001098408142407367
TUR,Turkey,Rest of Asia,2016,Soya beans,0.0,0.0002940813984011962
TUR,Turkey,Rest of Asia,2017,Soya beans,5.634036612217165,0.0003085558682058212
TUR,Turkey,Rest of Asia,2018,Soya beans,16.27026704977327,0.001211364586722372
TUR,Turkey,Rest of Asia,2019,Soya beans,2.271857898856509,0.001334588486968595
TUR,Turkey,Rest of Asia,2020,Soya beans,0.0,0.001334588486968595
TUR,Turkey,Rest of Asia,2021,Soya beans,0.0,0.001334588486968595
TUR,Turkey,Rest of Asia,2022,Soya beans,0.0,0.001031855630716351
TUR,Turkey,Rest of Asia,2023,Soya beans,0.0,0.0001300192064519248
TWN,Taiwan,Rest of Asia,2001,Cattle meat,18.26051860429378,0.0
TWN,Taiwan,Rest of Asia,2002,Cattle meat,10.43800240311348,0.0
TWN,Taiwan,Rest of Asia,2003,Cattle meat,10.24300916828753,2.428609965030754e-07
TWN,Taiwan,Rest of Asia,2004,Cattle meat,16.82256173023202,2.428609965030754e-07
TWN,Taiwan,Rest of Asia,2005,Cattle meat,13.44456930849622,0.006365656091082021
TWN,Taiwan,Rest of Asia,2006,Cattle meat,19.92391493535715,0.006258535137909208
TWN,Taiwan,Rest of Asia,2007,Cattle meat,15.85557471453972,0.006650429253169832
TWN,Taiwan,Rest of Asia,2008,Cattle meat,22.25580307558623,0.007760211930349218
TWN,Taiwan,Rest of Asia,2009,Cattle meat,23.70892252974638,0.00845327045044359
TWN,Taiwan,Rest of Asia,2010,Cattle meat,14.70020826724408,0.008923555856852538
TWN,Taiwan,Rest of Asia,2011,Cattle meat,6.974581569679883,0.007838040404475685
TWN,Taiwan,Rest of Asia,2012,Cattle meat,11.11698147946979,0.007423103815543115
TWN,Taiwan,Rest of Asia,2013,Cattle meat,5.400463208036421,0.005921618264609394
TWN,Taiwan,Rest of Asia,2014,Cattle meat,6.312617683658621,0.004206714445727262
TWN,Taiwan,Rest of Asia,2015,Cattle meat,2.562669507211677,0.003023465100550886
TWN,Taiwan,Rest of Asia,2016,Cattle meat,10.33073124839793,0.00326184254825937
TWN,Taiwan,Rest of Asia,2017,Cattle meat,9.094425863348874,0.003171488829638532
TWN,Taiwan,Rest of Asia,2018,Cattle meat,7.207413993204885,0.003232855900489742
TWN,Taiwan,Rest of Asia,2019,Cattle meat,11.73910355474137,0.003584663268726513
TWN,Taiwan,Rest of Asia,2020,Cattle meat,18.85182353688637,0.004944568270895845
TWN,Taiwan,Rest of Asia,2021,Cattle meat,20.98492339563611,0.005939486785832779
TWN,Taiwan,Rest of Asia,2022,Cattle meat,7.656413053537302,0.005710003454676516
TWN,Taiwan,Rest of Asia,2023,Cattle meat,19.70160009819061,0.006273312208484154
TWN,Taiwan,Rest of Asia,2001,Soya beans,0.0,0.0
TWN,Taiwan,Rest of Asia,2002,Soya beans,0.0,0.0
TWN,Taiwan,Rest of Asia,2003,Soya beans,0.0,0.0
TWN,Taiwan,Rest of Asia,2004,Soya beans,0.0,0.0
TWN,Taiwan,Rest of Asia,2005,Soya beans,0.0,0.0
TWN,Taiwan,Rest of Asia,2006,Soya beans,0.1708690806021106,1.377670596327471e-05
TWN,Taiwan,Rest of Asia,2007,Soya beans,0.1601198648612364,2.840950091582901e-05
TWN,Taiwan,Rest of Asia,2008,Soya beans,0.0,2.840950091582901e-05
TWN,Taiwan,Rest of Asia,2009,Soya beans,0.0,2.840950091582901e-05
TWN,Taiwan,Rest of Asia,2010,Soya beans,0.6812780871894355,9.328073795914337e-05
TWN,Taiwan,Rest of Asia,2011,Soya beans,1.323584895417934,0.0002038664658953563
TWN,Taiwan,Rest of Asia,2012,Soya beans,6.118716386791125,0.0007902986158261481
TWN,Taiwan,Rest of Asia,2013,Soya beans,2.404412817509486,0.001060581377728717
TWN,Taiwan,Rest of Asia,2014,Soya beans,5.342553414247893,0.001635321631581213
TWN,Taiwan,Rest of Asia,2015,Soya beans,1.355158806838711,0.001693952427288714
TWN,Taiwan,Rest of Asia,2016,Soya beans,37.02794779383326,0.004745922930536729
TWN,Taiwan,Rest of Asia,2017,Soya beans,4.432387409896047,0.004544471014714392
TWN,Taiwan,Rest of Asia,2018,Soya beans,3.212603132853909,0.004553369600140056
TWN,Taiwan,Rest of Asia,2019,Soya beans,0.0,0.00397862934628756
TWN,Taiwan,Rest of Asia,2020,Soya beans,0.0,0.003855127313536745
TWN,Taiwan,Rest of Asia,2021,Soya beans,0.0,0.0006787943763892428
TWN,Taiwan,Rest of Asia,2022,Soya beans,0.0,0.0002791813473282343
TWN,Taiwan,Rest of Asia,2023,Soya beans,0.0,0.0
TZA,Tanzania,Africa,2001,Cattle meat,1249.110180169635,6.035364198445855e-05
TZA,Tanzania,Africa,2002,Cattle meat,915.983311688374,9.033114848022081e-05
TZA,Tanzania,Africa,2003,Cattle meat,996.0047763194173,0.0001122347588203078
TZA,Tanzania,Africa,2004,Cattle meat,555.3327823730734,0.0001356669193601935
TZA,Tanzania,Africa,2005,Cattle meat,623.4688428823413,0.2408886214660765
TZA,Tanzania,Africa,2006,Cattle meat,850.1211681242688,0.2115077721601666
TZA,Tanzania,Africa,2007,Cattle meat,1766.087400639129,0.2530313443973509
TZA,Tanzania,Africa,2008,Cattle meat,2625.989634383099,0.3435746494560814
TZA,Tanzania,Africa,2009,Cattle meat,0.0,0.3146561145399844
TZA,Tanzania,Africa,2010,Cattle meat,1365.375712183782,0.3591941326938102
TZA,Tanzania,Africa,2011,Cattle meat,874.1256786107957,0.3662586775613034
TZA,Tanzania,Africa,2012,Cattle meat,4391.335146054663,0.5184072555432839
TZA,Tanzania,Africa,2013,Cattle meat,680.6989745369485,0.411334252697783
TZA,Tanzania,Africa,2014,Cattle meat,910.1730523453584,0.4561357729968042
TZA,Tanzania,Africa,2015,Cattle meat,608.6423229785828,0.412169596709742
TZA,Tanzania,Africa,2016,Cattle meat,1017.706859271521,0.4150009131191183
TZA,Tanzania,Africa,2017,Cattle meat,1588.916957034121,0.2485287097409918
TZA,Tanzania,Africa,2018,Cattle meat,2247.709979936668,0.3287652271051904
TZA,Tanzania,Africa,2019,Cattle meat,2233.808929189508,0.4007075954087312
TZA,Tanzania,Africa,2020,Cattle meat,7131.394412206568,0.7195296007315231
TZA,Tanzania,Africa,2021,Cattle meat,6394.235265186379,0.9880746140422701
TZA,Tanzania,Africa,2022,Cattle meat,8111.114049439753,1.329303758488037
TZA,Tanzania,Africa,2023,Cattle meat,10919.28010513973,1.762126252180275
TZA,Tanzania,Africa,2001,Oil palm fruit,0.0,0.0
TZA,Tanzania,Africa,2002,Oil palm fruit,0.0,0.0
TZA,Tanzania,Africa,2003,Oil palm fruit,0.0,0.0
TZA,Tanzania,Africa,2004,Oil palm fruit,0.0,0.0
TZA,Tanzania,Africa,2005,Oil palm fruit,0.0,0.0
TZA,Tanzania,Africa,2006,Oil palm fruit,0.0,0.0
TZA,Tanzania,Africa,2007,Oil palm fruit,6.382151769420987,-0.0002805879797863668
TZA,Tanzania,Africa,2008,Oil palm fruit,9.591533913434363,-0.0007025126958729852
TZA,Tanzania,Africa,2009,Oil palm fruit,15.81600739757818,-0.001395095714041162
TZA,Tanzania,Africa,2010,Oil palm fruit,5.4064555218727,-0.001632889439634889
TZA,Tanzania,Africa,2011,Oil palm fruit,5.027642529251596,-0.00184612379749278
TZA,Tanzania,Africa,2012,Oil palm fruit,2.791399073802032,-0.001688091715800745
TZA,Tanzania,Africa,2013,Oil palm fruit,12.04360127738298,-0.001795599196147567
TZA,Tanzania,Africa,2014,Oil palm fruit,16.78663148599331,-0.0018406809512129
TZA,Tanzania,Africa,2015,Oil palm fruit,9.130113211421746,-0.001996251860452341
TZA,Tanzania,Africa,2016,Oil palm fruit,22.11569117701119,-0.002754911388828793
TZA,Tanzania,Africa,2017,Oil palm fruit,9.29948968058702,-0.003040932643885847
TZA,Tanzania,Africa,2018,Oil palm fruit,1.233775089731912,-0.00256521968409926
TZA,Tanzania,Africa,2019,Oil palm fruit,0.5143195421046428,-0.001849187883164946
TZA,Tanzania,Africa,2020,Oil palm fruit,0.0,-0.001455201069836997
TZA,Tanzania,Africa,2021,Oil palm fruit,1.545468018168139,-0.0005500435009483202
TZA,Tanzania,Africa,2022,Oil palm fruit,0.2436363066045624,-0.0001515790226745736
TZA,Tanzania,Africa,2023,Oil palm fruit,0.733964706288752,-0.0001295716126155167
TZA,Tanzania,Africa,2001,Soya beans,0.0,0.0
TZA,Tanzania,Africa,2002,Soya beans,18.35597718539329,4.803640462408557e-07
TZA,Tanzania,Africa,2003,Soya beans,64.47328425627656,1.649526466876951e-06
TZA,Tanzania,Africa,2004,Soya beans,38.44725865903399,3.121694992285663e-06
TZA,Tanzania,Africa,2005,Soya beans,87.51447009261818,0.01255731022185346
TZA,Tanzania,Africa,2006,Soya beans,6.059816472593611,0.01288302878675193
TZA,Tanzania,Africa,2007,Soya beans,0.0,0.01171727208338995
TZA,Tanzania,Africa,2008,Soya beans,0.0,0.008034205494174497
TZA,Tanzania,Africa,2009,Soya beans,0.0,0.005586449697399075
TZA,Tanzania,Africa,2010,Soya beans,23.0315005231777,0.001722373251132693
TZA,Tanzania,Africa,2011,Soya beans,70.7136304719036,0.005610295054414609
TZA,Tanzania,Africa,2012,Soya beans,0.3198478105398162,0.005628999434260211
TZA,Tanzania,Africa,2013,Soya beans,87.71514424310855,0.01051249428427383
TZA,Tanzania,Africa,2014,Soya beans,8.240710002214897,0.01097323664164368
TZA,Tanzania,Africa,2015,Soya beans,556.3901111602596,0.04104527886964167
TZA,Tanzania,Africa,2016,Soya beans,1301.225550647402,0.1092585735831722
TZA,Tanzania,Africa,2017,Soya beans,1092.860983970456,0.1667638165751984
TZA,Tanzania,Africa,2018,Soya beans,627.1102527523063,0.1960955868893053
TZA,Tanzania,Africa,2019,Soya beans,242.8594516098901,0.209651897900051
TZA,Tanzania,Africa,2020,Soya beans,0.0,0.1782193602345908
TZA,Tanzania,Africa,2021,Soya beans,0.0,0.1058474748127701
TZA,Tanzania,Africa,2022,Soya beans,0.0,0.04835606505070796
TZA,Tanzania,Africa,2023,Soya beans,0.0,0.01417699558266559
UGA,Uganda,Africa,2001,Cattle meat,100.3799772208061,5.433529890605818e-05
UGA,Uganda,Africa,2002,Cattle meat,52.41904158503095,7.321301145590234e-05
UGA,Uganda,Africa,2003,Cattle meat,285.5978211489881,0.0001651814337392677
UGA,Uganda,Africa,2004,Cattle meat,533.8823010217869,0.0003834625256001064
UGA,Uganda,Africa,2005,Cattle meat,711.7994732940459,0.1054862546747389
UGA,Uganda,Africa,2006,Cattle meat,804.0591011602457,0.1483107663754576
UGA,Uganda,Africa,2007,Cattle meat,718.2377609736076,0.1889236445374375
UGA,Uganda,Africa,2008,Cattle meat,524.5782150781831,0.2039414732116202
UGA,Uganda,Africa,2009,Cattle meat,54.06452123864897,0.1746568843762092
UGA,Uganda,Africa,2010,Cattle meat,46.4142118072744,0.1333577014778504
UGA,Uganda,Africa,2011,Cattle meat,220.2229653391296,0.09786824502195779
UGA,Uganda,Africa,2012,Cattle meat,711.892156438862,0.09476047164452628
UGA,Uganda,Africa,2013,Cattle meat,1073.382768942152,0.1102897995407589
UGA,Uganda,Africa,2014,Cattle meat,1058.792004268914,0.1511769360994159
UGA,Uganda,Africa,2015,Cattle meat,914.1298759860186,0.1871298427644971
UGA,Uganda,Africa,2016,Cattle meat,1226.526346488836,0.2257978683816561
UGA,Uganda,Africa,2017,Cattle meat,3144.861261081433,0.3133991465782746
UGA,Uganda,Africa,2018,Cattle meat,2474.445209372638,0.3702600466179494
UGA,Uganda,Africa,2019,Cattle meat,2850.810844065176,0.4482765000281119
UGA,Uganda,Africa,2020,Cattle meat,3938.12197475483,0.5689368009752271
UGA,Uganda,Africa,2021,Cattle meat,3732.883248882817,0.7177212677226984
UGA,Uganda,Africa,2022,Cattle meat,3651.547351960548,0.7734355923646734
UGA,Uganda,Africa,2023,Cattle meat,4444.415553119599,0.8474155327287258
UGA,Uganda,Africa,2001,Oil palm fruit,6.000523791503898,0.0
UGA,Uganda,Africa,2002,Oil palm fruit,3.461836962890625,0.0
UGA,Uganda,Africa,2003,Oil palm fruit,0.07693096923828124,0.0
UGA,Uganda,Africa,2004,Oil palm fruit,11.30863041992188,0.0
UGA,Uganda,Africa,2005,Oil palm fruit,28.00250056762694,0.003468144482072809
UGA,Uganda,Africa,2006,Oil palm fruit,32.07974786376958,0.005371091365198889
UGA,Uganda,Africa,2007,Oil palm fruit,34.00350132446287,0.007340243038998536
UGA,Uganda,Africa,2008,Oil palm fruit,31.31087528686525,0.009395773322792749
UGA,Uganda,Africa,2009,Oil palm fruit,8.53933536376953,0.00920662955586943
UGA,Uganda,Africa,2010,Oil palm fruit,15.0783388671875,0.008281661544356738
UGA,Uganda,Africa,2011,Oil palm fruit,27.4643170776366,0.007824465907351096
UGA,Uganda,Africa,2012,Oil palm fruit,4.231196722412107,0.005876686197697408
UGA,Uganda,Africa,2013,Oil palm fruit,2.1540673828125,0.003942678447697285
UGA,Uganda,Africa,2014,Oil palm fruit,1.153964343261719,0.003428771506076646
UGA,Uganda,Africa,2015,Oil palm fruit,0.0,0.00240213421894452
UGA,Uganda,Africa,2016,Oil palm fruit,0.8462431152343751,0.0004961078418518638
UGA,Uganda,Africa,2017,Oil palm fruit,0.2307923706054688,0.0002146330543058284
UGA,Uganda,Africa,2018,Oil palm fruit,0.0,8.726176593675439e-05
UGA,Uganda,Africa,2019,Oil palm fruit,0.0,3.900191871245632e-05
UGA,Uganda,Africa,2020,Oil palm fruit,0.0,3.900191871245632e-05
UGA,Uganda,Africa,2021,Oil palm fruit,0.0,1.329738542760872e-05
UGA,Uganda,Africa,2022,Oil palm fruit,0.0,4.18575658428955e-06
UGA,Uganda,Africa,2023,Oil palm fruit,0.0,4.18575658428955e-06
UGA,Uganda,Africa,2001,Soya beans,235.257907845175,8.61755517193307e-05
UGA,Uganda,Africa,2002,Soya beans,0.0,8.61755517193307e-05
UGA,Uganda,Africa,2003,Soya beans,0.0,8.61755517193307e-05
UGA,Uganda,Africa,2004,Soya beans,39.29150599899853,9.416460087242007e-05
UGA,Uganda,Africa,2005,Soya beans,0.0,0.02133734123175819
UGA,Uganda,Africa,2006,Soya beans,0.0,0.003066904588027126
UGA,Uganda,Africa,2007,Soya beans,0.0,0.003066904588027126
UGA,Uganda,Africa,2008,Soya beans,381.450815565639,0.03252153751842871
UGA,Uganda,Africa,2009,Soya beans,12.45430381724099,0.03041694871008785
UGA,Uganda,Africa,2010,Soya beans,20.16703101744862,0.03214931711437142
UGA,Uganda,Africa,2011,Soya beans,34.58184347359122,0.03482286032922361
UGA,Uganda,Africa,2012,Soya beans,36.57611975981651,0.03757336552756139
UGA,Uganda,Africa,2013,Soya beans,19.44415821877819,0.009179226502051229
UGA,Uganda,Africa,2014,Soya beans,5.810225622624238,0.008610980148965029
UGA,Uganda,Africa,2015,Soya beans,640.534846736374,0.03970042464132923
UGA,Uganda,Africa,2016,Soya beans,1258.021818779952,0.09904877848089555
UGA,Uganda,Africa,2017,Soya beans,1032.758086734969,0.1421388678126085
UGA,Uganda,Africa,2018,Soya beans,0.0,0.1411260232902761
UGA,Uganda,Africa,2019,Soya beans,0.0,0.140828751508094
UGA,Uganda,Africa,2020,Soya beans,0.0,0.1081166087344751
UGA,Uganda,Africa,2021,Soya beans,446.5636493263213,0.07644783201907236
UGA,Uganda,Africa,2022,Soya beans,0.0,0.03098639276892732
UGA,Uganda,Africa,2023,Soya beans,138.5653437029379,0.03838460156477538
UKR,Ukraine,Europe,2001,Cattle meat,81.76310591688059,2.562526590199974e-05
UKR,Ukraine,Europe,2002,Cattle meat,65.45493222448981,4.411777606622205e-05
UKR,Ukraine,Europe,2003,Cattle meat,29.62283964968032,5.100153917485263e-05
UKR,Ukraine,Europe,2004,Cattle meat,25.95964286807484,5.94651321363788e-05
UKR,Ukraine,Europe,2005,Cattle meat,0.0,0.01092627785157477
UKR,Ukraine,Europe,2006,Cattle meat,0.0,0.00626089911107696
UKR,Ukraine,Europe,2007,Cattle meat,0.0,0.003004144098365047
UKR,Ukraine,Europe,2008,Cattle meat,0.0,0.001414619418036949
UKR,Ukraine,Europe,2009,Cattle meat,0.0,5.94651321363788e-05
UKR,Ukraine,Europe,2010,Cattle meat,0.0,5.94651321363788e-05
UKR,Ukraine,Europe,2011,Cattle meat,0.0,5.94651321363788e-05
UKR,Ukraine,Europe,2012,Cattle meat,0.0,5.94651321363788e-05
UKR,Ukraine,Europe,2013,Cattle meat,0.0,5.94651321363788e-05
UKR,Ukraine,Europe,2014,Cattle meat,0.0,5.94651321363788e-05
UKR,Ukraine,Europe,2015,Cattle meat,0.0,5.94651321363788e-05
UKR,Ukraine,Europe,2016,Cattle meat,0.0,5.94651321363788e-05
UKR,Ukraine,Europe,2017,Cattle meat,0.0,5.94651321363788e-05
UKR,Ukraine,Europe,2018,Cattle meat,0.0,5.94651321363788e-05
UKR,Ukraine,Europe,2019,Cattle meat,122.9240058336458,0.004453549422074448
UKR,Ukraine,Europe,2020,Cattle meat,271.8760142021136,0.01311861243290533
UKR,Ukraine,Europe,2021,Cattle meat,178.9728594063462,0.01962393182846692
UKR,Ukraine,Europe,2022,Cattle meat,218.0863187362492,0.02652345742044222
UKR,Ukraine,Europe,2023,Cattle meat,141.4238564595383,0.03125105976145279
UKR,Ukraine,Europe,2001,Soya beans,74.05277509045618,1.699416324176745e-05
UKR,Ukraine,Europe,2002,Soya beans,154.4135264942832,5.879396974208015e-05
UKR,Ukraine,Europe,2003,Soya beans,95.97574866219519,8.415509501367901e-05
UKR,Ukraine,Europe,2004,Soya beans,132.6739453244833,0.0001451279193328092
UKR,Ukraine,Europe,2005,Soya beans,17.11176670127436,0.03609545494060323
UKR,Ukraine,Europe,2006,Soya beans,0.0,0.03153242322804648
UKR,Ukraine,Europe,2007,Soya beans,105.2371193225038,0.02836010538102605
UKR,Ukraine,Europe,2008,Soya beans,233.9836080414356,0.03502779539060484
UKR,Ukraine,Europe,2009,Soya beans,154.0208097730152,0.03035716442127851
UKR,Ukraine,Europe,2010,Soya beans,68.73517105240367,0.03337649133189392
UKR,Ukraine,Europe,2011,Soya beans,292.5711584864706,0.05192200019880529
UKR,Ukraine,Europe,2012,Soya beans,418.8870508052357,0.07193705900787782
UKR,Ukraine,Europe,2013,Soya beans,232.7756116119016,0.07366869011960117
UKR,Ukraine,Europe,2014,Soya beans,122.018370334354,0.07193763479749019
UKR,Ukraine,Europe,2015,Soya beans,0.0,0.06740739642465621
UKR,Ukraine,Europe,2016,Soya beans,0.0,0.04895116045086687
UKR,Ukraine,Europe,2017,Soya beans,0.0,0.0226997602882282
UKR,Ukraine,Europe,2018,Soya beans,0.0,0.008189620724681984
UKR,Ukraine,Europe,2019,Soya beans,0.0,0.0007305122694101073
UKR,Ukraine,Europe,2020,Soya beans,206.7874408367523,0.01327266462313292
UKR,Ukraine,Europe,2021,Soya beans,163.4460797483186,0.02533428234237274
UKR,Ukraine,Europe,2022,Soya beans,111.1733065443872,0.0319871706612051
UKR,Ukraine,Europe,2023,Soya beans,96.44620729504369,0.03818350591427127
URY,Uruguay,South America,2001,Cattle meat,546.3324122225438,2.308987181848144e-05
URY,Uruguay,South America,2002,Cattle meat,372.3944759524416,2.542577761608887e-05
URY,Uruguay,South America,2003,Cattle meat,352.6650348547854,3.924540337091064e-05
URY,Uruguay,South America,2004,Cattle meat,629.1950937543432,7.412580268188476e-05
URY,Uruguay,South America,2005,Cattle meat,536.2530719660107,0.0929224477120544
URY,Uruguay,South America,2006,Cattle meat,814.4343433089299,0.1056416571946559
URY,Uruguay,South America,2007,Cattle meat,390.0099153052596,0.1062670093703202
URY,Uruguay,South America,2008,Cattle meat,933.855720461046,0.1312394757718225
URY,Uruguay,South America,2009,Cattle meat,403.4000670395664,0.1221594465549974
URY,Uruguay,South America,2010,Cattle meat,455.8017831131004,0.1207113924713208
URY,Uruguay,South America,2011,Cattle meat,975.3951596147002,0.1285882484131777
URY,Uruguay,South America,2012,Cattle meat,1245.263005615868,0.1663996969066575
URY,Uruguay,South America,2013,Cattle meat,1331.96262774434,0.1791360050655645
URY,Uruguay,South America,2014,Cattle meat,1835.825330773144,0.230951201123914
URY,Uruguay,South America,2015,Cattle meat,1096.275841690641,0.2532077585089758
URY,Uruguay,South America,2016,Cattle meat,1675.310771556793,0.2723727494765089
URY,Uruguay,South America,2017,Cattle meat,1758.249850340313,0.2837566717020856
URY,Uruguay,South America,2018,Cattle meat,1291.593149194356,0.2782677734753847
URY,Uruguay,South America,2019,Cattle meat,1395.047742593324,0.2582716782495503
URY,Uruguay,South America,2020,Cattle meat,963.1955156450578,0.2491800377280536
URY,Uruguay,South America,2021,Cattle meat,1321.534033785152,0.2340824652386354
URY,Uruguay,South America,2022,Cattle meat,196.0888005211385,0.1765235690112739
URY,Uruguay,South America,2023,Cattle meat,101.9056749185468,0.1352066533373588
URY,Uruguay,South America,2001,Soya beans,199.6629702819823,0.0
URY,Uruguay,South America,2002,Soya beans,432.4340632934558,0.0
URY,Uruguay,South America,2003,Soya beans,738.6436305358883,2.97283447265625e-06
URY,Uruguay,South America,2004,Soya beans,1195.001052036398,2.97283447265625e-06
URY,Uruguay,South America,2005,Soya beans,1291.252149337803,0.1921744851860967
URY,Uruguay,South America,2006,Soya beans,1262.79608925621,0.2450946784051485
URY,Uruguay,South America,2007,Soya beans,1443.466829801265,0.2907736592456525
URY,Uruguay,South America,2008,Soya beans,1107.677207204063,0.3043499205676815
URY,Uruguay,South America,2009,Soya beans,963.1536598518878,0.2888741011162567
URY,Uruguay,South America,2010,Soya beans,786.5888867856021,0.2644658624624106
URY,Uruguay,South America,2011,Soya beans,1508.688488738393,0.2753912473759718
URY,Uruguay,South America,2012,Soya beans,947.0754321133483,0.2531858610408912
URY,Uruguay,South America,2013,Soya beans,1335.6981124529,0.2612456707099089
URY,Uruguay,South America,2014,Soya beans,2516.447255083534,0.3402026814270198
URY,Uruguay,South America,2015,Soya beans,1738.478390057157,0.3813071852255849
URY,Uruguay,South America,2016,Soya beans,2264.455328192379,0.4107170377816757
URY,Uruguay,South America,2017,Soya beans,1237.349292670636,0.4241900214377705
URY,Uruguay,South America,2018,Soya beans,554.5614524528953,0.3904075712564146
URY,Uruguay,South America,2019,Soya beans,199.8525626738665,0.2783960022666221
URY,Uruguay,South America,2020,Soya beans,245.203342672526,0.2072665857606046
URY,Uruguay,South America,2021,Soya beans,627.3470482495834,0.1312737194257354
URY,Uruguay,South America,2022,Soya beans,465.4663344834514,0.0919194184873508
URY,Uruguay,South America,2023,Soya beans,15.72668741455078,0.06739332844095659
USA,United States,North and Central America,2001,Cattle meat,66958.86682384189,0.01208946559721615
USA,United States,North and Central America,2002,Cattle meat,60615.46262831538,0.02039213044980331
USA,United States,North and Central America,2003,Cattle meat,49014.87318647013,0.02614623655118367
USA,United States,North and Central America,2004,Cattle meat,80462.86390191539,0.03897881273317023
USA,United States,North and Central America,2005,Cattle meat,76377.73892628592,18.09077249478454
USA,United States,North and Central America,2006,Cattle meat,83562.1639680798,18.96928308306427
USA,United States,North and Central America,2007,Cattle meat,92209.51481171897,20.54565798438176
USA,United States,North and Central America,2008,Cattle meat,77679.4627481542,22.05513344998798
USA,United States,North and Central America,2009,Cattle meat,65138.18489722337,21.0043744530541
USA,United States,North and Central America,2010,Cattle meat,72800.73228770569,20.79892203496846
USA,United States,North and Central America,2011,Cattle meat,65733.6239394229,19.93617830503831
USA,United States,North and Central America,2012,Cattle meat,42845.14482836177,17.26172626224041
USA,United States,North and Central America,2013,Cattle meat,27141.32177351906,14.4079568490157
USA,United States,North and Central America,2014,Cattle meat,32908.20600875396,12.60450638570514
USA,United States,North and Central America,2015,Cattle meat,50046.86297227657,11.13668531939789
USA,United States,North and Central America,2016,Cattle meat,66654.6569350163,10.70572982122166
USA,United States,North and Central America,2017,Cattle meat,69683.38685229183,11.73249957426625
USA,United States,North and Central America,2018,Cattle meat,57293.86757897721,13.14961619073234
USA,United States,North and Central America,2019,Cattle meat,51486.73729467717,13.97651626149239
USA,United States,North and Central America,2020,Cattle meat,48731.2612118039,13.66320983270943
USA,United States,North and Central America,2021,Cattle meat,43692.18278918821,12.47040070319645
USA,United States,North and Central America,2022,Cattle meat,31239.51760510141,10.61319666384074
USA,United States,North and Central America,2023,Cattle meat,37517.66658074322,9.452254887229792
USA,United States,North and Central America,2001,Soya beans,2830.092687241923,0.00113144718133318
USA,United States,North and Central America,2002,Soya beans,0.0,0.00113144718133318
USA,United States,North and Central America,2003,Soya beans,5143.042759336131,0.002407450555925076
USA,United States,North and Central America,2004,Soya beans,0.0,0.002407450555925076
USA,United States,North and Central America,2005,Soya beans,3372.133565619638,0.6559562178008761
USA,United States,North and Central America,2006,Soya beans,1689.870821002186,0.5926073926422292
USA,United States,North and Central America,2007,Soya beans,11799.9425227796,1.291236868374678
USA,United States,North and Central America,2008,Soya beans,0.0,1.002451309123928
USA,United States,North and Central America,2009,Soya beans,0.0,1.002451309123928
USA,United States,North and Central America,2010,Soya beans,0.0,0.801706706524695
USA,United States,North and Central America,2011,Soya beans,10830.69380472366,1.362444744771269
USA,United States,North and Central America,2012,Soya beans,45551.86404239777,3.337770844535749
USA,United States,North and Central America,2013,Soya beans,28317.4794859743,4.939098804721331
USA,United States,North and Central America,2014,Soya beans,35827.44432519298,6.958069270906812
USA,United States,North and Central America,2015,Soya beans,14922.21381201325,7.802317763114648
USA,United States,North and Central America,2016,Soya beans,0.0,7.145295697938113
USA,United States,North and Central America,2017,Soya beans,0.0,4.495491365687403
USA,United States,North and Central America,2018,Soya beans,0.0,2.9065754129734
USA,United States,North and Central America,2019,Soya beans,6999.952074333533,1.227889559770276
USA,United States,North and Central America,2020,Soya beans,0.0,0.3875902041308168
USA,United States,North and Central America,2021,Soya beans,0.0,0.3875902041308168
USA,United States,North and Central America,2022,Soya beans,0.0,0.3875902041308168
USA,United States,North and Central America,2023,Soya beans,0.0,0.3875902041308168
UZB,Uzbekistan,Rest of Asia,2001,Cattle meat,0.0,0.0
UZB,Uzbekistan,Rest of Asia,2002,Cattle meat,0.0,0.0
UZB,Uzbekistan,Rest of Asia,2003,Cattle meat,0.0,0.0
UZB,Uzbekistan,Rest of Asia,2004,Cattle meat,0.0,0.0
UZB,Uzbekistan,Rest of Asia,2005,Cattle meat,0.0,0.0
UZB,Uzbekistan,Rest of Asia,2006,Cattle meat,0.0,0.0
UZB,Uzbekistan,Rest of Asia,2007,Cattle meat,0.0,0.0
UZB,Uzbekistan,Rest of Asia,2008,Cattle meat,0.0,0.0
UZB,Uzbekistan,Rest of Asia,2009,Cattle meat,0.0,0.0
UZB,Uzbekistan,Rest of Asia,2010,Cattle meat,0.0,0.0
UZB,Uzbekistan,Rest of Asia,2011,Cattle meat,5.073330087389569,0.000222783360155323
UZB,Uzbekistan,Rest of Asia,2012,Cattle meat,12.52377323014889,0.0007706331577450365
UZB,Uzbekistan,Rest of Asia,2013,Cattle meat,0.9131706516738906,0.0008051610871712589
UZB,Uzbekistan,Rest of Asia,2014,Cattle meat,0.01840262544911037,0.0008060501646410555
UZB,Uzbekistan,Rest of Asia,2015,Cattle meat,0.0,0.0008060501646410555
UZB,Uzbekistan,Rest of Asia,2016,Cattle meat,0.0,0.0005832668044857323
UZB,Uzbekistan,Rest of Asia,2017,Cattle meat,0.4128260388040246,5.886548480791645e-05
UZB,Uzbekistan,Rest of Asia,2018,Cattle meat,0.2536338074453294,3.374788240283185e-05
UZB,Uzbekistan,Rest of Asia,2019,Cattle meat,0.2134568680500807,4.397175921508774e-05
UZB,Uzbekistan,Rest of Asia,2020,Cattle meat,0.0,4.397175921508774e-05
UZB,Uzbekistan,Rest of Asia,2021,Cattle meat,0.0,4.397175921508774e-05
UZB,Uzbekistan,Rest of Asia,2022,Cattle meat,0.01958660601292381,3.012414142450846e-05
UZB,Uzbekistan,Rest of Asia,2023,Cattle meat,0.001972379195301977,2.079545413068545e-05
UZB,Uzbekistan,Rest of Asia,2001,Soya beans,0.0,0.0
UZB,Uzbekistan,Rest of Asia,2002,Soya beans,0.0,0.0
UZB,Uzbekistan,Rest of Asia,2003,Soya beans,0.0,0.0
UZB,Uzbekistan,Rest of Asia,2004,Soya beans,0.0,0.0
UZB,Uzbekistan,Rest of Asia,2005,Soya beans,0.0,0.0
UZB,Uzbekistan,Rest of Asia,2006,Soya beans,0.0,0.0
UZB,Uzbekistan,Rest of Asia,2007,Soya beans,0.0,0.0
UZB,Uzbekistan,Rest of Asia,2008,Soya beans,0.0,0.0
UZB,Uzbekistan,Rest of Asia,2009,Soya beans,0.0,0.0
UZB,Uzbekistan,Rest of Asia,2010,Soya beans,0.0,0.0
UZB,Uzbekistan,Rest of Asia,2011,Soya beans,0.0,0.0
UZB,Uzbekistan,Rest of Asia,2012,Soya beans,0.0,0.0
UZB,Uzbekistan,Rest of Asia,2013,Soya beans,0.004172782908642512,1.717709554923319e-07
UZB,Uzbekistan,Rest of Asia,2014,Soya beans,0.01275218116742581,8.924752297373872e-07
UZB,Uzbekistan,Rest of Asia,2015,Soya beans,0.0,8.924752297373872e-07
UZB,Uzbekistan,Rest of Asia,2016,Soya beans,0.0,8.924752297373872e-07
UZB,Uzbekistan,Rest of Asia,2017,Soya beans,0.005156885008605344,1.07299527971978e-06
UZB,Uzbekistan,Rest of Asia,2018,Soya beans,0.002531044268570379,1.008174449296061e-06
UZB,Uzbekistan,Rest of Asia,2019,Soya beans,0.1526906493303389,7.881782700883203e-06
UZB,Uzbekistan,Rest of Asia,2020,Soya beans,0.02492367712148843,9.099551374136795e-06
UZB,Uzbekistan,Rest of Asia,2021,Soya beans,0.0,9.099551374136795e-06
UZB,Uzbekistan,Rest of Asia,2022,Soya beans,0.0,8.919031324154402e-06
UZB,Uzbekistan,Rest of Asia,2023,Soya beans,0.001183012851640661,8.869269832411619e-06
VCT,Saint Vincent and the Grenadines,North and Central America,2001,Cattle meat,0.0,0.0
VCT,Saint Vincent and the Grenadines,North and Central America,2002,Cattle meat,0.0,0.0
VCT,Saint Vincent and the Grenadines,North and Central America,2003,Cattle meat,0.0,0.0
VCT,Saint Vincent and the Grenadines,North and Central America,2004,Cattle meat,0.0,0.0
VCT,Saint Vincent and the Grenadines,North and Central America,2005,Cattle meat,0.08435299570620547,8.525084401875978e-06
VCT,Saint Vincent and the Grenadines,North and Central America,2006,Cattle meat,0.03089084965348234,1.079424583026206e-05
VCT,Saint Vincent and the Grenadines,North and Central America,2007,Cattle meat,0.3257465441435482,4.581450644410709e-05
VCT,Saint Vincent and the Grenadines,North and Central America,2008,Cattle meat,0.6886586733302453,0.0001114747771092413
VCT,Saint Vincent and the Grenadines,North and Central America,2009,Cattle meat,0.4636789054236107,0.0001553584873083851
VCT,Saint Vincent and the Grenadines,North and Central America,2010,Cattle meat,2.148568521115654,0.0003241763813419457
VCT,Saint Vincent and the Grenadines,North and Central America,2011,Cattle meat,1.104756656005752,0.0004210854142244913
VCT,Saint Vincent and the Grenadines,North and Central America,2012,Cattle meat,1.20046566050017,0.0005171203857437024
VCT,Saint Vincent and the Grenadines,North and Central America,2013,Cattle meat,0.9602427163373921,0.0005335089834535694
VCT,Saint Vincent and the Grenadines,North and Central America,2014,Cattle meat,0.8177404281596592,0.0005631633790166426
VCT,Saint Vincent and the Grenadines,North and Central America,2015,Cattle meat,0.02976759123640742,0.0003909586065978068
VCT,Saint Vincent and the Grenadines,North and Central America,2016,Cattle meat,0.0,0.0002922625028745962
VCT,Saint Vincent and the Grenadines,North and Central America,2017,Cattle meat,0.0,0.00016120727074154
VCT,Saint Vincent and the Grenadines,North and Central America,2018,Cattle meat,0.0,8.019665558869488e-05
VCT,Saint Vincent and the Grenadines,North and Central America,2019,Cattle meat,0.8786133559493204,0.0001113416773972035
VCT,Saint Vincent and the Grenadines,North and Central America,2020,Cattle meat,0.2460900187463749,0.0001387793492440327
VCT,Saint Vincent and the Grenadines,North and Central America,2021,Cattle meat,0.786906206952868,0.0002242073578775215
VCT,Saint Vincent and the Grenadines,North and Central America,2022,Cattle meat,0.8677955859134295,0.0003232975579229862
VCT,Saint Vincent and the Grenadines,North and Central America,2023,Cattle meat,0.04216478723688467,0.0003267243065244257
VEN,Venezuela,South America,2001,Cattle meat,21156.54719591231,0.002930972522961242
VEN,Venezuela,South America,2002,Cattle meat,22358.27619714264,0.00785615142998089
VEN,Venezuela,South America,2003,Cattle meat,10021.40666849436,0.009191097299328523
VEN,Venezuela,South America,2004,Cattle meat,18347.2933690565,0.01150539006057343
VEN,Venezuela,South America,2005,Cattle meat,9438.412240501995,5.871483510334903
VEN,Venezuela,South America,2006,Cattle meat,22411.20236776854,5.910209840762382
VEN,Venezuela,South America,2007,Cattle meat,25619.36646894483,6.187577363392164
VEN,Venezuela,South America,2008,Cattle meat,44317.77686155098,8.431172338903066
VEN,Venezuela,South America,2009,Cattle meat,29395.05793335802,9.232471095437758
VEN,Venezuela,South America,2010,Cattle meat,16818.34806925905,9.752092224122242
VEN,Venezuela,South America,2011,Cattle meat,15882.9743588747,9.395467645462015
VEN,Venezuela,South America,2012,Cattle meat,20504.12452385981,9.088205750792447
VEN,Venezuela,South America,2013,Cattle meat,12479.3252037887,7.027524752640081
VEN,Venezuela,South America,2014,Cattle meat,19603.47902838066,6.289477297422745
VEN,Venezuela,South America,2015,Cattle meat,13923.86272553047,6.029693762281834
VEN,Venezuela,South America,2016,Cattle meat,24108.57580277226,6.595049417430661
VEN,Venezuela,South America,2017,Cattle meat,25310.94438808093,6.958321071605624
VEN,Venezuela,South America,2018,Cattle meat,17482.01650573558,7.350502058579989
VEN,Venezuela,South America,2019,Cattle meat,16831.02008407628,7.247207831211294
VEN,Venezuela,South America,2020,Cattle meat,18068.87294692272,7.655206384787288
VEN,Venezuela,South America,2021,Cattle meat,9236.06979686386,6.613911231411531
VEN,Venezuela,South America,2022,Cattle meat,8498.33527813916,5.345783124212145
VEN,Venezuela,South America,2023,Cattle meat,2622.489369989876,4.237189399640515
VEN,Venezuela,South America,2001,Oil palm fruit,67.50734305419923,7.037555678607177e-05
VEN,Venezuela,South America,2002,Oil palm fruit,125.405335552461,0.0001573243776540528
VEN,Venezuela,South America,2003,Oil palm fruit,35.7314519160861,0.0001614568357512207
VEN,Venezuela,South America,2004,Oil palm fruit,153.584515119331,0.0001697439523148193
VEN,Venezuela,South America,2005,Oil palm fruit,629.4433513633153,-0.02051615472023748
VEN,Venezuela,South America,2006,Oil palm fruit,334.3015693071959,-0.0335423018164888
VEN,Venezuela,South America,2007,Oil palm fruit,408.7378415777878,-0.05026775330270956
VEN,Venezuela,South America,2008,Oil palm fruit,142.7578741606948,-0.0520346635913569
VEN,Venezuela,South America,2009,Oil palm fruit,1418.676458371308,-0.1069548489229364
VEN,Venezuela,South America,2010,Oil palm fruit,571.8657348797692,-0.1014108452322321
VEN,Venezuela,South America,2011,Oil palm fruit,391.2445312662887,-0.1078313342507256
VEN,Venezuela,South America,2012,Oil palm fruit,579.8260378350783,-0.1205576487934045
VEN,Venezuela,South America,2013,Oil palm fruit,755.3339543021566,-0.1524287472434993
VEN,Venezuela,South America,2014,Oil palm fruit,1025.911512922376,-0.1364454028728504
VEN,Venezuela,South America,2015,Oil palm fruit,704.5109415122602,-0.1481909245055095
VEN,Venezuela,South America,2016,Oil palm fruit,10.18833035888672,-0.1310017276104973
VEN,Venezuela,South America,2017,Oil palm fruit,1623.766619582638,-0.1771311939765862
VEN,Venezuela,South America,2018,Oil palm fruit,1552.611016618614,-0.212569354148618
VEN,Venezuela,South America,2019,Oil palm fruit,1083.312457453082,-0.2158032220067729
VEN,Venezuela,South America,2020,Oil palm fruit,1063.860895493545,-0.2316385392059406
VEN,Venezuela,South America,2021,Oil palm fruit,0.0,-0.232076216175015
VEN,Venezuela,South America,2022,Oil palm fruit,226.1138633552669,-0.1713943555011788
VEN,Venezuela,South America,2023,Oil palm fruit,67.67371369698475,-0.1064441174174137
VEN,Venezuela,South America,2001,Soya beans,0.0,0.0
VEN,Venezuela,South America,2002,Soya beans,2.182101098516448,3.711473551763418e-06
VEN,Venezuela,South America,2003,Soya beans,404.0047907485283,0.0001258685037093267
VEN,Venezuela,South America,2004,Soya beans,2297.202742372839,0.0008438023894718008
VEN,Venezuela,South America,2005,Soya beans,3519.589398668352,0.5304012378447912
VEN,Venezuela,South America,2006,Soya beans,1012.03233519754,0.618579131343657
VEN,Venezuela,South America,2007,Soya beans,225.3331040130609,0.6399091748445854
VEN,Venezuela,South America,2008,Soya beans,186.3287119351702,0.628503544535726
VEN,Venezuela,South America,2009,Soya beans,29.06463926186496,0.4353847202968467
VEN,Venezuela,South America,2010,Soya beans,0.0,0.1368330444047697
VEN,Venezuela,South America,2011,Soya beans,0.0,0.04891580313814829
VEN,Venezuela,South America,2012,Soya beans,0.0,0.02747562829735468
VEN,Venezuela,South America,2013,Soya beans,0.0,0.004811184235194896
VEN,Venezuela,South America,2014,Soya beans,114.1378715924734,0.01325170795180138
VEN,Venezuela,South America,2015,Soya beans,169.9727784599278,0.0324851131543262
VEN,Venezuela,South America,2016,Soya beans,318.3105314615891,0.06296412997189939
VEN,Venezuela,South America,2017,Soya beans,0.0,0.06296412997189939
VEN,Venezuela,South America,2018,Soya beans,0.0,0.06296412997189939
VEN,Venezuela,South America,2019,Soya beans,108.9448079692996,0.06402731899550039
VEN,Venezuela,South America,2020,Soya beans,0.0,0.04494388751234979
VEN,Venezuela,South America,2021,Soya beans,0.0,0.01474892949048098
VEN,Venezuela,South America,2022,Soya beans,0.0,0.01474892949048098
VEN,Venezuela,South America,2023,Soya beans,0.0,0.01474892949048098
VNM,Vietnam,Southeast Asia,2001,Cattle meat,2120.967826645993,0.0008361515398591878
VNM,Vietnam,Southeast Asia,2002,Cattle meat,2116.275325910408,0.001320173953733083
VNM,Vietnam,Southeast Asia,2003,Cattle meat,1968.922106711275,0.001728442061557606
VNM,Vietnam,Southeast Asia,2004,Cattle meat,5115.424062743258,0.002691744440167277
VNM,Vietnam,Southeast Asia,2005,Cattle meat,7332.601283539862,1.830765122061678
VNM,Vietnam,Southeast Asia,2006,Cattle meat,5228.447397052683,2.132908860042579
VNM,Vietnam,Southeast Asia,2007,Cattle meat,1539.403372937849,2.081031736636801
VNM,Vietnam,Southeast Asia,2008,Cattle meat,2398.360033581687,2.135479201045178
VNM,Vietnam,Southeast Asia,2009,Cattle meat,2497.72235213578,1.88461369953707
VNM,Vietnam,Southeast Asia,2010,Cattle meat,6374.121811176343,1.824670775920248
VNM,Vietnam,Southeast Asia,2011,Cattle meat,5438.772847819078,1.871420990692166
VNM,Vietnam,Southeast Asia,2012,Cattle meat,833.4359083901307,1.811596363430615
VNM,Vietnam,Southeast Asia,2013,Cattle meat,401.8321378602426,1.603083450240674
VNM,Vietnam,Southeast Asia,2014,Cattle meat,2105.771756912317,1.539479697355237
VNM,Vietnam,Southeast Asia,2015,Cattle meat,14641.34253739181,2.212181878938637
VNM,Vietnam,Southeast Asia,2016,Cattle meat,15719.011263619,3.075491142884534
VNM,Vietnam,Southeast Asia,2017,Cattle meat,11284.13325282088,3.973649687057017
VNM,Vietnam,Southeast Asia,2018,Cattle meat,7992.236472865875,4.631554620496235
VNM,Vietnam,Southeast Asia,2019,Cattle meat,15304.13283552002,5.753867658571142
VNM,Vietnam,Southeast Asia,2020,Cattle meat,17933.18211194341,5.979095114283452
VNM,Vietnam,Southeast Asia,2021,Cattle meat,21704.81109331447,6.389458175037831
VNM,Vietnam,Southeast Asia,2022,Cattle meat,24028.82511054259,7.360354848947861
VNM,Vietnam,Southeast Asia,2023,Cattle meat,23331.28183865009,8.563714085295054
VNM,Vietnam,Southeast Asia,2001,Oil palm fruit,0.0,0.0
VNM,Vietnam,Southeast Asia,2002,Oil palm fruit,0.0757984375,4.124192984374999e-06
VNM,Vietnam,Southeast Asia,2003,Oil palm fruit,0.2271478820800781,1.236058975744629e-05
VNM,Vietnam,Southeast Asia,2004,Oil palm fruit,0.1512927368164063,1.236058975744629e-05
VNM,Vietnam,Southeast Asia,2005,Oil palm fruit,0.0,1.567069998576204e-05
VNM,Vietnam,Southeast Asia,2006,Oil palm fruit,0.0,1.773988021441636e-05
VNM,Vietnam,Southeast Asia,2007,Oil palm fruit,0.0,1.855994826031245e-05
VNM,Vietnam,Southeast Asia,2008,Oil palm fruit,0.3031285766601562,1.87488453141867e-05
VNM,Vietnam,Southeast Asia,2009,Oil palm fruit,0.6057064331054687,3.6830932668542e-05
VNM,Vietnam,Southeast Asia,2010,Oil palm fruit,0.529654345703125,4.78690203403841e-05
VNM,Vietnam,Southeast Asia,2011,Oil palm fruit,0.07578997802734375,4.914667457509725e-05
VNM,Vietnam,Southeast Asia,2012,Oil palm fruit,1.287968811035156,8.064605363646879e-05
VNM,Vietnam,Southeast Asia,2013,Oil palm fruit,0.0757944091796875,8.453107932908175e-05
VNM,Vietnam,Southeast Asia,2014,Oil palm fruit,1.512545458984375,0.0001610126284487453
VNM,Vietnam,Southeast Asia,2015,Oil palm fruit,0.151253759765625,0.0001692335950088677
VNM,Vietnam,Southeast Asia,2016,Oil palm fruit,0.5302797607421875,0.0001804341995549641
VNM,Vietnam,Southeast Asia,2017,Oil palm fruit,0.9086884704589844,0.0002077816563089728
VNM,Vietnam,Southeast Asia,2018,Oil palm fruit,0.2270391723632812,0.0002101059141691304
VNM,Vietnam,Southeast Asia,2019,Oil palm fruit,18.9822969604492,0.0009584750671873057
VNM,Vietnam,Southeast Asia,2020,Oil palm fruit,0.0,0.000951387464379863
VNM,Vietnam,Southeast Asia,2021,Oil palm fruit,0.0,0.0009533253939230114
VNM,Vietnam,Southeast Asia,2022,Oil palm fruit,0.0,0.0009439493804350848
VNM,Vietnam,Southeast Asia,2023,Oil palm fruit,0.0,0.0009409780725348659
VNM,Vietnam,Southeast Asia,2001,Soya beans,1721.112388557264,0.00143768900821183
VNM,Vietnam,Southeast Asia,2002,Soya beans,2266.009856058678,0.002301173870412012
VNM,Vietnam,Southeast Asia,2003,Soya beans,864.6833005814319,0.002576617291859105
VNM,Vietnam,Southeast Asia,2004,Soya beans,249.3785181802892,0.002641909981802096
VNM,Vietnam,Southeast Asia,2005,Soya beans,0.0,0.5408378207900739
VNM,Vietnam,Southeast Asia,2006,Soya beans,0.0,0.3553848650266078
VNM,Vietnam,Southeast Asia,2007,Soya beans,746.2767560687308,0.2967227820340498
VNM,Vietnam,Southeast Asia,2008,Soya beans,0.0,0.2043373447841876
VNM,Vietnam,Southeast Asia,2009,Soya beans,0.0,0.177290019498217
VNM,Vietnam,Southeast Asia,2010,Soya beans,0.0,0.177290019498217
VNM,Vietnam,Southeast Asia,2011,Soya beans,0.0,0.177290019498217
VNM,Vietnam,Southeast Asia,2012,Soya beans,0.0,0.003041944573265965
VNM,Vietnam,Southeast Asia,2013,Soya beans,0.0,0.003041944573265965
VNM,Vietnam,Southeast Asia,2014,Soya beans,51.72163724081032,0.008798355720545235
VNM,Vietnam,Southeast Asia,2015,Soya beans,0.0,0.008798355720545235
VNM,Vietnam,Southeast Asia,2016,Soya beans,0.0,0.008798355720545235
VNM,Vietnam,Southeast Asia,2017,Soya beans,0.0,0.008798355720545235
VNM,Vietnam,Southeast Asia,2018,Soya beans,0.0,0.008798355720545235
VNM,Vietnam,Southeast Asia,2019,Soya beans,0.0,0.003054735514653381
VNM,Vietnam,Southeast Asia,2020,Soya beans,0.0,0.003054735514653381
VNM,Vietnam,Southeast Asia,2021,Soya beans,0.0,0.003054735514653381
VNM,Vietnam,Southeast Asia,2022,Soya beans,0.0,0.003054735514653381
VNM,Vietnam,Southeast Asia,2023,Soya beans,0.0,0.003054735514653381
VUT,Vanuatu,Oceania,2001,Cattle meat,5.970990674092354,1.916968511681864e-05
VUT,Vanuatu,Oceania,2002,Cattle meat,4.396545263008363,3.323345737696161e-05
VUT,Vanuatu,Oceania,2003,Cattle meat,10.99021635483732,8.26204253036622e-05
VUT,Vanuatu,Oceania,2004,Cattle meat,15.53467607734695,0.0001129423357114945
VUT,Vanuatu,Oceania,2005,Cattle meat,6.067017310264681,0.003813545103283901
VUT,Vanuatu,Oceania,2006,Cattle meat,7.170706747920174,0.003916861906177955
VUT,Vanuatu,Oceania,2007,Cattle meat,3.240940326259182,0.003924526720187292
VUT,Vanuatu,Oceania,2008,Cattle meat,8.736122677384069,0.003847628131275249
VUT,Vanuatu,Oceania,2009,Cattle meat,9.94094610319088,0.003349382419804712
VUT,Vanuatu,Oceania,2010,Cattle meat,11.04718799959005,0.003839618183020341
VUT,Vanuatu,Oceania,2011,Cattle meat,8.26739199718135,0.003908820234227671
VUT,Vanuatu,Oceania,2012,Cattle meat,10.10573845992431,0.004559508218076597
VUT,Vanuatu,Oceania,2013,Cattle meat,37.33713316972761,0.006679789933725784
VUT,Vanuatu,Oceania,2014,Cattle meat,28.27398661587837,0.008146733005154757
VUT,Vanuatu,Oceania,2015,Cattle meat,15.24661841226181,0.008816384532981534
VUT,Vanuatu,Oceania,2016,Cattle meat,20.90556947397302,0.01022171470146625
VUT,Vanuatu,Oceania,2017,Cattle meat,12.71956364042766,0.01041109004995891
VUT,Vanuatu,Oceania,2018,Cattle meat,8.92050376929999,0.008197065361471825
VUT,Vanuatu,Oceania,2019,Cattle meat,12.84841018628721,0.007093176331592089
VUT,Vanuatu,Oceania,2020,Cattle meat,20.46051879267046,0.008673769833522145
VUT,Vanuatu,Oceania,2021,Cattle meat,3.009889360897288,0.00706800722003384
VUT,Vanuatu,Oceania,2022,Cattle meat,0.0,0.006009889443157325
VUT,Vanuatu,Oceania,2023,Cattle meat,9.214242205775276,0.006197716460352829
VUT,Vanuatu,Oceania,2001,Oil palm fruit,0.0,0.0
VUT,Vanuatu,Oceania,2002,Oil palm fruit,0.0,0.0
VUT,Vanuatu,Oceania,2003,Oil palm fruit,0.0,0.0
VUT,Vanuatu,Oceania,2004,Oil palm fruit,0.0,0.0
VUT,Vanuatu,Oceania,2005,Oil palm fruit,0.0,0.0
VUT,Vanuatu,Oceania,2006,Oil palm fruit,0.0,0.0
VUT,Vanuatu,Oceania,2007,Oil palm fruit,0.0,0.0
VUT,Vanuatu,Oceania,2008,Oil palm fruit,0.0,0.0
VUT,Vanuatu,Oceania,2009,Oil palm fruit,0.0,0.0
VUT,Vanuatu,Oceania,2010,Oil palm fruit,0.0,0.0
VUT,Vanuatu,Oceania,2011,Oil palm fruit,0.0,0.0
VUT,Vanuatu,Oceania,2012,Oil palm fruit,0.0,0.0
VUT,Vanuatu,Oceania,2013,Oil palm fruit,0.0,0.0
VUT,Vanuatu,Oceania,2014,Oil palm fruit,0.074207861328125,4.433770673349035e-06
VUT,Vanuatu,Oceania,2015,Oil palm fruit,0.0,4.433770673349035e-06
VUT,Vanuatu,Oceania,2016,Oil palm fruit,0.0,4.433770673349035e-06
VUT,Vanuatu,Oceania,2017,Oil palm fruit,0.0,4.433770673349035e-06
VUT,Vanuatu,Oceania,2018,Oil palm fruit,0.2969043029785157,2.322412913392571e-05
VUT,Vanuatu,Oceania,2019,Oil palm fruit,0.0,1.937463281823456e-05
VUT,Vanuatu,Oceania,2020,Oil palm fruit,0.0,1.937463281823456e-05
VUT,Vanuatu,Oceania,2021,Oil palm fruit,0.0,1.937463281823456e-05
VUT,Vanuatu,Oceania,2022,Oil palm fruit,0.0,1.937463281823456e-05
VUT,Vanuatu,Oceania,2023,Oil palm fruit,0.0,1.07393494656325e-06
YEM,Yemen,Rest of Asia,2001,Cattle meat,0.0,0.0
YEM,Yemen,Rest of Asia,2002,Cattle meat,0.0,0.0
YEM,Yemen,Rest of Asia,2003,Cattle meat,0.01667099625326422,0.0
YEM,Yemen,Rest of Asia,2004,Cattle meat,0.0,0.0
YEM,Yemen,Rest of Asia,2005,Cattle meat,0.0,4.95154985874733e-07
YEM,Yemen,Rest of Asia,2006,Cattle meat,0.0,4.95154985874733e-07
YEM,Yemen,Rest of Asia,2007,Cattle meat,0.0,4.95154985874733e-07
YEM,Yemen,Rest of Asia,2008,Cattle meat,0.0,0.0
YEM,Yemen,Rest of Asia,2009,Cattle meat,0.0,0.0
YEM,Yemen,Rest of Asia,2010,Cattle meat,0.07149964752197265,1.781089372988383e-06
YEM,Yemen,Rest of Asia,2011,Cattle meat,0.0,1.781089372988383e-06
YEM,Yemen,Rest of Asia,2012,Cattle meat,0.0,1.781089372988383e-06
YEM,Yemen,Rest of Asia,2013,Cattle meat,0.0,1.781089372988383e-06
YEM,Yemen,Rest of Asia,2014,Cattle meat,0.0,1.781089372988383e-06
YEM,Yemen,Rest of Asia,2015,Cattle meat,0.0,0.0
YEM,Yemen,Rest of Asia,2016,Cattle meat,0.0,0.0
YEM,Yemen,Rest of Asia,2017,Cattle meat,0.0,0.0
YEM,Yemen,Rest of Asia,2018,Cattle meat,0.0,0.0
YEM,Yemen,Rest of Asia,2019,Cattle meat,0.0,0.0
YEM,Yemen,Rest of Asia,2020,Cattle meat,0.0,0.0
YEM,Yemen,Rest of Asia,2021,Cattle meat,0.0,0.0
YEM,Yemen,Rest of Asia,2022,Cattle meat,0.0,0.0
YEM,Yemen,Rest of Asia,2023,Cattle meat,0.0,0.0
ZAF,South Africa,Africa,2001,Cattle meat,4694.00972675474,0.0002633808860842285
ZAF,South Africa,Africa,2002,Cattle meat,2959.551368598095,0.0003317869640165405
ZAF,South Africa,Africa,2003,Cattle meat,4369.426989747186,0.0006794371093165282
ZAF,South Africa,Africa,2004,Cattle meat,6520.247551506858,0.0008805511909279174
ZAF,South Africa,Africa,2005,Cattle meat,4465.680984451757,1.618754340215895
ZAF,South Africa,Africa,2006,Cattle meat,2642.088843731851,1.499571773355284
ZAF,South Africa,Africa,2007,Cattle meat,4718.999527910332,1.568279375659304
ZAF,South Africa,Africa,2008,Cattle meat,4805.221075393862,1.613014932308842
ZAF,South Africa,Africa,2009,Cattle meat,4411.347039322937,1.458270597121647
ZAF,South Africa,Africa,2010,Cattle meat,3285.420961257596,1.354370707155697
ZAF,South Africa,Africa,2011,Cattle meat,4067.881719046146,1.431239019708067
ZAF,South Africa,Africa,2012,Cattle meat,3086.486666206662,1.340985716294289
ZAF,South Africa,Africa,2013,Cattle meat,3900.533483414017,1.201882625550879
ZAF,South Africa,Africa,2014,Cattle meat,4798.590263251313,1.1499701958823
ZAF,South Africa,Africa,2015,Cattle meat,4159.841886018955,1.142829651775143
ZAF,South Africa,Africa,2016,Cattle meat,5326.076540220415,1.159415766965658
ZAF,South Africa,Africa,2017,Cattle meat,7180.00484415597,1.364715156972768
ZAF,South Africa,Africa,2018,Cattle meat,6452.405065053908,1.507498228972908
ZAF,South Africa,Africa,2019,Cattle meat,5246.6324840553,1.544970483959833
ZAF,South Africa,Africa,2020,Cattle meat,5930.582095943959,1.683839612299129
ZAF,South Africa,Africa,2021,Cattle meat,4656.808592927785,1.66342175068667
ZAF,South Africa,Africa,2022,Cattle meat,3394.702425234452,1.452455018228593
ZAF,South Africa,Africa,2023,Cattle meat,2884.55160131722,1.2547085387903
ZAF,South Africa,Africa,2001,Soya beans,13.84524851109917,2.120653417191743e-06
ZAF,South Africa,Africa,2002,Soya beans,171.3607876348415,7.03039024197686e-06
ZAF,South Africa,Africa,2003,Soya beans,526.266179313956,0.0002245006613785206
ZAF,South Africa,Africa,2004,Soya beans,352.9742781634972,0.0002358732876848001
ZAF,South Africa,Africa,2005,Soya beans,117.9768101277121,0.08568116566258373
ZAF,South Africa,Africa,2006,Soya beans,0.0,0.08479762759597063
ZAF,South Africa,Africa,2007,Soya beans,501.7184134779386,0.1044223693148937
ZAF,South Africa,Africa,2008,Soya beans,489.3293669850372,0.1010500233724683
ZAF,South Africa,Africa,2009,Soya beans,411.84509921748,0.1043146925152963
ZAF,South Africa,Africa,2010,Soya beans,423.4254789013396,0.1237724385224397
ZAF,South Africa,Africa,2011,Soya beans,182.0124297032076,0.1358120862215922
ZAF,South Africa,Africa,2012,Soya beans,735.5790728420586,0.1522395673817871
ZAF,South Africa,Africa,2013,Soya beans,0.0,0.1163456713256922
ZAF,South Africa,Africa,2014,Soya beans,574.9595578046183,0.122106735778142
ZAF,South Africa,Africa,2015,Soya beans,920.8853347351677,0.1471300363735448
ZAF,South Africa,Africa,2016,Soya beans,1140.697937212551,0.2011872652652289
ZAF,South Africa,Africa,2017,Soya beans,1251.424870251903,0.2254920959216765
ZAF,South Africa,Africa,2018,Soya beans,229.6105251204787,0.2386087164190652
ZAF,South Africa,Africa,2019,Soya beans,437.4113019811815,0.2311503231854719
ZAF,South Africa,Africa,2020,Soya beans,728.4168036532038,0.2278630092035055
ZAF,South Africa,Africa,2021,Soya beans,808.4675378693576,0.2150883870839641
ZAF,South Africa,Africa,2022,Soya beans,778.8921581306714,0.1921881470267288
ZAF,South Africa,Africa,2023,Soya beans,481.3499570111398,0.2104352060614177
ZMB,Zambia,Africa,2001,Cattle meat,5640.834343124436,0.0005455183730039531
ZMB,Zambia,Africa,2002,Cattle meat,2293.814507771625,0.0007845609129075695
ZMB,Zambia,Africa,2003,Cattle meat,2134.993132002168,0.001051837930447883
ZMB,Zambia,Africa,2004,Cattle meat,1933.871929174664,0.001187602210074509
ZMB,Zambia,Africa,2005,Cattle meat,1198.154912935576,0.8794542735936844
ZMB,Zambia,Africa,2006,Cattle meat,679.5689085078803,0.5071028227626435
ZMB,Zambia,Africa,2007,Cattle meat,955.886133492432,0.4175611974494307
ZMB,Zambia,Africa,2008,Cattle meat,691.8024511650217,0.3099434725230145
ZMB,Zambia,Africa,2009,Cattle meat,1847.751753896398,0.3155340870496808
ZMB,Zambia,Africa,2010,Cattle meat,1089.948160964825,0.3158542978382426
ZMB,Zambia,Africa,2011,Cattle meat,1037.843877163036,0.3537434240724883
ZMB,Zambia,Africa,2012,Cattle meat,3058.666181878289,0.5220699073120311
ZMB,Zambia,Africa,2013,Cattle meat,1961.377461900895,0.5853407480020273
ZMB,Zambia,Africa,2014,Cattle meat,889.1279069314912,0.5147936129336786
ZMB,Zambia,Africa,2015,Cattle meat,651.4539885797665,0.4790324867395691
ZMB,Zambia,Africa,2016,Cattle meat,1741.270690594705,0.5032351264708228
ZMB,Zambia,Africa,2017,Cattle meat,9828.614158455379,0.8783700673107269
ZMB,Zambia,Africa,2018,Cattle meat,10439.32937669713,1.451183809449805
ZMB,Zambia,Africa,2019,Cattle meat,11146.72202640487,2.146142705723648
ZMB,Zambia,Africa,2020,Cattle meat,12671.73654546335,2.938519004153128
ZMB,Zambia,Africa,2021,Cattle meat,11913.42457506247,3.649815230986519
ZMB,Zambia,Africa,2022,Cattle meat,17031.81920393851,4.230858451985616
ZMB,Zambia,Africa,2023,Cattle meat,13872.32677482144,4.513697317531878
ZMB,Zambia,Africa,2001,Soya beans,366.7813062689723,2.336677502412275e-05
ZMB,Zambia,Africa,2002,Soya beans,2671.768395461569,0.0002676921025481755
ZMB,Zambia,Africa,2003,Soya beans,3241.106765760897,0.0006378302939173866
ZMB,Zambia,Africa,2004,Soya beans,2134.680185582909,0.0007643432453767935
ZMB,Zambia,Africa,2005,Soya beans,0.0,0.579729292755004
ZMB,Zambia,Africa,2006,Soya beans,684.5447493826927,0.5953956336431326
ZMB,Zambia,Africa,2007,Soya beans,621.4146940974985,0.4488032203632877
ZMB,Zambia,Africa,2008,Soya beans,1311.714515898514,0.2958180795211903
ZMB,Zambia,Africa,2009,Soya beans,3017.648167985336,0.366500601341793
ZMB,Zambia,Africa,2010,Soya beans,20424.15798864148,1.89524425924551
ZMB,Zambia,Africa,2011,Soya beans,5239.96763548372,2.247573735628221
ZMB,Zambia,Africa,2012,Soya beans,9153.26104136055,2.913177907794084
ZMB,Zambia,Africa,2013,Soya beans,1209.713182889691,2.913264258423337
ZMB,Zambia,Africa,2014,Soya beans,10894.93632897665,3.439462973065362
ZMB,Zambia,Africa,2015,Soya beans,5055.142834289013,2.244039243744982
ZMB,Zambia,Africa,2016,Soya beans,19789.47033723541,3.159134233340646
ZMB,Zambia,Africa,2017,Soya beans,0.0,2.454287431572869
ZMB,Zambia,Africa,2018,Soya beans,2173.312442140932,2.50786559738519
ZMB,Zambia,Africa,2019,Soya beans,1506.781764421128,1.8816339885497
ZMB,Zambia,Africa,2020,Soya beans,1459.078808760627,1.654764654806735
ZMB,Zambia,Africa,2021,Soya beans,1582.014805628806,0.4649139999121802
ZMB,Zambia,Africa,2022,Soya beans,1136.883909998507,0.5519001017847077
ZMB,Zambia,Africa,2023,Soya beans,1312.656559621421,0.5189953809214896
ZWE,Zimbabwe,Africa,2001,Cattle meat,1764.696070965406,2.351979724109694e-06
ZWE,Zimbabwe,Africa,2002,Cattle meat,1622.912636119145,8.919668362856227e-06
ZWE,Zimbabwe,Africa,2003,Cattle meat,682.0030809696868,0.0001385131623811688
ZWE,Zimbabwe,Africa,2004,Cattle meat,413.0823664635475,0.0001432360506191617
ZWE,Zimbabwe,Africa,2005,Cattle meat,525.2107034935473,0.2055388331414404
ZWE,Zimbabwe,Africa,2006,Cattle meat,1174.154386307336,0.1784088097709988
ZWE,Zimbabwe,Africa,2007,Cattle meat,1694.122697467641,0.1711338835271325
ZWE,Zimbabwe,Africa,2008,Cattle meat,815.4533918238309,0.1755658628890886
ZWE,Zimbabwe,Africa,2009,Cattle meat,2849.369631808847,0.2739052966295119
ZWE,Zimbabwe,Africa,2010,Cattle meat,381.1337130069144,0.2672686040931476
ZWE,Zimbabwe,Africa,2011,Cattle meat,957.0331091032501,0.2623406227573249
ZWE,Zimbabwe,Africa,2012,Cattle meat,719.3050781459114,0.2332971095372298
ZWE,Zimbabwe,Africa,2013,Cattle meat,204.1197813091524,0.2089978873437498
ZWE,Zimbabwe,Africa,2014,Cattle meat,175.5149638063807,0.1032429695075172
ZWE,Zimbabwe,Africa,2015,Cattle meat,171.2150538833516,0.09555272102666146
ZWE,Zimbabwe,Africa,2016,Cattle meat,202.3287297532237,0.06092549673011167
ZWE,Zimbabwe,Africa,2017,Cattle meat,623.4945392379932,0.06056818140573654
ZWE,Zimbabwe,Africa,2018,Cattle meat,345.7789817248207,0.06506560990414012
ZWE,Zimbabwe,Africa,2019,Cattle meat,607.9630557245562,0.08517055212056565
ZWE,Zimbabwe,Africa,2020,Cattle meat,422.3777047999699,0.09553103817669391
ZWE,Zimbabwe,Africa,2021,Cattle meat,664.3204583524689,0.113358492243008
ZWE,Zimbabwe,Africa,2022,Cattle meat,426.8470376831476,0.1019800792053893
ZWE,Zimbabwe,Africa,2023,Cattle meat,421.5133732962919,0.1045502185826031
ZWE,Zimbabwe,Africa,2001,Soya beans,0.0,0.0
ZWE,Zimbabwe,Africa,2002,Soya beans,0.0,0.0
ZWE,Zimbabwe,Africa,2003,Soya beans,37.93857361090507,3.906597867061318e-06
ZWE,Zimbabwe,Africa,2004,Soya beans,575.0082117360622,7.363254063180061e-06
ZWE,Zimbabwe,Africa,2005,Soya beans,342.6025531191191,0.04148284323625921
ZWE,Zimbabwe,Africa,2006,Soya beans,257.8533030697282,0.05350830891599039
ZWE,Zimbabwe,Africa,2007,Soya beans,0.0,0.05350830891599039
ZWE,Zimbabwe,Africa,2008,Soya beans,0.0,0.05172829806915678
ZWE,Zimbabwe,Africa,2009,Soya beans,0.0,0.02806125992505949
ZWE,Zimbabwe,Africa,2010,Soya beans,236.6561229843599,0.02252075091458698
ZWE,Zimbabwe,Africa,2011,Soya beans,305.7175276568901,0.02673691676840315
ZWE,Zimbabwe,Africa,2012,Soya beans,0.0,0.02673691676840315
ZWE,Zimbabwe,Africa,2013,Soya beans,0.0,0.02673691676840315
ZWE,Zimbabwe,Africa,2014,Soya beans,0.0,0.02673691676840315
ZWE,Zimbabwe,Africa,2015,Soya beans,0.0,0.01627506267958089
ZWE,Zimbabwe,Africa,2016,Soya beans,0.0,3.606020653254607e-05
ZWE,Zimbabwe,Africa,2017,Soya beans,115.075202515194,0.005704762806162886
ZWE,Zimbabwe,Africa,2018,Soya beans,0.0,0.005704762806162886
ZWE,Zimbabwe,Africa,2019,Soya beans,50.76939335170633,0.008340039977470775
ZWE,Zimbabwe,Africa,2020,Soya beans,2.204093406245532,0.008446694524575152
ZWE,Zimbabwe,Africa,2021,Soya beans,3.174807241458736,0.0085926545342325
ZWE,Zimbabwe,Africa,2022,Soya beans,0.0,0.002924390467379129
ZWE,Zimbabwe,Africa,2023,Soya beans,1.109705564208245,0.002974175783239471
