iso3,country,region,year,extent_2000_ha,loss_ha,loss_rate,log_loss_rate,agri_loss_ha,agri_loss_rate,log_agri_loss_rate
AGO,Angola,Africa,2001,55276135,101219,0.18311519066953577,-1.6976398669552335,57200,0.10348046222841015,-2.2683724548361504
AGO,Angola,Africa,2002,55276135,61008,0.11036951118235745,-2.203921350106695,35899,0.06494484464226741,-2.7342169132688348
AGO,Angola,Africa,2003,55276135,52464,0.09491256941173619,-2.3547991331196103,30032,0.05433086086789534,-2.9126628733777498
AGO,Angola,Africa,2004,55276135,71271,0.12893629411680105,-2.048436840657408,47671,0.08624155795263182,-2.4506031066711773
AGO,Angola,Africa,2005,55276135,93437,0.16903678232929997,-1.7776389408217834,61015,0.1103821748752875,-2.2038066176381
AGO,Angola,Africa,2006,55276135,76936,0.13918483989519165,-1.9719524458117221,54689,0.09893781466450215,-2.3132637609087974
AGO,Angola,Africa,2007,55276135,145288,0.26284037406016175,-1.3362083738057053,97022,0.17552240220847568,-1.7399885963109756
AGO,Angola,Africa,2008,55276135,103557,0.18734486410817255,-1.6748041674719563,76668,0.13870000136586974,-1.9754419418136961
AGO,Angola,Africa,2009,55276135,165903,0.3001349497391596,-1.2035230730063626,125002,0.2261409919488763,-1.4865966160476003
AGO,Angola,Africa,2010,55276135,159800,0.2890940186031458,-1.2410033198897286,107047,0.19365861958329755,-1.6416583628666148
AGO,Angola,Africa,2011,55276135,182910,0.3309022962622115,-1.1059321246340685,140682,0.2545076641121887,-1.3684243290552491
AGO,Angola,Africa,2012,55276135,180747,0.326989215146826,-1.1178280898311426,130614,0.23629365548079656,-1.4426799445750484
AGO,Angola,Africa,2013,55276135,168837,0.3054428461758406,-1.1859926007668133,106366,0.19242662317110268,-1.6480403762531592
AGO,Angola,Africa,2014,55276135,212656,0.3847157548189648,-0.9552505165429259,127426,0.23052624790065368,-1.4673905492730104
AGO,Angola,Africa,2015,55276135,161711,0.2925512067730495,-1.229115561741703,95272,0.17235647897596312,-1.758190394756208
AGO,Angola,Africa,2016,55276135,229691,0.41553375611373694,-0.8781914258356076,144073,0.26064231878730304,-1.3446062376543821
AGO,Angola,Africa,2017,55276135,280422,0.5073111569757908,-0.6786307417954465,180254,0.3260973293447525,-1.1205593859022376
AGO,Angola,Africa,2018,55276135,242522,0.43874630525451896,-0.8238339253098403,148616,0.26886105549890565,-1.3135605551327998
AGO,Angola,Africa,2019,55276135,175077,0.31673162387348536,-1.1497004760700036,114112,0.20643990394769823,-1.5777459309812276
AGO,Angola,Africa,2020,55276135,247979,0.4486185584429881,-0.8015822880616106,176576,0.3194434632595061,-1.1411749746270818
AGO,Angola,Africa,2021,55276135,298262,0.5395854829575186,-0.6169540583508404,183833,0.33257209462998816,-1.1008986164347265
AGO,Angola,Africa,2022,55276135,266915,0.48287565691776385,-0.7279960975663528,184575,0.33391444608057347,-1.0968704682766734
AGO,Angola,Africa,2023,55276135,268278,0.48534145884114366,-0.7229025969160221,178148,0.3222873668717974,-1.1323116877276025
AGO,Angola,Africa,2024,55276135,283340,0.5125901078286317,-0.6682787632706979,203208,0.3676233875613771,-1.000696268213817
AGO,Angola,Africa,2025,55276135,377712,0.6833183977135884,-0.3807943527611655,254950,0.46122978750232807,-0.7738589057207381
ARG,Argentina,Latin America & Caribbean,2001,39069969,147802,0.3783007864685022,-0.9720656683907754,108279,0.27714124881952173,-1.283227979225445
ARG,Argentina,Latin America & Caribbean,2002,39069969,104935,0.2685822453557616,-1.3145980977636675,73417,0.18791159010133845,-1.6717836921800608
ARG,Argentina,Latin America & Caribbean,2003,39069969,249107,0.6375920083274189,-0.4500566855755566,204864,0.524351580621935,-0.6455928642656542
ARG,Argentina,Latin America & Caribbean,2004,39069969,433425,1.109355884055091,0.10377956225889928,378345,0.9683780399211476,-0.03213273083670413
ARG,Argentina,Latin America & Caribbean,2005,39069969,367246,0.9399700317141281,-0.061907285381485204,314384,0.8046691821024993,-0.21732403993821206
ARG,Argentina,Latin America & Caribbean,2006,39069969,316414,0.8098649886310378,-0.2108877259108471,257793,0.6598239174441116,-0.4157822713082623
ARG,Argentina,Latin America & Caribbean,2007,39069969,425336,1.0886520027696975,0.08494023619639603,363402,0.9301312729477722,-0.07242954908880067
ARG,Argentina,Latin America & Caribbean,2008,39069969,592719,1.517070566398453,0.41678121635666066,518031,1.3259058383179163,0.2820958774156025
ARG,Argentina,Latin America & Caribbean,2009,39069969,309854,0.7930745990609821,-0.23183798981593678,258866,0.662570272323482,-0.4116286553152654
ARG,Argentina,Latin America & Caribbean,2010,39069969,413246,1.0577075195529333,0.056103848670395126,355570,0.9100851858879131,-0.09421707298662645
ARG,Argentina,Latin America & Caribbean,2011,39069969,499195,1.2776948965585306,0.24505759236636407,431008,1.1031695469223433,0.0981874428033522
ARG,Argentina,Latin America & Caribbean,2012,39069969,478180,1.223906781190433,0.20204802203173539,377919,0.9672876884033361,-0.033259321670214136
ARG,Argentina,Latin America & Caribbean,2013,39069969,376746,0.9642853824634465,-0.03636798828291544,260833,0.6676048296838936,-0.40405885282294157
ARG,Argentina,Latin America & Caribbean,2014,39069969,241118,0.6171440781025447,-0.4826527683943503,182975,0.4683264529849,-0.7585896771257612
ARG,Argentina,Latin America & Caribbean,2015,39069969,180228,0.46129547735243914,-0.7737164926016081,124379,0.31834936956310356,-1.1446058528474228
ARG,Argentina,Latin America & Caribbean,2016,39069969,230313,0.5894885660134515,-0.5284999552683878,180079,0.46091411027226564,-0.7745435651175103
ARG,Argentina,Latin America & Caribbean,2017,39069969,233945,0.5987847085315067,-0.5128531636172661,187995,0.4811751962229609,-0.7315238418814568
ARG,Argentina,Latin America & Caribbean,2018,39069969,172964,0.4427031923163287,-0.8148557282550676,142276,0.3641569308642144,-1.0101703755068503
ARG,Argentina,Latin America & Caribbean,2019,39069969,145459,0.3723038531205387,-0.9880449486524857,117123,0.29977756061183464,-1.2047145439740046
ARG,Argentina,Latin America & Caribbean,2020,39069969,197404,0.5052576315072069,-0.6826868183944527,137295,0.35140800853975596,-1.0458073131081997
ARG,Argentina,Latin America & Caribbean,2021,39069969,201896,0.5167549531457268,-0.6601864952785302,148658,0.38049172754654603,-0.9662908429244991
ARG,Argentina,Latin America & Caribbean,2022,39069969,232225,0.5943823502905774,-0.5202324793394676,161461,0.4132611418248118,-0.8836755811809078
ARG,Argentina,Latin America & Caribbean,2023,39069969,215941,0.5527032795956404,-0.5929339863887851,165041,0.42242418979139706,-0.8617452807312334
ARG,Argentina,Latin America & Caribbean,2024,39069969,203057,0.519726544958354,-0.6544524808075475,155841,0.39887669222363603,-0.9191029519016325
ARG,Argentina,Latin America & Caribbean,2025,39069969,197870,0.5064503634492262,-0.6803289592087034,110566,0.2829948495735945,-1.2623265808911022
AUS,Australia,Asia-Pacific,2001,42281440,218814,0.5175178518044797,-0.658711258197054,8302,0.01963509284451996,-3.930436862441828
AUS,Australia,Asia-Pacific,2002,42281440,312150,0.7382671924135035,-0.3034494705649217,12041,0.028478216446743535,-3.558615819162593
AUS,Australia,Asia-Pacific,2003,42281440,373847,0.8841870097139549,-0.12308668926774796,17262,0.04082642407637961,-3.198425758275209
AUS,Australia,Asia-Pacific,2004,42281440,124769,0.2950916525075778,-1.220469284428998,14616,0.03456835907197106,-3.3648164929969693
AUS,Australia,Asia-Pacific,2005,42281440,177024,0.4186801584808843,-0.8706479954704366,13763,0.03255092541786656,-3.4249494800752793
AUS,Australia,Asia-Pacific,2006,42281440,186304,0.44062832297102467,-0.8195535639495168,15864,0.0375200087792658,-3.28288092085518
AUS,Australia,Asia-Pacific,2007,42281440,372723,0.8815286328942439,-0.1260977956589859,16399,0.038785339382953844,-3.249712954711366
AUS,Australia,Asia-Pacific,2008,42281440,205724,0.48655864133293475,-0.7203978474506537,13378,0.03164036040399759,-3.4533217453764586
AUS,Australia,Asia-Pacific,2009,42281440,203710,0.48179532201363057,-0.7302358982432087,14280,0.03377368415077632,-3.3880733551612368
AUS,Australia,Asia-Pacific,2010,42281440,290725,0.6875948406676783,-0.37455550889356803,9206,0.02177314679916294,-3.8270778666776253
AUS,Australia,Asia-Pacific,2011,42281440,121316,0.2869249486299426,-1.2485346004519546,10105,0.02389937523414529,-3.7339029612170904
AUS,Australia,Asia-Pacific,2012,42281440,139803,0.33064862502317804,-1.106699023275743,11128,0.026318876556711408,-3.637468857451533
AUS,Australia,Asia-Pacific,2013,42281440,260094,0.6151493421226902,-0.48589020793489035,8095,0.019145516330569632,-3.9556867249430763
AUS,Australia,Asia-Pacific,2014,42281440,281741,0.6663467469414476,-0.405945102875052,15232,0.03602526309416141,-3.3235348340236652
AUS,Australia,Asia-Pacific,2015,42281440,261574,0.6186496959422385,-0.48021608580818836,9201,0.021761321279502307,-3.8276211382724505
AUS,Australia,Asia-Pacific,2016,42281440,430904,1.0191327447693361,0.018952015402295217,15745,0.03723856141134266,-3.290410457519687
AUS,Australia,Asia-Pacific,2017,42281440,236878,0.5602410892344253,-0.5793880714085318,11753,0.027797066514290904,-3.5828247849219577
AUS,Australia,Asia-Pacific,2018,42281440,250754,0.5930592713966223,-0.5224609332142948,9219,0.021803893150280595,-3.8256667402562177
AUS,Australia,Asia-Pacific,2019,42281440,1661547,3.929731343114142,1.3685710630137295,13547,0.032040062968527086,-3.4407681914740755
AUS,Australia,Asia-Pacific,2020,42281440,2356518,5.5734099879285095,1.718007072708787,9142,0.021621780147506802,-3.8340541321631223
AUS,Australia,Asia-Pacific,2021,42281440,261045,0.6173985559621432,-0.48224050581842787,6862,0.0162293431822568,-4.120934367636417
AUS,Australia,Asia-Pacific,2022,42281440,118986,0.2814142564680862,-1.2679274729409271,5552,0.013131057031170177,-4.332775088868171
AUS,Australia,Asia-Pacific,2023,42281440,190713,0.45105606620777344,-0.7961636318893965,5024,0.01188228215500702,-4.4327068829067775
AUS,Australia,Asia-Pacific,2024,42281440,180670,0.42730332741742005,-0.850261149286839,5127,0.012125887860016121,-4.4124126192711115
AUS,Australia,Asia-Pacific,2025,42281440,384105,0.9084482458497156,-0.09601735936216785,4744,0.011220053054011405,-4.49005265037725
BGD,Bangladesh,Asia-Pacific,2001,1938957,4587,0.23657048609123357,-1.4415090770140488,1259,0.06493181643533096,-2.734417537566874
BGD,Bangladesh,Asia-Pacific,2002,1938957,3995,0.2060386073543663,-1.5796917134108457,1175,0.06059959039834303,-2.8034671450329616
BGD,Bangladesh,Asia-Pacific,2003,1938957,2159,0.11134852397448732,-2.1950901410964136,644,0.03321373295024077,-3.4047918455068675
BGD,Bangladesh,Asia-Pacific,2004,1938957,4282,0.22084037964740838,-1.5103151024615926,1575,0.08122923819352364,-2.5104800203514874
BGD,Bangladesh,Asia-Pacific,2005,1938957,3293,0.16983357547382433,-1.7729362892348566,890,0.045900966344276845,-3.0812691088850355
BGD,Bangladesh,Asia-Pacific,2006,1938957,6863,0.3539531820458112,-1.0385906287025861,2655,0.13692928724051126,-1.9882906379351817
BGD,Bangladesh,Asia-Pacific,2007,1938957,3995,0.2060386073543663,-1.5796917134108457,1665,0.08587090894743926,-2.4549101691966766
BGD,Bangladesh,Asia-Pacific,2008,1938957,4480,0.23105205530602277,-1.46511224620219,1875,0.09670147403990909,-2.3361266332067094
BGD,Bangladesh,Asia-Pacific,2009,1938957,5625,0.29010442211972726,-1.2375143445385999,2127,0.10969815215087286,-2.2100227564109836
BGD,Bangladesh,Asia-Pacific,2010,1938957,4668,0.24074798976975767,-1.424004578204774,1825,0.09412276806551151,-2.363155305594629
BGD,Bangladesh,Asia-Pacific,2011,1938957,4181,0.21563139357912528,-1.5341848402546558,1579,0.08143553467147543,-2.5079435573555786
BGD,Bangladesh,Asia-Pacific,2012,1938957,5359,0.2763857063359322,-1.2859579021163705,1429,0.07369941674828272,-2.607760393681353
BGD,Bangladesh,Asia-Pacific,2013,1938957,6022,0.310579347556444,-1.1693158625695417,733,0.03780382958466846,-3.2753448697245693
BGD,Bangladesh,Asia-Pacific,2014,1938957,12061,0.6220354551441832,-0.47475818602797787,1093,0.056370512600331005,-2.875809083434682
BGD,Bangladesh,Asia-Pacific,2015,1938957,12603,0.6499886279066529,-0.4308004117737291,1079,0.055648474927499685,-2.888700606353086
BGD,Bangladesh,Asia-Pacific,2016,1938957,21196,1.0931650366666203,0.08907719200143195,1657,0.08545831599153565,-2.459726554184658
BGD,Bangladesh,Asia-Pacific,2017,1938957,28377,1.4635187887096,0.3808436652700593,2307,0.11898149365870414,-2.128787313437467
BGD,Bangladesh,Asia-Pacific,2018,1938957,19343,0.9975981932554461,-0.002404695709123124,1894,0.09768138231018017,-2.3260442978651974
BGD,Bangladesh,Asia-Pacific,2019,1938957,22079,1.1387049841744814,0.12989163789912184,1571,0.08102294171557183,-2.5130229333556
BGD,Bangladesh,Asia-Pacific,2020,1938957,21476,1.1076057901232468,0.10220073993123936,1942,0.10015694004560184,-2.3010169227599504
BGD,Bangladesh,Asia-Pacific,2021,1938957,17587,0.9070340394346033,-0.09757529987485666,2388,0.12315899733722821,-2.094279097098728
BGD,Bangladesh,Asia-Pacific,2022,1938957,13798,0.711619700694755,-0.3402116385051668,2230,0.11501028645813187,-2.1627337071570563
BGD,Bangladesh,Asia-Pacific,2023,1938957,17787,0.9173488633321936,-0.08626743923574344,2191,0.11299889579810177,-2.180377232015754
BGD,Bangladesh,Asia-Pacific,2024,1938957,15929,0.8215241493235796,-0.19659394531658256,1789,0.09226609976394526,-2.383078488102502
BGD,Bangladesh,Asia-Pacific,2025,1938957,13176,0.6795405983732491,-0.3863382997537446,1478,0.07622654860319233,-2.5740454701030737
BLZ,Belize,Latin America & Caribbean,2001,1751750,8238,0.47027258455829885,-0.7544427852486629,4491,0.25637219922934207,-1.361124987156951
BLZ,Belize,Latin America & Caribbean,2002,1751750,13473,0.7691165976880262,-0.2625126984888413,8299,0.47375481661195945,-0.747065355646241
BLZ,Belize,Latin America & Caribbean,2003,1751750,6839,0.3904095904095904,-0.940558859146593,4828,0.27561010418153276,-1.2887680780272668
BLZ,Belize,Latin America & Caribbean,2004,1751750,4339,0.24769516198087627,-1.3955564744463382,3753,0.21424289995718568,-1.5406448611096681
BLZ,Belize,Latin America & Caribbean,2005,1751750,8115,0.4632510346796061,-0.7694861802959974,5807,0.3314970743542172,-1.104136294872639
BLZ,Belize,Latin America & Caribbean,2006,1751750,4281,0.2443841872413301,-1.409013754099743,3216,0.18358784073069787,-1.695062029945832
BLZ,Belize,Latin America & Caribbean,2007,1751750,12310,0.7027258455829885,-0.35278844106618973,8225,0.4695304695304695,-0.7560220846111164
BLZ,Belize,Latin America & Caribbean,2008,1751750,8284,0.4728985300413872,-0.7488744377292141,6858,0.39149422006564866,-0.9377845272218233
BLZ,Belize,Latin America & Caribbean,2009,1751750,10297,0.5878121878121878,-0.5313477905879381,8361,0.4772941344369916,-0.739622344094631
BLZ,Belize,Latin America & Caribbean,2010,1751750,9840,0.5617239902954189,-0.5767446701983898,7914,0.4517767946339375,-0.7945670382993193
BLZ,Belize,Latin America & Caribbean,2011,1751750,26391,1.506550592264878,0.4098226616760953,16950,0.9676038247466819,-0.032932547436092585
BLZ,Belize,Latin America & Caribbean,2012,1751750,11586,0.6613957471100328,-0.41340290858811957,9920,0.5662908520051377,-0.5686474599657705
BLZ,Belize,Latin America & Caribbean,2013,1751750,16403,0.9363779078064792,-0.06573613633220321,12752,0.7279577565291852,-0.3175122592146926
BLZ,Belize,Latin America & Caribbean,2014,1751750,16509,0.9424289995718567,-0.05929469451682052,14101,0.8049664621093192,-0.2169546644074589
BLZ,Belize,Latin America & Caribbean,2015,1751750,12303,0.702326245183388,-0.35335724618452,10470,0.5976880262594548,-0.5146863563801064
BLZ,Belize,Latin America & Caribbean,2016,1751750,20622,1.1772227772227772,0.16315808583319993,14697,0.8389895818467247,-0.1755569899380045
BLZ,Belize,Latin America & Caribbean,2017,1751750,16446,0.9388325959754531,-0.06311809471384819,11088,0.6329670329670329,-0.45733693881500453
BLZ,Belize,Latin America & Caribbean,2018,1751750,11163,0.6372484658198944,-0.4505956432299568,8915,0.5089196517767947,-0.6754651299474481
BLZ,Belize,Latin America & Caribbean,2019,1751750,18437,1.052490366776081,0.05115913382570174,13915,0.7943485086342229,-0.23023298628469782
BLZ,Belize,Latin America & Caribbean,2020,1751750,26722,1.5254459825888398,0.42228681490415043,15293,0.8730127015841301,-0.13580517389656563
BLZ,Belize,Latin America & Caribbean,2021,1751750,9311,0.531525617239903,-0.6320038843561591,6914,0.3946910232624518,-0.9296520397631192
BLZ,Belize,Latin America & Caribbean,2022,1751750,8201,0.4681604110175539,-0.7589442832082777,6865,0.391893820465249,-0.9367643420426176
BLZ,Belize,Latin America & Caribbean,2023,1751750,22574,1.2886542029399173,0.2535984202708827,12795,0.730412444698159,-0.3141459116507997
BLZ,Belize,Latin America & Caribbean,2024,1751750,34001,1.9409733124018838,0.6631895546857979,12176,0.6950763522192094,-0.3637335801432219
BLZ,Belize,Latin America & Caribbean,2025,1751750,12519,0.7146567717996289,-0.3359528909850267,8366,0.477579563293849,-0.7390245082425453
BOL,Bolivia,Latin America & Caribbean,2001,64556285,140210,0.21719031694590232,-1.5269812731965076,115188,0.17843034183271234,-1.7235569957601475
BOL,Bolivia,Latin America & Caribbean,2002,64556285,178694,0.2768034127118684,-1.2844477261532516,145962,0.22610037117222592,-1.4867762580709627
BOL,Bolivia,Latin America & Caribbean,2003,64556285,163718,0.25360505177768516,-1.371977136358461,144530,0.22388215183076288,-1.4966354734687972
BOL,Bolivia,Latin America & Caribbean,2004,64556285,203307,0.3149298321611908,-1.1554054200139325,166814,0.2584008667785019,-1.3532431526733493
BOL,Bolivia,Latin America & Caribbean,2005,64556285,250866,0.388600428292923,-0.9452036398960104,204439,0.31668334074676074,-1.1498529294521147
BOL,Bolivia,Latin America & Caribbean,2006,64556285,216346,0.33512771064815766,-1.0932435939897729,182616,0.2828787313272441,-1.2627369843872165
BOL,Bolivia,Latin America & Caribbean,2007,64556285,189943,0.2942285170220065,-1.2233985447780635,153356,0.2375539422691377,-1.4373605559527596
BOL,Bolivia,Latin America & Caribbean,2008,64556285,369894,0.5729790678010669,-0.556906093822857,319050,0.4942198888923054,-0.7047747416151918
BOL,Bolivia,Latin America & Caribbean,2009,64556285,225346,0.3490690333249505,-1.0524855731168343,189821,0.29403953464794325,-1.2240410490923057
BOL,Bolivia,Latin America & Caribbean,2010,64556285,451722,0.6997335735784672,-0.35705562556240616,295453,0.4576672898696076,-0.7816128001870464
BOL,Bolivia,Latin America & Caribbean,2011,64556285,330358,0.5117363863177691,-0.6699456570070521,248846,0.3854713758699095,-0.9532883406942962
BOL,Bolivia,Latin America & Caribbean,2012,64556285,273562,0.42375734601208853,-0.8585942847159961,208448,0.3228934254813455,-1.1304329622757794
BOL,Bolivia,Latin America & Caribbean,2013,64556285,179794,0.2785073521501431,-1.2783108208604008,141173,0.21868203847231915,-1.5201364832852353
BOL,Bolivia,Latin America & Caribbean,2014,64556285,256528,0.3973710692924787,-0.9228847514830661,188630,0.29219463294704767,-1.2303351475719146
BOL,Bolivia,Latin America & Caribbean,2015,64556285,166251,0.25752875959327587,-1.3566238773740804,141353,0.218960864925855,-1.518862264102898
BOL,Bolivia,Latin America & Caribbean,2016,64556285,470310,0.7285270520136033,-0.31673052018099834,360278,0.5580835390388403,-0.5832466162673398
BOL,Bolivia,Latin America & Caribbean,2017,64556285,462949,0.7171245990998397,-0.3325056750983063,355595,0.5508294041393491,-0.5963301291310585
BOL,Bolivia,Latin America & Caribbean,2018,64556285,301918,0.46768180665910375,-0.7599671146025784,255864,0.39634250948610195,-0.925476518613264
BOL,Bolivia,Latin America & Caribbean,2019,64556285,853556,1.322188846523619,0.2792885803376824,305177,0.47273011450395575,-0.749230635778382
BOL,Bolivia,Latin America & Caribbean,2020,64556285,428903,0.6643861244493855,-0.40889178579373076,228092,0.35332268577722525,-1.0403735155909486
BOL,Bolivia,Latin America & Caribbean,2021,64556285,559589,0.8668234239315351,-0.14291998622920507,265856,0.4118204757290479,-0.8871677631159554
BOL,Bolivia,Latin America & Caribbean,2022,64556285,594998,0.9216732344495969,-0.08156452773410516,384206,0.5951488689288734,-0.518943704850818
BOL,Bolivia,Latin America & Caribbean,2023,64556285,696297,1.078589017320312,0.075653721521951,293832,0.4551563027519319,-0.7871143964898237
BOL,Bolivia,Latin America & Caribbean,2024,64556285,1813613,2.809351560425139,1.0329536953016012,319447,0.49483485612593725,-0.7035311960663161
BOL,Bolivia,Latin America & Caribbean,2025,64556285,765219,1.1853516663791914,0.17003949543806324,210481,0.32604261537044765,-1.1207271841635666
BRA,Brazil,Latin America & Caribbean,2001,519056656,2746285,0.5290915679925314,-0.6365937657090907,2382570,0.45901925588639403,-0.7786631179793357
BRA,Brazil,Latin America & Caribbean,2002,519056656,3506873,0.6756243195155174,-0.3921180977817453,3087752,0.5948776427982073,-0.5193995369397499
BRA,Brazil,Latin America & Caribbean,2003,519056656,3248392,0.6258260947914711,-0.4686827503241656,2875092,0.5539071634600135,-0.5907581812590345
BRA,Brazil,Latin America & Caribbean,2004,519056656,3848492,0.7414396782150117,-0.2991614717382581,3399430,0.6549246523870796,-0.42323508448740593
BRA,Brazil,Latin America & Caribbean,2005,519056656,3486213,0.671644021842579,-0.39802680821610015,3028347,0.583432842059538,-0.5388259288931109
BRA,Brazil,Latin America & Caribbean,2006,519056656,2876675,0.5542121398015557,-0.5902077417019491,2425065,0.4672062234377744,-0.7609845268424252
BRA,Brazil,Latin America & Caribbean,2007,519056656,2621699,0.5050891785500965,-0.6830202741088558,2142852,0.4128358581341456,-0.8847052029523422
BRA,Brazil,Latin America & Caribbean,2008,519056656,2444093,0.47087210456655815,-0.7531687620378246,2010479,0.38733324710510986,-0.9484698528586133
BRA,Brazil,Latin America & Caribbean,2009,519056656,1817715,0.3501958753419781,-1.0492626372066627,1405990,0.27087409124756506,-1.3061011740087125
BRA,Brazil,Latin America & Caribbean,2010,519056656,2688727,0.518002605095194,-0.6577750075939989,2085842,0.4018524713803111,-0.9116702443353254
BRA,Brazil,Latin America & Caribbean,2011,519056656,1923161,0.3705108060496579,-0.9928726685453864,1452118,0.2797609823926427,-1.2738196746781254
BRA,Brazil,Latin America & Caribbean,2012,519056656,2918560,0.5622815864632704,-0.5757525110398917,2208794,0.4255400589641991,-0.8543961897733398
BRA,Brazil,Latin America & Caribbean,2013,519056656,1945478,0.3748103366966553,-0.9813351497648314,1452141,0.2797654135081547,-1.2738038358703603
BRA,Brazil,Latin America & Caribbean,2014,519056656,2692910,0.5188084901467866,-0.656220461703077,2070578,0.39891175193792333,-0.9190150596425595
BRA,Brazil,Latin America & Caribbean,2015,519056656,2222654,0.4282102877031597,-0.8481408776523877,1709324,0.3293135691915682,-1.1107448842794156
BRA,Brazil,Latin America & Caribbean,2016,519056656,5378610,1.0362279219091644,0.03558712148325746,2990257,0.5760945294573007,-0.5514835181102692
BRA,Brazil,Latin America & Caribbean,2017,519056656,4519546,0.8707230603358258,-0.13843130867477887,2776287,0.5348716691921199,-0.6257284315286356
BRA,Brazil,Latin America & Caribbean,2018,519056656,2948393,0.5680291285967056,-0.5655825788352216,2133390,0.4110129357439547,-0.8891305911516195
BRA,Brazil,Latin America & Caribbean,2019,519056656,2696542,0.5195082210832876,-0.6548726435761774,2002738,0.38584188774953304,-0.9523276106625489
BRA,Brazil,Latin America & Caribbean,2020,519056656,3290645,0.6339664393013775,-0.45575926080188145,2058457,0.3965765540631079,-0.9248861819835573
BRA,Brazil,Latin America & Caribbean,2021,519056656,2990029,0.5760506036165732,-0.5515597686441435,2157488,0.4156555888573366,-0.8778982730294286
BRA,Brazil,Latin America & Caribbean,2022,519056656,3308334,0.6373743524444854,-0.45039811557989995,2474127,0.4766583707964242,-0.7409552484713294
BRA,Brazil,Latin America & Caribbean,2023,519056656,2805355,0.5404718285704827,-0.6153127643149094,1922462,0.37037613866953284,-0.9932361987238245
BRA,Brazil,Latin America & Caribbean,2024,519056656,4391694,0.8460914524906892,-0.1671278253474928,1870749,0.3604132570838279,-1.0205039695631397
BRA,Brazil,Latin America & Caribbean,2025,519056656,2868122,0.5525643428026863,-0.5931853948094614,1351821,0.2604380435880587,-1.3453902825904744
BTN,Bhutan,Asia-Pacific,2001,2577238,298,0.011562766030921474,-4.45996516832858,39,0.0015132479033756292,-6.493497008704338
BTN,Bhutan,Asia-Pacific,2002,2577238,224,0.008691475137336948,-4.745412602978945,19,0.0007372233375419733,-7.212619675667544
BTN,Bhutan,Asia-Pacific,2003,2577238,544,0.021107868190675443,-3.8581094079780422,197,0.007643841973461512,-4.873854926095996
BTN,Bhutan,Asia-Pacific,2004,2577238,1013,0.03930564425947468,-3.2363871505853012,299,0.011601567259213158,-4.4566150814432985
BTN,Bhutan,Asia-Pacific,2005,2577238,770,0.02987694578459576,-3.510668139986255,189,0.007333432147128049,-4.915311639774342
BTN,Bhutan,Asia-Pacific,2006,2577238,623,0.024173165225718385,-3.7225121360465314,116,0.004500942481835205,-5.40346846372762
BTN,Bhutan,Asia-Pacific,2007,2577238,508,0.019711023972174863,-3.9265772072555025,109,0.004229333883793426,-5.465710772604841
BTN,Bhutan,Asia-Pacific,2008,2577238,775,0.030070951926054173,-3.5041956254806377,152,0.005897786700335786,-5.133178133987708
BTN,Bhutan,Asia-Pacific,2009,2577238,1175,0.04559144324272729,-3.088035228255725,246,0.009545102159753968,-4.651727118901622
BTN,Bhutan,Asia-Pacific,2010,2577238,4354,0.1689405479819869,-1.778208413039492,1732,0.06720372740119461,-2.700026565711604
BTN,Bhutan,Asia-Pacific,2011,2577238,1091,0.04233214006622594,-3.162208669000914,254,0.009855511986087431,-4.619724387815448
BTN,Bhutan,Asia-Pacific,2012,2577238,766,0.029721740871429026,-3.5158764850933935,241,0.009351096018295556,-4.67226172134333
BTN,Bhutan,Asia-Pacific,2013,2577238,485,0.018818595721466158,-3.9729097638965016,169,0.006557407581294393,-5.027159939910911
BTN,Bhutan,Asia-Pacific,2014,2577238,1229,0.047686709570478165,-3.0431025452679497,419,0.016257714654215095,-4.119187734911847
BTN,Bhutan,Asia-Pacific,2015,2577238,747,0.028984517533887054,-3.540993469701167,186,0.007217028462253001,-4.931311981120784
BTN,Bhutan,Asia-Pacific,2016,2577238,1963,0.07616681113657334,-2.5748294605575235,335,0.012998411477713738,-4.342928123008918
BTN,Bhutan,Asia-Pacific,2017,2577238,1972,0.07651602219119849,-2.570255119671404,284,0.011019548834837916,-4.508084416672778
BTN,Bhutan,Asia-Pacific,2018,2577238,1240,0.04811352308168668,-3.034191996234902,181,0.007023022320794587,-4.958561623568158
BTN,Bhutan,Asia-Pacific,2019,2577238,820,0.031817007199179896,-3.4477543145756857,177,0.006867817407627856,-4.980908922260156
BTN,Bhutan,Asia-Pacific,2020,2577238,1288,0.04997598203968745,-2.9962127481696856,243,0.00942869847487892,-4.663997211493436
BTN,Bhutan,Asia-Pacific,2021,2577238,1279,0.0496267709850623,-3.003224853255142,273,0.010592735323629405,-4.547586859649025
BTN,Bhutan,Asia-Pacific,2022,2577238,1248,0.048423932908020134,-3.0277611059046117,277,0.010747940236796136,-4.533041148646646
BTN,Bhutan,Asia-Pacific,2023,2577238,1797,0.069725807240154,-2.6631847680504257,247,0.009583903388045652,-4.647670318206007
BTN,Bhutan,Asia-Pacific,2024,2577238,1188,0.04609585921051917,-3.0770321549113944,206,0.007993053028086658,-4.829182486044403
BTN,Bhutan,Asia-Pacific,2025,2577238,3446,0.13370903269313894,-2.0120892377461095,376,0.014589261837672734,-4.22746951144409
CAF,Central African Republic,Africa,2001,47073506,31283,0.06645564067397063,-2.7112206114364708,14871,0.031591018523243204,-3.454882422736552
CAF,Central African Republic,Africa,2002,47073506,34418,0.07311543780061762,-2.615715747100379,17488,0.03715040897952237,-3.2927804990089156
CAF,Central African Republic,Africa,2003,47073506,13727,0.029160776764747456,-3.534930734173576,6269,0.013317469916092504,-4.318678578151267
CAF,Central African Republic,Africa,2004,47073506,14589,0.030991955432425194,-3.4740276103533403,7805,0.01658045185756931,-4.099530876475703
CAF,Central African Republic,Africa,2005,47073506,29317,0.06227919373585643,-2.776127877895634,16425,0.03489223853434669,-3.355490866072424
CAF,Central African Republic,Africa,2006,47073506,57883,0.12296301023339966,-2.0958716986477555,36673,0.07790581818996019,-2.5522546409617024
CAF,Central African Republic,Africa,2007,47073506,37308,0.07925477231290144,-2.5350876495784815,22427,0.04764251041764342,-3.0440298402989465
CAF,Central African Republic,Africa,2008,47073506,31860,0.0676813832392259,-2.692944125961196,18993,0.04034753646775322,-3.210224940212999
CAF,Central African Republic,Africa,2009,47073506,48253,0.10250564298312516,-2.2778374284251584,26016,0.055266756633763375,-2.8955836970776985
CAF,Central African Republic,Africa,2010,47073506,48554,0.10314506848077133,-2.2716188498101832,27626,0.05868693952814987,-2.8355380721653303
CAF,Central African Republic,Africa,2011,47073506,49140,0.10438993008083995,-2.2596220633500654,29274,0.06218784723619269,-2.7775956803813435
CAF,Central African Republic,Africa,2012,47073506,57314,0.12175426236575623,-2.105750508467922,33172,0.07046851364757067,-2.6525892838541414
CAF,Central African Republic,Africa,2013,47073506,44183,0.09385959057309222,-2.3659553307275294,23466,0.04984969676998352,-2.9987428654416663
CAF,Central African Republic,Africa,2014,47073506,57852,0.1228971557801537,-2.096407405231613,34610,0.07352331054330222,-2.610152772795846
CAF,Central African Republic,Africa,2015,47073506,27316,0.05802839499569036,-2.8468228193442555,16484,0.035017574429234144,-3.3519052169665278
CAF,Central African Republic,Africa,2016,47073506,51152,0.10866409653022233,-2.219493838125613,19949,0.04237840283237029,-3.1611164136768246
CAF,Central African Republic,Africa,2017,47073506,63910,0.13576639054673345,-1.996819586780908,34804,0.07393543196038978,-2.6045631077393208
CAF,Central African Republic,Africa,2018,47073506,40913,0.08691300792424511,-2.4428475694866894,22791,0.04841576915898298,-3.0279297092539044
CAF,Central African Republic,Africa,2019,47073506,49027,0.10414987997707245,-2.261924263680309,25805,0.05481852148425061,-2.903727158842408
CAF,Central African Republic,Africa,2020,47073506,55137,0.11712958027812927,-2.1444744332916517,26543,0.05638628233894454,-2.8755293710018335
CAF,Central African Republic,Africa,2021,47073506,67181,0.14271509753278203,-1.9469049609871838,30101,0.06394467410181855,-2.7497370366487646
CAF,Central African Republic,Africa,2022,47073506,51030,0.1084049273916415,-2.2218817353672184,25783,0.054771786065818,-2.904580070423926
CAF,Central African Republic,Africa,2023,47073506,54534,0.11584860494563545,-2.15547107007841,25187,0.053505681093734554,-2.9279674420498583
CAF,Central African Republic,Africa,2024,47073506,60752,0.12905773366445236,-2.047495426953652,31728,0.06740097072863024,-2.697095858665658
CAF,Central African Republic,Africa,2025,47073506,74125,0.1574664950598751,-1.848542573125209,32253,0.06851624775940844,-2.6806843682718977
CIV,Côte d'Ivoire,Africa,2001,14866947,122695,0.8252871285543696,-0.19202391858609574,118507,0.7971172561521878,-0.22675348911593723
CIV,Côte d'Ivoire,Africa,2002,14866947,144565,0.9723919779898321,-0.027996286276139197,139416,0.9377581019156118,-0.0642632503180739
CIV,Côte d'Ivoire,Africa,2003,14866947,86300,0.5804823276762875,-0.5438959215870327,83145,0.5592607547467546,-0.5811394481365373
CIV,Côte d'Ivoire,Africa,2004,14866947,48053,0.3232203625936112,-1.129420951245515,46193,0.31070938774450463,-1.168897248219817
CIV,Côte d'Ivoire,Africa,2005,14866947,65335,0.43946480740127747,-0.8221976392353055,62153,0.41806162354651566,-0.8721264325709118
CIV,Côte d'Ivoire,Africa,2006,14866947,97775,0.657666970898598,-0.41905659903483716,94365,0.634730183675236,-0.45455527798631234
CIV,Côte d'Ivoire,Africa,2007,14866947,90876,0.6112620163373153,-0.492229579756729,87171,0.5863409615975627,-0.5338538128820903
CIV,Côte d'Ivoire,Africa,2008,14866947,127583,0.8581654323513765,-0.15295838648160104,120884,0.8131057439029008,-0.20689411159098345
CIV,Côte d'Ivoire,Africa,2009,14866947,108887,0.7324099561261637,-0.3114148724372521,104949,0.7059216663649908,-0.3482510018019997
CIV,Côte d'Ivoire,Africa,2010,14866947,92519,0.622313377454026,-0.47431149084543195,88817,0.5974125017059656,-0.5151474465594233
CIV,Côte d'Ivoire,Africa,2011,14866947,124736,0.8390155692355666,-0.17552601579131932,120411,0.8099241895461119,-0.21081462884871333
CIV,Côte d'Ivoire,Africa,2012,14866947,96138,0.6466559677652716,-0.43594086042261687,91924,0.6183112107684248,-0.48076337098175537
CIV,Côte d'Ivoire,Africa,2013,14866947,175824,1.1826503450910264,0.16775797502815332,167526,1.1268352540706577,0.11941304342332329
CIV,Côte d'Ivoire,Africa,2014,14866947,346899,2.333357346333447,0.8473081516200117,332456,2.236208953997078,0.8047820008359298
CIV,Côte d'Ivoire,Africa,2015,14866947,152454,1.0254559998095103,0.025137391524491653,142700,0.9598473714879053,-0.04098099519362421
CIV,Côte d'Ivoire,Africa,2016,14866947,221124,1.487353119641847,0.39699811046430916,206208,1.3870231729486895,0.3271598484380396
CIV,Côte d'Ivoire,Africa,2017,14866947,357309,2.4033784475050592,0.8768754339525903,331951,2.23281215706224,0.8032618479860987
CIV,Côte d'Ivoire,Africa,2018,14866947,324681,2.1839117338617,0.7811176421674656,303776,2.0432977934205323,0.7145650680229731
CIV,Côte d'Ivoire,Africa,2019,14866947,242202,1.6291307152705932,0.4880465690467983,225702,1.5181462609640028,0.4174900254281505
CIV,Côte d'Ivoire,Africa,2020,14866947,248550,1.6718294616910923,0.5139185128642666,234478,1.5771765379939808,0.45563624717773366
CIV,Côte d'Ivoire,Africa,2021,14866947,183272,1.232748055131965,0.20924586845463203,170868,1.149314650815665,0.13916580891044292
CIV,Côte d'Ivoire,Africa,2022,14866947,172478,1.1601440430237626,0.1485441724296786,162042,1.0899480572574853,0.08613004121335426
CIV,Côte d'Ivoire,Africa,2023,14866947,190298,1.2800072536748803,0.24686574484896906,179732,1.2089368449352782,0.18974133282843006
CIV,Côte d'Ivoire,Africa,2024,14866947,165120,1.1106517027335874,0.10494696261678291,155623,1.0467717413669397,0.04571089605435466
CIV,Côte d'Ivoire,Africa,2025,14866947,213072,1.433192705940231,0.3599046170833741,201461,1.3550932817612116,0.30387029459031967
CMR,Cameroon,Africa,2001,31459321,39204,0.12461807424260682,-2.0825016250218367,18459,0.05867577370789408,-2.835728351002307
CMR,Cameroon,Africa,2002,31459321,28767,0.0914418972996906,-2.3920515105891162,14151,0.0449818990053854,-3.1014951144585354
CMR,Cameroon,Africa,2003,31459321,25345,0.0805643580165001,-2.518698935504457,10639,0.033818275988855576,-3.386753912894541
CMR,Cameroon,Africa,2004,31459321,23003,0.07311982353338141,-2.615655765222888,11812,0.03754690064671135,-3.2821644435470936
CMR,Cameroon,Africa,2005,31459321,25159,0.07997311830093218,-2.5260647220143895,11326,0.03600204848667903,-3.324179439737157
CMR,Cameroon,Africa,2006,31459321,35986,0.11438899142165211,-2.1681504334984427,17557,0.05580857895820447,-2.885827676641698
CMR,Cameroon,Africa,2007,31459321,45917,0.14595674204157172,-1.9244449885620754,25881,0.08226814558394314,-2.4977712986662186
CMR,Cameroon,Africa,2008,31459321,35141,0.11170298303641074,-2.19191186747655,15562,0.049467056202516256,-3.0064483622340314
CMR,Cameroon,Africa,2009,31459321,36072,0.11466236032239857,-2.1657634663099867,14077,0.04474667460241752,-3.1067381475829414
CMR,Cameroon,Africa,2010,31459321,57992,0.1843396429312635,-1.6909753374301932,36272,0.1152981019520415,-2.160234313663597
CMR,Cameroon,Africa,2011,31459321,27652,0.08789763771443128,-2.4315823493457516,14750,0.04688594518616597,-3.060037324642941
CMR,Cameroon,Africa,2012,31459321,51268,0.16296600934266828,-1.8142136315611923,25959,0.0825160848195039,-2.4947620371360584
CMR,Cameroon,Africa,2013,31459321,84612,0.2689568538367373,-1.3132043069038661,35290,0.11217661055049472,-2.187680769741591
CMR,Cameroon,Africa,2014,31459321,181851,0.5780512554609809,-0.548092736973223,58795,0.18689214557427988,-1.6772235901533907
CMR,Cameroon,Africa,2015,31459321,78970,0.25102258246451026,-1.3822123739192804,32595,0.10360999209105626,-2.267121505052267
CMR,Cameroon,Africa,2016,31459321,116619,0.37069776553664335,-0.992368196530039,39856,0.12669059195524277,-2.0660074489089455
CMR,Cameroon,Africa,2017,31459321,187282,0.5953148194139346,-0.5186649051062123,79198,0.2517473279223032,-1.3793293614524926
CMR,Cameroon,Africa,2018,31459321,120814,0.38403244621840377,-0.9570282346035156,44868,0.14262227719409457,-1.947555561645793
CMR,Cameroon,Africa,2019,31459321,121800,0.3871666524525434,-0.9489000521529732,44528,0.14154151642370158,-1.9551622026452349
CMR,Cameroon,Africa,2020,31459321,202796,0.6446292976253365,-0.4390798597721376,58071,0.18459076087497248,-1.6896140075972514
CMR,Cameroon,Africa,2021,31459321,168797,0.536556399294187,-0.6225835979366944,69078,0.21957880146237105,-1.5160441065091874
CMR,Cameroon,Africa,2022,31459321,147810,0.46984485138760623,-0.7553527422047885,58864,0.1871114764365067,-1.6760507090663515
CMR,Cameroon,Africa,2023,31459321,204198,0.6490858464491335,-0.43219029606546416,85201,0.27082911293603573,-1.3062672365731771
CMR,Cameroon,Africa,2024,31459321,179152,0.5694719221689496,-0.5630457999109286,64453,0.20487727627687832,-1.5853441314154804
CMR,Cameroon,Africa,2025,31459321,206263,0.6556498787751968,-0.42212835389727527,79662,0.2532222485030748,-1.37348772328695
COD,Democratic Republic of the Congo,Africa,2001,199272121,455532,0.22859795826632467,-1.4757904591297086,70953,0.03560608460628569,-3.3352387398217105
COD,Democratic Republic of the Congo,Africa,2002,199272121,514459,0.25816907925619964,-1.3541405627516445,87168,0.04374319877892001,-3.1294191347449534
COD,Democratic Republic of the Congo,Africa,2003,199272121,274612,0.13780753605769067,-1.9818972335257223,71188,0.035724013797193435,-3.3319321609442065
COD,Democratic Republic of the Congo,Africa,2004,199272121,400045,0.20075311990080139,-1.6056793850516142,69648,0.0349512012269895,-3.353802441022004
COD,Democratic Republic of the Congo,Africa,2005,199272121,485236,0.24350420799706346,-1.4126210553067038,83606,0.04195569334056519,-3.1711411379817287
COD,Democratic Republic of the Congo,Africa,2006,199272121,453201,0.22742820105778871,-1.4809206901491963,81089,0.04069259643199161,-3.2017091089283354
COD,Democratic Republic of the Congo,Africa,2007,199272121,462776,0.23223318830434891,-1.4600132901112155,91398,0.045865924215259396,-3.082032829449327
COD,Democratic Republic of the Congo,Africa,2008,199272121,404912,0.2031955087184524,-1.5935866662856015,68517,0.03438363563159946,-3.370174536171651
COD,Democratic Republic of the Congo,Africa,2009,199272121,635436,0.3188785249091618,-1.1429450483776937,124762,0.06260885836609327,-2.770848503441739
COD,Democratic Republic of the Congo,Africa,2010,199272121,811874,0.40741976144269576,-0.8979112701245455,149119,0.07483184263392269,-2.592511780925734
COD,Democratic Republic of the Congo,Africa,2011,199272121,429465,0.2155168509497623,-1.5347161778329077,102617,0.0514959139718295,-2.966252814812884
COD,Democratic Republic of the Congo,Africa,2012,199272121,632082,0.3171953993504189,-1.148237293266038,153648,0.07710461414720426,-2.562592153936329
COD,Democratic Republic of the Congo,Africa,2013,199272121,920750,0.46205660650342556,-0.7720678705067711,105032,0.05270782459328568,-2.9429913602001365
COD,Democratic Republic of the Congo,Africa,2014,199272121,1338361,0.6716248079679947,-0.39805541585465937,164751,0.08267639204783694,-2.492821182665019
COD,Democratic Republic of the Congo,Africa,2015,199272121,928502,0.46594676432434823,-0.7636838910296581,104800,0.0525914008814108,-2.945202653945004
COD,Democratic Republic of the Congo,Africa,2016,199272121,1381504,0.6932751019396236,-0.3663283860691193,146003,0.07326815174512043,-2.61362925638951
COD,Democratic Republic of the Congo,Africa,2017,199272121,1468188,0.736775416767908,-0.3054721594620622,169340,0.08497927314177581,-2.4653478976178147
COD,Democratic Republic of the Congo,Africa,2018,199272121,1373827,0.6894225810945225,-0.3719008707294968,153059,0.07680903843041847,-2.566432957857114
COD,Democratic Republic of the Congo,Africa,2019,199272121,1220241,0.6123490801806641,-0.4904527666296879,129878,0.06517620194347207,-2.7306608775455525
COD,Democratic Republic of the Congo,Africa,2020,199272121,1310238,0.6575119456875756,-0.4192923467491372,162080,0.08133601388224297,-2.5091663853315724
COD,Democratic Republic of the Congo,Africa,2021,199272121,1248060,0.6263093872524195,-0.4679108011351542,154945,0.07775548291574615,-2.5541862105925284
COD,Democratic Republic of the Congo,Africa,2022,199272121,1220222,0.6123395454801226,-0.490468337445554,140088,0.0702998489186553,-2.654985629262346
COD,Democratic Republic of the Congo,Africa,2023,199272121,1325020,0.6649299427088449,-0.40807359318591896,165201,0.08290221390276666,-2.490093511494624
COD,Democratic Republic of the Congo,Africa,2024,199272121,1377807,0.6914198499447898,-0.3690080421225397,181327,0.09099466553075931,-2.3969543947246446
COD,Democratic Republic of the Congo,Africa,2025,199272121,1287662,0.6461827141389236,-0.4366729759666681,173044,0.08683803792101957,-2.4437105284117804
COG,Republic of the Congo,Africa,2001,26388421,27031,0.10243507938576545,-2.2785260529145472,2574,0.009754278211644417,-4.630049299275084
COG,Republic of the Congo,Africa,2002,26388421,24310,0.09212373866553061,-2.384622620120987,3195,0.012107583094873316,-4.413923320619521
COG,Republic of the Congo,Africa,2003,26388421,18514,0.07015955975539423,-2.6569832058039995,2824,0.0107016634303356,-4.537356088818023
COG,Republic of the Congo,Africa,2004,26388421,13833,0.05242071892062052,-2.9484533665563406,1523,0.0057714707522666855,-5.154828334535994
COG,Republic of the Congo,Africa,2005,26388421,18853,0.07144421411193948,-2.6388383560245727,1885,0.007143284548931518,-4.9415825875490444
COG,Republic of the Congo,Africa,2006,26388421,22154,0.08395348853953785,-2.4774923413542775,2130,0.008071722063248877,-4.819388428727685
COG,Republic of the Congo,Africa,2007,26388421,29765,0.11279568413737222,-2.1821772018436656,3753,0.014222146902992035,-4.252954888296135
COG,Republic of the Congo,Africa,2008,26388421,17375,0.0658432726990372,-2.720478016998163,3012,0.01141409711479137,-4.4729060985113716
COG,Republic of the Congo,Africa,2009,26388421,19073,0.07227791310438772,-2.627236686054729,1870,0.0070864414358100475,-4.949571977582523
COG,Republic of the Congo,Africa,2010,26388421,44665,0.16925984317136672,-1.7763202112952163,6701,0.025393713401798464,-3.673253639457985
COG,Republic of the Congo,Africa,2011,26388421,28374,0.10752443278057448,-2.230037175559225,4447,0.01685208827007876,-4.083280696920459
COG,Republic of the Congo,Africa,2012,26388421,32143,0.12180721233756275,-2.105315710865344,4746,0.017985160991633414,-4.018208250435447
COG,Republic of the Congo,Africa,2013,26388421,54642,0.20706809247889443,-1.5747075906352823,4634,0.017560732413659765,-4.042089982438834
COG,Republic of the Congo,Africa,2014,26388421,72891,0.276223423902476,-1.2865452338459467,5001,0.01895149391469842,-3.965872516012252
COG,Republic of the Congo,Africa,2015,26388421,47823,0.18122721325387373,-1.7080037131293995,3351,0.012698751471336613,-4.366251599693846
COG,Republic of the Congo,Africa,2016,26388421,114304,0.43315968014910783,-0.8366488426350396,5346,0.020258885516492253,-3.8991617907322915
COG,Republic of the Congo,Africa,2017,26388421,63875,0.2420569233755972,-1.4185823599251504,4694,0.017788104866145647,-4.029225311020187
COG,Republic of the Congo,Africa,2018,26388421,62698,0.2375966337659991,-1.4371808592455282,3741,0.014176672412494859,-4.256157453083009
COG,Republic of the Congo,Africa,2019,26388421,73758,0.279508955840897,-1.27472094453576,4311,0.016336710711110754,-4.114340512684021
COG,Republic of the Congo,Africa,2020,26388421,64540,0.24457696805731574,-1.408225221825203,4543,0.017215884194056175,-4.061922821671753
COG,Republic of the Congo,Africa,2021,26388421,58193,0.220524752125184,-1.5117453358593236,3744,0.014188041035119153,-4.255355849833673
COG,Republic of the Congo,Africa,2022,26388421,59425,0.22519346648289415,-1.490795395202761,3360,0.012732857339209496,-4.363569434473906
COG,Republic of the Congo,Africa,2023,26388421,67415,0.25547189807226434,-1.364642863362981,3627,0.01374466475277168,-4.287104548148253
COG,Republic of the Congo,Africa,2024,26388421,114668,0.4345390730275222,-0.8334694119043569,3918,0.014847421147328217,-4.209929088926669
COG,Republic of the Congo,Africa,2025,26388421,70834,0.26842833832308494,-1.3151712970322416,2758,0.010451553732601128,-4.5610046290779085
COL,Colombia,Latin America & Caribbean,2001,81854357,229961,0.2809392296612873,-1.2696168975875204,205666,0.2512584638591688,-1.3812731331745791
COL,Colombia,Latin America & Caribbean,2002,81854357,182233,0.22263078799824915,-1.5022405388411053,160963,0.19664561044685747,-1.6263521020068576
COL,Colombia,Latin America & Caribbean,2003,81854357,122399,0.1495326632399055,-1.9002404268053064,108179,0.13216034425632345,-2.0237393643677994
COL,Colombia,Latin America & Caribbean,2004,81854357,253865,0.31014231777546064,-1.1707239972540726,226189,0.27633104490699256,-1.2861556939473395
COL,Colombia,Latin America & Caribbean,2005,81854357,188691,0.23052041078277605,-1.467415870432021,170808,0.20867307039013208,-1.566986508250438
COL,Colombia,Latin America & Caribbean,2006,81854357,189898,0.23199498103686772,-1.4610395410116108,170822,0.20869017393906106,-1.566904548235171
COL,Colombia,Latin America & Caribbean,2007,81854357,269029,0.3286679046296827,-1.1127074464329523,247538,0.3024127353416263,-1.1959625213385834
COL,Colombia,Latin America & Caribbean,2008,81854357,231748,0.28312237551386543,-1.2618760524960042,208331,0.25451424656600746,-1.3683984659099464
COL,Colombia,Latin America & Caribbean,2009,81854357,237718,0.29041581745001066,-1.236441529711746,214368,0.26188954120059854,-1.3398324625896605
COL,Colombia,Latin America & Caribbean,2010,81854357,196988,0.2406567068873316,-1.424383813738428,172210,0.21038586864716316,-1.5588119645987095
COL,Colombia,Latin America & Caribbean,2011,81854357,189802,0.23187769955849755,-1.4615452033874106,169298,0.20682833046993454,-1.5758661511952905
COL,Colombia,Latin America & Caribbean,2012,81854357,227584,0.2780352913895591,-1.2800072259041877,198882,0.24297057272100983,-1.414814942888315
COL,Colombia,Latin America & Caribbean,2013,81854357,138866,0.16965010182658938,-1.7740171875364024,120373,0.14705753537346827,-1.9169313716808412
COL,Colombia,Latin America & Caribbean,2014,81854357,202029,0.2468152061838321,-1.3991153754622532,176403,0.21550838155139376,-1.5347554766847196
COL,Colombia,Latin America & Caribbean,2015,81854357,140923,0.17216310183708364,-1.759312984994656,123913,0.15138228988836844,-1.8879469204592256
COL,Colombia,Latin America & Caribbean,2016,81854357,290868,0.3553482192768309,-1.034657070902791,234827,0.2868839345961755,-1.2486775540904773
COL,Colombia,Latin America & Caribbean,2017,81854357,424642,0.5187775160215357,-0.6562801659108748,379700,0.46387268059536524,-0.768145159677761
COL,Colombia,Latin America & Caribbean,2018,81854357,352219,0.4302996357298366,-0.8432734856872405,324132,0.3959862515320962,-0.9263757866836448
COL,Colombia,Latin America & Caribbean,2019,81854357,268477,0.3279935361290542,-1.1147613777157925,232709,0.2842964119796335,-1.257737880947793
COL,Colombia,Latin America & Caribbean,2020,81854357,324203,0.3960729909588075,-0.9261567641095626,286129,0.34955866796436996,-1.0510838688366164
COL,Colombia,Latin America & Caribbean,2021,81854357,265161,0.32394243839701775,-1.1271894382415486,241466,0.29499468183471284,-1.2207979504837574
COL,Colombia,Latin America & Caribbean,2022,81854357,265730,0.32463757549277433,-1.125045871227326,239504,0.29259774162052243,-1.2289565087426375
COL,Colombia,Latin America & Caribbean,2023,81854357,196634,0.2402242314358416,-1.4261824941751917,168550,0.20591451228430027,-1.580294185235448
COL,Colombia,Latin America & Caribbean,2024,81854357,213030,0.2602549305958142,-1.3460936260534055,191111,0.2334768813833575,-1.454672215839756
COL,Colombia,Latin America & Caribbean,2025,81854357,186035,0.22727562321453457,-1.4815917988614438,166512,0.2034247242330668,-1.592459248020014
CRI,Costa Rica,Latin America & Caribbean,2001,3913126,15483,0.39566832246137745,-0.9271789882269826,14704,0.3757609645076596,-0.9788020704483512
CRI,Costa Rica,Latin America & Caribbean,2002,3913126,13300,0.33988172116103593,-1.0791576008339745,12265,0.3134322789503839,-1.16017195835123
CRI,Costa Rica,Latin America & Caribbean,2003,3913126,8279,0.21156998266858773,-1.5531994479050135,7797,0.19925246465357874,-1.6131825917342195
CRI,Costa Rica,Latin America & Caribbean,2004,3913126,9766,0.24957029239538925,-1.388014670422214,8992,0.2297907095248147,-1.4705863429103472
CRI,Costa Rica,Latin America & Caribbean,2005,3913126,16535,0.4225521999547165,-0.8614422896279263,15588,0.3983515992073856,-0.9204202485852196
CRI,Costa Rica,Latin America & Caribbean,2006,3913126,10058,0.25703235725095486,-1.3585532983119095,9324,0.23827497504552625,-1.4343299148881719
CRI,Costa Rica,Latin America & Caribbean,2007,3913126,11464,0.2929627106308358,-1.2277099455358118,10644,0.2720075969953434,-1.3019252829462395
CRI,Costa Rica,Latin America & Caribbean,2008,3913126,21891,0.5594248690177622,-0.5808460426100898,20390,0.5210667890581596,-0.6518770514753187
CRI,Costa Rica,Latin America & Caribbean,2009,3913126,22427,0.5731223579307183,-0.5566560459175305,20657,0.527889978498009,-0.6388673910455668
CRI,Costa Rica,Latin America & Caribbean,2010,3913126,13178,0.3367640091323407,-1.0883728635700542,12238,0.31274229350141036,-1.1623757710213338
CRI,Costa Rica,Latin America & Caribbean,2011,3913126,10504,0.26842989466733247,-1.3151654990611874,9529,0.24351375345439938,-1.4125818556956313
CRI,Costa Rica,Latin America & Caribbean,2012,3913126,10388,0.2654655127384091,-1.3262703422611806,9642,0.24640147033343673,-1.400793080078252
CRI,Costa Rica,Latin America & Caribbean,2013,3913126,7789,0.19904802452054957,-1.614209154123871,7091,0.18121062291375234,-1.7080952617398228
CRI,Costa Rica,Latin America & Caribbean,2014,3913126,10910,0.27880523141856406,-1.277241836216703,9979,0.2550135109372916,-1.3664387511595069
CRI,Costa Rica,Latin America & Caribbean,2015,3913126,3302,0.08438266490780005,-2.4723932905637462,3108,0.07942499168184208,-2.5329422035562814
CRI,Costa Rica,Latin America & Caribbean,2016,3913126,13843,0.35375809519039253,-1.0391419463560845,12399,0.31685665117862294,-1.1493058118639774
CRI,Costa Rica,Latin America & Caribbean,2017,3913126,22051,0.5635136716783462,-0.5735636837232515,15514,0.39646052797686554,-0.9251787939930026
CRI,Costa Rica,Latin America & Caribbean,2018,3913126,12334,0.3151955750977607,-1.1545619594923815,11067,0.282817369029262,-1.2629539287790341
CRI,Costa Rica,Latin America & Caribbean,2019,3913126,11489,0.29360158604655207,-1.2255315801904547,10198,0.26061005957896577,-1.3447300134287186
CRI,Costa Rica,Latin America & Caribbean,2020,3913126,8249,0.21080333216972824,-1.5568296551830878,7321,0.18708827673834166,-1.676174705397177
CRI,Costa Rica,Latin America & Caribbean,2021,3913126,7851,0.20063243555152582,-1.6062807238455639,6954,0.17770958563562736,-1.7276046024760128
CRI,Costa Rica,Latin America & Caribbean,2022,3913126,8563,0.21882760739112414,-1.5194710400176275,7691,0.19654363289094193,-1.6268708219867656
CRI,Costa Rica,Latin America & Caribbean,2023,3913126,9050,0.23127290048927635,-1.4641568783498478,7956,0.20331571229753398,-1.5929952750699568
CRI,Costa Rica,Latin America & Caribbean,2024,3913126,8299,0.21208108300116071,-1.5507866104453716,7156,0.18287169899461453,-1.6989704704152098
CRI,Costa Rica,Latin America & Caribbean,2025,3913126,7512,0.1919692849144137,-1.6504198941557207,6653,0.17001752563040393,-1.771853755301932
CUB,Cuba,Latin America & Caribbean,2001,4014606,18943,0.47185203230404177,-0.7510898334263875,15419,0.38407255905062665,-0.9569237883833135
CUB,Cuba,Latin America & Caribbean,2002,4014606,15036,0.3745323949598043,-0.9820769778705976,6330,0.15767425246711633,-1.8472240674164442
CUB,Cuba,Latin America & Caribbean,2003,4014606,6557,0.1633286055966638,-1.8119911222910468,4512,0.11238960934148955,-2.1857837893767713
CUB,Cuba,Latin America & Caribbean,2004,4014606,21974,0.5473513465580433,-0.60266436729384,16649,0.41471068393760185,-0.8801741490098139
CUB,Cuba,Latin America & Caribbean,2005,4014606,12834,0.31968267869873157,-1.1404264042442056,7472,0.1861203814272185,-1.6813616026459877
CUB,Cuba,Latin America & Caribbean,2006,4014606,12305,0.3065057940928699,-1.18251861972951,6260,0.15593061934346733,-1.858344118460522
CUB,Cuba,Latin America & Caribbean,2007,4014606,7874,0.19613381736588845,-1.6289581110509834,4065,0.10125526639475954,-2.290110560572755
CUB,Cuba,Latin America & Caribbean,2008,4014606,17084,0.4255461183488492,-0.854381950593309,10917,0.27193204015537265,-1.3022030962743967
CUB,Cuba,Latin America & Caribbean,2009,4014606,16260,0.40502106557903816,-0.9038161994528645,10951,0.2727789476725736,-1.299093527278907
CUB,Cuba,Latin America & Caribbean,2010,4014606,8608,0.21441705611957937,-1.5398323001531005,5699,0.1419566453096518,-1.9522335827196666
CUB,Cuba,Latin America & Caribbean,2011,4014606,16313,0.4063412449440867,-0.9005619676183635,12157,0.30281925548858346,-1.1946191679988722
CUB,Cuba,Latin America & Caribbean,2012,4014606,10345,0.257684066630698,-1.3560209923750228,6671,0.16616823668374928,-1.7947545298451508
CUB,Cuba,Latin America & Caribbean,2013,4014606,6072,0.1512477189542386,-1.8888362634792002,4427,0.1102723405484872,-2.204802149822525
CUB,Cuba,Latin America & Caribbean,2014,4014606,5861,0.14599191053866806,-1.924204066078237,4341,0.10813016271086129,-2.224419567255073
CUB,Cuba,Latin America & Caribbean,2015,4014606,6726,0.16753823413804492,-1.7865436902544514,4651,0.11585196654416398,-2.155442053330569
CUB,Cuba,Latin America & Caribbean,2016,4014606,74053,1.8445894815082726,0.6122567494874217,13893,0.34606135695507856,-1.0611391874058045
CUB,Cuba,Latin America & Caribbean,2017,4014606,76814,1.9133633537139136,0.6488626116346571,13844,0.3448408137685242,-1.0646723777994314
CUB,Cuba,Latin America & Caribbean,2018,4014606,14955,0.3725147623452961,-0.9874786114906179,5928,0.14766081652844637,-1.9128374155787433
CUB,Cuba,Latin America & Caribbean,2019,4014606,7464,0.18592110907023005,-1.6824328400274864,5365,0.13363702440538375,-2.0126279274898673
CUB,Cuba,Latin America & Caribbean,2020,4014606,12618,0.31430232506004324,-1.1573999376239115,7230,0.1800923926283177,-1.7142852674018558
CUB,Cuba,Latin America & Caribbean,2021,4014606,9721,0.2421408227855984,-1.4182358097335972,5524,0.13759756250052932,-1.9834220680254835
CUB,Cuba,Latin America & Caribbean,2022,4014606,4889,0.12178031916457058,-2.1055365199760208,2759,0.06872405411639398,-2.67765600833738
CUB,Cuba,Latin America & Caribbean,2023,4014606,18795,0.46816549369975535,-0.7589334265563878,7059,0.17583294599768945,-1.738220905159194
CUB,Cuba,Latin America & Caribbean,2024,4014606,10085,0.25120771502857314,-1.381475132166354,3761,0.09368291682919819,-2.36783942408433
CUB,Cuba,Latin America & Caribbean,2025,4014606,27997,0.6973785223257276,-0.360426941994674,7511,0.18709183416753725,-1.6761556908686543
DOM,Dominican Republic,Latin America & Caribbean,2001,2576438,11248,0.43657173198035426,-0.8288025827701028,9064,0.3518035365104846,-1.0446823941127066
DOM,Dominican Republic,Latin America & Caribbean,2002,2576438,10436,0.40505535161335143,-0.90373155056393,8910,0.34582629195812203,-1.0618186763556938
DOM,Dominican Republic,Latin America & Caribbean,2003,2576438,10714,0.4158454424286554,-0.8774416203796432,8791,0.34120751207675093,-1.0752644469693704
DOM,Dominican Republic,Latin America & Caribbean,2004,2576438,19388,0.7525118011766633,-0.2843385998552823,16414,0.6370811174186998,-0.45085828863089195
DOM,Dominican Republic,Latin America & Caribbean,2005,2576438,25088,0.9737474761667076,-0.026603273670414547,13980,0.5426096028703195,-0.6113651810327476
DOM,Dominican Republic,Latin America & Caribbean,2006,2576438,13414,0.5206412884765711,-0.6526939801608664,11361,0.4409576322038411,-0.8188064802506444
DOM,Dominican Republic,Latin America & Caribbean,2007,2576438,16059,0.6233024043272145,-0.472723477759058,13480,0.523202964713298,-0.6477858123542509
DOM,Dominican Republic,Latin America & Caribbean,2008,2576438,21612,0.8388325276990947,-0.17574420185659248,17785,0.6902941192452525,-0.37063751243799337
DOM,Dominican Republic,Latin America & Caribbean,2009,2576438,13967,0.5421050302782369,-0.6122955135147775,12034,0.46707896716319197,-0.7612569410402519
DOM,Dominican Republic,Latin America & Caribbean,2010,2576438,14103,0.5473836358569467,-0.6026053771283086,12088,0.4691748840841503,-0.7567796928679733
DOM,Dominican Republic,Latin America & Caribbean,2011,2576438,12960,0.5030200610299956,-0.6871252269142833,11228,0.4357954664540734,-0.8305822593387758
DOM,Dominican Republic,Latin America & Caribbean,2012,2576438,17905,0.6949517124029377,-0.36391291438801576,15179,0.5891467211708569,-0.5290800241936896
DOM,Dominican Republic,Latin America & Caribbean,2013,2576438,12703,0.49304504901728663,-0.7071547317970882,8800,0.3415568315635773,-1.074241196354251
DOM,Dominican Republic,Latin America & Caribbean,2014,2576438,13678,0.5308879934234785,-0.6332042151625076,9995,0.38793869675885856,-0.9469079498860484
DOM,Dominican Republic,Latin America & Caribbean,2015,2576438,15091,0.585731152855221,-0.5348943782019985,8900,0.3454381591949816,-1.0629416411003176
DOM,Dominican Republic,Latin America & Caribbean,2016,2576438,24908,0.96676108643018,-0.03380388082820628,15658,0.6077382805252833,-0.4980109493526894
DOM,Dominican Republic,Latin America & Caribbean,2017,2576438,27063,1.0504036968869424,0.049174563504199534,20215,0.7846103806883767,-0.24256801474567766
DOM,Dominican Republic,Latin America & Caribbean,2018,2576438,13970,0.542221470107179,-0.6120807445695413,11138,0.4323022715858096,-0.838630232670935
DOM,Dominican Republic,Latin America & Caribbean,2019,2576438,14931,0.5795210286449742,-0.545553329293885,10905,0.4232587782046376,-0.8597715181848194
DOM,Dominican Republic,Latin America & Caribbean,2020,2576438,21441,0.8321954574493933,-0.1836879409324604,13973,0.5423379099361211,-0.6118660217401011
DOM,Dominican Republic,Latin America & Caribbean,2021,2576438,14182,0.5504498846857561,-0.597019362956607,9942,0.38588159311421427,-0.952224710165931
DOM,Dominican Republic,Latin America & Caribbean,2022,2576438,13141,0.5100452640428375,-0.6732558041769109,8329,0.3232757784196631,-1.1292495168852086
DOM,Dominican Republic,Latin America & Caribbean,2023,2576438,22947,0.8906482515783419,-0.11580570883057313,12487,0.4846613813334534,-0.7243048147054039
DOM,Dominican Republic,Latin America & Caribbean,2024,2576438,12997,0.5044561522536153,-0.6842743562389605,9084,0.3525798020367655,-1.0424782935950998
DOM,Dominican Republic,Latin America & Caribbean,2025,2576438,11421,0.4432864287826837,-0.8135391517699418,8632,0.3350362011428181,-1.0935166898825783
ECU,Ecuador,Latin America & Caribbean,2001,19048768,45080,0.23665572492667242,-1.441148831387851,38012,0.19955096308590667,-1.6116856212103579
ECU,Ecuador,Latin America & Caribbean,2002,19048768,29846,0.15668204893880802,-1.8535366930501502,23039,0.1209474544495476,-2.1123990884514416
ECU,Ecuador,Latin America & Caribbean,2003,19048768,13867,0.07279735886331337,-2.6200756037876993,10299,0.05406648870940105,-2.917540717415762
ECU,Ecuador,Latin America & Caribbean,2004,19048768,37284,0.19572919361504115,-1.6310232403605158,31513,0.16543327106508934,-1.7991873614517078
ECU,Ecuador,Latin America & Caribbean,2005,19048768,40402,0.21209770626635802,-1.5507082318671568,34549,0.18137130968259996,-1.7072089143246785
ECU,Ecuador,Latin America & Caribbean,2006,19048768,35646,0.18713021230559373,-1.6759505819577671,29193,0.15325400571837508,-1.8756585660514649
ECU,Ecuador,Latin America & Caribbean,2007,19048768,60591,0.3180835631994678,-1.1454411533650657,53911,0.2830156784942732,-1.2622529818336456
ECU,Ecuador,Latin America & Caribbean,2008,19048768,51940,0.2726685526329052,-1.2994983143248242,44942,0.2359312686258765,-1.4442147510096859
ECU,Ecuador,Latin America & Caribbean,2009,19048768,57714,0.3029802242328743,-1.194087742160893,50293,0.2640223241734059,-1.3317216181480218
ECU,Ecuador,Latin America & Caribbean,2010,19048768,33822,0.17755478989507353,-1.7284760422319336,27969,0.14682839331131547,-1.9184907665767603
ECU,Ecuador,Latin America & Caribbean,2011,19048768,43672,0.22926417078521824,-1.4728803560799701,36063,0.18931933025799882,-1.6643201115692
ECU,Ecuador,Latin America & Caribbean,2012,19048768,74304,0.3900724708285596,-0.9414227344840004,62340,0.3272652593595554,-1.1169842462202357
ECU,Ecuador,Latin America & Caribbean,2013,19048768,48418,0.2541791679125915,-1.3697158751483656,37001,0.19424353323007557,-1.6386425812533987
ECU,Ecuador,Latin America & Caribbean,2014,19048768,30934,0.16239370441174988,-1.8177316179434786,24333,0.12774054469034427,-2.0577540668031093
ECU,Ecuador,Latin America & Caribbean,2015,19048768,30121,0.15812571185706079,-1.8443649176476506,21305,0.11184450353954649,-2.190645733607551
ECU,Ecuador,Latin America & Caribbean,2016,19048768,44091,0.23146378810430154,-1.4633318405667695,30420,0.15969536717545196,-1.8344872337282798
ECU,Ecuador,Latin America & Caribbean,2017,19048768,71258,0.374081935377658,-0.9832804270119186,50808,0.2667259110930429,-1.3215336980587529
ECU,Ecuador,Latin America & Caribbean,2018,19048768,38748,0.20341473002348498,-1.592508378995288,24728,0.12981416960928915,-2.0416513157296117
ECU,Ecuador,Latin America & Caribbean,2019,19048768,35715,0.1874924404559917,-1.674016751952491,24744,0.12989816454271477,-2.041004485176658
ECU,Ecuador,Latin America & Caribbean,2020,19048768,48963,0.25704024533240155,-1.358522609722758,31561,0.1656852558653662,-1.79766533940566
ECU,Ecuador,Latin America & Caribbean,2021,19048768,30368,0.15942238364181874,-1.8361980981319093,19856,0.10423771238118916,-2.2610812920971752
ECU,Ecuador,Latin America & Caribbean,2022,19048768,52618,0.27622783793681566,-1.2865292540314557,33087,0.17369627264083431,-1.750447064567307
ECU,Ecuador,Latin America & Caribbean,2023,19048768,43010,0.22578888041473338,-1.4881548737637817,30151,0.1582832023572338,-1.8433694304404074
ECU,Ecuador,Latin America & Caribbean,2024,19048768,62063,0.32581109707462447,-1.1214375223917246,41513,0.2179301044560992,-1.5235808893642069
ECU,Ecuador,Latin America & Caribbean,2025,19048768,51763,0.2717393586818843,-1.302911912231858,37494,0.19683162711625235,-1.625406600384427
ETH,Ethiopia,Africa,2001,12040337,11947,0.09922479744545357,-2.310367321681143,9970,0.08280499125564343,-2.4912669385424824
ETH,Ethiopia,Africa,2002,12040337,13074,0.10858500056933622,-2.220221997325692,11228,0.09325320379321608,-2.3724368640165934
ETH,Ethiopia,Africa,2003,12040337,13936,0.11574426861972385,-2.1563721024060825,12426,0.10320309140848799,-2.2710564708747274
ETH,Ethiopia,Africa,2004,12040337,13396,0.11125934431901699,-2.1958913675842715,11734,0.09745574397128585,-2.3283569120125613
ETH,Ethiopia,Africa,2005,12040337,15869,0.13179863653318008,-2.0264800019355245,13682,0.11363469311531729,-2.174766422177423
ETH,Ethiopia,Africa,2006,12040337,12076,0.1002961960284002,-2.299627510671637,10761,0.08937457481464181,-2.4149190352979746
ETH,Ethiopia,Africa,2007,12040337,25609,0.21269338225333725,-1.5479036703143285,23414,0.194462995512501,-1.637513388458749
ETH,Ethiopia,Africa,2008,12040337,24009,0.19940471765865025,-1.6124187624632107,21729,0.18046837061122126,-1.712199748634931
ETH,Ethiopia,Africa,2009,12040337,29279,0.24317425666740058,-1.4139769870118104,26765,0.22229444242299862,-1.503752458670885
ETH,Ethiopia,Africa,2010,12040337,20184,0.16763650386197662,-1.785957311177473,17572,0.14594275891115008,-1.9245407964026964
ETH,Ethiopia,Africa,2011,12040337,15463,0.12842663789227826,-2.052397449022936,13853,0.11505491914387446,-2.1623457068404877
ETH,Ethiopia,Africa,2012,12040337,41632,0.34577105275375597,-1.0619784201861349,38292,0.3180309654123468,-1.1456065254321228
ETH,Ethiopia,Africa,2013,12040337,30851,0.25623036963168055,-1.3616783577793257,26447,0.21965332033480459,-1.5157047921947262
ETH,Ethiopia,Africa,2014,12040337,32725,0.27179471803820776,-1.3027082107202659,27434,0.22785076530665213,-1.4790644024600144
ETH,Ethiopia,Africa,2015,12040337,10276,0.08534644835937731,-2.4610364432685925,8700,0.07225711373361061,-2.6275244968556914
ETH,Ethiopia,Africa,2016,12040337,19582,0.16263664380822562,-1.81623674558435,16477,0.13684832907916117,-1.988882053440935
ETH,Ethiopia,Africa,2017,12040337,35404,0.2940449258189368,-1.224022714409599,30295,0.25161255868502685,-1.3798648401192772
ETH,Ethiopia,Africa,2018,12040337,18894,0.15692251803251023,-1.852003111169287,15622,0.1297471989363753,-2.042167345328124
ETH,Ethiopia,Africa,2019,12040337,25582,0.21246913603830192,-1.5489585433390283,21716,0.18036040021138944,-1.712798206473025
ETH,Ethiopia,Africa,2020,12040337,17981,0.14933967379816696,-1.901531877666729,14744,0.12245504424004079,-2.1000113021487072
ETH,Ethiopia,Africa,2021,12040337,19751,0.16404025900603944,-1.807643399539509,16585,0.13774531393930253,-1.9823488501172137
ETH,Ethiopia,Africa,2022,12040337,19941,0.16561828792665853,-1.7980696087886752,16536,0.13733834858609023,-1.9853077001367625
ETH,Ethiopia,Africa,2023,12040337,36263,0.3011792776232094,-1.2000495848149204,26746,0.2221366395309367,-1.5044625930656248
ETH,Ethiopia,Africa,2024,12040337,27943,0.23207822173083695,-1.460680801509457,20219,0.1679271933999854,-1.7842247661310657
ETH,Ethiopia,Africa,2025,12040337,24980,0.20746927598455092,-1.572772017818798,18254,0.1516070521946354,-1.886463288421544
FJI,Fiji,Asia-Pacific,2001,1556562,1098,0.07054007485728163,-2.6515742929714823,52,0.003340695712731006,-5.701576196459531
FJI,Fiji,Asia-Pacific,2002,1556562,703,0.04516363627019033,-3.097463023230293,19,0.001220638818113252,-6.7083809358745174
FJI,Fiji,Asia-Pacific,2003,1556562,1572,0.10099180116179118,-2.292715942051806,33,0.002120056894617754,-6.156312353574478
FJI,Fiji,Asia-Pacific,2004,1556562,2080,0.13362782850924024,-2.0126967423455944,71,0.004561334530844258,-5.390140037999643
FJI,Fiji,Asia-Pacific,2005,1556562,1666,0.10703075110403569,-2.23463909231417,63,0.004047381344270257,-5.509685188649425
FJI,Fiji,Asia-Pacific,2006,1556562,1874,0.1203935339549597,-2.1169894522425907,53,0.003404939861052756,-5.682528001488836
FJI,Fiji,Asia-Pacific,2007,1556562,2148,0.13799643059511923,-1.9805274594122029,46,0.0029552308228005053,-5.8241785185518635
FJI,Fiji,Asia-Pacific,2008,1556562,2387,0.15335078204401753,-1.875027288702128,84,0.0053965084590270095,-5.222003116197644
FJI,Fiji,Asia-Pacific,2009,1556562,1791,0.11506126964425445,-2.1622905129802463,50,0.0032122074160875055,-5.740796909612812
FJI,Fiji,Asia-Pacific,2010,1556562,2347,0.15078101611114753,-1.8919267191899347,84,0.0053965084590270095,-5.222003116197644
FJI,Fiji,Asia-Pacific,2011,1556562,553,0.03552701402192781,-3.3374619135186236,16,0.0010279063731480017,-6.880231192801177
FJI,Fiji,Asia-Pacific,2012,1556562,1220,0.07837786095253514,-2.546213777313656,66,0.004240113789235508,-5.4631651730145325
FJI,Fiji,Asia-Pacific,2013,1556562,2699,0.17339495632040355,-1.7521833020229536,88,0.00565348505231401,-5.175483100562752
FJI,Fiji,Asia-Pacific,2014,1556562,3689,0.23699666315893617,-1.4397092174442825,175,0.01124272595630627,-4.488033941117444
FJI,Fiji,Asia-Pacific,2015,1556562,1838,0.11808074461537671,-2.136386612125326,63,0.004047381344270257,-5.509685188649425
FJI,Fiji,Asia-Pacific,2016,1556562,8373,0.5379162538980137,-0.6200523928365264,130,0.008351739281827515,-4.7852854645853755
FJI,Fiji,Asia-Pacific,2017,1556562,3092,0.19864290661085135,-1.6162465053336457,77,0.004946799420774759,-5.3090144931872745
FJI,Fiji,Asia-Pacific,2018,1556562,1367,0.0878217507558324,-2.4324460783170085,38,0.002441277636226504,-6.015233755314572
FJI,Fiji,Asia-Pacific,2019,1556562,1456,0.09353947995646816,-2.369371686284327,51,0.003276451564409256,-5.720994282316632
FJI,Fiji,Asia-Pacific,2020,1556562,2067,0.1327926545810575,-2.01896635535919,122,0.007837786095253515,-4.848798870307702
FJI,Fiji,Asia-Pacific,2021,1556562,7199,0.46249362376827907,-0.7711225085716553,108,0.006938368018749012,-4.970688687916739
FJI,Fiji,Asia-Pacific,2022,1556562,989,0.06353746269021086,-2.756125583418246,43,0.002762498377835255,-5.891619799347396
FJI,Fiji,Asia-Pacific,2023,1556562,789,0.05068863302586084,-2.982053594195084,61,0.003918893047626757,-5.541946050867647
FJI,Fiji,Asia-Pacific,2024,1556562,1079,0.06931943603916838,-2.6690299497828236,86,0.00552499675567051,-5.19847261878745
FJI,Fiji,Asia-Pacific,2025,1556562,1262,0.08107611518204864,-2.5123668719397996,91,0.00584621749727926,-5.141960408524108
GAB,Gabon,Africa,2001,24690954,15083,0.0610871495690284,-2.7954537529436987,1256,0.0050868832366704015,-5.281089966683807
GAB,Gabon,Africa,2002,24690954,13852,0.05610151798913886,-2.8805924081896386,2060,0.008343136518742857,-4.786316051928324
GAB,Gabon,Africa,2003,24690954,16845,0.06822336633894341,-2.684968157871298,1473,0.005965747617528266,-5.121720897249321
GAB,Gabon,Africa,2004,24690954,9982,0.040427761519461744,-3.2082385636823965,979,0.0039650148795384735,-5.530245671181441
GAB,Gabon,Africa,2005,24690954,17699,0.07168212293457758,-2.635513893921197,1310,0.005305586815317059,-5.238994897516754
GAB,Gabon,Africa,2006,24690954,19301,0.07817032910109509,-2.548865126689743,3640,0.014742241227293203,-4.217038353081165
GAB,Gabon,Africa,2007,24690954,16501,0.06683014354163877,-2.7056010495991463,1694,0.006860812263471067,-4.981929438499951
GAB,Gabon,Africa,2008,24690954,17367,0.07033750093252776,-2.6544501809648366,2323,0.009408303948077502,-4.666162580941542
GAB,Gabon,Africa,2009,24690954,18252,0.0739218095825702,-2.604747371664658,844,0.0034182559329218303,-5.678624819115994
GAB,Gabon,Africa,2010,24690954,10674,0.04323040737915595,-3.141211156818061,1101,0.0044591229646290705,-5.412803176989271
GAB,Gabon,Africa,2011,24690954,18161,0.07355325355188787,-2.6097455969934527,2193,0.00888179533281703,-4.723751565294063
GAB,Gabon,Africa,2012,24690954,17476,0.07077895815609231,-2.6481935236406247,4930,0.019966826717185575,-3.913683046675215
GAB,Gabon,Africa,2013,24690954,44449,0.18002139569009767,-1.7146795702108175,13270,0.05374437941928044,-2.9235161863856978
GAB,Gabon,Africa,2014,24690954,48752,0.19744883085521928,-1.6222758124864607,9248,0.0374550128763757,-3.2846147227997924
GAB,Gabon,Africa,2015,24690954,25473,0.10316733812715377,-2.271402967044478,9858,0.039925553301828676,-3.220738726446628
GAB,Gabon,Africa,2016,24690954,32151,0.13021368068645708,-2.038578480330844,9576,0.03878343461334058,-3.249762066474142
GAB,Gabon,Africa,2017,24690954,38644,0.156510760985582,-1.854630511074551,11294,0.04574144846732127,-3.084750423479169
GAB,Gabon,Africa,2018,24690954,26788,0.108493175273827,-2.22106800868201,3760,0.01522824917984133,-4.184603077328011
GAB,Gabon,Africa,2019,24690954,28561,0.1156739427727256,-2.156979883865804,2856,0.011566989270645436,-4.459599990252476
GAB,Gabon,Africa,2020,24690954,22022,0.08919055942512387,-2.4169800810384148,1938,0.00784902843365226,-4.847365521261239
GAB,Gabon,Africa,2021,24690954,18318,0.07418911395647167,-2.601137851749018,1452,0.005880696225832344,-5.136080118327209
GAB,Gabon,Africa,2022,24690954,29455,0.11929470201920914,-2.1261583597561633,2829,0.011457637481322107,-4.469098742410384
GAB,Gabon,Africa,2023,24690954,19707,0.07981465600721624,-2.5280481321513686,1618,0.006553007226857253,-5.027831216093514
GAB,Gabon,Africa,2024,24690954,29130,0.11797843048105797,-2.1372534637584706,2821,0.011425236951152232,-4.471930602709954
GAB,Gabon,Africa,2025,24690954,21920,0.08877745266545796,-2.421622572649999,2163,0.008760293344679999,-4.737525887758892
GHA,Ghana,Africa,2001,6968886,43675,0.6267142266353618,-0.4672646211389562,38698,0.5552967863156321,-0.5882525580453395
GHA,Ghana,Africa,2002,6968886,78393,1.1249000198884012,0.11769416049679338,63956,0.9177363498269308,-0.08584513023590253
GHA,Ghana,Africa,2003,6968886,24944,0.35793382184756645,-1.0274071648436558,20832,0.29892869534671684,-1.2075502111329177
GHA,Ghana,Africa,2004,6968886,17628,0.2529529109817552,-1.3745519301793359,14527,0.20845512467846367,-1.56803149026833
GHA,Ghana,Africa,2005,6968886,41339,0.5931938045765134,-0.5222341128448597,34890,0.5006539065210709,-0.6918402219603939
GHA,Ghana,Africa,2006,6968886,27143,0.3894883629894362,-0.9429212909098593,22679,0.3254322139865683,-1.1226010909823516
GHA,Ghana,Africa,2007,6968886,40184,0.576620136991766,-0.5505715707113329,33768,0.48455377229588775,-0.7245268686788788
GHA,Ghana,Africa,2008,6968886,37827,0.5427983755222858,-0.6110173437998774,32707,0.46932895731111113,-0.7564513548867118
GHA,Ghana,Africa,2009,6968886,38255,0.5489399597008762,-0.5997662064752612,31124,0.44661370554777335,-0.8060612514043928
GHA,Ghana,Africa,2010,6968886,19476,0.279470779117351,-1.274857538838622,16190,0.23231833610135105,-1.4596467094695327
GHA,Ghana,Africa,2011,6968886,36203,0.5194947944334288,-0.6548984888329457,31142,0.446871996471172,-0.8054830867398436
GHA,Ghana,Africa,2012,6968886,36631,0.5256363786120192,-0.6431456007136924,29990,0.4303413773736577,-0.8431764843981588
GHA,Ghana,Africa,2013,6968886,81203,1.1652221029300809,0.1529117151388839,66153,0.9492621919773118,-0.05207023615253583
GHA,Ghana,Africa,2014,6968886,120205,1.7248811359520015,0.5451581414146559,98759,1.4171418502182416,0.34864206170973294
GHA,Ghana,Africa,2015,6968886,57391,0.8235319102651414,-0.19415298055217375,47172,0.6768944132534238,-0.390239980931353
GHA,Ghana,Africa,2016,6968886,119243,1.7110769210459176,0.5371229506768058,99905,1.4335863723412896,0.3601792572930195
GHA,Ghana,Africa,2017,6968886,115332,1.6549560431896864,0.5037744484700712,94473,1.3556399114578714,0.3042736022308036
GHA,Ghana,Africa,2018,6968886,151530,2.1743790901443933,0.7767431479889945,131025,1.8801426799060854,0.6313476675291535
GHA,Ghana,Africa,2019,6968886,88265,1.2665582418768222,0.2363031758821699,74349,1.0668706590981687,0.06472974575751121
GHA,Ghana,Africa,2020,6968886,136613,1.9603276621256251,0.6731116338242077,115138,1.6521722410152784,0.5020909317796557
GHA,Ghana,Africa,2021,6968886,101414,1.455239761419544,0.37517067152877087,83295,1.1952412480273031,0.1783480462026038
GHA,Ghana,Africa,2022,6968886,118644,1.7024815730950398,0.5320869355439197,95873,1.3757292054999894,0.3189839218153238
GHA,Ghana,Africa,2023,6968886,112582,1.6154949298926686,0.4796413678637917,91918,1.318976949831006,0.2768563980942353
GHA,Ghana,Africa,2024,6968886,107918,1.5485688817409267,0.4373312023225915,87992,1.2626408295386091,0.23320542409573902
GHA,Ghana,Africa,2025,6968886,116555,1.6725054764850509,0.5143227874454093,93910,1.347561145353791,0.2982963996574457
GIN,Guinea,Africa,2001,8159636,18571,0.2275959368775764,-1.4801834289210487,7647,0.09371741582590204,-2.3674712390698764
GIN,Guinea,Africa,2002,8159636,28933,0.3545868957879984,-1.0368018409374613,10818,0.13257944349478334,-2.0205732396827294
GIN,Guinea,Africa,2003,8159636,9229,0.11310553559006799,-2.179433952848525,3657,0.044818175712740126,-3.1051415139647207
GIN,Guinea,Africa,2004,8159636,17158,0.21027898793524613,-1.5593201159811911,7591,0.09303111070150678,-2.3748213180973337
GIN,Guinea,Africa,2005,8159636,14581,0.1786966967644145,-1.7220653417978165,6370,0.07806720789996024,-2.550185183547893
GIN,Guinea,Africa,2006,8159636,15306,0.18758189703560305,-1.6735397447442353,7194,0.08816569758749042,-2.4285373078585324
GIN,Guinea,Africa,2007,8159636,33821,0.4144915287887842,-0.8807027417958846,15765,0.19320714796591418,-1.6439923601349404
GIN,Guinea,Africa,2008,8159636,21481,0.26325929244882984,-1.334615829640125,10292,0.12613307750492792,-2.070417758712467
GIN,Guinea,Africa,2009,8159636,23388,0.28663043302421826,-1.2495615828185405,10031,0.12293440540730004,-2.0961043552306164
GIN,Guinea,Africa,2010,8159636,16046,0.19665092903654036,-1.6263250558005005,7585,0.09295757800960729,-2.375612040331469
GIN,Guinea,Africa,2011,8159636,27638,0.33871608978635814,-1.0825930157506716,16375,0.20068297164236248,-1.606028871610649
GIN,Guinea,Africa,2012,8159636,24486,0.3000869156418252,-1.2036831274802409,8230,0.10086234238880264,-2.2939986384429862
GIN,Guinea,Africa,2013,8159636,146185,1.791562760887863,0.583088289740851,28874,0.3538638243176534,-1.0388431169243417
GIN,Guinea,Africa,2014,8159636,132716,1.6264941230221543,0.4864268536583129,24020,0.2943758765709647,-1.222897836480127
GIN,Guinea,Africa,2015,8159636,161820,1.9831767005292884,0.684699953247729,29320,0.35932975441551557,-1.023514776113514
GIN,Guinea,Africa,2016,8159636,216013,2.6473362292141465,0.97355393792633,34263,0.4199084370920467,-0.867718598395385
GIN,Guinea,Africa,2017,8159636,231588,2.8382148419365767,1.0431752777530088,41350,0.5067628016739962,-0.6797122316622644
GIN,Guinea,Africa,2018,8159636,182895,2.2414602808262525,0.8071275645483731,34743,0.42579105244400606,-0.8538065402616144
GIN,Guinea,Africa,2019,8159636,193690,2.3737578490020876,0.8644742897221831,36159,0.4431447677322861,-0.8138587728576484
GIN,Guinea,Africa,2020,8159636,178407,2.186457827285433,0.7822828039123286,33002,0.40445431634450363,-0.9052164874413514
GIN,Guinea,Africa,2021,8159636,167377,2.0512802286768674,0.7184641000238133,29227,0.35818999769107346,-1.0266917135559177
GIN,Guinea,Africa,2022,8159636,130216,1.5958555013973663,0.4674099569572325,26186,0.32092117834668116,-1.136559736326403
GIN,Guinea,Africa,2023,8159636,154123,1.8888465122708906,0.6359663317882188,31457,0.38551964818038453,-0.9531631192350773
GIN,Guinea,Africa,2024,8159636,146802,1.799124372704861,0.5873000869338467,36390,0.4459757763704165,-0.8074906415078962
GIN,Guinea,Africa,2025,8159636,104703,1.283182239992078,0.24934311762915762,25566,0.3133228001837337,-1.1605213093861346
GNB,Guinea-Bissau,Africa,2001,1069852,2362,0.22077820109697416,-1.5105966963688975,1872,0.1749774735197018,-1.7430980360886676
GNB,Guinea-Bissau,Africa,2002,1069852,6074,0.567742080212964,-0.566088047520511,4063,0.37977215540093395,-0.9681837971384784
GNB,Guinea-Bissau,Africa,2003,1069852,1022,0.09552723180402523,-2.3483439223625555,583,0.054493518729693456,-2.9096735067757127
GNB,Guinea-Bissau,Africa,2004,1069852,3539,0.33079341815503455,-1.1062612127807416,2435,0.22760157479726167,-1.480158657609515
GNB,Guinea-Bissau,Africa,2005,1069852,3928,0.3671535875990324,-1.0019750236518485,2527,0.2362008950770761,-1.443072585738011
GNB,Guinea-Bissau,Africa,2006,1069852,2018,0.18862422092027684,-1.6679984922126507,1382,0.12917674594242942,-2.0465736887985897
GNB,Guinea-Bissau,Africa,2007,1069852,6044,0.5649379540347637,-0.5710393697335749,4500,0.42061892673005236,-0.866028017367794
GNB,Guinea-Bissau,Africa,2008,1069852,3249,0.3036868650990978,-1.1917581574571048,2028,0.1895589296463436,-1.6630553284151313
GNB,Guinea-Bissau,Africa,2009,1069852,7964,0.744402029439586,-0.2951740279421182,5552,0.518950284712278,-0.6559471909395646
GNB,Guinea-Bissau,Africa,2010,1069852,4900,0.4580072757727237,-0.780870209027487,3459,0.3233157483465003,-1.1291258841890364
GNB,Guinea-Bissau,Africa,2011,1069852,4284,0.4004292182470099,-0.9152182615585657,3014,0.2817212100365284,-1.2668373139397644
GNB,Guinea-Bissau,Africa,2012,1069852,3511,0.3281762337220475,-1.1142045169577728,2414,0.22563868647252144,-1.4888202914687283
GNB,Guinea-Bissau,Africa,2013,1069852,20704,1.9352209464486676,0.660221504174422,13937,1.3027035515192755,0.2644417599933045
GNB,Guinea-Bissau,Africa,2014,1069852,12859,1.2019419508492764,0.18393854114423389,7982,0.7460845051465063,-0.29291640751752585
GNB,Guinea-Bissau,Africa,2015,1069852,12661,1.1834347180731541,0.1684209883940482,7961,0.744121616821766,-0.29555079403762685
GNB,Guinea-Bissau,Africa,2016,1069852,16120,1.5067504664196543,0.40995532293441417,9777,0.9138647214754938,-0.09007272562053384
GNB,Guinea-Bissau,Africa,2017,1069852,16437,1.5363807330359713,0.42942947708032037,10385,0.9706950120203542,-0.029742956815992358
GNB,Guinea-Bissau,Africa,2018,1069852,14394,1.3454197403005275,0.29670603894154446,9068,0.8475938727973589,-0.16535368149878546
GNB,Guinea-Bissau,Africa,2019,1069852,15623,1.4602954427341353,0.3786387732856981,9531,0.890870886814251,-0.11555577018857918
GNB,Guinea-Bissau,Africa,2020,1069852,17108,1.5990996885550526,0.46944077622059427,9879,0.923398750481375,-0.0796941220817311
GNB,Guinea-Bissau,Africa,2021,1069852,13685,1.2791488916223925,0.24619492834857432,7574,0.7079483891229815,-0.3453840846644649
GNB,Guinea-Bissau,Africa,2022,1069852,9780,0.9141451340933139,-0.089765930097342,5686,0.5314753816415728,-0.63209840091526
GNB,Guinea-Bissau,Africa,2023,1069852,11479,1.0729521466520602,0.07041386493929158,6107,0.5708266190089845,-0.5606697599030702
GNB,Guinea-Bissau,Africa,2024,1069852,9301,0.8693725861147149,-0.13998349288373813,5346,0.49969528495530224,-0.6937567964273407
GNB,Guinea-Bissau,Africa,2025,1069852,8132,0.760105136037508,-0.27429851837796787,4559,0.4261337082138464,-0.8530021129127637
GNQ,Equatorial Guinea,Africa,2001,2654600,3585,0.13504859489188578,-2.002120603152427,271,0.010208694341897084,-4.584515535306447
GNQ,Equatorial Guinea,Africa,2002,2654600,2986,0.11248399005499887,-2.1849443780870117,207,0.00779778497702102,-4.853915562920778
GNQ,Equatorial Guinea,Africa,2003,2654600,1961,0.07387176975815565,-2.605424529989801,131,0.004934830106230694,-5.311437032984996
GNQ,Equatorial Guinea,Africa,2004,2654600,421,0.01585926316582536,-4.144001522503766,25,0.0009417614706547125,-6.967758531317947
GNQ,Equatorial Guinea,Africa,2005,2654600,1608,0.06057409779251111,-2.803887906447236,275,0.010359376177201838,-4.569863258519576
GNQ,Equatorial Guinea,Africa,2006,2654600,1256,0.04731409628569276,-3.0509470091580035,115,0.004332102765011678,-5.441702227822898
GNQ,Equatorial Guinea,Africa,2007,2654600,3142,0.11836058163188427,-2.1340195373705813,288,0.010849092141942289,-4.523673876050202
GNQ,Equatorial Guinea,Africa,2008,2654600,4821,0.18160928200105478,-1.7058977017805252,659,0.024824832366458223,-3.6959108216836403
GNQ,Equatorial Guinea,Africa,2009,2654600,5685,0.21415655842688164,-1.5410479500015113,1019,0.038386197543886086,-3.260057322963423
GNQ,Equatorial Guinea,Africa,2010,2654600,6593,0.2483613350410608,-1.3928705970728479,839,0.03160551495517215,-3.4544236497189416
GNQ,Equatorial Guinea,Africa,2011,2654600,7706,0.2902885557146086,-1.2368798310000446,1104,0.04158818654411211,-3.179939129349107
GNQ,Equatorial Guinea,Africa,2012,2654600,4953,0.18658178256611166,-1.67888562359791,612,0.023054320801627365,-3.7699020736738214
GNQ,Equatorial Guinea,Africa,2013,2654600,7290,0.2746176448429142,-1.2923755311834437,1312,0.04942364197995932,-3.0073263866821134
GNQ,Equatorial Guinea,Africa,2014,2654600,19212,0.7237248549687335,-0.3233439934014326,2233,0.08411813455887893,-2.4755331043459896
GNQ,Equatorial Guinea,Africa,2015,2654600,7469,0.28136065697280194,-1.268117955829081,679,0.025578241542981994,-3.6660132286274516
GNQ,Equatorial Guinea,Africa,2016,2654600,9545,0.3595645294959693,-1.0228616200262994,765,0.028817901002034206,-3.5467585223596116
GNQ,Equatorial Guinea,Africa,2017,2654600,11938,0.44970993746703836,-0.7991524874575524,1142,0.043019663979507274,-3.146097965970192
GNQ,Equatorial Guinea,Africa,2018,2654600,7824,0.29473366985609883,-1.2216831444714944,683,0.025728923378286746,-3.6601394966153578
GNQ,Equatorial Guinea,Africa,2019,2654600,9526,0.3588487907782717,-1.024854174825342,1031,0.038838243049800346,-3.2483498721691877
GNQ,Equatorial Guinea,Africa,2020,2654600,4871,0.1834928049423642,-1.695579822379605,603,0.022715286672191668,-3.784717159458962
GNQ,Equatorial Guinea,Africa,2021,2654600,8906,0.3354931063060348,-1.0921538703045,976,0.036766367814359976,-3.3031717697730554
GNQ,Equatorial Guinea,Africa,2022,2654600,7761,0.292360430950049,-1.2297678853320086,783,0.0294959692609056,-3.5235016601953446
GNQ,Equatorial Guinea,Africa,2023,2654600,8525,0.321140661493257,-1.1358760540344301,1049,0.03951631130867174,-3.2310417477898503
GNQ,Equatorial Guinea,Africa,2024,2654600,7745,0.29175770360882997,-1.2318316033351786,954,0.035937617720183834,-3.325970684737861
GNQ,Equatorial Guinea,Africa,2025,2654600,5019,0.1890680328486401,-1.6656483665312138,705,0.026557673472462896,-3.628436553373879
GTM,Guatemala,Latin America & Caribbean,2001,7691096,53315,0.693204193524564,-0.3664306716428793,48249,0.6273358179380416,-0.4662732869314021
GTM,Guatemala,Latin America & Caribbean,2002,7691096,55609,0.7230308918260805,-0.3243033304525046,50415,0.6554982540849834,-0.42235963926784353
GTM,Guatemala,Latin America & Caribbean,2003,7691096,98213,1.2769701483377662,0.24449020037761335,93941,1.2214253989288393,0.20001853652178062
GTM,Guatemala,Latin America & Caribbean,2004,7691096,56440,0.7338355937827327,-0.3094702621284089,51204,0.6657568700221659,-0.4068307351191589
GTM,Guatemala,Latin America & Caribbean,2005,7691096,100814,1.3107884754006451,0.27062884576896623,95840,1.2461162882377232,0.22003174525411712
GTM,Guatemala,Latin America & Caribbean,2006,7691096,52521,0.6828805673469684,-0.3814352994941172,47464,0.6171292101931897,-0.48267686015667993
GTM,Guatemala,Latin America & Caribbean,2007,7691096,126476,1.644447033296685,0.49740417773464896,117514,1.5279226783802984,0.423909086309691
GTM,Guatemala,Latin America & Caribbean,2008,7691096,77147,1.0030690034294203,0.0030643036516961484,69184,0.8995336945475652,-0.10587876709627903
GTM,Guatemala,Latin America & Caribbean,2009,7691096,86980,1.1309181422257635,0.12302981805647027,77005,1.001222712601689,0.001221965697406739
GTM,Guatemala,Latin America & Caribbean,2010,7691096,59533,0.7740509285022577,-0.2561176084585516,51880,0.6745462545260129,-0.39371502966477906
GTM,Guatemala,Latin America & Caribbean,2011,7691096,40534,0.5270250169806748,-0.6405072610159006,34581,0.44962382474487383,-0.7993439908260369
GTM,Guatemala,Latin America & Caribbean,2012,7691096,84027,1.0925230942378044,0.08848978665462374,70612,0.9181006192095379,-0.08544828738598553
GTM,Guatemala,Latin America & Caribbean,2013,7691096,55177,0.7174140070543912,-0.33210218932631497,46097,0.5993554104642563,-0.5119005171498578
GTM,Guatemala,Latin America & Caribbean,2014,7691096,61883,0.8046057414964005,-0.21740288365248522,53377,0.694010320505686,-0.3652684475402484
GTM,Guatemala,Latin America & Caribbean,2015,7691096,54234,0.7051530757124862,-0.3493403710686933,47021,0.6113693028925916,-0.49205407868152456
GTM,Guatemala,Latin America & Caribbean,2016,7691096,178532,2.321281648285238,0.8421194677481025,125421,1.6307298725695272,0.4890276891800811
GTM,Guatemala,Latin America & Caribbean,2017,7691096,79801,1.0375764390406776,0.036887646592545266,61175,0.7954002914539098,-0.22890977978428684
GTM,Guatemala,Latin America & Caribbean,2018,7691096,71129,0.9248226780682494,-0.07815325923206402,53798,0.6994841827484666,-0.35741209735747004
GTM,Guatemala,Latin America & Caribbean,2019,7691096,90261,1.1735778619848198,0.1600570843292685,66773,0.8681857566203829,-0.14134958189463775
GTM,Guatemala,Latin America & Caribbean,2020,7691096,98561,1.281494861070516,0.24802725672461232,61643,0.8014852499565731,-0.22128871015043514
GTM,Guatemala,Latin America & Caribbean,2021,7691096,49898,0.6487761952262721,-0.4326674673191009,37279,0.4847033504717663,-0.7242182236897373
GTM,Guatemala,Latin America & Caribbean,2022,7691096,46373,0.6029439757350578,-0.5059309958000413,36127,0.469724991080595,-0.7556078808911187
GTM,Guatemala,Latin America & Caribbean,2023,7691096,71098,0.9244196145776883,-0.0785891820946838,53614,0.6970918059012655,-0.3608381611116372
GTM,Guatemala,Latin America & Caribbean,2024,7691096,141998,1.846264823635019,0.6131645838820088,67038,0.8716312993622756,-0.13738876631976624
GTM,Guatemala,Latin America & Caribbean,2025,7691096,52384,0.6810992867596504,-0.38404718792429776,35783,0.4652522865401758,-0.7651754688234372
GUY,Guyana,Latin America & Caribbean,2001,18996037,10040,0.05285312931323518,-2.9402383571939206,1766,0.009296675932985391,-4.678098369275736
GUY,Guyana,Latin America & Caribbean,2002,18996037,4827,0.025410563266432887,-3.672590314779148,860,0.004527260080615762,-5.3976383611920875
GUY,Guyana,Latin America & Caribbean,2003,18996037,7419,0.03905551457917249,-3.242771194250115,1544,0.008128011121477602,-4.812439019854919
GUY,Guyana,Latin America & Caribbean,2004,18996037,4062,0.021383407497047938,-3.845140008299311,819,0.0043114255884003595,-5.446486666586572
GUY,Guyana,Latin America & Caribbean,2005,18996037,5832,0.030701140453664098,-3.4834554767511468,1158,0.006096008341108201,-5.100121092306701
GUY,Guyana,Latin America & Caribbean,2006,18996037,5934,0.03123809455624876,-3.4661169495888737,1305,0.006869853959539035,-4.980612430682847
GUY,Guyana,Latin America & Caribbean,2007,18996037,5250,0.02763734351538692,-3.5885873948539717,1284,0.006759304585477487,-4.996835266189734
GUY,Guyana,Latin America & Caribbean,2008,18996037,9460,0.049799860886773385,-2.999743088393717,1732,0.009117691232123836,-4.69753866131726
GUY,Guyana,Latin America & Caribbean,2009,18996037,8267,0.043519603588895936,-3.1345437851869655,1884,0.009917858130093134,-4.613418295303332
GUY,Guyana,Latin America & Caribbean,2010,18996037,10099,0.05316372041178905,-2.934379062413084,2305,0.012134109867231782,-4.411734795008892
GUY,Guyana,Latin America & Caribbean,2011,18996037,8363,0.04402497215603444,-3.122998257058115,1219,0.006417127951477458,-5.0487846209583696
GUY,Guyana,Latin America & Caribbean,2012,18996037,13112,0.06902492346166729,-2.673287630015975,2014,0.010602211398093192,-4.546692677161134
GUY,Guyana,Latin America & Caribbean,2013,18996037,7117,0.037465709295049276,-3.28432918314037,1440,0.007580528507077555,-4.882172357869595
GUY,Guyana,Latin America & Caribbean,2014,18996037,12154,0.06398176630209765,-2.7491571377443402,2558,0.013465966611878046,-4.307589768300853
GUY,Guyana,Latin America & Caribbean,2015,18996037,13084,0.0688775242962519,-2.6754253617813664,2140,0.011265507642462478,-4.486009642423744
GUY,Guyana,Latin America & Caribbean,2016,18996037,26512,0.1395659526247501,-1.9692180107732966,4514,0.023762851167325058,-3.73963179306216
GUY,Guyana,Latin America & Caribbean,2017,18996037,19434,0.10230554931010084,-2.2797913620402563,3217,0.016935111255047566,-4.078366223200614
GUY,Guyana,Latin America & Caribbean,2018,18996037,11761,0.06191291373037439,-2.7820264985886043,2194,0.011549777461477886,-4.461089109604465
GUY,Guyana,Latin America & Caribbean,2019,18996037,22324,0.11751924888333287,-2.1411531385313167,3802,0.02001470096104782,-3.9112882273912666
GUY,Guyana,Latin America & Caribbean,2020,18996037,15770,0.08301731566431461,-2.4887060704825568,2545,0.01339753128507804,-4.312684821455018
GUY,Guyana,Latin America & Caribbean,2021,18996037,9537,0.050205208591665725,-2.9916365008607286,1312,0.006906703750892884,-4.975262780935607
GUY,Guyana,Latin America & Caribbean,2022,18996037,10564,0.055611599408866175,-2.889363477022618,1694,0.008917649507631513,-4.7197228752276414
GUY,Guyana,Latin America & Caribbean,2023,18996037,27882,0.14677798321828917,-1.9188341521266075,5035,0.02650552849523298,-3.630401945286978
GUY,Guyana,Latin America & Caribbean,2024,18996037,107335,0.565038907852201,-0.570860686751452,9042,0.047599401917357814,-3.0449350825850905
GUY,Guyana,Latin America & Caribbean,2025,18996037,19296,0.10157908199483924,-2.286917650912729,2971,0.01564010430175515,-4.157916874977033
HND,Honduras,Latin America & Caribbean,2001,7740496,42380,0.5475101337175292,-0.6023743083896592,39516,0.5105099208112762,-0.6723452080475846
HND,Honduras,Latin America & Caribbean,2002,7740496,31528,0.4073123996188358,-0.8981748213371097,29518,0.3813450714269473,-0.9640506144702281
HND,Honduras,Latin America & Caribbean,2003,7740496,33625,0.43440368679216423,-0.833781023307809,31786,0.4106455193568991,-0.8900249199551844
HND,Honduras,Latin America & Caribbean,2004,7740496,26456,0.341786882907762,-1.0735678855503206,24687,0.3189330502851497,-1.1427740719381267
HND,Honduras,Latin America & Caribbean,2005,7740496,40472,0.5228605505383634,-0.6484404842401772,37392,0.4830698187816388,-0.7275940834333101
HND,Honduras,Latin America & Caribbean,2006,7740496,41631,0.5378337512221439,-0.620205779172829,38318,0.49503287644616056,-0.7031311015560116
HND,Honduras,Latin America & Caribbean,2007,7740496,42413,0.5479364629863512,-0.601595942211647,39485,0.5101094296799585,-0.6731300082802678
HND,Honduras,Latin America & Caribbean,2008,7740496,43299,0.5593827579007857,-0.5809213211762762,40699,0.525793179145109,-0.642847339107681
HND,Honduras,Latin America & Caribbean,2009,7740496,51515,0.6655258267687238,-0.4071778338327809,48643,0.6284222613124534,-0.4645429478423086
HND,Honduras,Latin America & Caribbean,2010,7740496,46085,0.5953752834443684,-0.5185633437841847,43572,0.5629096636701317,-0.5746361190096132
HND,Honduras,Latin America & Caribbean,2011,7740496,52571,0.6791683633710295,-0.38688622432333675,49721,0.642349017427307,-0.442623482158826
HND,Honduras,Latin America & Caribbean,2012,7740496,32306,0.4173634351080344,-0.8737978897382459,30131,0.3892644605720357,-0.9434963191262479
HND,Honduras,Latin America & Caribbean,2013,7740496,43632,0.5636848077952628,-0.5732600351265795,40358,0.5213877767006145,-0.6512612209861198
HND,Honduras,Latin America & Caribbean,2014,7740496,57483,0.7426268290817539,-0.2975616093141408,52853,0.6828115407591452,-0.3815363860969794
HND,Honduras,Latin America & Caribbean,2015,7740496,50243,0.6490927713159467,-0.4321796274768455,44159,0.5704931570276633,-0.5612541044449089
HND,Honduras,Latin America & Caribbean,2016,7740496,188442,2.4344951537989297,0.8897394060035704,153952,1.9889164725361268,0.6875900042872309
HND,Honduras,Latin America & Caribbean,2017,7740496,113473,1.465965488516498,0.3825140619298553,98125,1.2676836213079885,0.23719131487276024
HND,Honduras,Latin America & Caribbean,2018,7740496,76255,0.9851435876977392,-0.014967874121665163,69534,0.8983145266143151,-0.10723501964950335
HND,Honduras,Latin America & Caribbean,2019,7740496,81416,1.0518189015277575,0.05052095265981826,73173,0.9453270178035103,-0.056224360764363386
HND,Honduras,Latin America & Caribbean,2020,7740496,93649,1.209857869573216,0.1905028895466808,82013,1.059531585572811,0.057826910054210395
HND,Honduras,Latin America & Caribbean,2021,7740496,69498,0.8978494401392365,-0.1077528860515483,62074,0.8019382737230276,-0.22072363951024734
HND,Honduras,Latin America & Caribbean,2022,7740496,57343,0.7408181594564482,-0.30000008264547284,53277,0.6882892259100709,-0.37354614288924437
HND,Honduras,Latin America & Caribbean,2023,7740496,84448,1.0909895179843772,0.08708509909110125,72876,0.9414900543841118,-0.06029149452637364
HND,Honduras,Latin America & Caribbean,2024,7740496,74953,0.9683229601823966,-0.03218961079779556,62313,0.8050259311547994,-0.2168807894677312
HND,Honduras,Latin America & Caribbean,2025,7740496,34244,0.4424005903497657,-0.8155394943495731,29715,0.3838901279711274,-0.9573988924111884
IDN,Indonesia,Asia-Pacific,2001,160640822,744084,0.46319733099971316,-0.7696021148303818,537405,0.3345382532965375,-1.0950040463215136
IDN,Indonesia,Asia-Pacific,2002,160640822,855270,0.5324113692595522,-0.6303388379567473,580615,0.361436771034451,-1.017668159916639
IDN,Indonesia,Asia-Pacific,2003,160640822,544812,0.3391491609772764,-1.0813152654917482,323105,0.20113505146282182,-1.603778698720363
IDN,Indonesia,Asia-Pacific,2004,160640822,1289035,0.8024330204186829,-0.22010689111398218,932476,0.5804726273126267,-0.5439126325948446
IDN,Indonesia,Asia-Pacific,2005,160640822,1182436,0.7360744207347246,-0.30642405023634894,877321,0.5461382661500574,-0.6048831005886635
IDN,Indonesia,Asia-Pacific,2006,160640822,1433147,0.8921437167446765,-0.11412804195337892,1112770,0.6927068637634337,-0.3671483652926445
IDN,Indonesia,Asia-Pacific,2007,160640822,1387621,0.8638034733163903,-0.14640999749072123,951935,0.592585986642922,-0.5232592913667513
IDN,Indonesia,Asia-Pacific,2008,160640822,1396246,0.8691725942488019,-0.14021356095335638,1074327,0.66877583582086,-0.4023063485150009
IDN,Indonesia,Asia-Pacific,2009,160640822,1944957,1.2107489091409156,0.19123910132281963,1555072,0.968042855258796,-0.032478920723968324
IDN,Indonesia,Asia-Pacific,2010,160640822,1279328,0.7963903471559676,-0.22766582746328118,963619,0.5998593557993621,-0.5110600582446689
IDN,Indonesia,Asia-Pacific,2011,160640822,1543628,0.9609188877283011,-0.039865277602888,1174787,0.7313128664144908,-0.31291391296626403
IDN,Indonesia,Asia-Pacific,2012,160640822,2260258,1.407025917733414,0.3414781985265002,1753540,1.0915905298343158,0.08763583432368102
IDN,Indonesia,Asia-Pacific,2013,160640822,1139300,0.7092219684981442,-0.3435867288121206,882736,0.5495091403354497,-0.5987298713633367
IDN,Indonesia,Asia-Pacific,2014,160640822,1894359,1.179251311350984,0.164879755202802,1374555,0.8556697997972147,-0.15587072516070524
IDN,Indonesia,Asia-Pacific,2015,160640822,1746464,1.0871856718960264,0.08359240486437312,1092211,0.6799087469808889,-0.38579668543336193
IDN,Indonesia,Asia-Pacific,2016,160640822,2422066,1.5077524939457791,0.4106201274320077,1269610,0.7903408263187298,-0.23529100083847646
IDN,Indonesia,Asia-Pacific,2017,160640822,1300718,0.8097057670683483,-0.2110843478400122,941201,0.5859039989225154,-0.5345993271901095
IDN,Indonesia,Asia-Pacific,2018,160640822,1218733,0.7586695491386367,-0.27618897301936673,876812,0.5458214102016983,-0.6054634442847069
IDN,Indonesia,Asia-Pacific,2019,160640822,1176883,0.7326176406144137,-0.3111313494645745,800768,0.4984835050209093,-0.6961847793535635
IDN,Indonesia,Asia-Pacific,2020,160640822,961585,0.5985931770194751,-0.5131730818585771,655169,0.40784714112082915,-0.8968628288939778
IDN,Indonesia,Asia-Pacific,2021,160640822,841390,0.5237709752257119,-0.6467007603840454,616740,0.3839248282731023,-0.957308505263305
IDN,Indonesia,Asia-Pacific,2022,160640822,885237,0.5510660297791554,-0.5959006407492033,654852,0.40764980647322635,-0.8973467906109078
IDN,Indonesia,Asia-Pacific,2023,160640822,1395285,0.8685743652382456,-0.14090207205207847,1032209,0.6425570954809979,-0.44229960159911896
IDN,Indonesia,Asia-Pacific,2024,160640822,1120264,0.6973719295335777,-0.36043639571758357,826912,0.5147583221405577,-0.6640577658604743
IDN,Indonesia,Asia-Pacific,2025,160640822,1161831,0.7232476686405402,-0.32400355858004715,824617,0.5133296690924553,-0.6668370103996292
IND,India,Asia-Pacific,2001,38830350,62361,0.1605986039270828,-1.8288471703647757,17875,0.0460335794037396,-3.078384161766168
IND,India,Asia-Pacific,2002,38830350,53005,0.13650404902350868,-1.991401001621178,16274,0.041910515872249414,-3.1722185080717735
IND,India,Asia-Pacific,2003,38830350,47750,0.1229708205050946,-2.0958081834195,14426,0.03715135197081664,-3.2927551162647584
IND,India,Asia-Pacific,2004,38830350,74130,0.1909073701370191,-1.6559669416776108,25990,0.06693218062675202,-2.7040754016928403
IND,India,Asia-Pacific,2005,38830350,62505,0.1609694478674542,-1.8265406968037126,20709,0.05333199417465977,-2.931218861956791
IND,India,Asia-Pacific,2006,38830350,67410,0.1736013195863545,-1.7509938754808916,25857,0.06658966504293677,-2.7092058930128675
IND,India,Asia-Pacific,2007,38830350,73907,0.19033307709047176,-1.6589797042798795,32330,0.08325961522365881,-2.4857916586088975
IND,India,Asia-Pacific,2008,38830350,85953,0.22135520282459467,-1.5079866151125503,37551,0.09670528336726297,-2.336087241332243
IND,India,Asia-Pacific,2009,38830350,79203,0.20397189311968603,-1.5897730734553635,34733,0.0894480734786063,-2.414097006670116
IND,India,Asia-Pacific,2010,38830350,51317,0.13215693394471079,-2.0237651690494762,20262,0.052180832776423595,-2.9530400397147534
IND,India,Asia-Pacific,2011,38830350,88460,0.22781149281425483,-1.4792367779060585,46853,0.12066077179319784,-2.114772209560359
IND,India,Asia-Pacific,2012,38830350,95068,0.24482910918907505,-1.407194825327119,36488,0.09396773400188255,-2.36480381093684
IND,India,Asia-Pacific,2013,38830350,80866,0.20825462556994723,-1.5689937865614645,14715,0.03789561515670088,-3.272919868660803
IND,India,Asia-Pacific,2014,38830350,139138,0.3583228067735676,-1.0263210039658377,27677,0.07127672040040844,-2.64118550697336
IND,India,Asia-Pacific,2015,38830350,116309,0.29953116569899574,-1.2055368077452606,16133,0.04154739784730243,-3.1809203866622324
IND,India,Asia-Pacific,2016,38830350,175362,0.4516106602181026,-0.7949348415421372,29344,0.07556975407123552,-2.5826991542721847
IND,India,Asia-Pacific,2017,38830350,189421,0.4878168752020005,-0.7178151992886472,30922,0.07963358558447194,-2.5303193456658364
IND,India,Asia-Pacific,2018,38830350,132233,0.3405403247717314,-1.0772217322938133,24593,0.06333447934412129,-2.759325400746293
IND,India,Asia-Pacific,2019,38830350,121155,0.31201109441454944,-1.16471653278387,22928,0.05904659628357715,-2.829428379260423
IND,India,Asia-Pacific,2020,38830350,137715,0.3546581475572587,-1.036600918082466,26204,0.06748329592702615,-2.695875179476609
IND,India,Asia-Pacific,2021,38830350,132747,0.3418640316144459,-1.0733421893496058,25899,0.06669782785887843,-2.707582892424744
IND,India,Asia-Pacific,2022,38830350,122628,0.3158045188879317,-1.152631867928167,28664,0.07381854657503731,-2.6061452703435863
IND,India,Asia-Pacific,2023,38830350,143592,0.3697932158736658,-0.9948113055903989,41928,0.10797739397146819,-2.225833388846374
IND,India,Asia-Pacific,2024,38830350,133677,0.3442590653960111,-1.0663608079626241,36565,0.09416603249777558,-2.362695751623325
IND,India,Asia-Pacific,2025,38830350,128635,0.3312743768727297,-1.1048083138301734,39770,0.10241988547618036,-2.27867439112664
KEN,Kenya,Africa,2001,3319472,19027,0.5731935681337272,-0.5565318040720124,14526,0.43759971465341474,-0.8264506799462995
KEN,Kenya,Africa,2002,3319472,20287,0.611151412031793,-0.49241054031108356,14368,0.4328399215296891,-0.8373873155704321
KEN,Kenya,Africa,2003,3319472,13553,0.4082878240876862,-0.8957829020963971,9643,0.2904980069119426,-1.2361585636020287
KEN,Kenya,Africa,2004,3319472,16988,0.5117681366193177,-0.6698836146792513,14033,0.42274795509647317,-0.8609791283612773
KEN,Kenya,Africa,2005,3319472,12745,0.3839466035562282,-0.9572517893021971,10272,0.3094468035880405,-1.1729690801826707
KEN,Kenya,Africa,2006,3319472,20656,0.622267637744798,-0.47438499302598924,16490,0.49676575069770135,-0.6996366905587683
KEN,Kenya,Africa,2007,3319472,26103,0.7863599994215947,-0.24034057687827892,20028,0.603348966341635,-0.5052595326625776
KEN,Kenya,Africa,2008,3319472,19224,0.5791282469019169,-0.5462313286961082,14749,0.44431765051791366,-0.8112155432529107
KEN,Kenya,Africa,2009,3319472,17696,0.5330968298572785,-0.6290522017903517,14791,0.44558291198118255,-0.808371939441043
KEN,Kenya,Africa,2010,3319472,22692,0.6836026934404026,-0.38037838766595516,18698,0.5632823533381213,-0.573974260861152
KEN,Kenya,Africa,2011,3319472,17300,0.5211672217750293,-0.6516843256265427,12865,0.38756163630842494,-0.9478803813965685
KEN,Kenya,Africa,2012,3319472,17899,0.539212260263078,-0.617645981765913,12441,0.3747885205839965,-0.981393357197922
KEN,Kenya,Africa,2013,3319472,13564,0.40861920208997093,-0.8949716028668837,8337,0.25115440045886817,-1.3816873877017994
KEN,Kenya,Africa,2014,3319472,15357,0.46263381646237717,-0.77081943098672,9556,0.2878771081666,-1.2452215976667127
KEN,Kenya,Africa,2015,3319472,15615,0.47040613687960015,-0.754158836395234,8923,0.2688078103987622,-1.3137586142122615
KEN,Kenya,Africa,2016,3319472,19049,0.5738563241382967,-0.5553762203737149,11226,0.3381863139680045,-1.0841583106102683
KEN,Kenya,Africa,2017,3319472,22163,0.667666424057802,-0.4039665953527392,14173,0.4269654933073694,-0.8510520809455075
KEN,Kenya,Africa,2018,3319472,15908,0.4792328418495472,-0.7355686997848317,10856,0.3270399629820646,-1.1176729045977079
KEN,Kenya,Africa,2019,3319472,15950,0.480498103312816,-0.7329319978994224,11318,0.3409578390780221,-1.0759964484099438
KEN,Kenya,Africa,2020,3319472,19045,0.5737358230465568,-0.5555862271997086,12831,0.3865373770286359,-0.9505267092173947
KEN,Kenya,Africa,2021,3319472,7564,0.22786756448013418,-1.478990676334065,6054,0.18237840234832528,-1.701671616530749
KEN,Kenya,Africa,2022,3319472,6639,0.20000168701528437,-1.6094294773932536,4940,0.1488188482987656,-1.9050254959304447
KEN,Kenya,Africa,2023,3319472,11257,0.3391201974289887,-1.081400669757609,7977,0.24030930220227795,-1.4258284262012835
KEN,Kenya,Africa,2024,3319472,14102,0.4248265989289863,-0.8560741958334271,9479,0.28555746215060707,-1.2533120016593715
KEN,Kenya,Africa,2025,3319472,10418,0.31384509343654654,-1.158855747807276,6535,0.19686865863004718,-1.6252184800540908
KHM,Cambodia,Asia-Pacific,2001,8828152,28491,0.3227289244679974,-1.1309425512542923,25183,0.2852578886272008,-1.2543616354875513
KHM,Cambodia,Asia-Pacific,2002,8828152,54916,0.6220554426339737,-0.47472605414785896,52415,0.5937256177736858,-0.5213379892786815
KHM,Cambodia,Asia-Pacific,2003,8828152,56855,0.6440192692649606,-0.4400266321065313,53364,0.6044753194099965,-0.5033944378666578
KHM,Cambodia,Asia-Pacific,2004,8828152,79295,0.8982061024776193,-0.1073557242326533,75162,0.8513899624745926,-0.16088501509310763
KHM,Cambodia,Asia-Pacific,2005,8828152,64684,0.7327014759147781,-0.31101692346752013,60711,0.6876977197492748,-0.37440589842558547
KHM,Cambodia,Asia-Pacific,2006,8828152,80560,0.9125352621930388,-0.09152855077291064,73794,0.8358940806637675,-0.17925337169488903
KHM,Cambodia,Asia-Pacific,2007,8828152,77702,0.8801615558952769,-0.12764980211514443,72297,0.818936964383939,-0.1997481646553226
KHM,Cambodia,Asia-Pacific,2008,8828152,83510,0.9459510891973768,-0.0555644140180794,80748,0.9146648132021288,-0.08919760518903629
KHM,Cambodia,Asia-Pacific,2009,8828152,121050,1.3711816470763076,0.31567288420084993,113327,1.2837001447188494,0.24974664584446185
KHM,Cambodia,Asia-Pacific,2010,8828152,237975,2.6956377733414647,0.9916348269541514,228306,2.586113152560128,0.950156035216123
KHM,Cambodia,Asia-Pacific,2011,8828152,192185,2.176956173840233,0.7779276506029318,187275,2.121338644826233,0.7520473256507291
KHM,Cambodia,Asia-Pacific,2012,8828152,195569,2.215288092003853,0.7953824591495876,188330,2.1332890507549034,0.7576649440234384
KHM,Cambodia,Asia-Pacific,2013,8828152,190116,2.1535197853412584,0.7671036129976887,186251,2.1097393882660835,0.7465644271895545
KHM,Cambodia,Asia-Pacific,2014,8828152,161842,1.833248906452902,0.6060897514842447,157510,1.7841786140519555,0.5789581491304265
KHM,Cambodia,Asia-Pacific,2015,8828152,132857,1.5049242468865511,0.40874256263937553,128986,1.461075885417469,0.3791730721571764
KHM,Cambodia,Asia-Pacific,2016,8828152,182886,2.071622690683169,0.7283322087240494,170716,1.9337682450415443,0.6594705579176654
KHM,Cambodia,Asia-Pacific,2017,8828152,118468,1.3419343028982735,0.2941120827299168,109938,1.2453115895603066,0.21938577134287549
KHM,Cambodia,Asia-Pacific,2018,8828152,113205,1.2823182020427377,0.24866953522172383,109455,1.2398404558507827,0.21498270670247555
KHM,Cambodia,Asia-Pacific,2019,8828152,143345,1.623726007436211,0.48472351287269655,136691,1.5483534945932058,0.4371921047787111
KHM,Cambodia,Asia-Pacific,2020,8828152,143529,1.6258102488493629,0.4860063061912398,136746,1.5489765015373547,0.43759439123403177
KHM,Cambodia,Asia-Pacific,2021,8828152,144263,1.6341245597040015,0.49110722346146723,138069,1.5639626503938764,0.4472227610156383
KHM,Cambodia,Asia-Pacific,2022,8828152,103880,1.1766902065120763,0.16270558761133017,97822,1.108068823463846,0.10261870143560513
KHM,Cambodia,Asia-Pacific,2023,8828152,120846,1.3688708576834654,0.31398620853558173,113561,1.2863507560812275,0.25180933830035773
KHM,Cambodia,Asia-Pacific,2024,8828152,93478,1.0588626022750853,0.057195315307772776,85743,0.9712451711298129,-0.02917634912235579
KHM,Cambodia,Asia-Pacific,2025,8828152,59084,0.6692680416014586,-0.40157063900486417,50290,0.569654894931578,-0.5627245489993442
LAO,Laos,Asia-Pacific,2001,19118849,36460,0.19070185658142913,-1.657044030809997,16840,0.08808061615006217,-2.429502791246333
LAO,Laos,Asia-Pacific,2002,19118849,55887,0.2923136220177271,-1.2299280050848327,24862,0.13003920895028775,-2.03991926669099
LAO,Laos,Asia-Pacific,2003,19118849,87073,0.4554301359877888,-0.786512952777373,29591,0.1547739615496728,-1.865789539018359
LAO,Laos,Asia-Pacific,2004,19118849,64240,0.336003490586698,-1.0906337304220077,29633,0.15499364004600905,-1.8643711948659563
LAO,Laos,Asia-Pacific,2005,19118849,68320,0.3573436873736489,-1.0290572505801994,26260,0.1373513646140518,-1.9852129311858637
LAO,Laos,Asia-Pacific,2006,19118849,122640,0.641461209301878,-0.4440065654969551,54226,0.28362586053166694,-1.2600993018394289
LAO,Laos,Asia-Pacific,2007,19118849,132976,0.6955230411621537,-0.36309113924984326,65015,0.3400570818881409,-1.0786417875572307
LAO,Laos,Asia-Pacific,2008,19118849,80584,0.4214898083038367,-0.8639596814201339,41739,0.2183133513947414,-1.5218238565326645
LAO,Laos,Asia-Pacific,2009,19118849,145559,0.7613376725764193,-0.2726782973593895,73680,0.38537884785846677,-0.9535284081134625
LAO,Laos,Asia-Pacific,2010,19118849,167098,0.8739961281141977,-0.1346793334117031,69823,0.3652050392782536,-1.007296331675655
LAO,Laos,Asia-Pacific,2011,19118849,130902,0.6846751077954536,-0.3788108484225716,70910,0.3708905279810516,-0.9918483327446085
LAO,Laos,Asia-Pacific,2012,19118849,147533,0.7716625619042234,-0.2592079204906388,67677,0.35398051420354854,-1.0385134119861177
LAO,Laos,Asia-Pacific,2013,19118849,205603,1.075394235291047,0.07268732485373083,60310,0.3154478598580908,-1.1537618725976184
LAO,Laos,Asia-Pacific,2014,19118849,243826,1.2753173582782102,0.24319505609131803,73947,0.3867753754423187,-0.9499111796779252
LAO,Laos,Asia-Pacific,2015,19118849,284935,1.4903355322279077,0.39900128402074053,79043,0.41342969966445153,-0.883267791875605
LAO,Laos,Asia-Pacific,2016,19118849,387635,2.027501760173952,0.7068043751569687,108147,0.5656564367447016,-0.5697683872972265
LAO,Laos,Asia-Pacific,2017,19118849,349044,1.825653835123652,0.6019381886937589,95949,0.501855524880185,-0.6894429997559564
LAO,Laos,Asia-Pacific,2018,19118849,294658,1.5411911041297517,0.4325555617117795,90052,0.47101161790649637,-0.7528725188017865
LAO,Laos,Asia-Pacific,2019,19118849,364695,1.9075154576512425,0.6458015877615924,120558,0.6305714324120663,-0.4611288351300428
LAO,Laos,Asia-Pacific,2020,19118849,357519,1.869981817420076,0.6259287075144514,119050,0.6226839283055167,-0.47371622712764216
LAO,Laos,Asia-Pacific,2021,19118849,317563,1.6609943412388475,0.5074164237854072,115275,0.6029390158371981,-0.5059392219677447
LAO,Laos,Asia-Pacific,2022,19118849,321688,1.6825699078433016,0.5203223316547292,135568,0.7090803426503343,-0.34378644060440555
LAO,Laos,Asia-Pacific,2023,19118849,445461,2.3299572061058695,0.8458499009307758,175628,0.9186117846320142,-0.084891678267863
LAO,Laos,Asia-Pacific,2024,19118849,351226,1.8370666560523596,0.6081700908508831,143672,0.7514678315624544,-0.28572687634407856
LAO,Laos,Asia-Pacific,2025,19118849,230200,1.2040473775382607,0.18568869622726833,87602,0.4581970389535479,-0.7804559713285643
LBR,Liberia,Africa,2001,9384718,29186,0.3109949601042887,-1.1679785723866607,10428,0.11111681778823829,-2.1971732185609594
LBR,Liberia,Africa,2002,9384718,56985,0.6072105736155311,-0.49887963932451607,13859,0.14767625409735274,-1.912732873545549
LBR,Liberia,Africa,2003,9384718,21605,0.2302146958491454,-1.468742945248318,6416,0.06836646556667979,-2.6828728440680014
LBR,Liberia,Africa,2004,9384718,6234,0.06642714250976961,-2.711649533287069,1518,0.016175232969173926,-4.124274035658776
LBR,Liberia,Africa,2005,9384718,11324,0.12066425437610379,-2.1147433473825616,2815,0.02999557365495692,-3.506705453040561
LBR,Liberia,Africa,2006,9384718,36221,0.38595725518870144,-0.9520286535023,9988,0.10642834446384004,-2.240283342214688
LBR,Liberia,Africa,2007,9384718,44282,0.47185221761591556,-0.7510894406934443,11322,0.12064294313372016,-2.1149199790177464
LBR,Liberia,Africa,2008,9384718,36173,0.3854457853714944,-0.953354730443315,9638,0.10269887704670508,-2.2759540964140736
LBR,Liberia,Africa,2009,9384718,75136,0.8006207538681503,-0.222367909866638,18453,0.19662817785254708,-1.6264407557378737
LBR,Liberia,Africa,2010,9384718,20358,0.2169271362229531,-1.5281937596020665,5640,0.06009770352183198,-2.811783649122247
LBR,Liberia,Africa,2011,9384718,34444,0.36702221633084764,-1.002332897798296,11062,0.11787248162384847,-2.1381519030597285
LBR,Liberia,Africa,2012,9384718,72114,0.7684194666264879,-0.26341951443350786,21937,0.2337523620848277,-1.4534930056886641
LBR,Liberia,Africa,2013,9384718,155536,1.6573326976900105,0.5052095014464986,43546,0.46400968041874036,-0.7678498640020873
LBR,Liberia,Africa,2014,9384718,164049,1.7480440008959246,0.5584974490537874,48764,0.5196107117976267,-0.6546753789293148
LBR,Liberia,Africa,2015,9384718,186010,1.9820520978893559,0.6841327210766449,39856,0.424690438220946,-0.85639475611239
LBR,Liberia,Africa,2016,9384718,168586,1.7963885542431857,0.5857782907143686,39094,0.4165708548727836,-0.8756987121013845
LBR,Liberia,Africa,2017,9384718,203293,2.16621319894748,0.772980573535218,42410,0.4519048947448394,-0.7942835311457153
LBR,Liberia,Africa,2018,9384718,204932,2.1836777620808636,0.7810105021620793,48778,0.5197598904943121,-0.6543883230949843
LBR,Liberia,Africa,2019,9384718,171766,1.8302734296331546,0.6044653707920897,36500,0.3889301735012176,-0.9443554540437687
LBR,Liberia,Africa,2020,9384718,220122,2.345536647984521,0.8525142234711829,50586,0.5390252536091121,-0.6179928564636211
LBR,Liberia,Africa,2021,9384718,129838,1.3835045443027696,0.32461980488185577,29082,0.30988677550034,-1.1715482885409207
LBR,Liberia,Africa,2022,9384718,152104,1.6207626057597042,0.4828967827750703,42729,0.45530403790502816,-0.7867898680116557
LBR,Liberia,Africa,2023,9384718,155263,1.6544237131046453,0.5034527385855408,43078,0.4590228497009713,-0.7786552886770512
LBR,Liberia,Africa,2024,9384718,166499,1.7741502728158693,0.5733215887642418,52933,0.5640339965463,-0.5726407517363358
LBR,Liberia,Africa,2025,9384718,145881,1.5544526750830445,0.4411235062340431,44019,0.46904978924246843,-0.7570463557387751
LKA,Sri Lanka,Asia-Pacific,2001,3939917,3760,0.09543348248199138,-2.349325792690346,3253,0.0825651910941271,-2.494167102600935
LKA,Sri Lanka,Asia-Pacific,2002,3939917,3428,0.08700690902879427,-2.441767749356616,2959,0.0751031049638863,-2.588893376674077
LKA,Sri Lanka,Asia-Pacific,2003,3939917,3149,0.07992554157866777,-2.5266598079732616,2822,0.07162587435217543,-2.6362988966615273
LKA,Sri Lanka,Asia-Pacific,2004,3939917,5599,0.14210959266400788,-1.9511567397253933,4842,0.12289598994090485,-2.0964168915762826
LKA,Sri Lanka,Asia-Pacific,2005,3939917,4682,0.11883499068635202,-2.1300193810234305,3767,0.09561115119937806,-2.3474658213822455
LKA,Sri Lanka,Asia-Pacific,2006,3939917,7731,0.19622240773092428,-1.6285065297538117,6295,0.15977493942131268,-1.833989082595839
LKA,Sri Lanka,Asia-Pacific,2007,3939917,10242,0.25995471478206267,-1.3472478370517909,9000,0.22843120806859638,-1.4765201727559298
LKA,Sri Lanka,Asia-Pacific,2008,3939917,6500,0.1649780947162085,-1.8019425731905578,5407,0.1372363935585445,-1.9860503396922815
LKA,Sri Lanka,Asia-Pacific,2009,3939917,13974,0.3546775223945073,-1.0365462899618905,12340,0.31320456750738657,-1.1608987316149075
LKA,Sri Lanka,Asia-Pacific,2010,3939917,7231,0.1835317850604467,-1.6953674108993346,6154,0.156196183828238,-1.8566424731922992
LKA,Sri Lanka,Asia-Pacific,2011,3939917,14737,0.37404341258965607,-0.9833834118610235,13399,0.34008330632345807,-1.0785646727856784
LKA,Sri Lanka,Asia-Pacific,2012,3939917,14428,0.3662006077793009,-1.0045739870508568,12994,0.32980390196037124,-1.1092570376338102
LKA,Sri Lanka,Asia-Pacific,2013,3939917,7953,0.20185704419661632,-1.6001955341171512,7008,0.1778717673494137,-1.726692396458059
LKA,Sri Lanka,Asia-Pacific,2014,3939917,12351,0.3134837612061371,-1.160007718636272,11120,0.28223944819142127,-1.264999461269713
LKA,Sri Lanka,Asia-Pacific,2015,3939917,7403,0.18789735925909098,-1.6718594266311881,6675,0.16941981265087563,-1.7753755458058362
LKA,Sri Lanka,Asia-Pacific,2016,3939917,17490,0.4439179810133056,-0.8121154610616387,15594,0.39579513984685466,-0.9268585252047411
LKA,Sri Lanka,Asia-Pacific,2017,3939917,13066,0.33163135162492,-1.1037313136735907,11030,0.2799551361107353,-1.2731259168267384
LKA,Sri Lanka,Asia-Pacific,2018,3939917,13161,0.33404256993231074,-1.0964868392399627,11334,0.2876710346943857,-1.2459376923447218
LKA,Sri Lanka,Asia-Pacific,2019,3939917,10307,0.26160449572922473,-1.3409214740374937,9128,0.23168000747223863,-1.462398137532375
LKA,Sri Lanka,Asia-Pacific,2020,3939917,11216,0.284676047744153,-1.256403419799915,10325,0.26206135814536197,-1.3391766112450527
LKA,Sri Lanka,Asia-Pacific,2021,3939917,13296,0.3374690380533397,-1.086281511979057,12312,0.31249389263783983,-1.1631703535555713
LKA,Sri Lanka,Asia-Pacific,2022,3939917,8412,0.21350703580811473,-1.544085492251696,7832,0.19878591351036076,-1.61552684486394
LKA,Sri Lanka,Asia-Pacific,2023,3939917,11721,0.29749357664133536,-1.212362645351106,11074,0.28107191090573735,-1.269144731691374
LKA,Sri Lanka,Asia-Pacific,2024,3939917,11775,0.2988641638897469,-1.207766110189668,11054,0.28056428599891825,-1.270952396681078
LKA,Sri Lanka,Asia-Pacific,2025,3939917,15243,0.3868863227321794,-0.9496243688124448,14492,0.36782500748112207,-1.0001479770593185
MDG,Madagascar,Africa,2001,17141084,86957,0.5073016385661491,-0.6786495044400411,16199,0.09450394152435167,-2.359113736099848
MDG,Madagascar,Africa,2002,17141084,89318,0.5210755632490921,-0.6518602127182846,23067,0.1345714191704562,-2.0056602233196954
MDG,Madagascar,Africa,2003,17141084,84248,0.49149750389181923,-0.7102984179595528,23950,0.1397227853267623,-1.9680949241809247
MDG,Madagascar,Africa,2004,17141084,81845,0.47747855386508814,-0.739236033441531,18717,0.1091937942781215,-2.21463104624109
MDG,Madagascar,Africa,2005,17141084,93628,0.5462198306711524,-0.604733763990191,28705,0.16746315460562472,-1.7869919244182488
MDG,Madagascar,Africa,2006,17141084,71034,0.4144078635866903,-0.8809046123802948,33787,0.19711122120397986,-1.623987134916959
MDG,Madagascar,Africa,2007,17141084,188580,1.1001637936083855,0.0954590719996822,58015,0.3384558409491488,-1.0833616502383403
MDG,Madagascar,Africa,2008,17141084,123502,0.7205028573455448,-0.32780589776896,43307,0.2526502991292733,-1.3757489632778779
MDG,Madagascar,Africa,2009,17141084,136537,0.796548222971196,-0.22746760787251225,43474,0.25362456656766863,-1.3719001897871754
MDG,Madagascar,Africa,2010,17141084,107219,0.625508865133617,-0.4691897763001186,39754,0.23192232183215483,-1.4613527830694417
MDG,Madagascar,Africa,2011,17141084,162323,0.9469821161835505,-0.054475070680237145,43428,0.25335620547685317,-1.372958853668243
MDG,Madagascar,Africa,2012,17141084,128468,0.7494741872801043,-0.2883834019523598,35361,0.20629383765927523,-1.5784537301253068
MDG,Madagascar,Africa,2013,17141084,299350,1.7463889681656073,0.5575502093335122,45594,0.2659925124922088,-1.3242871191221461
MDG,Madagascar,Africa,2014,17141084,416682,2.4308964357213347,0.8882600929132848,75859,0.44255660843853284,-0.8151868940416774
MDG,Madagascar,Africa,2015,17141084,301789,1.7606179399155852,0.5656648496528619,51898,0.3027696498074451,-1.1947829942539951
MDG,Madagascar,Africa,2016,17141084,383656,2.238224840389324,0.8056830697180623,53228,0.31052878569406694,-1.169478674356353
MDG,Madagascar,Africa,2017,17141084,510357,2.9773904614200597,1.091047232794796,97310,0.5677003858099056,-0.5661614892039514
MDG,Madagascar,Africa,2018,17141084,366620,2.138837893799482,0.7602626412533697,64586,0.37679063937846635,-0.9760655790023436
MDG,Madagascar,Africa,2019,17141084,254243,1.4832375828739885,0.39422725455507357,50814,0.2964456623630104,-1.215891340870332
MDG,Madagascar,Africa,2020,17141084,241112,1.4066321593196789,0.34119830778958593,37131,0.21661990571891487,-1.5296110478118539
MDG,Madagascar,Africa,2021,17141084,234880,1.3702750654509366,0.3150114973883019,44865,0.2617395725964589,-1.3404052672878277
MDG,Madagascar,Africa,2022,17141084,256380,1.4957047057233954,0.4025974708461397,38912,0.22701014708287995,-1.482760561694147
MDG,Madagascar,Africa,2023,17141084,303191,1.7687971192487009,0.5702997219124988,49296,0.28758974636609913,-1.2462203061835369
MDG,Madagascar,Africa,2024,17141084,231219,1.3489170229840772,0.29930206531458375,39326,0.22942539690021937,-1.4721773703004837
MDG,Madagascar,Africa,2025,17141084,262864,1.5335319516548662,0.42757354012613213,38897,0.22692263803152707,-1.4831461212100339
MEX,México,Latin America & Caribbean,2001,53168926,158267,0.29766822824294026,-1.211775740730598,136916,0.25751131403331334,-1.3566916218501417
MEX,México,Latin America & Caribbean,2002,53168926,158812,0.29869326305368665,-1.2083381082370994,134368,0.25271904119334665,-1.3754769164439586
MEX,México,Latin America & Caribbean,2003,53168926,152535,0.286887495150833,-1.248665143034531,130910,0.2462152423391061,-1.4015491567537337
MEX,México,Latin America & Caribbean,2004,53168926,169830,0.31941589341112514,-1.141261284229063,146924,0.2763343385946897,-1.2861437746638256
MEX,México,Latin America & Caribbean,2005,53168926,206862,0.3890655982029804,-0.944007316668076,181377,0.3411334658142239,-1.07548148292417
MEX,México,Latin America & Caribbean,2006,53168926,179070,0.33679446524836704,-1.0882824300970733,130085,0.24466358413935238,-1.4078711380005786
MEX,México,Latin America & Caribbean,2007,53168926,218643,0.4112232772954639,-0.888618958234553,193776,0.36445347795815924,-1.0093563681670465
MEX,México,Latin America & Caribbean,2008,53168926,184334,0.34669498496170487,-1.0593098914615282,151040,0.28407570241309743,-1.258514518548551
MEX,México,Latin America & Caribbean,2009,53168926,281120,0.5287298825633604,-0.6372775965069543,226801,0.42656682589375605,-0.8519862399307888
MEX,México,Latin America & Caribbean,2010,53168926,166829,0.3137716191596573,-1.1590898852218805,143044,0.2690368430613024,-1.3129069457057119
MEX,México,Latin America & Caribbean,2011,53168926,186828,0.3513856947195059,-1.0458708134502035,142441,0.26790272197711873,-1.3171313420609483
MEX,México,Latin America & Caribbean,2012,53168926,174713,0.3285998291558494,-1.112914593294353,145626,0.2738930630270771,-1.295017529696564
MEX,México,Latin America & Caribbean,2013,53168926,218916,0.41173673509974607,-0.8873711263516586,174312,0.3278456292308782,-1.1152124239737646
MEX,México,Latin America & Caribbean,2014,53168926,170606,0.3208753925178026,-1.1367024165183355,146140,0.27485979310546915,-1.2914941545826695
MEX,México,Latin America & Caribbean,2015,53168926,197533,0.3715196353599469,-0.9901535619547164,154678,0.29091804487455697,-1.2347136842100717
MEX,México,Latin America & Caribbean,2016,53168926,273930,0.5152069462527793,-0.6631866216493829,225695,0.4244866635071771,-0.8568746906684811
MEX,México,Latin America & Caribbean,2017,53168926,298634,0.5616701755457689,-0.5768404776208022,238316,0.44822421276668256,-0.8024616968373269
MEX,México,Latin America & Caribbean,2018,53168926,267178,0.5025077993864311,-0.6881441180023312,218197,0.4103844414686879,-0.8906608964955495
MEX,México,Latin America & Caribbean,2019,53168926,327305,0.6155945297823018,-0.4851667630505554,252339,0.4745986405668604,-0.7452857993611872
MEX,México,Latin America & Caribbean,2020,53168926,299298,0.5629190252968435,-0.5746194883680179,215681,0.4056523541588935,-0.9022587567340312
MEX,México,Latin America & Caribbean,2021,53168926,189046,0.3555573042795711,-1.0340688492563395,136666,0.25704111457884254,-1.3585192279761757
MEX,México,Latin America & Caribbean,2022,53168926,178845,0.33637128573934333,-1.0895397120195363,129850,0.2442215966521498,-1.409679282836984
MEX,México,Latin America & Caribbean,2023,53168926,226363,0.42574303644952316,-0.85391931553429,172004,0.3235047478672035,-1.128541488588747
MEX,México,Latin America & Caribbean,2024,53168926,330819,0.6222036533143438,-0.47448782292808545,171860,0.3232339129814283,-1.1293790290606645
MEX,México,Latin America & Caribbean,2025,53168926,224048,0.42138898950112325,-0.8641989063323201,130661,0.24574692368245316,-1.403453038110718
MMR,Myanmar,Asia-Pacific,2001,42863361,44804,0.10452750077157971,-2.2583050769209043,14539,0.03391941196585121,-3.383767804121109
MMR,Myanmar,Asia-Pacific,2002,42863361,66119,0.1542552857672547,-1.869146349248882,24108,0.056243839581315146,-2.8780587624495997
MMR,Myanmar,Asia-Pacific,2003,42863361,77224,0.18016319345559487,-1.7138922085240833,27667,0.06454696821371521,-2.7403621308217168
MMR,Myanmar,Asia-Pacific,2004,42863361,102186,0.23839941062951175,-1.4338078159856436,39685,0.09258490019016474,-2.3796292155275585
MMR,Myanmar,Asia-Pacific,2005,42863361,91847,0.21427857698793148,-1.5404783488915055,41896,0.09774315177944165,-2.325412141093211
MMR,Myanmar,Asia-Pacific,2006,42863361,127464,0.2973728541725881,-1.2127685262821897,65424,0.15263385435407176,-1.879713334448111
MMR,Myanmar,Asia-Pacific,2007,42863361,146598,0.3420123774241595,-1.0729083512757092,75712,0.17663570525885733,-1.7336658297144758
MMR,Myanmar,Asia-Pacific,2008,42863361,119217,0.2781326457344304,-1.279657136158385,59698,0.13927512590531574,-1.9713039790705273
MMR,Myanmar,Asia-Pacific,2009,42863361,216306,0.5046407816689876,-0.68390842624507,109569,0.2556239115266766,-1.3640480102804873
MMR,Myanmar,Asia-Pacific,2010,42863361,169913,0.39640615209805874,-0.9253159567222699,81026,0.18903323983389916,-1.6658324072491533
MMR,Myanmar,Asia-Pacific,2011,42863361,135717,0.31662706057978046,-1.1500306627311216,68663,0.16019042463795594,-1.8313920174329055
MMR,Myanmar,Asia-Pacific,2012,42863361,225188,0.5253624418299816,-0.643666889192638,102846,0.23993918722332577,-1.4273697743174223
MMR,Myanmar,Asia-Pacific,2013,42863361,248186,0.5790166571398823,-0.5464240330148692,79173,0.1847102003970244,-1.6889671664636405
MMR,Myanmar,Asia-Pacific,2014,42863361,331445,0.7732594744495188,-0.2571406147283383,113380,0.26451495485853294,-1.3298574891742396
MMR,Myanmar,Asia-Pacific,2015,42863361,293305,0.6842790512857823,-0.37938947484054814,80158,0.18700820031354984,-1.676602811144902
MMR,Myanmar,Asia-Pacific,2016,42863361,362552,0.8458319449097798,-0.16743458578752587,95320,0.2223810680641679,-1.503362845839856
MMR,Myanmar,Asia-Pacific,2017,42863361,341844,0.7975202877814458,-0.22624800542232557,82335,0.19208713007829695,-1.6498062074004352
MMR,Myanmar,Asia-Pacific,2018,42863361,278708,0.6502243256192626,-0.4304378592940722,75522,0.17619243623942601,-1.7361784935329745
MMR,Myanmar,Asia-Pacific,2019,42863361,309418,0.721870597128396,-0.32590938450665385,90231,0.21050845732792628,-1.5582294493369722
MMR,Myanmar,Asia-Pacific,2020,42863361,310005,0.7232400650989548,-0.32401407168901886,84290,0.19664813498876116,-1.6263392640610066
MMR,Myanmar,Asia-Pacific,2021,42863361,304151,0.7095827133107924,-0.34307820945769896,84815,0.19787295727929502,-1.620130084122711
MMR,Myanmar,Asia-Pacific,2022,42863361,260938,0.6087670073282401,-0.49631966685939394,66490,0.15512082685256529,-1.8635509376560337
MMR,Myanmar,Asia-Pacific,2023,42863361,307184,0.7166586866578195,-0.33315558148659746,89346,0.20844375689531205,-1.5680860252342743
MMR,Myanmar,Asia-Pacific,2024,42863361,276978,0.6461882445475986,-0.4366644174198548,67405,0.15725551713035288,-1.8498832989273701
MMR,Myanmar,Asia-Pacific,2025,42863361,226990,0.5295664985300617,-0.6356965344227866,53264,0.12426463711046831,-2.0853418172377283
MOZ,Mozambique,Africa,2001,28920531,60941,0.2107188142569028,-1.5572306681057755,44485,0.15381806094777445,-1.8719847974151684
MOZ,Mozambique,Africa,2002,28920531,106663,0.36881411340614734,-0.9974625195770705,77093,0.2665684112093239,-1.3221243658446695
MOZ,Mozambique,Africa,2003,28920531,79651,0.27541333871082796,-1.289482259906845,61706,0.21336399390453792,-1.5447556801959426
MOZ,Mozambique,Africa,2004,28920531,107730,0.37250353390814295,-0.9875087542057981,86410,0.29878427889169806,-1.2080334412585914
MOZ,Mozambique,Africa,2005,28920531,150571,0.520637051926882,-0.6527021173697658,121165,0.41895842092249275,-0.8699835980592222
MOZ,Mozambique,Africa,2006,28920531,172242,0.5955699776051829,-0.5182363864186088,137085,0.4740058196026899,-0.7465356797196245
MOZ,Mozambique,Africa,2007,28920531,138505,0.47891582626888834,-0.736230425053102,113258,0.3916179823945833,-0.9374684490670552
MOZ,Mozambique,Africa,2008,28920531,204780,0.7080782852845959,-0.3452006189652285,146338,0.5060003912099678,-0.6812178365527416
MOZ,Mozambique,Africa,2009,28920531,217510,0.7520954577217134,-0.28489202462857655,178573,0.6174610002838468,-0.48213936990958556
MOZ,Mozambique,Africa,2010,28920531,194550,0.6727054907809266,-0.3964476516813366,158938,0.5495680559945458,-0.598622662043829
MOZ,Mozambique,Africa,2011,28920531,150253,0.5195374870537474,-0.6548163111737849,109869,0.3798996636680011,-0.9678481041061349
MOZ,Mozambique,Africa,2012,28920531,139952,0.4839191922167681,-0.7258373444344001,111764,0.38645210214155473,-0.9507473458230018
MOZ,Mozambique,Africa,2013,28920531,162673,0.5624827566271172,-0.5753948002585574,106981,0.36991367827928195,-0.9944856025108866
MOZ,Mozambique,Africa,2014,28920531,200517,0.6933378920324803,-0.366237819929652,144872,0.5009313279897938,-0.691286257172858
MOZ,Mozambique,Africa,2015,28920531,181405,0.6272533516068567,-0.46640475041491614,132954,0.4597218495054603,-0.7771336473767764
MOZ,Mozambique,Africa,2016,28920531,250565,0.8663914227577634,-0.14341848320843753,186639,0.6453512212483236,-0.43796058132135096
MOZ,Mozambique,Africa,2017,28920531,359023,1.2414121995201264,0.2162496021765542,283384,0.9798713585168959,-0.02033398275325642
MOZ,Mozambique,Africa,2018,28920531,172405,0.5961335910464438,-0.51729049098268,137820,0.4765472667151236,-0.7411883651828374
MOZ,Mozambique,Africa,2019,28920531,235664,0.8148674725232397,-0.20472978936471195,169483,0.5860300421178297,-0.5343842243065233
MOZ,Mozambique,Africa,2020,28920531,232524,0.8040101338388289,-0.21814340560545353,189174,0.6541166204728399,-0.42446962465602944
MOZ,Mozambique,Africa,2021,28920531,278084,0.961545277297986,-0.03921362478849837,233645,0.807886272904187,-0.21333398172364756
MOZ,Mozambique,Africa,2022,28920531,237875,0.822512560367581,-0.19539152549558572,194871,0.6738154289075813,-0.3947990499228105
MOZ,Mozambique,Africa,2023,28920531,262209,0.9066534774205909,-0.09799495542859542,216075,0.7471335847879141,-0.2915112814731974
MOZ,Mozambique,Africa,2024,28920531,298631,1.0325916906574089,0.03207184642097124,230444,0.7968180113982001,-0.22712896830081444
MOZ,Mozambique,Africa,2025,28920531,248493,0.8592269623265216,-0.15172217498605442,184087,0.6365270402538598,-0.4517283791629882
MWI,Malawi,Africa,2001,1521028,2492,0.16383656316649003,-1.8088859141180382,1923,0.1264276528768701,-2.0680850484366022
MWI,Malawi,Africa,2002,1521028,4197,0.2759318040167571,-1.287601530691791,3102,0.20394101883726007,-1.5899244502888978
MWI,Malawi,Africa,2003,1521028,7094,0.46639509594826656,-0.7627221586918148,5518,0.3627809612972279,-1.0139560392481506
MWI,Malawi,Africa,2004,1521028,5724,0.3763244332122749,-0.9773036533490403,3897,0.2562083012278538,-1.3617644886866727
MWI,Malawi,Africa,2005,1521028,9458,0.6218162979248245,-0.47511057082156083,7567,0.49749248534543744,-0.6981748273308603
MWI,Malawi,Africa,2006,1521028,5551,0.3649505466040073,-1.0079934233352206,4095,0.26922581306853,-1.312204797738212
MWI,Malawi,Africa,2007,1521028,7493,0.49262735465750795,-0.7080022636610712,5244,0.34476682875002956,-1.0648869491417916
MWI,Malawi,Africa,2008,1521028,9728,0.6395674504348375,-0.4469631898194336,7241,0.4760596123148292,-0.7422121966365611
MWI,Malawi,Africa,2009,1521028,4035,0.2652811125107493,-1.3269652133213328,2966,0.19499969757295724,-1.6347572713275045
MWI,Malawi,Africa,2010,1521028,3991,0.26238833210171014,-1.337929688976648,3118,0.20499293898600157,-1.5847797444076601
MWI,Malawi,Africa,2011,1521028,8270,0.5437112268807675,-0.609337006007645,5857,0.38506851944868864,-0.9543339879355996
MWI,Malawi,Africa,2012,1521028,12175,0.800445488182992,-0.22258684607459142,8468,0.5567287387214437,-0.5856771617706261
MWI,Malawi,Africa,2013,1521028,10562,0.6943987881879886,-0.3647088607585035,5745,0.37770507840749806,-0.973641603742526
MWI,Malawi,Africa,2014,1521028,18594,1.2224627028562263,0.2008674329904214,10656,0.700578819061845,-0.3558484012452115
MWI,Malawi,Africa,2015,1521028,10793,0.7095858853354442,-0.3430737392000356,5646,0.37119632248716,-0.9910241852119472
MWI,Malawi,Africa,2016,1521028,13530,0.8895299757795386,-0.11706207286054814,7404,0.4867760488301333,-0.7199511203319938
MWI,Malawi,Africa,2017,1521028,15351,1.0092516377081815,0.009209103447819502,9001,0.5917708286763952,-0.5246358327682966
MWI,Malawi,Africa,2018,1521028,15519,1.0202967992699674,0.02009356464624285,7741,0.5089321169630013,-0.6754406368206685
MWI,Malawi,Africa,2019,1521028,12149,0.7987361179412871,-0.2247246531706398,6645,0.43687558677420796,-0.8281068228780363
MWI,Malawi,Africa,2020,1521028,16070,1.0565222993922532,0.05498266470617639,9123,0.5997917198105491,-0.5111728176799076
MWI,Malawi,Africa,2021,1521028,16583,1.0902494891612777,0.08640655918871681,9676,0.6361487099514276,-0.45232292229546406
MWI,Malawi,Africa,2022,1521028,14884,0.9785487183667888,-0.021684704558868773,8876,0.5835527025143521,-0.5386205099728975
MWI,Malawi,Africa,2023,1521028,22979,1.510754568620696,0.4126092403295544,14766,0.9707908072698201,-0.02964427440627106
MWI,Malawi,Africa,2024,1521028,17093,1.1237794439024134,0.11669750793088615,11381,0.7482439508016946,-0.29002621674349216
MWI,Malawi,Africa,2025,1521028,17964,1.1810433469995292,0.16639824018224667,11830,0.7777634599757532,-0.25133283705294945
MYS,Malaysia,Asia-Pacific,2001,29444768,332806,1.1302721081042308,0.12245840736777089,263761,0.8957822320080769,-0.11005794018118278
MYS,Malaysia,Asia-Pacific,2002,29444768,312841,1.0624671928133378,0.06059374398756692,258338,0.877364698543388,-0.1308325252247138
MYS,Malaysia,Asia-Pacific,2003,29444768,184058,0.625095772532492,-0.46985040493319286,136239,0.46269340617660837,-0.7706906339236796
MYS,Malaysia,Asia-Pacific,2004,29444768,352004,1.1954721463589049,0.17854120890697636,264328,0.8977078712252038,-0.10791057404449628
MYS,Malaysia,Asia-Pacific,2005,29444768,375758,1.2761452221325025,0.24384398889535003,300046,1.0190129533369052,0.018834465972261686
MYS,Malaysia,Asia-Pacific,2006,29444768,334526,1.136113553348425,0.12761327423687102,258142,0.8766990454806776,-0.13159150915210274
MYS,Malaysia,Asia-Pacific,2007,29444768,405692,1.3778067465160533,0.3204929207508704,304234,1.0332361932686989,0.03269581188993919
MYS,Malaysia,Asia-Pacific,2008,29444768,368260,1.2506805962947305,0.2236878801761553,277062,0.9409549431668132,-0.06086002240624077
MYS,Malaysia,Asia-Pacific,2009,29444768,623093,2.1161416520585252,0.7495944550723325,497555,1.6897908653924527,0.5246047729890414
MYS,Malaysia,Asia-Pacific,2010,29444768,430951,1.4635910868783208,0.3808930642826065,350039,1.1887986347863226,0.1729432465842671
MYS,Malaysia,Asia-Pacific,2011,29444768,463150,1.5729449795630925,0.45294964543711785,364849,1.2390961952901107,0.21438223909254925
MYS,Malaysia,Asia-Pacific,2012,29444768,628383,2.1341074923735177,0.7580485229200222,474974,1.6131015194278318,0.4781587354315016
MYS,Malaysia,Asia-Pacific,2013,29444768,333362,1.1321603892413077,0.1241276563533207,264400,0.897952396840077,-0.10763822228538747
MYS,Malaysia,Asia-Pacific,2014,29444768,646027,2.1940298527738444,0.7857399683119034,449080,1.5251605989899462,0.42209971532766
MYS,Malaysia,Asia-Pacific,2015,29444768,454491,1.5435373781854895,0.434076781178355,312093,1.0599268433699325,0.05819989005354061
MYS,Malaysia,Asia-Pacific,2016,29444768,565553,1.9207249315056583,0.652702683271174,377222,1.2811172429682585,0.24773254329186492
MYS,Malaysia,Asia-Pacific,2017,29444768,483499,1.642054031466643,0.49594791637596475,322358,1.0947887244348469,0.0905613989304427
MYS,Malaysia,Asia-Pacific,2018,29444768,438009,1.4875613895140896,0.39713812784762675,290056,0.9850850242732427,-0.015027322476194099
MYS,Malaysia,Asia-Pacific,2019,29444768,395405,1.3428701492910387,0.2948092258160022,270226,0.917738594510237,-0.08584268434764547
MYS,Malaysia,Asia-Pacific,2020,29444768,268775,0.912810724132722,-0.09122673189162692,195633,0.6644066613124614,-0.4088608752359709
MYS,Malaysia,Asia-Pacific,2021,29444768,277597,0.9427719043328853,-0.05893090860509086,205875,0.6991904300281803,-0.35783214176511424
MYS,Malaysia,Asia-Pacific,2022,29444768,248127,0.8426862116896285,-0.1711606184005486,173858,0.5904546437587825,-0.5268624561867364
MYS,Malaysia,Asia-Pacific,2023,29444768,308656,1.0482541414488307,0.047126057882614904,206969,0.7029058608986153,-0.352532306666573
MYS,Malaysia,Asia-Pacific,2024,29444768,282534,0.9595388898971797,-0.041302432936081615,182363,0.6193392320156844,-0.4791021240769026
MYS,Malaysia,Asia-Pacific,2025,29444768,263254,0.8940603641366779,-0.11198198468241045,157919,0.5363227857662183,-0.6230190869179586
NGA,Nigeria,Africa,2001,10048743,43386,0.43175549419464704,-0.8398958366289115,34561,0.34393356462594377,-1.0673067663473557
NGA,Nigeria,Africa,2002,10048743,32347,0.3219009581596425,-1.1335113641063386,26657,0.2652769605113794,-1.326980864763017
NGA,Nigeria,Africa,2003,10048743,13381,0.1331609336610559,-2.0161968547269296,11325,0.11270066315757105,-2.183019973680684
NGA,Nigeria,Africa,2004,10048743,14644,0.14572966987015193,-1.9260019497917915,12141,0.12082108180097749,-2.113444490487943
NGA,Nigeria,Africa,2005,10048743,13280,0.13215583282406565,-2.0237735010014934,10531,0.10479917736974664,-2.2557093566513213
NGA,Nigeria,Africa,2006,10048743,26168,0.26041068022139685,-1.3454953548136985,21730,0.21624595235443875,-1.5313388507814432
NGA,Nigeria,Africa,2007,10048743,24573,0.2445380481916992,-1.4083843658482067,18957,0.1886504610576666,-1.6678593885903534
NGA,Nigeria,Africa,2008,10048743,27471,0.27337747616791475,-1.2969017422560765,21788,0.21682313897370048,-1.5286732855283534
NGA,Nigeria,Africa,2009,10048743,25290,0.2516732689849865,-1.3796235843679077,20155,0.20057235019345207,-1.6065802484806522
NGA,Nigeria,Africa,2010,10048743,32782,0.32622985780410546,-1.120153060782613,26595,0.2646599679183755,-1.3293094168555004
NGA,Nigeria,Africa,2011,10048743,53891,0.5362959327350695,-0.6230691569581159,45853,0.4563058285001418,-0.7845920177353521
NGA,Nigeria,Africa,2012,10048743,34971,0.34801367693451807,-1.0555134984439765,28780,0.2864039810750459,-1.2503519435905597
NGA,Nigeria,Africa,2013,10048743,43435,0.4322431173729888,-0.8387670773378976,34582,0.34414254598809024,-1.0666993295671838
NGA,Nigeria,Africa,2014,10048743,68637,0.6830406549356471,-0.38120089711892874,55760,0.554895273966107,-0.5889758785975129
NGA,Nigeria,Africa,2015,10048743,40928,0.4072947233300722,-0.8982182196533492,33795,0.33631072065431467,-1.089719782497464
NGA,Nigeria,Africa,2016,10048743,72190,0.718398311112146,-0.33073111289871177,61297,0.6099966931187314,-0.4943017429463082
NGA,Nigeria,Africa,2017,10048743,171046,1.7021631461765914,0.531899881125246,145064,1.4436034437342065,0.3671423793019432
NGA,Nigeria,Africa,2018,10048743,119823,1.1924177979275616,0.17598300884889756,101818,1.0132411586205359,0.013154260725108176
NGA,Nigeria,Africa,2019,10048743,86895,0.8647350220818664,-0.1453321518330842,74509,0.7414758243891798,-0.299112721591521
NGA,Nigeria,Africa,2020,10048743,99200,0.9871881488062736,-0.012894630758954239,85531,0.8511611850357801,-0.16115376172139428
NGA,Nigeria,Africa,2021,10048743,97193,0.9672155014811306,-0.03333395263760311,83272,0.8286807613648791,-0.18792028683661416
NGA,Nigeria,Africa,2022,10048743,106189,1.0567391364273124,0.055187880239044085,92568,0.9211898443417251,-0.08208913547574499
NGA,Nigeria,Africa,2023,10048743,85267,0.8485339907687957,-0.1642451352766462,72325,0.7197417627259449,-0.3288627941875826
NGA,Nigeria,Africa,2024,10048743,105644,1.0513155725049392,0.05004230610759603,92781,0.9233095124434967,-0.07979076759931429
NGA,Nigeria,Africa,2025,10048743,118263,1.1768934681681082,0.16287831285473148,98109,0.9763310694680917,-0.0239535395673405
NIC,Nicaragua,Latin America & Caribbean,2001,7773867,44089,0.5671437394027966,-0.5671424987353647,41088,0.5285400431985781,-0.6376367089004817
NIC,Nicaragua,Latin America & Caribbean,2002,7773867,54178,0.6969247094142464,-0.3610778949827693,52655,0.677333430067687,-0.38959161613541743
NIC,Nicaragua,Latin America & Caribbean,2003,7773867,46944,0.6038693484208052,-0.5043974150074068,45611,0.5867221551384916,-0.5332039014682747
NIC,Nicaragua,Latin America & Caribbean,2004,7773867,21062,0.2709333720270748,-1.3058823480095725,20137,0.2590345319774573,-1.3507938980717096
NIC,Nicaragua,Latin America & Caribbean,2005,7773867,95136,1.2237924832004459,0.20195462984770937,93108,1.1977050803673384,0.18040729273183462
NIC,Nicaragua,Latin America & Caribbean,2006,7773867,38865,0.4999442362469026,-0.6932587142857949,36788,0.4732265164814371,-0.7481811119275267
NIC,Nicaragua,Latin America & Caribbean,2007,7773867,88478,1.1381465620649285,0.1294011165722728,85655,1.1018325885945823,0.09697478321444399
NIC,Nicaragua,Latin America & Caribbean,2008,7773867,53793,0.6919722192314327,-0.3682094697896413,51459,0.6619485514738032,-0.4125674428721802
NIC,Nicaragua,Latin America & Caribbean,2009,7773867,83078,1.0686830633968911,0.06642710856769525,80917,1.0408848003188118,0.04007112099133147
NIC,Nicaragua,Latin America & Caribbean,2010,7773867,212482,2.7332857637003567,1.0055044619263949,208148,2.6775348742138245,0.9848965481714044
NIC,Nicaragua,Latin America & Caribbean,2011,7773867,43280,0.5567370782134554,-0.5856621824297518,40834,0.5252726860390073,-0.64383774925397
NIC,Nicaragua,Latin America & Caribbean,2012,7773867,33692,0.4334007772450956,-0.8360923965148607,32326,0.41582908480425507,-0.877480956980361
NIC,Nicaragua,Latin America & Caribbean,2013,7773867,44030,0.5663847863617939,-0.5684815972003154,41469,0.533441078937934,-0.6284066568176478
NIC,Nicaragua,Latin America & Caribbean,2014,7773867,75550,0.9718458008093012,-0.02855812824922933,71955,0.9256011197515985,-0.07731189334584092
NIC,Nicaragua,Latin America & Caribbean,2015,7773867,35521,0.45692832151617724,-0.7832287460871479,33594,0.4321401433803794,-0.8390053373731666
NIC,Nicaragua,Latin America & Caribbean,2016,7773867,142379,1.831508051269722,0.6051396992247338,134068,1.7245985813752667,0.5449943169538554
NIC,Nicaragua,Latin America & Caribbean,2017,7773867,211698,2.7232006927826267,1.0018079137970863,103256,1.328245003419791,0.2838585245649088
NIC,Nicaragua,Latin America & Caribbean,2018,7773867,71361,0.9179601348981145,-0.08560131534149659,66492,0.8553272135991007,-0.15627117729476492
NIC,Nicaragua,Latin America & Caribbean,2019,7773867,77829,1.001161969969386,0.0011612954047796548,71294,0.9170982729701962,-0.08654064456131218
NIC,Nicaragua,Latin America & Caribbean,2020,7773867,111296,1.43166843476998,0.35884050176383997,65293,0.8399037441726235,-0.17446798398143076
NIC,Nicaragua,Latin America & Caribbean,2021,7773867,91835,1.1813297037368917,0.16664067161252039,62228,0.80047677687308,-0.22254775774310276
NIC,Nicaragua,Latin America & Caribbean,2022,7773867,48981,0.6300725237516926,-0.46192034915584085,45474,0.5849598404500618,-0.5362120829100308
NIC,Nicaragua,Latin America & Caribbean,2023,7773867,117536,1.5119373665641564,0.41339185266927886,100406,1.2915837124561045,0.25586914946021144
NIC,Nicaragua,Latin America & Caribbean,2024,7773867,157981,2.0322061079768923,0.7091219556634405,121481,1.5626843114244173,0.44640505498339406
NIC,Nicaragua,Latin America & Caribbean,2025,7773867,59156,0.7609597642974855,-0.2731747946634551,49268,0.6337643800697902,-0.4560780338887401
NPL,Nepal,Asia-Pacific,2001,5161037,1523,0.029509573366747806,-3.5230405473751776,698,0.013524413795134582,-4.303258797507967
NPL,Nepal,Asia-Pacific,2002,5161037,2129,0.041251399670260064,-3.18807023537686,983,0.019046559828964606,-3.960868780123173
NPL,Nepal,Asia-Pacific,2003,5161037,2292,0.04440967968259092,-3.1142978224357094,879,0.017031460925391543,-4.072693002585162
NPL,Nepal,Asia-Pacific,2004,5161037,2480,0.048052358469819145,-3.0354640611113117,1220,0.023638660214991676,-3.7448717625430374
NPL,Nepal,Asia-Pacific,2005,5161037,2758,0.05343887284667791,-2.9292168419170923,1173,0.02272799051818462,-3.784158051616864
NPL,Nepal,Asia-Pacific,2006,5161037,3255,0.06306872049163763,-2.76353034562767,1634,0.03166030392729213,-3.452691624850391
NPL,Nepal,Asia-Pacific,2007,5161037,3466,0.06715704615177144,-2.700721429994788,1446,0.028017625140063906,-3.5749214975516295
NPL,Nepal,Asia-Pacific,2008,5161037,2992,0.057972845379717294,-2.8477805611759717,1444,0.027978873238072115,-3.576305580817568
NPL,Nepal,Asia-Pacific,2009,5161037,5524,0.10703275330132297,-2.234620385741157,2074,0.04018572236548585,-3.2142435114808667
NPL,Nepal,Asia-Pacific,2010,5161037,2348,0.04549473293836103,-3.0901587193223525,1094,0.02119729038950893,-3.853881917288413
NPL,Nepal,Asia-Pacific,2011,5161037,2816,0.054562678004439806,-2.9084051829924062,1195,0.023154261440094307,-3.7655764359047286
NPL,Nepal,Asia-Pacific,2012,5161037,5045,0.09775167277428935,-2.32532496748263,1886,0.03654304357825763,-3.3092644370769366
NPL,Nepal,Asia-Pacific,2013,5161037,835,0.016178919081572173,-4.124046175419484,244,0.004727732042998335,-5.354309674977138
NPL,Nepal,Asia-Pacific,2014,5161037,1162,0.022514855057229777,-3.793579962858483,360,0.0069753423585221346,-4.965373868820183
NPL,Nepal,Asia-Pacific,2015,5161037,579,0.0112186756266231,-4.4901754226973445,143,0.002770760992412959,-5.888633270010432
NPL,Nepal,Asia-Pacific,2016,5161037,999,0.019356575044898922,-3.9447231216217857,209,0.004049573758142017,-5.509143648305528
NPL,Nepal,Asia-Pacific,2017,5161037,2394,0.046386026684172195,-3.070757014152421,197,0.003817062346191279,-5.568274171532351
NPL,Nepal,Asia-Pacific,2018,5161037,1672,0.032396590065136135,-3.4297021066256925,276,0.005347762474866969,-5.23107703455319
NPL,Nepal,Asia-Pacific,2019,5161037,2087,0.04043760972843248,-3.2079949931931386,418,0.008099147516284034,-4.815996467745583
NPL,Nepal,Asia-Pacific,2020,5161037,2233,0.04326649857383313,-3.1403766484301814,499,0.009668599546951514,-4.63887180451882
NPL,Nepal,Asia-Pacific,2021,5161037,2753,0.05334199309169843,-2.9310313951277323,600,0.01162557059753689,-4.454548245054193
NPL,Nepal,Asia-Pacific,2022,5161037,2022,0.03917817291369932,-3.2396355006899227,464,0.008990441262095195,-4.711593348044084
NPL,Nepal,Asia-Pacific,2023,5161037,2277,0.0441190404176525,-3.1208638342065997,549,0.010637397096746255,-4.543379458760809
NPL,Nepal,Asia-Pacific,2024,5161037,2679,0.051908172718002216,-2.9582790307257305,579,0.0112186756266231,-4.4901754226973445
NPL,Nepal,Asia-Pacific,2025,5161037,2964,0.057430318751832236,-2.857182913854362,703,0.013621293550114056,-4.296121008459674
PAN,Panama,Latin America & Caribbean,2001,5734589,18268,0.31855813904013,-1.1439502804709525,15473,0.26981881351915543,-1.3100046062861692
PAN,Panama,Latin America & Caribbean,2002,5734589,19207,0.3349324598502177,-1.09382637987099,16671,0.290709587034049,-1.235430492827811
PAN,Panama,Latin America & Caribbean,2003,5734589,11285,0.19678829642368442,-1.6256267655242058,9461,0.16498130903539904,-1.8019230900713978
PAN,Panama,Latin America & Caribbean,2004,5734589,16852,0.2938658725150137,-1.2246318316769347,13415,0.2339313244593466,-1.4527276919161174
PAN,Panama,Latin America & Caribbean,2005,5734589,12396,0.21616196034275517,-1.531727335868203,10486,0.18285530139997827,-1.699060141643364
PAN,Panama,Latin America & Caribbean,2006,5734589,34343,0.5988746534407261,-0.5127029624628403,31122,0.5427067223126191,-0.6111862111963868
PAN,Panama,Latin America & Caribbean,2007,5734589,20658,0.3602350578219293,-1.0209985222092632,17707,0.30877539785327246,-1.1751411341696252
PAN,Panama,Latin America & Caribbean,2008,5734589,39956,0.696754379433295,-0.3613223271238017,35400,0.6173066631279068,-0.4823893556539761
PAN,Panama,Latin America & Caribbean,2009,5734589,37043,0.6459573650352275,-0.43702177577500595,32906,0.5738161880476526,-0.5554461638292466
PAN,Panama,Latin America & Caribbean,2010,5734589,15435,0.26915616794856617,-1.3124635178395823,12815,0.22346849966056853,-1.4984848159776705
PAN,Panama,Latin America & Caribbean,2011,5734589,23131,0.40335933403422636,-0.9079274665895409,19151,0.33395592953566505,-1.0967462422092824
PAN,Panama,Latin America & Caribbean,2012,5734589,17095,0.29810331655851885,-1.2103151527024403,13158,0.22944974783720332,-1.4720712371298987
PAN,Panama,Latin America & Caribbean,2013,5734589,14061,0.24519629915936433,-1.4056961681850262,10005,0.1744676035196245,-1.7460162077580081
PAN,Panama,Latin America & Caribbean,2014,5734589,14086,0.24563225019264676,-1.4039197794704863,10940,0.19077217216438702,-1.6566753787998698
PAN,Panama,Latin America & Caribbean,2015,5734589,10591,0.18468629573976444,-1.6890965919321728,8450,0.14735144924945798,-1.9149347344246224
PAN,Panama,Latin America & Caribbean,2016,5734589,17378,0.30303828225527585,-1.1938961373766905,10765,0.1877205149314101,-1.6728010449773785
PAN,Panama,Latin America & Caribbean,2017,5734589,30970,0.5400561400302619,-0.6160821818085935,22610,0.3942741145006207,-0.9307088895038264
PAN,Panama,Latin America & Caribbean,2018,5734589,28013,0.4884918518136173,-0.7164324876514785,18703,0.3261436870192441,-1.1204172369928418
PAN,Panama,Latin America & Caribbean,2019,5734589,34034,0.5934862986693554,-0.5217411508444599,24546,0.4280341625180113,-0.8485522676183884
PAN,Panama,Latin America & Caribbean,2020,5734589,27379,0.47743613360957515,-0.7393248796098794,17632,0.30746754475342525,-1.1793857428232009
PAN,Panama,Latin America & Caribbean,2021,5734589,24431,0.4260287877649122,-0.8532483580830439,17074,0.2977371176905616,-1.2115443372055903
PAN,Panama,Latin America & Caribbean,2022,5734589,17364,0.3027941496766377,-1.1947020783563578,11488,0.20032821881393767,-1.6077981634878364
PAN,Panama,Latin America & Caribbean,2023,5734589,25115,0.4379564080355192,-0.8256358985916968,17573,0.3064387003148787,-1.1827375425809958
PAN,Panama,Latin America & Caribbean,2024,5734589,21553,0.37584210481344,-0.9785861577960282,14526,0.25330498837841736,-1.3731610286097284
PAN,Panama,Latin America & Caribbean,2025,5734589,18530,0.3231269058689297,-1.1297101354964365,12904,0.22502048533905394,-1.4915638349707971
PER,Peru,Latin America & Caribbean,2001,78063555,86007,0.11017561267866932,-2.205679707310444,56326,0.0721540288550784,-2.6289521553340247
PER,Peru,Latin America & Caribbean,2002,78063555,80456,0.10306474000575556,-2.272397944458188,57338,0.07345040845244621,-2.6111448154186085
PER,Peru,Latin America & Caribbean,2003,78063555,73869,0.09462674355529926,-2.3578151414465993,52614,0.06739892898805339,-2.6971261515750937
PER,Peru,Latin America & Caribbean,2004,78063555,101309,0.1297775895550747,-2.0419331432774066,67199,0.0860824234817387,-2.4524500291343667
PER,Peru,Latin America & Caribbean,2005,78063555,162996,0.20879909965668358,-1.5663827349720134,117529,0.15055553132316354,-1.8934232839577254
PER,Peru,Latin America & Caribbean,2006,78063555,88903,0.11388541041975349,-2.1725625078681072,57341,0.07345425147496806,-2.611092495464638
PER,Peru,Latin America & Caribbean,2007,78063555,115718,0.14823562672747864,-1.9089521987389186,78344,0.10035925215037926,-2.298999009181874
PER,Peru,Latin America & Caribbean,2008,78063555,126649,0.16223831978956121,-1.8186889149596148,83744,0.10727669268969367,-2.232343869252632
PER,Peru,Latin America & Caribbean,2009,78063555,177911,0.22790532662777144,-1.4788249703499645,125880,0.16125322501646255,-1.8247793234041612
PER,Peru,Latin America & Caribbean,2010,78063555,142294,0.1822796822409638,-1.7022130558348267,93608,0.11991255074150799,-2.1209925456837104
PER,Peru,Latin America & Caribbean,2011,78063555,125254,0.16045131431690499,-1.829764720017596,79993,0.10247163352988473,-2.278169264754834
PER,Peru,Latin America & Caribbean,2012,78063555,275417,0.3528112446326586,-1.0418220828158702,184184,0.23594108672094166,-1.4441731376582982
PER,Peru,Latin America & Caribbean,2013,78063555,209322,0.2681430534389575,-1.3162346593932965,136154,0.17441429614626186,-1.7463217975511647
PER,Peru,Latin America & Caribbean,2014,78063555,205418,0.2631420001305347,-1.3350614680604318,133407,0.17089536852376247,-1.7667037897324254
PER,Peru,Latin America & Caribbean,2015,78063555,166449,0.21322241857932298,-1.5454194394075336,106484,0.13640680340525102,-1.9921136564790407
PER,Peru,Latin America & Caribbean,2016,78063555,230953,0.29585252682894086,-1.2178941689834826,145212,0.18601766214720813,-1.6819136519964515
PER,Peru,Latin America & Caribbean,2017,78063555,303217,0.388423253335055,-0.9456596748023529,178493,0.22865087299700865,-1.4755590108359034
PER,Peru,Latin America & Caribbean,2018,78063555,211643,0.27111627186335546,-1.305207502650726,133277,0.170728837547816,-1.7676787264387677
PER,Peru,Latin America & Caribbean,2019,78063555,231173,0.29613434848054254,-1.216942047628615,147516,0.18896910344398227,-1.6661717511271632
PER,Peru,Latin America & Caribbean,2020,78063555,278604,0.3568938155583614,-1.0303169768559353,173379,0.22209980060477647,-1.504628445854439
PER,Peru,Latin America & Caribbean,2021,78063555,225106,0.2883624759338721,-1.2435369932228342,143634,0.1839962323007196,-1.6928399982093243
PER,Peru,Latin America & Caribbean,2022,78063555,236062,0.30239719418363664,-1.1960139132130696,138826,0.1778371482057152,-1.726887045185116
PER,Peru,Latin America & Caribbean,2023,78063555,227601,0.2915585896645368,-1.232514299684733,132029,0.16913014017873002,-1.7770868001741447
PER,Peru,Latin America & Caribbean,2024,78063555,268477,0.3439210525321323,-1.0673431464006424,145142,0.1859279916216985,-1.682395822046502
PER,Peru,Latin America & Caribbean,2025,78063555,248922,0.3188709507272632,-1.1429688012216814,140355,0.179795808684347,-1.7159334682043814
PHL,Philippines,Asia-Pacific,2001,18599368,35165,0.18906556394819438,-1.6656614248813137,22461,0.12076216783279949,-2.1139322227246375
PHL,Philippines,Asia-Pacific,2002,18599368,32309,0.17371020348648405,-1.750366865454081,19754,0.10620790986016299,-2.24235669215536
PHL,Philippines,Asia-Pacific,2003,18599368,35154,0.18900642215369898,-1.665974284850589,21803,0.11722441321662112,-2.143665119635384
PHL,Philippines,Asia-Pacific,2004,18599368,48579,0.2611862940719276,-1.342521355881852,26801,0.14409629402461416,-1.9372734943877776
PHL,Philippines,Asia-Pacific,2005,18599368,49781,0.26764887925224123,-1.3180793095147074,28646,0.15401598591952156,-1.8706988772836222
PHL,Philippines,Asia-Pacific,2006,18599368,57428,0.308763179480077,-1.1751807053758478,33880,0.18215672704577918,-1.702887824857442
PHL,Philippines,Asia-Pacific,2007,18599368,66497,0.357522900778134,-1.028555860779054,38984,0.20959851969163684,-1.5625613891000905
PHL,Philippines,Asia-Pacific,2008,18599368,38703,0.20808771566861842,-1.5697955782301862,23106,0.12423002760093783,-2.0856203705804686
PHL,Philippines,Asia-Pacific,2009,18599368,60890,0.32737671516580563,-1.1166437370208127,38708,0.20811459830247994,-1.5696663976225995
PHL,Philippines,Asia-Pacific,2010,18599368,102649,0.5518950966505959,-0.5943972930650129,71266,0.3831635569552686,-0.9592933392991646
PHL,Philippines,Asia-Pacific,2011,18599368,33253,0.17878564475954237,-1.7215677060456038,20917,0.11246081049635664,-2.1851504691695127
PHL,Philippines,Asia-Pacific,2012,18599368,59587,0.3203711007814889,-1.1382752651671633,40609,0.21833537569663658,-1.5217229777230064
PHL,Philippines,Asia-Pacific,2013,18599368,58871,0.31652150761251674,-1.1503640851647945,35917,0.19310871208096964,-1.6445019736261544
PHL,Philippines,Asia-Pacific,2014,18599368,102456,0.5508574269835406,-0.5962792565175248,68301,0.36722215507537675,-1.0017882868833003
PHL,Philippines,Asia-Pacific,2015,18599368,65896,0.3542916081879771,-1.0376349530023479,38628,0.20768447616069535,-1.5717352925366241
PHL,Philippines,Asia-Pacific,2016,18599368,129109,0.6941579950458532,-0.36505568581810005,75230,0.40447610908069564,-0.9051626070691653
PHL,Philippines,Asia-Pacific,2017,18599368,114280,0.6144294795393048,-0.4870611172787231,62243,0.33465115588873773,-1.094666615418628
PHL,Philippines,Asia-Pacific,2018,18599368,70533,0.3792225628311672,-0.9696320092343486,41754,0.2244914988509287,-1.4939174395505275
PHL,Philippines,Asia-Pacific,2019,18599368,64038,0.34430202144502975,-1.0662360374814126,35925,0.1931517242951481,-1.6442792626762068
PHL,Philippines,Asia-Pacific,2020,18599368,63727,0.3426299216188421,-1.071104360014804,34760,0.18688807060540982,-1.6772453942441041
PHL,Philippines,Asia-Pacific,2021,18599368,48883,0.2628207582107091,-1.336283006865894,26646,0.1432629323749065,-1.9430736491032752
PHL,Philippines,Asia-Pacific,2022,18599368,84543,0.4545477029111957,-0.7884524139718732,34407,0.18499015665478527,-1.6874526625908002
PHL,Philippines,Asia-Pacific,2023,18599368,42736,0.2297712481413347,-1.4706710382736903,24759,0.1331174263555622,-2.0165236353626383
PHL,Philippines,Asia-Pacific,2024,18599368,59209,0.31833877366155666,-1.144639137279246,35875,0.1928828979565327,-1.6456720205615103
PHL,Philippines,Asia-Pacific,2025,18599368,41584,0.22357748929963642,-1.4979972167421611,21223,0.11410602768868275,-2.1706271953877914
PNG,Papua New Guinea,Asia-Pacific,2001,42920262,36005,0.08388811792435004,-2.478271297417324,5324,0.012404397717795852,-4.389704214585289
PNG,Papua New Guinea,Asia-Pacific,2002,42920262,54575,0.12715439621500912,-2.0623532126821464,8007,0.018655524516602438,-3.981612956027657
PNG,Papua New Guinea,Asia-Pacific,2003,42920262,31805,0.07410252994261778,-2.6023056049873867,5127,0.0119454070434146,-4.42740842231659
PNG,Papua New Guinea,Asia-Pacific,2004,42920262,58330,0.13590317785105785,-1.9958125743526078,9418,0.021943016098084397,-3.8193063632967914
PNG,Papua New Guinea,Asia-Pacific,2005,42920262,39021,0.09091510205599397,-2.3978291523684407,4987,0.011619220777356857,-4.455094588554169
PNG,Papua New Guinea,Asia-Pacific,2006,42920262,56388,0.1313785083604569,-2.029672745209475,8819,0.020547404859737342,-3.8850206302121104
PNG,Papua New Guinea,Asia-Pacific,2007,42920262,49161,0.11454030732617615,-2.1668284888859572,6594,0.015363373131319654,-4.1757689704686145
PNG,Papua New Guinea,Asia-Pacific,2008,42920262,71045,0.16552788051480208,-1.7986156360281154,9006,0.020983096515114468,-3.8640380932387743
PNG,Papua New Guinea,Asia-Pacific,2009,42920262,49211,0.11465680242119677,-2.1658119393737847,6218,0.014487330016764575,-4.234480803481592
PNG,Papua New Guinea,Asia-Pacific,2010,42920262,68761,0.16020638457426006,-1.8312923913701082,9789,0.022807409703137414,-3.780669808838861
PNG,Papua New Guinea,Asia-Pacific,2011,42920262,53046,0.1235919762092785,-2.0907696534664315,9143,0.021302293075470973,-3.8489405559358647
PNG,Papua New Guinea,Asia-Pacific,2012,42920262,73334,0.17086102596484615,-1.7669047665661335,15428,0.03594572651956318,-3.325745074772173
PNG,Papua New Guinea,Asia-Pacific,2013,42920262,56668,0.13203088089257237,-2.0247194376010498,13327,0.03105060262679664,-3.4721370625205643
PNG,Papua New Guinea,Asia-Pacific,2014,42920262,105663,0.24618442450328007,-1.4016743308265105,20237,0.04715022475864663,-3.054416503028632
PNG,Papua New Guinea,Asia-Pacific,2015,42920262,180807,0.4212625729078727,-0.8644989510953952,23786,0.05541904660321039,-2.8928319428131006
PNG,Papua New Guinea,Asia-Pacific,2016,42920262,177925,0.41454779563088406,-0.8805670019328193,19159,0.04463859051000201,-3.1091565360042988
PNG,Papua New Guinea,Asia-Pacific,2017,42920262,117509,0.2737844424155659,-1.2954141887225639,13177,0.030701117341734772,-3.483456229555039
PNG,Papua New Guinea,Asia-Pacific,2018,42920262,117935,0.27477698062514155,-1.2917954898823154,9929,0.023133595969195155,-3.766469347066697
PNG,Papua New Guinea,Asia-Pacific,2019,42920262,95135,0.22165521729573784,-1.50663217962579,7329,0.017075851028122802,-4.070090034174441
PNG,Papua New Guinea,Asia-Pacific,2020,42920262,78440,0.1827575050683521,-1.6995951137900085,5303,0.01235546977788719,-4.393656416963161
PNG,Papua New Guinea,Asia-Pacific,2021,42920262,76612,0.17849844439439816,-1.7231753926777393,6208,0.014464030997760452,-4.236090332237237
PNG,Papua New Guinea,Asia-Pacific,2022,42920262,142079,0.33103013210869964,-1.1055458741873512,13919,0.032429904551840805,-3.4286743018728907
PNG,Papua New Guinea,Asia-Pacific,2023,42920262,83765,0.19516423268804836,-1.6339138559726585,5604,0.013056770249911335,-4.338448486643394
PNG,Papua New Guinea,Asia-Pacific,2024,42920262,82210,0.191541235232907,-1.652652165954112,5114,0.011915118318709238,-4.429947238249159
PNG,Papua New Guinea,Asia-Pacific,2025,42920262,70723,0.16477765210286927,-1.8031582768740237,4163,0.009699381611417004,-4.635693146905315
PRY,Paraguay,Latin America & Caribbean,2001,24273208,150237,0.6189416742937316,-0.4797442364337787,143224,0.5900497371422846,-0.5275484453942773
PRY,Paraguay,Latin America & Caribbean,2002,24273208,195119,0.8038451283406791,-0.21834865479996796,187507,0.7724854498012789,-0.2581421055963218
PRY,Paraguay,Latin America & Caribbean,2003,24273208,267306,1.1012388638535129,0.09643578593881438,257877,1.0623935657783676,0.06052444341368045
PRY,Paraguay,Latin America & Caribbean,2004,24273208,247337,1.0189712047950152,0.018793495543979168,239280,0.9857782292311754,-0.014323869321556494
PRY,Paraguay,Latin America & Caribbean,2005,24273208,262612,1.0819006700721223,0.07871937405875624,253734,1.0453253644924065,0.044328190537556954
PRY,Paraguay,Latin America & Caribbean,2006,24273208,148255,0.6107762929399361,-0.49302451952133425,143632,0.591730602728737,-0.5247038106289164
PRY,Paraguay,Latin America & Caribbean,2007,24273208,426191,1.7558082969502837,0.562929318951753,412816,1.7007063920022438,0.5310436894628889
PRY,Paraguay,Latin America & Caribbean,2008,24273208,376296,1.550252442940381,0.43841778408300985,365982,1.5077611496593282,0.41062586822085634
PRY,Paraguay,Latin America & Caribbean,2009,24273208,353172,1.4549869139670373,0.37499690674592323,342673,1.4117334634960488,0.34481835602322486
PRY,Paraguay,Latin America & Caribbean,2010,24273208,442278,1.8220830143259186,0.5999803599984792,429954,1.7713109861704313,0.5717199425777529
PRY,Paraguay,Latin America & Caribbean,2011,24273208,457174,1.8834510873058066,0.6331057787688531,447337,1.842924923644209,0.6113539419079869
PRY,Paraguay,Latin America & Caribbean,2012,24273208,510213,2.101959493776018,0.7428700019436886,492517,2.029056068732242,0.7075706941396676
PRY,Paraguay,Latin America & Caribbean,2013,24273208,318515,1.3122080937962548,0.2717112860213799,300443,1.2377556357610415,0.2132997684795215
PRY,Paraguay,Latin America & Caribbean,2014,24273208,345737,1.4243564344688184,0.3537200867731951,335455,1.3819969737827813,0.32352953560558523
PRY,Paraguay,Latin America & Caribbean,2015,24273208,279304,1.150667847447276,0.14034251072341092,274422,1.1305551371701672,0.12270878392175705
PRY,Paraguay,Latin America & Caribbean,2016,24273208,319793,1.317473158059701,0.2757156278366188,306992,1.2647360002847583,0.23486340497249408
PRY,Paraguay,Latin America & Caribbean,2017,24273208,360073,1.4834174370359288,0.39434850502804975,328468,1.3532121506147847,0.30248113705553803
PRY,Paraguay,Latin America & Caribbean,2018,24273208,258769,1.066068399364435,0.06397748819217364,253323,1.0436321396001715,0.04270707066342056
PRY,Paraguay,Latin America & Caribbean,2019,24273208,312986,1.2894298932386687,0.25420017746205303,201920,0.831863674550146,-0.18408670429040078
PRY,Paraguay,Latin America & Caribbean,2020,24273208,243326,1.0024468129634945,0.002443824390648444,201024,0.8281723618897016,-0.1885339797270678
PRY,Paraguay,Latin America & Caribbean,2021,24273208,276716,1.1400058863253675,0.13103342583637836,234176,0.964750930326144,-0.03588531424650745
PRY,Paraguay,Latin America & Caribbean,2022,24273208,217142,0.8945747920917582,-0.11140676623445224,197967,0.8155782292970917,-0.20385793350581285
PRY,Paraguay,Latin America & Caribbean,2023,24273208,184552,0.760311533605282,-0.27402701705446497,171744,0.7075455374501797,-0.3459532876488307
PRY,Paraguay,Latin America & Caribbean,2024,24273208,265820,1.0951168877224633,0.0908611043499375,206757,0.8517909952405137,-0.16041409299699588
PRY,Paraguay,Latin America & Caribbean,2025,24273208,149845,0.6173267250047871,-0.48235685713729104,121226,0.4994230676060618,-0.6943017115623263
SLB,Solomon Islands,Asia-Pacific,2001,2741593,2187,0.0797711403552606,-2.528593489620843,78,0.0028450612472383755,-5.862170683608019
SLB,Solomon Islands,Asia-Pacific,2002,2741593,3866,0.14101290745927642,-1.9589038505293344,106,0.003866365284708562,-5.555440416185544
SLB,Solomon Islands,Asia-Pacific,2003,2741593,2375,0.086628467463989,-2.446126793828869,82,0.002990961824019831,-5.812160263033357
SLB,Solomon Islands,Asia-Pacific,2004,2741593,3543,0.1292314358841739,-2.046150405432139,47,0.0017143317771820981,-6.368731908587552
SLB,Solomon Islands,Asia-Pacific,2005,2741593,6549,0.23887571933543747,-1.431811865079557,520,0.01896707498158917,-3.9650506987221377
SLB,Solomon Islands,Asia-Pacific,2006,2741593,5068,0.1848560307821037,-1.688177968856581,1005,0.03665751991634061,-3.3061366898044344
SLB,Solomon Islands,Asia-Pacific,2007,2741593,5665,0.20663169186673588,-1.5768173368355038,685,0.024985473773824197,-3.6894606720353855
SLB,Solomon Islands,Asia-Pacific,2008,2741593,8171,0.29803840322031755,-1.2105329309129031,506,0.018456422962854078,-3.992342841010145
SLB,Solomon Islands,Asia-Pacific,2009,2741593,6035,0.22012749521902047,-1.5135483767659788,353,0.012875725900963418,-4.352411453364314
SLB,Solomon Islands,Asia-Pacific,2010,2741593,6418,0.2340974754458448,-1.4520176886278084,274,0.00999418950952968,-4.60575140390954
SLB,Solomon Islands,Asia-Pacific,2011,2741593,5860,0.2137443449848318,-1.5429746277265524,424,0.015465461138834248,-4.169146055065653
SLB,Solomon Islands,Asia-Pacific,2012,2741593,8807,0.3212365949285689,-1.1355773714921513,809,0.029508391654049306,-3.523080593239119
SLB,Solomon Islands,Asia-Pacific,2013,2741593,9471,0.34545609067429045,-1.0628897330715092,909,0.033155906073585685,-3.406534416120132
SLB,Solomon Islands,Asia-Pacific,2014,2741593,16939,0.6178524675252672,-0.4815055757112288,806,0.029398966221463214,-3.5267957677909823
SLB,Solomon Islands,Asia-Pacific,2015,2741593,14970,0.546032908604596,-0.6050760328839365,897,0.03271820434324132,-3.4198236482388147
SLB,Solomon Islands,Asia-Pacific,2016,2741593,17993,0.6562972695071807,-0.4211414379450919,916,0.033411232082953234,-3.3988631456234804
SLB,Solomon Islands,Asia-Pacific,2017,2741593,19762,0.7208217995887792,-0.32736332954270253,389,0.014188831091996515,-4.255300166679164
SLB,Solomon Islands,Asia-Pacific,2018,2741593,17825,0.6501694452823595,-0.430522265015114,286,0.010431891239874045,-4.562887699477758
SLB,Solomon Islands,Asia-Pacific,2019,2741593,16551,0.6037001115774661,-0.5046777083570703,518,0.018894124693198445,-3.9689042680381275
SLB,Solomon Islands,Asia-Pacific,2020,2741593,14599,0.532500630108116,-0.6301711980976307,509,0.01856584839544017,-3.9864314937470877
SLB,Solomon Islands,Asia-Pacific,2021,2741593,11999,0.43766525520017013,-0.8263009183332217,326,0.011890897007688596,-4.431982128930903
SLB,Solomon Islands,Asia-Pacific,2022,2741593,14502,0.5289625411211657,-0.6368376603660726,423,0.015428985994638883,-4.171507331251333
SLB,Solomon Islands,Asia-Pacific,2023,2741593,9578,0.3493589311031944,-1.051655429395056,343,0.012510974459009781,-4.38114906313167
SLB,Solomon Islands,Asia-Pacific,2024,2741593,11062,0.40348804508911423,-0.9076084197429873,203,0.0074044542716588495,-4.9056735312558235
SLB,Solomon Islands,Asia-Pacific,2025,2741593,7865,0.2868770090965362,-1.2487016948052325,182,0.00663847624355621,-5.0148728232208155
SLE,Sierra Leone,Africa,2001,5617880,18596,0.3310145464125257,-1.1055929577050727,5330,0.09487564704123264,-2.355188223355658
SLE,Sierra Leone,Africa,2002,5617880,15310,0.27252273099461005,-1.3000332518638187,4817,0.08574408851737667,-2.4563881338853273
SLE,Sierra Leone,Africa,2003,5617880,9099,0.16196501171260333,-1.8203749441588573,3157,0.05619557555519164,-2.8789172519575565
SLE,Sierra Leone,Africa,2004,5617880,4020,0.07155724223372517,-2.6372575589024816,1018,0.018120714575605032,-4.01069954340508
SLE,Sierra Leone,Africa,2005,5617880,6872,0.12232372353984065,-2.1010842768514566,2387,0.04248933761490099,-3.1585021141767182
SLE,Sierra Leone,Africa,2006,5617880,28526,0.5077716149152349,-0.6777235094321805,7818,0.13916281586648344,-1.972110694162648
SLE,Sierra Leone,Africa,2007,5617880,21878,0.38943516059438793,-0.9430578958358119,5571,0.09916552151345347,-2.310964890494733
SLE,Sierra Leone,Africa,2008,5617880,20925,0.3724714661046516,-0.987594845157872,4767,0.08485407306670843,-2.4668222853107227
SLE,Sierra Leone,Africa,2009,5617880,30546,0.5437282391222311,-0.6093057173851572,8574,0.152619849480587,-1.8798050933576256
SLE,Sierra Leone,Africa,2010,5617880,8782,0.1563223137553668,-1.8558352893938854,2484,0.044215967589197346,-3.1186692974621786
SLE,Sierra Leone,Africa,2011,5617880,33929,0.6039466845144432,-0.5042693556148587,10016,0.17828789507785855,-1.7243556471756682
SLE,Sierra Leone,Africa,2012,5617880,16356,0.2911418542225893,-1.2339446590310152,5010,0.089179548156956,-2.4171035464366377
SLE,Sierra Leone,Africa,2013,5617880,170277,3.030983217868662,1.108887061230467,37032,0.6591810433829132,-0.41675705780444156
SLE,Sierra Leone,Africa,2014,5617880,161513,2.874981309675536,1.05604617324576,36523,0.6501206860951106,-0.43059726241161056
SLE,Sierra Leone,Africa,2015,5617880,232762,4.143235526568741,1.4214770107598163,44809,0.7976140465798486,-0.22613044943159666
SLE,Sierra Leone,Africa,2016,5617880,177687,3.162883507657693,1.1514841139449001,26758,0.47630066857960657,-0.7417059674819835
SLE,Sierra Leone,Africa,2017,5617880,232753,4.143075323787621,1.421438343906971,39517,0.7034148112811238,-0.35180850246629863
SLE,Sierra Leone,Africa,2018,5617880,188218,3.350338561877434,1.2090614039774243,31305,0.5572386736633748,-0.5847616323361373
SLE,Sierra Leone,Africa,2019,5617880,175467,3.1233668216480237,1.1389115295038308,31638,0.5631661765648251,-0.5741805317570233
SLE,Sierra Leone,Africa,2020,5617880,154641,2.7526575861356952,1.0125668399779337,26508,0.47185059132626544,-0.7510928873074306
SLE,Sierra Leone,Africa,2021,5617880,113033,2.0120223287076264,0.699140349943123,16454,0.29288628450589904,-1.2279708527866724
SLE,Sierra Leone,Africa,2022,5617880,119929,2.134773259663788,0.758360439478174,16783,0.29874258617129595,-1.2081729922073687
SLE,Sierra Leone,Africa,2023,5617880,99682,1.7743704030701972,0.573445657509906,15385,0.2738577541706124,-1.2951464527594059
SLE,Sierra Leone,Africa,2024,5617880,130669,2.3259485784673224,0.8441279465723621,25922,0.46141961024443384,-0.7734474325322277
SLE,Sierra Leone,Africa,2025,5617880,104934,1.8678576260083875,0.6247921195616981,19272,0.3430475553055601,-1.0698861962208408
SSD,South Sudan,Africa,2001,11386557,4906,0.04308589506028908,-3.144559596216087,2201,0.019329811461006166,-3.9461067395080596
SSD,South Sudan,Africa,2002,11386557,8149,0.07156684852146264,-2.6371233217143013,3411,0.029956377507265805,-3.5080130386158754
SSD,South Sudan,Africa,2003,11386557,2063,0.01811785599457325,-4.01085730796327,1123,0.00986250716524758,-4.619014866296078
SSD,South Sudan,Africa,2004,11386557,10443,0.09171341257941272,-2.3890866445549728,5286,0.046423163735973924,-3.069956725870287
SSD,South Sudan,Africa,2005,11386557,10566,0.09279363375601597,-2.3773772433102605,5433,0.04771415977630464,-3.042527074482998
SSD,South Sudan,Africa,2006,11386557,8963,0.07871562931621912,-2.54191354967716,4311,0.0378604348970457,-3.273848646287387
SSD,South Sudan,Africa,2007,11386557,9523,0.08363370946985994,-2.4813086168404754,4599,0.040389733261775265,-3.2091796534945978
SSD,South Sudan,Africa,2008,11386557,9009,0.07911961447169676,-2.5367944643830813,4417,0.038791357211842,-3.2495578094379947
SSD,South Sudan,Africa,2009,11386557,8058,0.070767660496496,-2.6483531552832287,3817,0.0335219856186554,-3.395553768289292
SSD,South Sudan,Africa,2010,11386557,3879,0.03406648734995135,-3.3794411535945543,2393,0.02101601037082588,-3.862470733126148
SSD,South Sudan,Africa,2011,11386557,9012,0.07914596132966269,-2.5364615194823865,4749,0.04170707616007192,-3.1770844724853995
SSD,South Sudan,Africa,2012,11386557,6707,0.05890279212583751,-2.831866784934784,3629,0.03187091585279027,-3.446061413821451
SSD,South Sudan,Africa,2013,11386557,4932,0.04331423449599383,-3.1392739567502863,2155,0.01892582630552853,-3.967227818496673
SSD,South Sudan,Africa,2014,11386557,6751,0.05928921270933786,-2.8253278999926508,2953,0.025934090524466703,-3.6521969392905986
SSD,South Sudan,Africa,2015,11386557,2460,0.02160442353206505,-3.834857192108113,1286,0.011294019781396606,-4.483481916236957
SSD,South Sudan,Africa,2016,11386557,4068,0.03572633940180513,-3.331867063866071,1991,0.017485531403390858,-4.046381516970325
SSD,South Sudan,Africa,2017,11386557,6856,0.06021135273814552,-2.8098943607569056,3385,0.02972803807156105,-3.5156646356881462
SSD,South Sudan,Africa,2018,11386557,2641,0.023194017296009672,-3.763860908737389,1086,0.00953756258366774,-4.652517320540641
SSD,South Sudan,Africa,2019,11386557,3753,0.03295991931538216,-3.4124630218995007,2146,0.01884678573163073,-3.9714128978438774
SSD,South Sudan,Africa,2020,11386557,2326,0.020427597209586708,-3.8908684879559114,889,0.007807452243904808,-4.852676585520617
SSD,South Sudan,Africa,2021,11386557,2812,0.02469578820006785,-3.701122568103966,1210,0.010626566046259637,-4.544398182443735
SSD,South Sudan,Africa,2022,11386557,3463,0.03041305637867531,-3.4928832766320994,1595,0.014007746151887704,-4.268144805815576
SSD,South Sudan,Africa,2023,11386557,6182,0.05429209198179924,-2.91337669834246,2709,0.023791212743237485,-3.7384389789494263
SSD,South Sudan,Africa,2024,11386557,5577,0.04897880895866942,-3.0163675446449676,2465,0.02164833496200827,-3.832826734557731
SSD,South Sudan,Africa,2025,11386557,8372,0.07352529829693032,-2.610125737468631,3265,0.028674163752923733,-3.5517587793239898
SUR,Suriname,Latin America & Caribbean,2001,13949795,3689,0.02644483306027078,-3.6326944871984024,564,0.004043070166980948,-5.510750933297019
SUR,Suriname,Latin America & Caribbean,2002,13949795,3717,0.026645552855794653,-3.625133014497826,517,0.0037061476530658695,-5.597762310286649
SUR,Suriname,Latin America & Caribbean,2003,13949795,4546,0.032588292516126584,-3.4238021803825895,678,0.0048602864773281615,-5.326657896854682
SUR,Suriname,Latin America & Caribbean,2004,13949795,5423,0.03887512325449944,-3.2474007379540173,904,0.006480381969770882,-5.038975824402901
SUR,Suriname,Latin America & Caribbean,2005,13949795,3512,0.025175997209994843,-3.6818642300400706,801,0.005742019864808049,-5.159944237726719
SUR,Suriname,Latin America & Caribbean,2006,13949795,3404,0.024401792284402746,-3.713098695101813,749,0.005369254530263707,-5.227066201277858
SUR,Suriname,Latin America & Caribbean,2007,13949795,3626,0.025993213520342055,-3.6499197934802816,672,0.004817275092573045,-5.335546844271929
SUR,Suriname,Latin America & Caribbean,2008,13949795,7511,0.05384308514927997,-2.9216812931090663,1223,0.008767153925917908,-4.736743049107906
SUR,Suriname,Latin America & Caribbean,2009,13949795,7362,0.05277496909452791,-2.9417182708561116,1081,0.007749217820046818,-4.86016336715587
SUR,Suriname,Latin America & Caribbean,2010,13949795,7000,0.050179948880969216,-2.9921397567576276,1127,0.008078971769836045,-4.818490670755302
SUR,Suriname,Latin America & Caribbean,2011,13949795,5697,0.04083930982498309,-3.1981101853146825,856,0.00613629089172995,-5.093534808653336
SUR,Suriname,Latin America & Caribbean,2012,13949795,19502,0.13980133758238025,-1.9675328814000137,2697,0.019333617447424855,-3.945909861655348
SUR,Suriname,Latin America & Caribbean,2013,13949795,10203,0.07314085977607557,-2.6153681111197726,1973,0.014143577020307467,-4.258494678772463
SUR,Suriname,Latin America & Caribbean,2014,13949795,14748,0.10572198372807629,-2.246942425441043,2770,0.019856922628612106,-3.919202585613694
SUR,Suriname,Latin America & Caribbean,2015,13949795,11921,0.08545645294429058,-2.4597483550770765,2310,0.01655938313071984,-4.100802381279239
SUR,Suriname,Latin America & Caribbean,2016,13949795,16878,0.12099102531614264,-2.1120389070771663,4233,0.030344531944734673,-3.4951389442741543
SUR,Suriname,Latin America & Caribbean,2017,13949795,18018,0.12916318841961477,-2.046678647583693,2472,0.017720690519107987,-4.033022366217496
SUR,Suriname,Latin America & Caribbean,2018,13949795,19001,0.136209886955328,-1.993558296452546,2008,0.014394476764712312,-4.240910703983459
SUR,Suriname,Latin America & Caribbean,2019,13949795,18454,0.13228868237848657,-2.022768756656577,2487,0.017828218980995778,-4.026972740991673
SUR,Suriname,Latin America & Caribbean,2020,13949795,15096,0.10821664404387304,-2.223620097746692,2367,0.01696799128589345,-4.076426575281094
SUR,Suriname,Latin America & Caribbean,2021,13949795,12262,0.08790093331120637,-2.4315448564724447,1343,0.009627381621020238,-4.643143988271841
SUR,Suriname,Latin America & Caribbean,2022,13949795,14542,0.10424525951815063,-2.261008891585076,1377,0.009871112801299231,-4.618142686066423
SUR,Suriname,Latin America & Caribbean,2023,13949795,26116,0.1872142207107703,-1.675501752488554,3961,0.028394682502502724,-3.5615533871731615
SUR,Suriname,Latin America & Caribbean,2024,13949795,34034,0.24397491145927233,-1.410689880863696,3156,0.022623988381191264,-3.788744502829313
SUR,Suriname,Latin America & Caribbean,2025,13949795,14442,0.10352840310556535,-2.267909277783951,1564,0.011211634292833695,-4.490803263689822
THA,Thailand,Asia-Pacific,2001,19955448,36093,0.18086790133701836,-1.7099883410368923,32491,0.16281769269224125,-1.8151241538478964
THA,Thailand,Asia-Pacific,2002,19955448,60880,0.30507959530650475,-1.1871825682029593,54718,0.2742008097237406,-1.2938945588176538
THA,Thailand,Asia-Pacific,2003,19955448,58436,0.29283231326102027,-1.228155143486122,51878,0.2599691071831612,-1.3471924735523928
THA,Thailand,Asia-Pacific,2004,19955448,91800,0.46002475113562974,-0.7764749841299448,81740,0.4096124526996337,-0.8925438036202584
THA,Thailand,Asia-Pacific,2005,19955448,84259,0.4222355719600983,-0.8621918933034786,73893,0.3702898576869835,-0.9934691808868077
THA,Thailand,Asia-Pacific,2006,19955448,99800,0.5001140540668393,-0.6929190984389714,89134,0.44666499093380413,-0.8059464263530641
THA,Thailand,Asia-Pacific,2007,19955448,92617,0.4641188711974795,-0.7676145716408024,79882,0.4003017120938603,-0.915536735965875
THA,Thailand,Asia-Pacific,2008,19955448,80120,0.40149436885606377,-0.9125617709587721,71516,0.3583783235535479,-1.026166080866816
THA,Thailand,Asia-Pacific,2009,19955448,132625,0.6646054751564585,-0.4085616848222424,117274,0.5876791139943338,-0.5315742045447542
THA,Thailand,Asia-Pacific,2010,19955448,134876,0.6758856027687277,-0.3917314439331019,119576,0.5992148109127893,-0.5121351292728763
THA,Thailand,Asia-Pacific,2011,19955448,94522,0.47366513645797376,-0.7472546701185887,84537,0.42362867523695785,-0.8588979734077918
THA,Thailand,Asia-Pacific,2012,19955448,114479,0.5736729137827424,-0.5556958816965903,100797,0.5051101834446413,-0.6829786884667775
THA,Thailand,Asia-Pacific,2013,19955448,84738,0.4246359189731045,-0.8565231384414078,67563,0.33856919674266395,-1.083026785829305
THA,Thailand,Asia-Pacific,2014,19955448,137592,0.6894959211138733,-0.37179449748219834,114342,0.5729863844700455,-0.5568933243820957
THA,Thailand,Asia-Pacific,2015,19955448,120750,0.6050979161179443,-0.5023649892237076,100491,0.5035767676075226,-0.6860191105061062
THA,Thailand,Asia-Pacific,2016,19955448,171584,0.8598353692685827,-0.15101433914289547,141169,0.7074208506869903,-0.34612952754337156
THA,Thailand,Asia-Pacific,2017,19955448,196353,0.983956862306474,-0.01617322201028296,171231,0.8580664287767431,-0.15307375967444944
THA,Thailand,Asia-Pacific,2018,19955448,133517,0.6690754324332884,-0.4018584711992699,114507,0.5738132263430017,-0.5554513252596068
THA,Thailand,Asia-Pacific,2019,19955448,129771,0.6503036163357495,-0.43031592309566036,109260,0.5475196547829946,-0.602356918788818
THA,Thailand,Asia-Pacific,2020,19955448,119392,0.5982927569453715,-0.5136750847176422,97217,0.487170220382925,-0.7191416884633728
THA,Thailand,Asia-Pacific,2021,19955448,122794,0.6153407330168684,-0.48557912717188634,104477,0.5235512627929977,-0.6471203302699156
THA,Thailand,Asia-Pacific,2022,19955448,110658,0.5545252604702234,-0.5896429178276658,93777,0.4699318201225049,-0.7551676583699085
THA,Thailand,Asia-Pacific,2023,19955448,141859,0.7108785530648072,-0.34125367521073463,122740,0.6150701302220827,-0.4860189847954387
THA,Thailand,Asia-Pacific,2024,19955448,141658,0.7098713093286605,-0.34267157984202734,124105,0.6219103675347203,-0.4749593002688138
THA,Thailand,Asia-Pacific,2025,19955448,111551,0.5590002289099197,-0.5816053963281598,95913,0.48063566400513785,-0.7326457511813511
TWN,Taiwan,Asia-Pacific,2001,2342181,1159,0.049483793097117604,-3.0061100751980048,254,0.010844593137763477,-4.52408865151922
TWN,Taiwan,Asia-Pacific,2002,2342181,1005,0.04290872481674132,-3.14868009804458,301,0.012851269820735459,-4.354312653788881
TWN,Taiwan,Asia-Pacific,2003,2342181,1125,0.04803215464560595,-3.035884603899236,278,0.011869279103536405,-4.4338018048471195
TWN,Taiwan,Asia-Pacific,2004,2342181,1858,0.0793277718502541,-2.534166999163973,426,0.018188175892469453,-4.006983572268386
TWN,Taiwan,Asia-Pacific,2005,2342181,1522,0.06498216832943313,-2.7336423801161254,313,0.013363612803621923,-4.3152197279976034
TWN,Taiwan,Asia-Pacific,2006,2342181,2077,0.08867803128793206,-2.422743094661644,601,0.02565984439289705,-3.662827984002549
TWN,Taiwan,Asia-Pacific,2007,2342181,1730,0.07386278003279849,-2.6055462310459316,567,0.0242082059413854,-3.7210636148100042
TWN,Taiwan,Asia-Pacific,2008,2342181,2311,0.0986687194542181,-2.315987308263376,711,0.030356321736022963,-3.4947504887345158
TWN,Taiwan,Asia-Pacific,2009,2342181,8162,0.3484786188599429,-1.0541784025720056,794,0.03390002736765434,-3.3843394572906207
TWN,Taiwan,Asia-Pacific,2010,2342181,2460,0.10503031149172502,-2.253506289611348,481,0.020536414564032414,-3.8855556484319953
TWN,Taiwan,Asia-Pacific,2011,2342181,1461,0.06237775816642693,-2.774546506787057,423,0.01806009014674784,-4.014050739491478
TWN,Taiwan,Asia-Pacific,2012,2342181,1460,0.06233506291785306,-2.775231203835374,375,0.016010718215201985,-4.134496892567346
TWN,Taiwan,Asia-Pacific,2013,2342181,953,0.04068857189089998,-3.201808014883554,261,0.011143459877780582,-4.496902511215063
TWN,Taiwan,Asia-Pacific,2014,2342181,1054,0.04500079199686104,-3.101075189436449,380,0.016224194458071346,-4.121251665817325
TWN,Taiwan,Asia-Pacific,2015,2342181,943,0.04026161940516126,-3.2123566359042988,422,0.01801739489817397,-4.016417604501744
TWN,Taiwan,Asia-Pacific,2016,2342181,3322,0.14183361576240264,-1.9531006283645163,1302,0.05558921364318129,-2.8897660957692417
TWN,Taiwan,Asia-Pacific,2017,2342181,2584,0.11032452231488514,-2.204329053635264,1091,0.046580516194094305,-3.066572932704686
TWN,Taiwan,Asia-Pacific,2018,2342181,1901,0.08116366753893059,-2.511287576049327,833,0.03556514206203534,-3.3363892763709138
TWN,Taiwan,Asia-Pacific,2019,2342181,1426,0.060883424466341415,-2.798794317563515,635,0.027111482844408695,-3.6077979196450647
TWN,Taiwan,Asia-Pacific,2020,2342181,1461,0.06237775816642693,-2.774546506787057,637,0.02719687334155644,-3.604653262965593
TWN,Taiwan,Asia-Pacific,2021,2342181,1463,0.06246314866357468,-2.773178517517632,652,0.027837302070164518,-3.5813783566111033
TWN,Taiwan,Asia-Pacific,2022,2342181,1513,0.06459791109226827,-2.7395732047494006,644,0.02749574008157354,-3.593724192433403
TWN,Taiwan,Asia-Pacific,2023,2342181,1965,0.0838961634476584,-2.4781753942343947,728,0.031082140961778786,-3.4711218703410704
TWN,Taiwan,Asia-Pacific,2024,2342181,3735,0.15946675342341177,-1.8359198209708387,774,0.033046122396176894,-3.4098510449480295
TWN,Taiwan,Asia-Pacific,2025,2342181,3057,0.13051937489032658,-2.036233596646922,811,0.034625846593410156,-3.3631548644223437
TZA,Tanzania,Africa,2001,26405607,82214,0.3113505400576476,-1.166835863097499,60087,0.22755394337270868,-1.4803679549719566
TZA,Tanzania,Africa,2002,26405607,85080,0.32220429547406354,-1.1325694766271253,60090,0.22756530459610338,-1.4803180286133253
TZA,Tanzania,Africa,2003,26405607,84067,0.3183679890411154,-1.1445473669972552,62207,0.23558254123830594,-1.4456939333532743
TZA,Tanzania,Africa,2004,26405607,66892,0.2533249851063829,-1.3730820884402852,46595,0.17645873469221895,-1.734668227721543
TZA,Tanzania,Africa,2005,26405607,91584,0.3468354277938015,-1.0589048830251762,68747,0.2603500082387805,-1.3457283677282112
TZA,Tanzania,Africa,2006,26405607,85295,0.32301851648401797,-1.1300456308266789,64175,0.24303550378523772,-1.4145477402019577
TZA,Tanzania,Africa,2007,26405607,121683,0.46082258211295807,-0.7747421644797026,99733,0.3776962976083072,-0.9736648517785239
TZA,Tanzania,Africa,2008,26405607,164248,0.6220194067116124,-0.4747839862286986,131493,0.49797378261366987,-0.697207848697376
TZA,Tanzania,Africa,2009,26405607,143354,0.5428922728419006,-0.6108443712869607,121385,0.45969403392241653,-0.7771941544520915
TZA,Tanzania,Africa,2010,26405607,138482,0.5244416460488865,-0.6454211136767247,110026,0.41667665507556784,-0.8754447654598653
TZA,Tanzania,Africa,2011,26405607,137796,0.5218437129659621,-0.6503871363771092,116822,0.4424136131390579,-0.8155100581374467
TZA,Tanzania,Africa,2012,26405607,154430,0.5848379096151813,-0.5364205477242522,120579,0.45664165190370365,-0.7838563271815865
TZA,Tanzania,Africa,2013,26405607,181509,0.6873880990503267,-0.3748562277067803,130688,0.4949251876694219,-0.703348663857016
TZA,Tanzania,Africa,2014,26405607,198221,0.7506776875078085,-0.28677889709371823,148053,0.5606877357524862,-0.5785911491923431
TZA,Tanzania,Africa,2015,26405607,111960,0.4240008570906929,-0.8580198023119089,82023,0.3106272088348509,-1.1691617712193807
TZA,Tanzania,Africa,2016,26405607,152853,0.5788656931840271,-0.5466847917295492,122397,0.46352655328089976,-0.7688916069852277
TZA,Tanzania,Africa,2017,26405607,194869,0.7379834139014491,-0.30383392902249784,152983,0.5793580128644648,-0.5458346628511341
TZA,Tanzania,Africa,2018,26405607,171703,0.6502520468474745,-0.4303952268729025,138229,0.5234835162092657,-0.6472497368286759
TZA,Tanzania,Africa,2019,26405607,142771,0.5406844084288613,-0.6149195189099564,112785,0.427125193524239,-0.8506781154610619
TZA,Tanzania,Africa,2020,26405607,186209,0.7051873490353773,-0.3492917681607763,150398,0.5695684253726869,-0.5628763534041802
TZA,Tanzania,Africa,2021,26405607,165068,0.625124807772834,-0.4698039567450818,132755,0.5027530705883793,-0.687656142762986
TZA,Tanzania,Africa,2022,26405607,160657,0.6084200223081409,-0.4968898093618197,127758,0.4838290594872521,-0.7260236175268452
TZA,Tanzania,Africa,2023,26405607,229025,0.8673347293247226,-0.1423302990578894,182625,0.69161447415316,-0.3687265968882981
TZA,Tanzania,Africa,2024,26405607,225765,0.8549888665691343,-0.1566668316867261,174944,0.6625259551882295,-0.41169554424657295
TZA,Tanzania,Africa,2025,26405607,203747,0.77160506100087,-0.2592824388729681,159324,0.6033718520464233,-0.5052216022573964
UGA,Uganda,Africa,2001,7764952,29659,0.3819598627267754,-0.9624397472918236,25086,0.32306703248133406,-1.1298954463890762
UGA,Uganda,Africa,2002,7764952,10840,0.13960163565724554,-1.9689623719800589,8933,0.11504256562049579,-2.162453083271857
UGA,Uganda,Africa,2003,7764952,11980,0.15428298848466804,-1.8689667753042558,9142,0.11773414697218991,-2.1393261880820065
UGA,Uganda,Africa,2004,7764952,18077,0.23280246935203205,-1.4575649559988417,14266,0.1837229644175521,-1.6943262841357127
UGA,Uganda,Africa,2005,7764952,29172,0.3756880918259379,-0.9789960228695725,24675,0.31777401843565806,-1.146414782672014
UGA,Uganda,Africa,2006,7764952,28448,0.36636414494255726,-1.0041275086600652,24180,0.3113992204974351,-1.1666795228049125
UGA,Uganda,Africa,2007,7764952,36627,0.4716964122894771,-0.7514196946367311,30680,0.39510868837308977,-0.9285943914925037
UGA,Uganda,Africa,2008,7764952,36926,0.4755470478117572,-0.7432894580180078,32314,0.416151960759062,-0.8767047951369202
UGA,Uganda,Africa,2009,7764952,23294,0.29998897610699976,-1.2040095513110989,19323,0.24884893042481138,-1.3909092717586957
UGA,Uganda,Africa,2010,7764952,34149,0.43978378745934293,-0.8214720649803698,28292,0.36435511771354157,-1.0096262888178156
UGA,Uganda,Africa,2011,7764952,65067,0.837957530194649,-0.17678785974297923,55766,0.7181757208544238,-0.331041003310971
UGA,Uganda,Africa,2012,7764952,29141,0.37528886205606937,-0.9800592507234074,24666,0.3176581130185995,-1.1467795908477627
UGA,Uganda,Africa,2013,7764952,47750,0.6149426293942319,-0.48622630106481984,37840,0.4873178868330416,-0.7188386238078815
UGA,Uganda,Africa,2014,7764952,54913,0.7071904629932033,-0.3464552533361685,43975,0.5663267461279864,-0.5685840773679371
UGA,Uganda,Africa,2015,7764952,54021,0.6957029483247289,-0.362832508136081,43659,0.5622571781512622,-0.5757959213922603
UGA,Uganda,Africa,2016,7764952,67486,0.8691103306240656,-0.1402851990323733,53851,0.6935136237802887,-0.36598439445944814
UGA,Uganda,Africa,2017,7764952,116903,1.5055212189334848,0.40913916311697024,97596,1.2568783425834442,0.22863114098107942
UGA,Uganda,Africa,2018,7764952,86230,1.1105026792181072,0.10481277697267397,68886,0.8871400621665143,-0.11975240365182925
UGA,Uganda,Africa,2019,7764952,63268,0.8147893251626024,-0.2048256958903168,47808,0.6156895754152762,-0.485012378481207
UGA,Uganda,Africa,2020,7764952,73602,0.9478745007052201,-0.05353316871288917,53782,0.6926250155828394,-0.3672665292963895
UGA,Uganda,Africa,2021,7764952,49245,0.6341958070056325,-0.4553975283698934,35223,0.4536151672283357,-0.7905060896753746
UGA,Uganda,Africa,2022,7764952,64135,0.8259548803392475,-0.191215131239745,49044,0.6316072526913238,-0.45948751362141854
UGA,Uganda,Africa,2023,7764952,68916,0.8875264135567097,-0.11931699632139932,51847,0.6677053509152406,-0.40390829419918894
UGA,Uganda,Africa,2024,7764952,64859,0.835278827222628,-0.17998968505424645,49001,0.6310534823653772,-0.46036466192591086
UGA,Uganda,Africa,2025,7764952,58786,0.7570684274674203,-0.27830163667424423,42484,0.5471250820352785,-0.6030778335322659
VEN,Venezuela,Latin America & Caribbean,2001,56519470,123901,0.21921826230854607,-1.5176874139272531,93391,0.16523686439380977,-1.8003752927059415
VEN,Venezuela,Latin America & Caribbean,2002,56519470,90340,0.15983872460233614,-1.8335899433283416,72933,0.12904048817159822,-2.0476290620694395
VEN,Venezuela,Latin America & Caribbean,2003,56519470,87218,0.15431496438307013,-1.8687595419236103,61737,0.10923138521999587,-2.214286846526278
VEN,Venezuela,Latin America & Caribbean,2004,56519470,90926,0.16087553545707348,-1.8271242846668883,69254,0.12253122684979176,-2.0993893684226443
VEN,Venezuela,Latin America & Caribbean,2005,56519470,94954,0.16800228310704257,-1.7837777097483478,76440,0.13524542958382307,-2.000664154182727
VEN,Venezuela,Latin America & Caribbean,2006,56519470,85504,0.15128238109805348,-1.8886071150806736,65620,0.1161015841089805,-2.153289746021844
VEN,Venezuela,Latin America & Caribbean,2007,56519470,114340,0.20230196779976883,-1.5979938077189744,87020,0.1539646426266913,-1.8710322962622654
VEN,Venezuela,Latin America & Caribbean,2008,56519470,120586,0.2133530268419007,-1.5448070822357323,96589,0.17089509154986768,-1.7667054104558049
VEN,Venezuela,Latin America & Caribbean,2009,56519470,142453,0.2520423493001615,-1.3781581528115814,114089,0.20185787304799568,-1.6001914279950142
VEN,Venezuela,Latin America & Caribbean,2010,56519470,101297,0.17922496442376407,-1.7191134777436305,70750,0.12517810234243174,-2.0780177370314523
VEN,Venezuela,Latin America & Caribbean,2011,56519470,74407,0.13164843902464055,-2.02762025012006,53614,0.0948593466994648,-2.3553600455534145
VEN,Venezuela,Latin America & Caribbean,2012,56519470,105952,0.1874610643022661,-1.6741841121899637,77894,0.13781799440086753,-1.9818213454672797
VEN,Venezuela,Latin America & Caribbean,2013,56519470,64489,0.11410050377330148,-2.1706756069327806,43228,0.07648337820577582,-2.5706818401138802
VEN,Venezuela,Latin America & Caribbean,2014,56519470,100940,0.17859332368120226,-1.722643992642683,75490,0.1335645928739247,-2.013170076403266
VEN,Venezuela,Latin America & Caribbean,2015,56519470,61336,0.10852189519823877,-2.2208033272982064,45220,0.08000782739116273,-2.5256308067049758
VEN,Venezuela,Latin America & Caribbean,2016,56519470,207337,0.36684172728442077,-1.0028247847526457,91965,0.16271384002716233,-1.8157622036720387
VEN,Venezuela,Latin America & Caribbean,2017,56519470,166998,0.2954698619785359,-1.219188437257662,125492,0.22203322147217588,-1.5049282620346813
VEN,Venezuela,Latin America & Caribbean,2018,56519470,112166,0.19845550568680137,-1.617190356692194,74859,0.13244816343819218,-2.0215639294365073
VEN,Venezuela,Latin America & Caribbean,2019,56519470,140699,0.24893899394314914,-1.3905474167802534,63744,0.11278237393238118,-2.1822952115926664
VEN,Venezuela,Latin America & Caribbean,2020,56519470,139221,0.24632396588290725,-1.4011076749640523,81899,0.1449040481094391,-1.9316834927825286
VEN,Venezuela,Latin America & Caribbean,2021,56519470,64337,0.11383156989971774,-2.173035380123514,43068,0.07620028991779293,-2.574390011601329
VEN,Venezuela,Latin America & Caribbean,2022,56519470,55749,0.09863680604223642,-2.316310800595176,38911,0.06884530233563761,-2.675893286554481
VEN,Venezuela,Latin America & Caribbean,2023,56519470,76608,0.1355426722862051,-1.9984687636192915,51536,0.09118273755928709,-2.3948896809659566
VEN,Venezuela,Latin America & Caribbean,2024,56519470,145093,0.2567133060518791,-1.359795357419685,62693,0.1109228377406936,-2.1989204748916613
VEN,Venezuela,Latin America & Caribbean,2025,56519470,63795,0.11287260832417573,-2.181495456181093,46717,0.08265647218560258,-2.493062149425295
VNM,Vietnam,Asia-Pacific,2001,16550835,47457,0.2867347780338575,-1.2491976088320524,24565,0.14842151468490863,-1.907698981095993
VNM,Vietnam,Asia-Pacific,2002,16550835,49624,0.29982777303984964,-1.204547059045788,34128,0.2062010768640978,-1.5789034849876098
VNM,Vietnam,Asia-Pacific,2003,16550835,43005,0.259835833056157,-1.3477052587131617,20175,0.1218971731637709,-2.104577432560592
VNM,Vietnam,Asia-Pacific,2004,16550835,73882,0.4463943964156491,-0.8065524208261506,38481,0.23250186470954487,-1.4588570337307811
VNM,Vietnam,Asia-Pacific,2005,16550835,102213,0.6175700500911283,-0.48196277547087596,53743,0.324714734936334,-1.124808220747968
VNM,Vietnam,Asia-Pacific,2006,16550835,78782,0.47600015346657737,-0.742337102341993,37887,0.22891292191602416,-1.474413601384462
VNM,Vietnam,Asia-Pacific,2007,16550835,80230,0.48474895677468843,-0.7241241369510398,32846,0.1984552441009774,-1.6171916748012354
VNM,Vietnam,Asia-Pacific,2008,16550835,108305,0.6543778606940375,-0.4240703257236631,69740,0.42136846872076245,-0.8642476054690994
VNM,Vietnam,Asia-Pacific,2009,16550835,137761,0.8323507545087604,-0.1835013470623689,67990,0.41079498405971665,-0.8896610111782363
VNM,Vietnam,Asia-Pacific,2010,16550835,174282,1.053010316397934,0.051653030252881905,109717,0.6629091523176928,-0.41111732334693074
VNM,Vietnam,Asia-Pacific,2011,16550835,130811,0.7903589154263214,-0.2352681133702057,74391,0.44946976995420473,-0.7996866799366812
VNM,Vietnam,Asia-Pacific,2012,16550835,181276,1.095268003094708,0.09099908500632162,86708,0.5238889759942625,-0.6464754949839274
VNM,Vietnam,Asia-Pacific,2013,16550835,132425,0.8001106892794231,-0.22300519928601414,31482,0.19021396805659654,-1.6596056927839749
VNM,Vietnam,Asia-Pacific,2014,16550835,217325,1.3130757451210167,0.27237228224852356,60369,0.36474896885867086,-1.0085459185642638
VNM,Vietnam,Asia-Pacific,2015,16550835,217883,1.3164471762300813,0.27493657475125854,51775,0.31282409618608364,-1.1621142394349568
VNM,Vietnam,Asia-Pacific,2016,16550835,353431,2.1354270041360452,0.7586666286201245,92430,0.5584612498402649,-0.5825700454399182
VNM,Vietnam,Asia-Pacific,2017,16550835,287000,1.7340514844115116,0.5504605690430165,74392,0.4494758119454396,-0.7996732375407084
VNM,Vietnam,Asia-Pacific,2018,16550835,225177,1.3605174602973202,0.307865112894439,51922,0.3137122688976115,-1.1592790542614444
VNM,Vietnam,Asia-Pacific,2019,16550835,216777,1.3097647339243006,0.26984752866021167,52331,0.3161834433126788,-1.151432717017652
VNM,Vietnam,Asia-Pacific,2020,16550835,207648,1.2546073959410506,0.22682269172215336,52510,0.3172649597437229,-1.1480180190668368
VNM,Vietnam,Asia-Pacific,2021,16550835,193094,1.166672255508559,0.15415547025169185,41298,0.24952215401821118,-1.3882075740723223
VNM,Vietnam,Asia-Pacific,2022,16550835,165149,0.9978288104497447,-0.0021735499995610176,40733,0.24610842897050209,-1.4019830719867583
VNM,Vietnam,Asia-Pacific,2023,16550835,135321,0.8176082958956451,-0.20137191294077236,35210,0.21273851138024155,-1.5476915135496434
VNM,Vietnam,Asia-Pacific,2024,16550835,128462,0.7761662780155805,-0.2533885059594234,37202,0.22477415792012911,-1.4926591234418454
VNM,Vietnam,Asia-Pacific,2025,16550835,118343,0.7150273687097962,-0.3354344591049112,35259,0.21303456895075082,-1.5463008308977777
VUT,Vanuatu,Asia-Pacific,2001,1181153,124,0.01049821657312812,-4.556549886423109,23,0.0019472498482415064,-6.241337236098996
VUT,Vanuatu,Asia-Pacific,2002,1181153,108,0.009143607983047074,-4.694700224903926,41,0.0034711845120826853,-5.663259385323838
VUT,Vanuatu,Asia-Pacific,2003,1181153,529,0.044786746509554644,-3.1058430201698464,45,0.0038098366596029474,-5.570168962257826
VUT,Vanuatu,Asia-Pacific,2004,1181153,378,0.03200262794066476,-3.4419372564085577,70,0.005926412581604585,-5.128336209978786
VUT,Vanuatu,Asia-Pacific,2005,1181153,254,0.021504411367536634,-3.839497185009609,50,0.0042331518440032745,-5.464808446599999
VUT,Vanuatu,Asia-Pacific,2006,1181153,219,0.018541205076734343,-3.9877597222116448,33,0.0027938802170421615,-5.880323890561665
VUT,Vanuatu,Asia-Pacific,2007,1181153,112,0.009482260130567336,-4.658332580733051,44,0.003725173622722882,-5.592641818109884
VUT,Vanuatu,Asia-Pacific,2008,1181153,194,0.016424629154732705,-4.1089732929648175,66,0.005587760434084323,-5.18717671000172
VUT,Vanuatu,Asia-Pacific,2009,1181153,1096,0.09279068842055178,-2.3774089845201845,76,0.006434390802884978,-5.046098111741815
VUT,Vanuatu,Asia-Pacific,2010,1181153,308,0.026076215359060174,-3.646731669054571,59,0.004995119175923864,-5.299294008122426
VUT,Vanuatu,Asia-Pacific,2011,1181153,607,0.05139046338619976,-2.9683026609686474,43,0.003640510585842816,-5.615631336334583
VUT,Vanuatu,Asia-Pacific,2012,1181153,198,0.016763281302252967,-4.0885644213336105,68,0.005757086507844454,-5.157323746852039
VUT,Vanuatu,Asia-Pacific,2013,1181153,1111,0.09406063397375276,-2.3638156623885154,352,0.029801388981783056,-3.5132002764300485
VUT,Vanuatu,Asia-Pacific,2014,1181153,634,0.05367636538196152,-2.9247824975909196,148,0.012530129458249693,-4.37961917826403
VUT,Vanuatu,Asia-Pacific,2015,1181153,3476,0.29428871619510766,-1.2231939656428628,202,0.01710193344977323,-4.068563754626941
VUT,Vanuatu,Asia-Pacific,2016,1181153,1341,0.11353313245616783,-2.175660568746467,248,0.02099643314625624,-3.8634027058631633
VUT,Vanuatu,Asia-Pacific,2017,1181153,436,0.03691308407970856,-3.299189208679111,77,0.0065190538397650434,-5.033026030174462
VUT,Vanuatu,Asia-Pacific,2018,1181153,1031,0.08728759102334753,-2.4385469680111855,33,0.0027938802170421615,-5.880323890561665
VUT,Vanuatu,Asia-Pacific,2019,1181153,252,0.021335085293776503,-3.8474023645167224,55,0.0046564670284036025,-5.3694982667956745
VUT,Vanuatu,Asia-Pacific,2020,1181153,3935,0.33314905012305773,-1.0991652911766419,208,0.01760991167105362,-4.039293372326828
VUT,Vanuatu,Asia-Pacific,2021,1181153,58,0.004910456139043799,-5.316388441481726,9,0.0007619673319205894,-7.179606874691926
VUT,Vanuatu,Asia-Pacific,2022,1181153,48,0.004063825770243144,-5.505630441120254,8,0.000677304295040524,-7.2973899103483095
VUT,Vanuatu,Asia-Pacific,2023,1181153,840,0.07111695097925502,-2.643429560190786,119,0.010074901388727794,-4.597707958916616
VUT,Vanuatu,Asia-Pacific,2024,1181153,311,0.02633020446970037,-3.6370385398489113,59,0.004995119175923864,-5.299294008122426
VUT,Vanuatu,Asia-Pacific,2025,1181153,292,0.024721606768979124,-3.700077649759864,112,0.009482260130567336,-4.658332580733051
ZAF,South Africa,Africa,2001,5983121,77645,1.297734075576944,0.2606197248558047,5425,0.09067174138714561,-2.4005095317388245
ZAF,South Africa,Africa,2002,5983121,47680,0.796908503103982,-0.22701540840825354,4115,0.06877681397384408,-2.6768885970363145
ZAF,South Africa,Africa,2003,5983121,92573,1.5472359659782913,0.43647009129617664,5676,0.09486687633427437,-2.3552806718675514
ZAF,South Africa,Africa,2004,5983121,72602,1.2134469618782573,0.19346503849532412,8529,0.14255101977713638,-1.9480553098283753
ZAF,South Africa,Africa,2005,5983121,104652,1.7491205676769699,0.559113128867501,5681,0.09495044475951597,-2.354400157590358
ZAF,South Africa,Africa,2006,5983121,104944,1.7540009637110798,0.5618994433860318,7508,0.12548634734279984,-2.0755583124410855
ZAF,South Africa,Africa,2007,5983121,47105,0.787298134201197,-0.23914827866471677,6344,0.10603161794655332,-2.244017946832801
ZAF,South Africa,Africa,2008,5983121,81376,1.3600928344922325,0.3075529580743614,6102,0.10198690616485945,-2.28291084487087
ZAF,South Africa,Africa,2009,5983121,67279,1.1244800163660404,0.11732072113085935,5454,0.09115643825354694,-2.395178146741951
ZAF,South Africa,Africa,2010,5983121,61759,1.0322204748993042,0.031712282710241214,4164,0.06959578454121185,-2.6650512804126256
ZAF,South Africa,Africa,2011,5983121,69617,1.1635566120090166,0.1514813592237126,5143,0.08595848220351887,-2.4538908643725685
ZAF,South Africa,Africa,2012,5983121,84897,1.4189417195473732,0.34991132583858764,4957,0.08284973678453102,-2.4907267121269108
ZAF,South Africa,Africa,2013,5983121,56369,0.9421337124888499,-0.05960806916180687,6177,0.10324043254348357,-2.2706947144515857
ZAF,South Africa,Africa,2014,5983121,69667,1.1643922962614328,0.15219931680890214,7979,0.1333584930005594,-2.014714340839204
ZAF,South Africa,Africa,2015,5983121,70157,1.1725820019351105,0.15920815657730078,6650,0.11114600557133977,-2.196910576497585
ZAF,South Africa,Africa,2016,5983121,73546,1.229224680563873,0.20638362963092957,8170,0.13655080684478887,-1.9910585222934363
ZAF,South Africa,Africa,2017,5983121,94056,1.5720223609049524,0.4523629184000922,9868,0.16493064405683924,-1.8022302324982375
ZAF,South Africa,Africa,2018,5983121,63667,1.064110185971502,0.06213894380156081,8043,0.134428168843652,-2.0067252832434157
ZAF,South Africa,Africa,2019,5983121,76140,1.2725799795792196,0.2410463197890035,6709,0.11213211298919076,-2.1880775225845968
ZAF,South Africa,Africa,2020,5983121,62247,1.0403767532028851,0.039582910247075824,7867,0.13148656027514738,-2.0288506358182423
ZAF,South Africa,Africa,2021,5983121,52068,0.870248153096018,-0.1389768745611338,6454,0.10787012330186871,-2.226827337535578
ZAF,South Africa,Africa,2022,5983121,40980,0.6849268132802262,-0.37844328835459407,4647,0.07766849441955127,-2.5553055810625063
ZAF,South Africa,Africa,2023,5983121,29571,0.49424038056392305,-0.7047332798139363,4016,0.06712215915406022,-2.7012410487759198
ZAF,South Africa,Africa,2024,5983121,39557,0.6611432394564642,-0.4137847614623283,3956,0.06611933805116092,-2.716294017404882
ZAF,South Africa,Africa,2025,5983121,27424,0.45835609876517625,-0.7801088887499785,3803,0.06356214423876769,-2.7557372022192252
ZMB,Zambia,Africa,2001,24075024,30104,0.12504245063265565,-2.0791019942713374,22613,0.09392721685344944,-2.365235085421616
ZMB,Zambia,Africa,2002,24075024,46275,0.19221164639337432,-1.6491581891029121,32346,0.13435500625046107,-2.0072696818648863
ZMB,Zambia,Africa,2003,24075024,42088,0.1748201787877761,-1.743997383133967,29706,0.12338928509479367,-2.0924110019551323
ZMB,Zambia,Africa,2004,24075024,28472,0.11826364119097035,-2.1348388993545817,22068,0.09166346002396508,-2.389631452152289
ZMB,Zambia,Africa,2005,24075024,57545,0.23902364541775742,-1.4311927971420189,41270,0.17142246670242156,-1.7636242037979828
ZMB,Zambia,Africa,2006,24075024,40469,0.16809536721541793,-1.7832237986414654,30541,0.12685760977849908,-2.0646900043656875
ZMB,Zambia,Africa,2007,24075024,53768,0.2233351875370924,-1.4990815528948085,37226,0.154624975659422,-1.8667526056863317
ZMB,Zambia,Africa,2008,24075024,66102,0.27456670448178994,-1.2925610439764903,51195,0.2126477630925726,-1.5481181765356933
ZMB,Zambia,Africa,2009,24075024,117626,0.48858102903656503,-0.716249948099019,94931,0.39431321023812893,-0.9306097356465076
ZMB,Zambia,Africa,2010,24075024,172816,0.7178227527415965,-0.3315326028863549,132170,0.5489921837668781,-0.5996710747927579
ZMB,Zambia,Africa,2011,24075024,60115,0.24969860881550937,-1.387500653135601,49410,0.20523344026572932,-1.5836072147048146
ZMB,Zambia,Africa,2012,24075024,128442,0.5335072563167538,-0.6282826069893329,96096,0.3991522500662928,-0.9184123557615534
ZMB,Zambia,Africa,2013,24075024,84673,0.35170473765675164,-1.0449632688600563,51206,0.2126934535973879,-1.5479033348829299
ZMB,Zambia,Africa,2014,24075024,114810,0.4768842598038531,-0.7404814594567527,77915,0.3236341529711455,-1.1281415586648955
ZMB,Zambia,Africa,2015,24075024,87182,0.36212632643689163,-1.0157621599738451,58627,0.24351792961867869,-1.4125647062393452
ZMB,Zambia,Africa,2016,24075024,141401,0.5873348246714105,-0.5321602219892233,91375,0.37954271613602547,-0.9687881294925306
ZMB,Zambia,Africa,2017,24075024,162432,0.6746909161959714,-0.3935005949106054,112352,0.4666745088187659,-0.7621232475764516
ZMB,Zambia,Africa,2018,24075024,143920,0.5977979502741098,-0.5145024579201957,97534,0.4051252451503267,-0.9035590123979262
ZMB,Zambia,Africa,2019,24075024,124580,0.5174657354443344,-0.6588119677364737,81103,0.33687609200306506,-1.0880400957565892
ZMB,Zambia,Africa,2020,24075024,162802,0.6762277786306672,-0.3912253090572085,115367,0.4791978608204087,-0.735641696255117
ZMB,Zambia,Africa,2021,24075024,201228,0.8358371729972107,-0.17932145400950045,150454,0.6249381101343866,-0.47010265793389566
ZMB,Zambia,Africa,2022,24075024,179007,0.7435381995880876,-0.2963351363410922,128009,0.5317087118999342,-0.631659473614664
ZMB,Zambia,Africa,2023,24075024,190290,0.7904041964817979,-0.23521082324855774,136794,0.5681988105183198,-0.5652839029850084
ZMB,Zambia,Africa,2024,24075024,229625,0.953789288018986,-0.04731250402718352,168254,0.6988736542900227,-0.35828530517462
ZMB,Zambia,Africa,2025,24075024,277033,1.1507070564083342,0.14037658510303175,188827,0.7843273593413655,-0.24292879560123376
ZWE,Zimbabwe,Africa,2001,1411915,8191,0.5801340732267878,-0.5444960414193573,4570,0.3236738755519985,-1.128018827046709
ZWE,Zimbabwe,Africa,2002,1411915,8010,0.5673146046327151,-0.5668412708725545,5059,0.35830768849399575,-1.0263631966430233
ZWE,Zimbabwe,Africa,2003,1411915,7313,0.5179490266765351,-0.6578784456640081,3689,0.2612763516217336,-1.3421766133382838
ZWE,Zimbabwe,Africa,2004,1411915,8418,0.5962115283143815,-0.5171597616044434,4209,0.29810576415719076,-1.2103069421643888
ZWE,Zimbabwe,Africa,2005,1411915,11748,0.8320614201279822,-0.18384901861644867,7752,0.5490415499516614,-0.5995811573643571
ZWE,Zimbabwe,Africa,2006,1411915,14875,1.0535336758940872,0.0521499194788712,6515,0.4614300435932758,-0.773424821376014
ZWE,Zimbabwe,Africa,2007,1411915,9296,0.6583965748646342,-0.4179478318432669,5774,0.4089481307302493,-0.894166950712079
ZWE,Zimbabwe,Africa,2008,1411915,5427,0.3843715804421654,-0.9561455368715546,3909,0.2768580261559655,-1.2842504451420045
ZWE,Zimbabwe,Africa,2009,1411915,19396,1.373737087572552,0.31753482729028343,12474,0.8834809460909474,-0.12388555384889145
ZWE,Zimbabwe,Africa,2010,1411915,6628,0.469433358240404,-0.7562289323885059,5035,0.3566078694538977,-1.0311185057822967
ZWE,Zimbabwe,Africa,2011,1411915,9033,0.6397693912168934,-0.44664749378511587,4701,0.33295205447920023,-1.099756779910829
ZWE,Zimbabwe,Africa,2012,1411915,13790,0.976687690122989,-0.023588340147611932,7734,0.5477666856715879,-0.6019058387677169
ZWE,Zimbabwe,Africa,2013,1411915,9608,0.6804942223859085,-0.3849359471751399,3848,0.272537652762383,-1.2999784991493624
ZWE,Zimbabwe,Africa,2014,1411915,9614,0.680919177145933,-0.3843116624810534,4522,0.3202742374718025,-1.1385776580970441
ZWE,Zimbabwe,Africa,2015,1411915,12243,0.8671201878300039,-0.14257768686104405,4547,0.3220448823052379,-1.1330643571099488
ZWE,Zimbabwe,Africa,2016,1411915,10926,0.773842618004625,-0.2563867619792964,4771,0.3379098600128195,-1.0849761054188523
ZWE,Zimbabwe,Africa,2017,1411915,25914,1.8353796085458403,0.6072513312537967,10215,0.723485478941721,-0.323674803683237
ZWE,Zimbabwe,Africa,2018,1411915,6542,0.4633423400133861,-0.7692891028366301,3151,0.22317207480620294,-1.4998121691776847
ZWE,Zimbabwe,Africa,2019,1411915,11514,0.8154881844870265,-0.2039683456992044,4551,0.3223281854785876,-1.1321850429183173
ZWE,Zimbabwe,Africa,2020,1411915,6201,0.4391907444853267,-0.8228214625850814,2996,0.21219407683890318,-1.5502539662978494
ZWE,Zimbabwe,Africa,2021,1411915,9012,0.6382820495568076,-0.44897500938282436,5698,0.4035653704366056,-0.9074167958771058
ZWE,Zimbabwe,Africa,2022,1411915,8227,0.5826838017869348,-0.540110603766029,3647,0.25830166830156204,-1.3536271201262793
ZWE,Zimbabwe,Africa,2023,1411915,5668,0.40144059663648307,-0.9126957101243883,3065,0.217081056579185,-1.5274844625646475
ZWE,Zimbabwe,Africa,2024,1411915,5835,0.4132685041238318,-0.883657766214303,2597,0.18393458529727355,-1.693175099272211
ZWE,Zimbabwe,Africa,2025,1411915,8529,0.6040731913748348,-0.50405991061585,3810,0.26984627261556116,-1.3099028428142128
