iso3,year,price_index,price_index_lag1,d_price_index
AGO,2000,7.531661187376314,,
AGO,2001,7.635748754260837,7.531661187376314,0.10408756688452314
AGO,2002,7.700479692853246,7.635748754260837,0.06473093859240908
AGO,2003,7.67678724923673,7.700479692853246,-0.023692443616516456
AGO,2004,7.8131078836447,7.67678724923673,0.13632063440797015
AGO,2005,7.788741537081459,7.8131078836447,-0.02436634656324088
AGO,2006,7.753984658871657,7.788741537081459,-0.034756878209802444
AGO,2007,7.77425562808761,7.753984658871657,0.02027096921595284
AGO,2008,7.893336047372543,7.77425562808761,0.11908041928493329
AGO,2009,7.762071855305042,7.893336047372543,-0.13126419206750128
AGO,2010,7.952004704054442,7.762071855305042,0.1899328487494003
AGO,2011,8.032602979171923,7.952004704054442,0.08059827511748097
AGO,2012,8.04918362049967,8.032602979171923,0.016580641327747614
AGO,2013,8.010479499504616,8.04918362049967,-0.038704120995054936
AGO,2014,8.192872677387607,8.010479499504616,0.18239317788299125
AGO,2015,8.17223134524908,8.192872677387607,-0.0206413321385277
AGO,2016,8.127455477778051,8.17223134524908,-0.04477586747102791
AGO,2017,8.16249725287988,8.127455477778051,0.035041775101829487
AGO,2018,8.055503229992977,8.16249725287988,-0.1069940228869033
AGO,2019,8.179677872059019,8.055503229992977,0.12417464206604123
AGO,2020,8.209872815411414,8.179677872059019,0.030194943352395143
AGO,2021,8.271522295120805,8.209872815411414,0.061649479709391386
AGO,2022,8.26269186209936,8.271522295120805,-0.008830433021445927
AGO,2023,8.12276580955834,8.26269186209936,-0.13992605254101953
AGO,2024,8.28773865237053,8.12276580955834,0.16497284281219038
AGO,2025,8.410672000872692,8.28773865237053,0.12293334850216198
ARG,2000,6.776091595271263,,
ARG,2001,6.827514576159201,6.776091595271263,0.05142298088793851
ARG,2002,6.8781647630128795,6.827514576159201,0.05065018685367839
ARG,2003,6.931118706003975,6.8781647630128795,0.05295394299109546
ARG,2004,7.05593200588412,6.931118706003975,0.12481329988014522
ARG,2005,6.9881429080185296,7.05593200588412,-0.06778909786559062
ARG,2006,6.936837241516202,6.9881429080185296,-0.05130566650232726
ARG,2007,7.047478562055061,6.936837241516202,0.11064132053885878
ARG,2008,7.21602230306017,7.047478562055061,0.1685437410051085
ARG,2009,7.091027259450023,7.21602230306017,-0.1249950436101468
ARG,2010,7.20161120307038,7.091027259450023,0.11058394362035706
ARG,2011,7.2762898457772085,7.20161120307038,0.07467864270682867
ARG,2012,7.3482761180526746,7.2762898457772085,0.07198627227546606
ARG,2013,7.306168130894262,7.3482761180526746,-0.04210798715841246
ARG,2014,7.370895692442028,7.306168130894262,0.06472756154776604
ARG,2015,7.318768351443544,7.370895692442028,-0.05212734099848415
ARG,2016,7.311027910176497,7.318768351443544,-0.007740441267046982
ARG,2017,7.304524311672589,7.311027910176497,-0.006503598503908137
ARG,2018,7.235903463265156,7.304524311672589,-0.06862084840743243
ARG,2019,7.297869566430826,7.235903463265156,0.06196610316566975
ARG,2020,7.347151578356165,7.297869566430826,0.049282011925338765
ARG,2021,7.474547846205825,7.347151578356165,0.12739626784965985
ARG,2022,7.499375048484036,7.474547846205825,0.024827202278211224
ARG,2023,7.398374917338652,7.499375048484036,-0.10100013114538431
ARG,2024,7.37391546217955,7.398374917338652,-0.02445945515910175
ARG,2025,7.393666784395666,7.37391546217955,0.019751322216116307
AUS,2000,7.779242722634055,,
AUS,2001,7.906152026664381,7.779242722634055,0.12690930403032663
AUS,2002,7.921030609691603,7.906152026664381,0.014878583027221559
AUS,2003,7.878239550809834,7.921030609691603,-0.04279105888176904
AUS,2004,8.039932416306865,7.878239550809834,0.16169286549703088
AUS,2005,8.03280008704551,8.039932416306865,-0.007132329261354542
AUS,2006,7.976829362980269,8.03280008704551,-0.05597072406524095
AUS,2007,7.933644148479434,7.976829362980269,-0.04318521450083512
AUS,2008,8.04500966485719,7.933644148479434,0.11136551637775582
AUS,2009,7.93766782163525,8.04500966485719,-0.10734184322194018
AUS,2010,8.126078938013178,7.93766782163525,0.18841111637792807
AUS,2011,8.196679965224622,8.126078938013178,0.07060102721144368
AUS,2012,8.2371248404797,8.196679965224622,0.04044487525507812
AUS,2013,8.220975600688062,8.2371248404797,-0.016149239791637626
AUS,2014,8.435877354302761,8.220975600688062,0.21490175361469888
AUS,2015,8.433129253705644,8.435877354302761,-0.0027481005971168315
AUS,2016,8.358191801506527,8.433129253705644,-0.07493745219911752
AUS,2017,8.400634377101861,8.358191801506527,0.042442575595334375
AUS,2018,8.31045430466232,8.400634377101861,-0.09018007243954074
AUS,2019,8.460058726326602,8.31045430466232,0.14960442166428223
AUS,2020,8.456521211202315,8.460058726326602,-0.0035375151242877934
AUS,2021,8.480585072092172,8.456521211202315,0.024063860889857125
AUS,2022,8.462495628708625,8.480585072092172,-0.018089443383546566
AUS,2023,8.354663869509896,8.462495628708625,-0.10783175919872967
AUS,2024,8.53256831930728,8.354663869509896,0.17790444979738496
AUS,2025,8.668791641508525,8.53256831930728,0.13622332220124456
BGD,2000,7.791522819150732,,
BGD,2001,7.919356190660617,7.791522819150732,0.12783337150988494
BGD,2002,7.933796874815411,7.919356190660617,0.014440684154794603
BGD,2003,7.8898337513942955,7.933796874815411,-0.043963123421115746
BGD,2004,8.0519780789023,7.8898337513942955,0.16214432750800434
BGD,2005,8.045588280803528,8.0519780789023,-0.006389798098771493
BGD,2006,7.989560449333865,8.045588280803528,-0.05602783146966317
BGD,2007,7.944492163932159,7.989560449333865,-0.045068285401706376
BGD,2008,8.055157731819678,7.944492163932159,0.11066556788751925
BGD,2009,7.948031990637284,8.055157731819678,-0.10712574118239448
BGD,2010,8.13739583005665,7.948031990637284,0.18936383941936707
BGD,2011,8.207946941048617,8.13739583005665,0.07055111099196587
BGD,2012,8.24800570160062,8.207946941048617,0.04005876055200375
BGD,2013,8.23217423638394,8.24800570160062,-0.015831465216679774
BGD,2014,8.448914350662942,8.23217423638394,0.21674011427900197
BGD,2015,8.446770727119691,8.448914350662942,-0.0021436235432510387
BGD,2016,8.371010681238156,8.446770727119691,-0.07576004588153573
BGD,2017,8.414052432496725,8.371010681238156,0.043041751258568794
BGD,2018,8.323608442343572,8.414052432496725,-0.09044399015315285
BGD,2019,8.474285690404962,8.323608442343572,0.15067724806139005
BGD,2020,8.470101583882387,8.474285690404962,-0.004184106522574282
BGD,2021,8.492900498847193,8.470101583882387,0.022798914964806016
BGD,2022,8.474285690404962,8.492900498847193,-0.018614808442231734
BGD,2023,8.366370301681654,8.474285690404962,-0.10791538872330797
BGD,2024,8.546751993657782,8.366370301681654,0.18038169197612852
BGD,2025,8.684401110400144,8.546751993657782,0.13764911674236124
BLZ,2000,7.6671407756620535,,
BLZ,2001,7.7856144974922525,7.6671407756620535,0.118473721830199
BLZ,2002,7.8044905504179525,7.7856144974922525,0.018876052925699938
BLZ,2003,7.772398977216874,7.8044905504179525,-0.032091573201078916
BLZ,2004,7.929970558296867,7.772398977216874,0.1575715810799938
BLZ,2005,7.916059846723923,7.929970558296867,-0.013910711572944656
BLZ,2006,7.860610441950737,7.916059846723923,-0.05544940477318594
BLZ,2007,7.834615313373685,7.860610441950737,-0.025995128577052107
BLZ,2008,7.952370485437697,7.834615313373685,0.11775517206401265
BLZ,2009,7.8430559004425335,7.952370485437697,-0.10931458499516378
BLZ,2010,8.022769845122728,7.8430559004425335,0.17971394468019408
BLZ,2011,8.093826545087325,8.022769845122728,0.07105669996459696
BLZ,2012,8.137796165437889,8.093826545087325,0.0439696203505644
BLZ,2013,8.118746040583778,8.137796165437889,-0.01905012485411106
BLZ,2014,8.316865856904634,8.118746040583778,0.1981198163208564
BLZ,2015,8.308599635619617,8.316865856904634,-0.00826622128501775
BLZ,2016,8.24117143656363,8.308599635619617,-0.06742819905598729
BLZ,2017,8.278144286547649,8.24117143656363,0.03697284998401962
BLZ,2018,8.190373453277841,8.278144286547649,-0.08777083326980772
BLZ,2019,8.330184309580865,8.190373453277841,0.1398108563030238
BLZ,2020,8.33254936652064,8.330184309580865,0.0023650569397748455
BLZ,2021,8.368160604161146,8.33254936652064,0.03561123764050578
BLZ,2022,8.35486708773712,8.368160604161146,-0.013293516424026208
BLZ,2023,8.247798761669129,8.35486708773712,-0.10706832606799033
BLZ,2024,8.40308908372076,8.247798761669129,0.15529032205163062
BLZ,2025,8.526296682159247,8.40308908372076,0.12320759843848705
BOL,2000,6.726558998592361,,
BOL,2001,6.774254691041901,6.726558998592361,0.04769569244954042
BOL,2002,6.826671172501211,6.774254691041901,0.05241648145930977
BOL,2003,6.884352716780317,6.826671172501211,0.05768154427910588
BOL,2004,7.00734501422168,6.884352716780317,0.12299229744136309
BOL,2005,6.936560866883316,7.00734501422168,-0.07078414733836347
BOL,2006,6.885485546944378,6.936560866883316,-0.051075319938938435
BOL,2007,7.003722360834937,6.885485546944378,0.11823681389055896
BOL,2008,7.175089391234863,7.003722360834937,0.17136703039992618
BOL,2009,7.049222685488205,7.175089391234863,-0.12586670574665781
BOL,2010,7.155963756530632,7.049222685488205,0.10674107104242658
BOL,2011,7.230843739671855,7.155963756530632,0.0748799831412228
BOL,2012,7.304387431616885,7.230843739671855,0.07354369194503008
BOL,2013,7.260997679300127,7.304387431616885,-0.04338975231675768
BOL,2014,7.318310089247769,7.260997679300127,0.05731240994764164
BOL,2015,7.2637445493255175,7.318310089247769,-0.054565539922251105
BOL,2016,7.259322095099242,7.2637445493255175,-0.004422454226275185
BOL,2017,7.250401681187862,7.259322095099242,-0.008920413911380543
BOL,2018,7.182845362659892,7.250401681187862,-0.06755631852796995
BOL,2019,7.2404841482705065,7.182845362659892,0.05763878561061464
BOL,2020,7.29237423016532,7.2404841482705065,0.05189008189481381
BOL,2021,7.424872742630162,7.29237423016532,0.13249851246484212
BOL,2022,7.4518190402693705,7.424872742630162,0.026946297639208083
BOL,2023,7.351156234445962,7.4518190402693705,-0.1006628058234087
BOL,2024,7.316704656053216,7.351156234445962,-0.03445157839274593
BOL,2025,7.330704939923979,7.316704656053216,0.014000283870763575
BRA,2000,6.92360446234714,,
BRA,2001,6.986056049623058,6.92360446234714,0.06245158727591793
BRA,2002,7.03214701832241,6.986056049623058,0.04609096869935225
BRA,2003,7.070944274837281,7.03214701832241,0.038797256514870426
BRA,2004,7.200902685237722,7.070944274837281,0.12995841040044098
BRA,2005,7.141994454575336,7.200902685237722,-0.05890823066238582
BRA,2006,7.090345603803785,7.141994454575336,-0.051648850771551125
BRA,2007,7.178802381147705,7.090345603803785,0.08845677734391977
BRA,2008,7.338828788484566,7.178802381147705,0.16002640733686135
BRA,2009,7.216095321635472,7.338828788484566,-0.12273346684909381
BRA,2010,7.338477923794971,7.216095321635472,0.12238260215949914
BRA,2011,7.412710583340774,7.338477923794971,0.07423265954580227
BRA,2012,7.479517922925792,7.412710583340774,0.06680733958501861
BRA,2013,7.440951230959984,7.479517922925792,-0.03856669196580853
BRA,2014,7.527839663294055,7.440951230959984,0.08688843233407173
BRA,2015,7.482876011399039,7.527839663294055,-0.04496365189501628
BRA,2016,7.465486277135286,7.482876011399039,-0.017389734263753454
BRA,2017,7.466260144610505,7.465486277135286,0.0007738674752193475
BRA,2018,7.394090802485653,7.466260144610505,-0.07216934212485171
BRA,2019,7.468879139876439,7.394090802485653,0.07478833739078539
BRA,2020,7.510747708707298,7.468879139876439,0.04186856883085888
BRA,2021,7.623155458194365,7.510747708707298,0.11240774948706722
BRA,2022,7.641649012569445,7.623155458194365,0.01849355437508038
BRA,2023,7.5390670850023245,7.641649012569445,-0.1025819275671207
BRA,2024,7.544997578117426,7.5390670850023245,0.005930493115101854
BRA,2025,7.582140143520295,7.544997578117426,0.037142565402868755
BTN,2000,7.608417856101996,,
BTN,2001,7.722472725018749,7.608417856101996,0.1140548689167531
BTN,2002,7.74344279245207,7.722472725018749,0.020970067433321304
BTN,2003,7.716955983966791,7.74344279245207,-0.026486808485278956
BTN,2004,7.872368692165065,7.716955983966791,0.15541270819827346
BTN,2005,7.854907226925638,7.872368692165065,-0.017461465239426488
BTN,2006,7.7997309074259835,7.854907226925638,-0.055176319499654625
BTN,2007,7.782740546921202,7.7997309074259835,-0.01699036050478142
BTN,2008,7.903842844053204,7.782740546921202,0.12110229713200216
BTN,2009,7.7934948679386995,7.903842844053204,-0.11034797611450475
BTN,2010,7.96865292997991,7.7934948679386995,0.1751580620412101
BTN,2011,8.039948327265579,7.96865292997991,0.07129539728566936
BTN,2012,8.08576433234275,8.039948327265579,0.045816005077170985
BTN,2013,8.0651946224611,8.08576433234275,-0.02056970988165041
BTN,2014,8.254523473233299,8.0651946224611,0.18932885077219908
BTN,2015,8.243366667386363,8.254523473233299,-0.011156805846935569
BTN,2016,8.179872077693915,8.243366667386363,-0.06349458969244814
BTN,2017,8.213979694149305,8.179872077693915,0.0341076164553904
BTN,2018,8.127470904597619,8.213979694149305,-0.0865087895516865
BTN,2019,8.262151548924406,8.127470904597619,0.13468064432678695
BTN,2020,8.267608579499589,8.262151548924406,0.005457030575183097
BTN,2021,8.309268736845544,8.267608579499589,0.041660157345955184
BTN,2022,8.298487494656413,8.309268736845544,-0.01078124218913068
BTN,2023,8.19181908155637,8.298487494656413,-0.10666841310004394
BTN,2024,8.33526333277333,8.19181908155637,0.1434442512169607
BTN,2025,8.451652839999472,8.33526333277333,0.11638950722614183
CAF,2000,7.768289602857485,,
CAF,2001,7.893996725577262,7.768289602857485,0.1257071227197768
CAF,2002,7.912965268450512,7.893996725577262,0.01896854287325045
CAF,2003,7.87081097659028,7.912965268450512,-0.04215429186023201
CAF,2004,8.03063397441444,7.87081097659028,0.15982299782416032
CAF,2005,8.022635219286121,8.03063397441444,-0.007998755128319601
CAF,2006,7.968524596172889,8.022635219286121,-0.05411062311323178
CAF,2007,7.929317676346649,7.968524596172889,-0.03920691982624014
CAF,2008,8.040730655422966,7.929317676346649,0.11141297907631653
CAF,2009,7.931431716973896,8.040730655422966,-0.10929893844906946
CAF,2010,8.120862398627619,7.931431716973896,0.18943068165372257
CAF,2011,8.192318713612826,8.120862398627619,0.07145631498520721
CAF,2012,8.23025400612621,8.192318713612826,0.037935292513383345
CAF,2013,8.212365146000032,8.23025400612621,-0.01788886012617752
CAF,2014,8.426037943450318,8.212365146000032,0.2136727974502861
CAF,2015,8.422236115986998,8.426037943450318,-0.003801827463320251
CAF,2016,8.349256704025736,8.422236115986998,-0.07297941196126168
CAF,2017,8.391586813310388,8.349256704025736,0.042330109284652195
CAF,2018,8.299646097461277,8.391586813310388,-0.09194071584911079
CAF,2019,8.44795092315955,8.299646097461277,0.14830482569827197
CAF,2020,8.446856457186955,8.44795092315955,-0.0010944659725939943
CAF,2021,8.473138157873658,8.446856457186955,0.026281700686702436
CAF,2022,8.45539710545419,8.473138157873658,-0.017741052419466996
CAF,2023,8.344593745027705,8.45539710545419,-0.11080336042648575
CAF,2024,8.523626304716146,8.344593745027705,0.17903255968844078
CAF,2025,8.659971648393174,8.523626304716146,0.13634534367702855
CIV,2000,6.365089212675052,,
CIV,2001,6.362536786371592,6.365089212675052,-0.002552426303459754
CIV,2002,6.653424641395243,6.362536786371592,0.29088785502365067
CIV,2003,6.720687934462677,6.653424641395243,0.06726329306743395
CIV,2004,6.740924595153234,6.720687934462677,0.020236660690557073
CIV,2005,6.6358361249244275,6.740924595153234,-0.10508847022880641
CIV,2006,6.696761433540042,6.6358361249244275,0.06092530861561407
CIV,2007,7.010598297747916,6.696761433540042,0.3138368642078744
CIV,2008,7.167393316681123,7.010598297747916,0.1567950189332068
CIV,2009,6.92757892457057,7.167393316681123,-0.2398143921105529
CIV,2010,7.120265106466441,6.92757892457057,0.19268618189587094
CIV,2011,7.246053435991089,7.120265106466441,0.12578832952464847
CIV,2012,7.156932283277783,7.246053435991089,-0.08912115271330645
CIV,2013,7.015393169483975,7.156932283277783,-0.141539113793808
CIV,2014,7.043639642273974,7.015393169483975,0.028246472789999366
CIV,2015,6.939903555573948,7.043639642273974,-0.10373608670002632
CIV,2016,7.034352290565299,6.939903555573948,0.0944487349913512
CIV,2017,7.033525442769089,7.034352290565299,-0.0008268477962101173
CIV,2018,6.852022522697693,7.033525442769089,-0.181502920071396
CIV,2019,6.857185080161917,6.852022522697693,0.005162557464224449
CIV,2020,7.041913218328045,6.857185080161917,0.1847281381661272
CIV,2021,7.278086776170531,7.041913218328045,0.23617355784248595
CIV,2022,7.313167612106957,7.278086776170531,0.035080835936426524
CIV,2023,7.029214973081156,7.313167612106957,-0.28395263902580137
CIV,2024,7.125369535201387,7.029214973081156,0.09615456212023155
CIV,2025,7.182389114229366,7.125369535201387,0.05701957902797883
CMR,2000,7.212054411092503,,
CMR,2001,7.287076460863929,7.212054411092503,0.07502204977142579
CMR,2002,7.412292457360566,7.287076460863929,0.12521599649663706
CMR,2003,7.413682211527499,7.412292457360566,0.0013897541669329883
CMR,2004,7.518784347776754,7.413682211527499,0.10510213624925502
CMR,2005,7.472383898425344,7.518784347776754,-0.04640044935141052
CMR,2006,7.463119639031019,7.472383898425344,-0.009264259394324625
CMR,2007,7.562902369845512,7.463119639031019,0.09978273081449274
CMR,2008,7.692545546608374,7.562902369845512,0.12964317676286186
CMR,2009,7.532245399974579,7.692545546608374,-0.16030014663379433
CMR,2010,7.72218706781924,7.532245399974579,0.1899416678446606
CMR,2011,7.814842760048441,7.72218706781924,0.09265569222920078
CMR,2012,7.8036023842051705,7.814842760048441,-0.0112403758432702
CMR,2013,7.7373052109617255,7.8036023842051705,-0.06629717324344497
CMR,2014,7.877302863908492,7.7373052109617255,0.13999765294676614
CMR,2015,7.834101203144071,7.877302863908492,-0.04320166076442078
CMR,2016,7.826980546186784,7.834101203144071,-0.0071206569572872525
CMR,2017,7.852027078500366,7.826980546186784,0.025046532313582226
CMR,2018,7.7254158311700785,7.852027078500366,-0.1266112473302874
CMR,2019,7.817121297183161,7.7254158311700785,0.09170546601308249
CMR,2020,7.8889095256819965,7.817121297183161,0.0717882284988356
CMR,2021,7.997938985981751,7.8889095256819965,0.10902946029975435
CMR,2022,8.001186901545838,7.997938985981751,0.0032479155640867674
CMR,2023,7.823016613325377,8.001186901545838,-0.17817028822046055
CMR,2024,7.967804150029718,7.823016613325377,0.14478753670434052
CMR,2025,8.072123201296403,7.967804150029718,0.10431905126668539
COD,2000,6.376917332947274,,
COD,2001,6.376166698467024,6.376917332947274,-0.0007506344802497011
COD,2002,6.657709114382794,6.376166698467024,0.28154241591576934
COD,2003,6.724829216894506,6.657709114382794,0.06712010251171208
COD,2004,6.74903988478993,6.724829216894506,0.024210667895424365
COD,2005,6.645159024323466,6.74903988478993,-0.10388086046646361
COD,2006,6.70166525436047,6.645159024323466,0.05650623003700339
COD,2007,7.008143406545657,6.70166525436047,0.30647815218518737
COD,2008,7.165655718505573,7.008143406545657,0.15751231195991622
COD,2009,6.930305433875131,7.165655718505573,-0.23535028463044227
COD,2010,7.119400049851741,6.930305433875131,0.18909461597661004
COD,2011,7.243184569055689,7.119400049851741,0.12378451920394795
COD,2012,7.160575879496247,7.243184569055689,-0.082608689559442
COD,2013,7.02285545707821,7.160575879496247,-0.13772042241803728
COD,2014,7.051881809183592,7.02285545707821,0.02902635210538218
COD,2015,6.9499691967652035,7.051881809183592,-0.10191261241838845
COD,2016,7.040672268132445,6.9499691967652035,0.09070307136724143
COD,2017,7.039404682486396,7.040672268132445,-0.0012675856460493407
COD,2018,6.862462418866023,7.039404682486396,-0.17694226362037302
COD,2019,6.86948497469718,6.862462418866023,0.0070225558311571845
COD,2020,7.0490883569825264,6.86948497469718,0.17960338228534667
COD,2021,7.281415230398185,7.0490883569825264,0.2323268734156585
COD,2022,7.316279993184879,7.281415230398185,0.03486476278669404
COD,2023,7.039594842135853,7.316279993184879,-0.27668515104902625
COD,2024,7.1300843466530335,7.039594842135853,0.09048950451718074
COD,2025,7.185115244289323,7.1300843466530335,0.05503089763628921
COG,2000,6.412103076132719,,
COG,2001,6.413695228061837,6.412103076132719,0.0015921519291177688
COG,2002,6.696967297032217,6.413695228061837,0.2832720689703807
COG,2003,6.760399462123208,6.696967297032217,0.06343216509099037
COG,2004,6.784720082593347,6.760399462123208,0.02432062047013961
COG,2005,6.682802094845255,6.784720082593347,-0.10191798774809246
COG,2006,6.740604179344137,6.682802094845255,0.057802084498882245
COG,2007,7.0435412365430095,6.740604179344137,0.3029370571988723
COG,2008,7.1985826556672485,7.0435412365430095,0.15504141912423908
COG,2009,6.962428235145483,7.1985826556672485,-0.23615442052176583
COG,2010,7.155760681260264,6.962428235145483,0.1933324461147814
COG,2011,7.280056234862878,7.155760681260264,0.12429555360261357
COG,2012,7.194038876673117,7.280056234862878,-0.08601735818976053
COG,2013,7.056054235524055,7.194038876673117,-0.13798464114906217
COG,2014,7.090679340920201,7.056054235524055,0.03462510539614616
COG,2015,6.990083604831547,7.090679340920201,-0.10059573608865424
COG,2016,7.079417417644327,6.990083604831547,0.08933381281278052
COG,2017,7.080207034011643,7.079417417644327,0.0007896163673155598
COG,2018,6.900898336156008,7.080207034011643,-0.1793086978556353
COG,2019,6.910718364745259,6.900898336156008,0.00982002858925135
COG,2020,7.089974687635388,6.910718364745259,0.17925632289012938
COG,2021,7.319556138640188,7.089974687635388,0.22958145100479932
COG,2022,7.352818620589931,7.319556138640188,0.033262481949742906
COG,2023,7.073436434744805,7.352818620589931,-0.279382185845126
COG,2024,7.173716444281048,7.073436434744805,0.1002800095362435
COG,2025,7.2339569799627395,7.173716444281048,0.0602405356816913
COL,2000,7.509128027315002,,
COL,2001,7.611453626376324,7.509128027315002,0.10232559906132188
COL,2002,7.677637635979522,7.611453626376324,0.06618400960319804
COL,2003,7.656024100828953,7.677637635979522,-0.02161353515056952
COL,2004,7.79125871584822,7.656024100828953,0.13523461501926715
COL,2005,7.765494031485578,7.79125871584822,-0.025764684362641788
COL,2006,7.731159603758625,7.765494031485578,-0.03433442772695283
COL,2007,7.755289501277312,7.731159603758625,0.024129897518687216
COL,2008,7.875552993258358,7.755289501277312,0.12026349198104569
COL,2009,7.74358247577034,7.875552993258358,-0.1319705174880177
COL,2010,7.932095368862537,7.74358247577034,0.18851289309219688
COL,2011,8.01292759519354,7.932095368862537,0.08083222633100284
COL,2012,8.029715616181605,8.01292759519354,0.016788020988064645
COL,2013,7.990172715846123,8.029715616181605,-0.03954290033548169
COL,2014,8.169264746266956,7.990172715846123,0.17909203042083277
COL,2015,8.14742388832795,8.169264746266956,-0.021840857939006142
COL,2016,8.104372400480326,8.14742388832795,-0.043051487847623804
COL,2017,8.138388818478866,8.104372400480326,0.03401641799854005
COL,2018,8.031528591885406,8.138388818478866,-0.10686022659345973
COL,2019,8.153674496208177,8.031528591885406,0.12214590432277106
COL,2020,8.185383590978153,8.153674496208177,0.031709094769976076
COL,2021,8.24954547672759,8.185383590978153,0.06416188574943682
COL,2022,8.241657947683018,8.24954547672759,-0.007887529044571906
COL,2023,8.101350483742868,8.241657947683018,-0.14030746394015026
COL,2024,8.262363795683745,8.101350483742868,0.1610133119408772
COL,2025,8.382925626969387,8.262363795683745,0.12056183128564157
CRI,2000,7.317452051500666,,
CRI,2001,7.40189959199091,7.317452051500666,0.08444754049024361
CRI,2002,7.508730646526456,7.40189959199091,0.10683105453554642
CRI,2003,7.50167649669705,7.508730646526456,-0.007054149829405887
CRI,2004,7.616454392829449,7.50167649669705,0.11477789613239864
CRI,2005,7.577234035048972,7.616454392829449,-0.03922035778047661
CRI,2006,7.560326591639498,7.577234035048972,-0.016907443409474254
CRI,2007,7.63485871122549,7.560326591639498,0.07453211958599226
CRI,2008,7.760775107562724,7.63485871122549,0.1259163963372334
CRI,2009,7.609305557780447,7.760775107562724,-0.1514695497822771
CRI,2010,7.800033304329691,7.609305557780447,0.19072774654924451
CRI,2011,7.8890549854974985,7.800033304329691,0.08902168116780729
CRI,2012,7.885784655903611,7.8890549854974985,-0.003270329593887844
CRI,2013,7.827972314178335,7.885784655903611,-0.05781234172527583
CRI,2014,7.98212422606377,7.827972314178335,0.1541519118854353
CRI,2015,7.946145166419645,7.98212422606377,-0.0359790596441254
CRI,2016,7.9271235953364245,7.946145166419645,-0.019021571083220223
CRI,2017,7.95564438433957,7.9271235953364245,0.028520789003145808
CRI,2018,7.834659900322422,7.95564438433957,-0.12098448401714812
CRI,2019,7.936928177508776,7.834659900322422,0.10226827718635345
CRI,2020,7.995787786019212,7.936928177508776,0.0588596085104367
CRI,2021,8.089652492301918,7.995787786019212,0.09386470628270516
CRI,2022,8.088866562273388,8.089652492301918,-0.0007859300285293358
CRI,2023,7.922022485201607,8.088866562273388,-0.16684407707178117
CRI,2024,8.074875307682758,7.922022485201607,0.15285282248115095
CRI,2025,8.185921103984132,8.074875307682758,0.11104579630137401
CUB,2000,7.791522819150732,,
CUB,2001,7.919356190660617,7.791522819150732,0.12783337150988494
CUB,2002,7.933796874815411,7.919356190660617,0.014440684154794603
CUB,2003,7.8898337513942955,7.933796874815411,-0.043963123421115746
CUB,2004,8.0519780789023,7.8898337513942955,0.16214432750800434
CUB,2005,8.045588280803528,8.0519780789023,-0.006389798098771493
CUB,2006,7.989560449333865,8.045588280803528,-0.05602783146966317
CUB,2007,7.944492163932159,7.989560449333865,-0.045068285401706376
CUB,2008,8.055157731819678,7.944492163932159,0.11066556788751925
CUB,2009,7.948031990637284,8.055157731819678,-0.10712574118239448
CUB,2010,8.13739583005665,7.948031990637284,0.18936383941936707
CUB,2011,8.207946941048617,8.13739583005665,0.07055111099196587
CUB,2012,8.24800570160062,8.207946941048617,0.04005876055200375
CUB,2013,8.23217423638394,8.24800570160062,-0.015831465216679774
CUB,2014,8.448914350662942,8.23217423638394,0.21674011427900197
CUB,2015,8.446770727119691,8.448914350662942,-0.0021436235432510387
CUB,2016,8.371010681238156,8.446770727119691,-0.07576004588153573
CUB,2017,8.414052432496725,8.371010681238156,0.043041751258568794
CUB,2018,8.323608442343572,8.414052432496725,-0.09044399015315285
CUB,2019,8.474285690404962,8.323608442343572,0.15067724806139005
CUB,2020,8.470101583882387,8.474285690404962,-0.004184106522574282
CUB,2021,8.492900498847193,8.470101583882387,0.022798914964806016
CUB,2022,8.474285690404962,8.492900498847193,-0.018614808442231734
CUB,2023,8.366370301681654,8.474285690404962,-0.10791538872330797
CUB,2024,8.546751993657782,8.366370301681654,0.18038169197612852
CUB,2025,8.684401110400144,8.546751993657782,0.13764911674236124
DOM,2000,7.61888146543562,,
DOM,2001,7.730915110173879,7.61888146543562,0.1120336447382595
DOM,2002,7.779001401063377,7.730915110173879,0.048086290889497896
DOM,2003,7.748479340875698,7.779001401063377,-0.030522060187679223
DOM,2004,7.893374334758105,7.748479340875698,0.14489499388240734
DOM,2005,7.875028700835983,7.893374334758105,-0.018345633922121962
DOM,2006,7.83324725875255,7.875028700835983,-0.04178144208343326
DOM,2007,7.831733601121508,7.83324725875255,-0.0015136576310421646
DOM,2008,7.947953031108323,7.831733601121508,0.11621942998681511
DOM,2009,7.824678698475087,7.947953031108323,-0.12327433263323595
DOM,2010,8.014539229083432,7.824678698475087,0.18986053060834518
DOM,2011,8.091816728742756,8.014539229083432,0.07727749965932418
DOM,2012,8.116096425727708,8.091816728742756,0.02427969698495147
DOM,2013,8.084976873066793,8.116096425727708,-0.031119552660914707
DOM,2014,8.278924373404669,8.084976873066793,0.19394750033787567
DOM,2015,8.264458970307382,8.278924373404669,-0.014465403097286611
DOM,2016,8.20936125538008,8.264458970307382,-0.05509771492730309
DOM,2017,8.247114938375233,8.20936125538008,0.037753682995154136
DOM,2018,8.145549080847841,8.247114938375233,-0.10156585752739211
DOM,2019,8.278597335868279,8.145549080847841,0.13304825502043727
DOM,2020,8.297371726366054,8.278597335868279,0.018774390497775073
DOM,2021,8.346050520988435,8.297371726366054,0.048678794622381005
DOM,2022,8.333928417675061,8.346050520988435,-0.0121221033133736
DOM,2023,8.204553092538536,8.333928417675061,-0.12937532513652528
DOM,2024,8.374909654048556,8.204553092538536,0.17035656151002065
DOM,2025,8.50287069557587,8.374909654048556,0.12796104152731402
ECU,2000,7.242907644586159,,
ECU,2001,7.32170160061802,7.242907644586159,0.0787939560318609
ECU,2002,7.4316232388109995,7.32170160061802,0.10992163819297929
ECU,2003,7.431636160775804,7.4316232388109995,1.2921964804846198e-05
ECU,2004,7.54350204075247,7.431636160775804,0.11186587997666564
ECU,2005,7.499750404446352,7.54350204075247,-0.043751636306118336
ECU,2006,7.483401079449864,7.499750404446352,-0.016349324996487447
ECU,2007,7.569632761672676,7.483401079449864,0.08623168222281219
ECU,2008,7.699730663178811,7.569632761672676,0.13009790150613476
ECU,2009,7.546743081446017,7.699730663178811,-0.15298758173279392
ECU,2010,7.731905961608962,7.546743081446017,0.18516288016294435
ECU,2011,7.821325414410385,7.731905961608962,0.08941945280142338
ECU,2012,7.820065358613061,7.821325414410385,-0.0012600557973243554
ECU,2013,7.7601538158189545,7.820065358613061,-0.059911542794106154
ECU,2014,7.903194255741916,7.7601538158189545,0.14304043992296123
ECU,2015,7.863485669287749,7.903194255741916,-0.03970858645416708
ECU,2016,7.849600626064133,7.863485669287749,-0.013885043223615945
ECU,2017,7.874533532258372,7.849600626064133,0.02493290619423938
ECU,2018,7.7549178201806654,7.874533532258372,-0.1196157120777066
ECU,2019,7.850633617478103,7.7549178201806654,0.09571579729743718
ECU,2020,7.913636396173455,7.850633617478103,0.06300277869535265
ECU,2021,8.015307110483592,7.913636396173455,0.10167071431013674
ECU,2022,8.017696277437501,8.015307110483592,0.0023891669539093385
ECU,2023,7.851003818349064,8.017696277437501,-0.16669245908843777
ECU,2024,7.9892090385120085,7.851003818349064,0.1382052201629449
ECU,2025,8.091762674177161,7.9892090385120085,0.10255363566515285
ETH,2000,7.787352415881954,,
ETH,2001,7.914871967868344,7.787352415881954,0.1275195519863903
ETH,2002,7.9294613654218065,7.914871967868344,0.014589397553462113
ETH,2003,7.885896282991612,7.9294613654218065,-0.0435650824301943
ETH,2004,8.047887290967989,7.885896282991612,0.16199100797637644
ETH,2005,8.04124532429844,8.047887290967989,-0.006641966669548083
ETH,2006,7.9852368868869394,8.04124532429844,-0.05600843741150108
ETH,2007,7.940808105012723,7.9852368868869394,-0.04442878187421684
ETH,2008,8.05171138010944,7.940808105012723,0.11090327509671738
ETH,2009,7.944512249222747,8.05171138010944,-0.10719913088669308
ETH,2010,8.133552537497312,7.944512249222747,0.18904028827456543
ETH,2011,8.204120600372725,8.133552537497312,0.07056806287541306
ETH,2012,8.244310488071624,8.204120600372725,0.040189887698899085
ETH,2013,8.228371104474634,8.244310488071624,-0.015939383596990098
ETH,2014,8.444486899122824,8.228371104474634,0.2161157946481893
ETH,2015,8.4421379911115,8.444486899122824,-0.0023489080113243688
ETH,2016,8.366657303570296,8.4421379911115,-0.0754806875412033
ETH,2017,8.40949557074866,8.366657303570296,0.042838267178364475
ETH,2018,8.31914120882392,8.40949557074866,-0.09035436192474045
ETH,2019,8.469454117834127,8.31914120882392,0.1503129090102071
ETH,2020,8.465489598093898,8.469454117834127,-0.0039645197402293775
ETH,2021,8.488718097192141,8.465489598093898,0.023228499098243205
ETH,2022,8.470281706252987,8.488718097192141,-0.01843639093915428
ETH,2023,8.362394718678008,8.470281706252987,-0.10788698757497883
ETH,2024,8.541935122569328,8.362394718678008,0.17954040389131976
ETH,2025,8.679100029907731,8.541935122569328,0.1371649073384038
FJI,2000,7.791522819150732,,
FJI,2001,7.919356190660617,7.791522819150732,0.12783337150988494
FJI,2002,7.933796874815411,7.919356190660617,0.014440684154794603
FJI,2003,7.8898337513942955,7.933796874815411,-0.043963123421115746
FJI,2004,8.0519780789023,7.8898337513942955,0.16214432750800434
FJI,2005,8.045588280803528,8.0519780789023,-0.006389798098771493
FJI,2006,7.989560449333865,8.045588280803528,-0.05602783146966317
FJI,2007,7.944492163932159,7.989560449333865,-0.045068285401706376
FJI,2008,8.055157731819678,7.944492163932159,0.11066556788751925
FJI,2009,7.948031990637284,8.055157731819678,-0.10712574118239448
FJI,2010,8.13739583005665,7.948031990637284,0.18936383941936707
FJI,2011,8.207946941048617,8.13739583005665,0.07055111099196587
FJI,2012,8.24800570160062,8.207946941048617,0.04005876055200375
FJI,2013,8.23217423638394,8.24800570160062,-0.015831465216679774
FJI,2014,8.448914350662942,8.23217423638394,0.21674011427900197
FJI,2015,8.446770727119691,8.448914350662942,-0.0021436235432510387
FJI,2016,8.371010681238156,8.446770727119691,-0.07576004588153573
FJI,2017,8.414052432496725,8.371010681238156,0.043041751258568794
FJI,2018,8.323608442343572,8.414052432496725,-0.09044399015315285
FJI,2019,8.474285690404962,8.323608442343572,0.15067724806139005
FJI,2020,8.470101583882387,8.474285690404962,-0.004184106522574282
FJI,2021,8.492900498847193,8.470101583882387,0.022798914964806016
FJI,2022,8.474285690404962,8.492900498847193,-0.018614808442231734
FJI,2023,8.366370301681654,8.474285690404962,-0.10791538872330797
FJI,2024,8.546751993657782,8.366370301681654,0.18038169197612852
FJI,2025,8.684401110400144,8.546751993657782,0.13764911674236124
GAB,2000,6.5372936854983354,,
GAB,2001,6.553173291560281,6.5372936854983354,0.015879606061945495
GAB,2002,6.784345520598118,6.553173291560281,0.23117222903783663
GAB,2003,6.841090945973205,6.784345520598118,0.05674542537508742
GAB,2004,6.888906541162505,6.841090945973205,0.047815595189299565
GAB,2005,6.797186894941431,6.888906541162505,-0.09171964622107343
GAB,2006,6.831110805665561,6.797186894941431,0.03392391072412959
GAB,2007,7.085251063999796,6.831110805665561,0.25414025833423537
GAB,2008,7.240584689517995,7.085251063999796,0.15533362551819874
GAB,2009,7.02935220298402,7.240584689517995,-0.21123248653397475
GAB,2010,7.208326456134918,7.02935220298402,0.17897425315089777
GAB,2011,7.321673187234402,7.208326456134918,0.11334673109948401
GAB,2012,7.268469186670599,7.321673187234402,-0.053204000563803255
GAB,2013,7.152474909849451,7.268469186670599,-0.11599427682114793
GAB,2014,7.200552235307372,7.152474909849451,0.048077325457921205
GAB,2015,7.112744826367621,7.200552235307372,-0.08780740893975114
GAB,2016,7.177927286560928,7.112744826367621,0.06518246019330753
GAB,2017,7.179391784979494,7.177927286560928,0.0014644984185654408
GAB,2018,7.023094901744853,7.179391784979494,-0.1562968832346403
GAB,2019,7.048264768189201,7.023094901744853,0.025169866444347377
GAB,2020,7.196897294158674,7.048264768189201,0.1486325259694734
GAB,2021,7.399552951759635,7.196897294158674,0.20265565760096038
GAB,2022,7.429007369950145,7.399552951759635,0.02945441819051009
GAB,2023,7.187997400978655,7.429007369950145,-0.24100996897148974
GAB,2024,7.27055395188094,7.187997400978655,0.08255655090228498
GAB,2025,7.327383100902598,7.27055395188094,0.0568291490216577
GHA,2000,6.764410289486161,,
GHA,2001,6.798244761061605,6.764410289486161,0.03383447157544417
GHA,2002,7.012856629592119,6.798244761061605,0.21461186853051384
GHA,2003,7.048859772433357,7.012856629592119,0.03600314284123751
GHA,2004,7.1083809084871845,7.048859772433357,0.05952113605382792
GHA,2005,7.030861056594692,7.1083809084871845,-0.07751985189249222
GHA,2006,7.059590699080099,7.030861056594692,0.028729642485406437
GHA,2007,7.273646331241894,7.059590699080099,0.21405563216179502
GHA,2008,7.417354048229037,7.273646331241894,0.14370771698714346
GHA,2009,7.21415387146869,7.417354048229037,-0.20320017676034752
GHA,2010,7.406472725620013,7.21415387146869,0.19231885415132322
GHA,2011,7.517041815682266,7.406472725620013,0.11056909006225268
GHA,2012,7.463224609976294,7.517041815682266,-0.053817205705971816
GHA,2013,7.356438192016972,7.463224609976294,-0.10678641795932187
GHA,2014,7.437575921010183,7.356438192016972,0.0811377289932107
GHA,2015,7.3621250979149755,7.437575921010183,-0.07545082309520712
GHA,2016,7.4092935309782195,7.3621250979149755,0.04716843306324403
GHA,2017,7.420874447076539,7.4092935309782195,0.01158091609831935
GHA,2018,7.264262015310029,7.420874447076539,-0.15661243176650963
GHA,2019,7.310057326059858,7.264262015310029,0.045795310749828566
GHA,2020,7.44246250967214,7.310057326059858,0.13240518361228215
GHA,2021,7.619231189646841,7.44246250967214,0.17676867997470147
GHA,2022,7.639244083349908,7.619231189646841,0.02001289370306658
GHA,2023,7.403654941487508,7.639244083349908,-0.2355891418624001
GHA,2024,7.52439311879187,7.403654941487508,0.12073817730436165
GHA,2025,7.604403997490011,7.52439311879187,0.0800108786981415
GIN,2000,7.235453778976134,,
GIN,2001,7.3123970322619884,7.235453778976134,0.0769432532858545
GIN,2002,7.435208508468916,7.3123970322619884,0.12281147620692767
GIN,2003,7.434538367698275,7.435208508468916,-0.0006701407706408702
GIN,2004,7.541123466861343,7.434538367698275,0.10658509916306791
GIN,2005,7.496224528236793,7.541123466861343,-0.04489893862455041
GIN,2006,7.486083594092012,7.496224528236793,-0.0101409341447809
GIN,2007,7.581302554697201,7.486083594092012,0.0952189606051892
GIN,2008,7.70985683059331,7.581302554697201,0.1285542758961089
GIN,2009,7.55071729575717,7.70985683059331,-0.15913953483613952
GIN,2010,7.741680952293206,7.55071729575717,0.1909636565360353
GIN,2011,7.833897419873324,7.741680952293206,0.09221646758011826
GIN,2012,7.823132617334744,7.833897419873324,-0.010764802538579588
GIN,2013,7.7580589982060255,7.823132617334744,-0.0650736191287189
GIN,2014,7.901385259520074,7.7580589982060255,0.1433262613140487
GIN,2015,7.859553809263175,7.901385259520074,-0.041831450256899494
GIN,2016,7.850346082940307,7.859553809263175,-0.009207726322867593
GIN,2017,7.876355234648791,7.850346082940307,0.02600915170848417
GIN,2018,7.750088274027343,7.876355234648791,-0.12626696062144838
GIN,2019,7.8439834300315585,7.750088274027343,0.09389515600421561
GIN,2020,7.913747477454903,7.8439834300315585,0.06976404742334452
GIN,2021,8.01990417160377,7.913747477454903,0.10615669414886675
GIN,2022,8.02220203692972,8.01990417160377,0.0022978653259499993
GIN,2023,7.845165281936321,8.02220203692972,-0.17703675499339866
GIN,2024,7.993256537374791,7.845165281936321,0.14809125543846946
GIN,2025,8.09970085544035,7.993256537374791,0.10644431806555943
GNB,2000,7.385370150115005,,
GNB,2001,7.476033393725405,7.385370150115005,0.09066324361040046
GNB,2002,7.569628073620853,7.476033393725405,0.0935946798954479
GNB,2003,7.557286132433668,7.569628073620853,-0.012341941187185235
GNB,2004,7.678850015335772,7.557286132433668,0.1215638829021044
GNB,2005,7.644333151932472,7.678850015335772,-0.03451686340329996
GNB,2006,7.62182109723833,7.644333151932472,-0.022512054694142414
GNB,2007,7.67921857648247,7.62182109723833,0.05739747924414029
GNB,2008,7.802950051619579,7.67921857648247,0.12373147513710858
GNB,2009,7.657833450322928,7.802950051619579,-0.1451166012966505
GNB,2010,7.848365795710007,7.657833450322928,0.1905323453870782
GNB,2011,7.9347412770016135,7.848365795710007,0.08637548129160688
GNB,2012,7.9376785215047025,7.9347412770016135,0.002937244503089076
GNB,2013,7.885880601054041,7.9376785215047025,-0.05179792045066112
GNB,2014,8.048999257974888,7.885880601054041,0.16311865692084648
GNB,2015,8.017867657070203,8.048999257974888,-0.031131600904684475
GNB,2016,7.990717406495351,8.017867657070203,-0.02715025057485221
GNB,2017,8.021318551879311,7.990717406495351,0.03060114538395986
GNB,2018,7.904709474268822,8.021318551879311,-0.11660907761048911
GNB,2019,8.01391309841615,7.904709474268822,0.10920362414732843
GNB,2020,8.063740702536503,8.01391309841615,0.049827604120352476
GNB,2021,8.147424115746109,8.063740702536503,0.08368341320960582
GNB,2022,8.144083918285551,8.147424115746109,-0.0033401974605578033
GNB,2023,7.985682303267072,8.144083918285551,-0.15840161501847927
GNB,2024,8.14247906956566,7.985682303267072,0.15679676629858808
GNB,2025,8.257336210215762,8.14247906956566,0.114857140650102
GNQ,2000,6.030381042260349,,
GNQ,2001,5.997038900011925,6.030381042260349,-0.03334214224842391
GNQ,2002,6.354703744277818,5.997038900011925,0.3576648442658925
GNQ,2003,6.447855034505773,6.354703744277818,0.09315129022795521
GNQ,2004,6.434036179277807,6.447855034505773,-0.013818855227966331
GNQ,2005,6.305683007438973,6.434036179277807,-0.12835317183883355
GNQ,2006,6.394984849179234,6.305683007438973,0.08930184174026046
GNQ,2007,6.794224215989321,6.394984849179234,0.39923936681008776
GNQ,2008,6.961545610280393,6.794224215989321,0.16732139429107207
GNQ,2009,6.689685531524731,6.961545610280393,-0.27186007875566265
GNQ,2010,6.884116196384807,6.689685531524731,0.19443066486007599
GNQ,2011,7.023284262902009,6.884116196384807,0.13916806651720215
GNQ,2012,6.902378298316383,7.023284262902009,-0.12090596458562608
GNQ,2013,6.730590633108189,6.902378298316383,-0.17178766520819355
GNQ,2014,6.7148196846988775,6.730590633108189,-0.015770948409311814
GNQ,2015,6.5869796374931155,6.7148196846988775,-0.12784004720576192
GNQ,2016,6.721999300345096,6.5869796374931155,0.1350196628519802
GNQ,2017,6.711096630192827,6.721999300345096,-0.010902670152268534
GNQ,2018,6.507196710459035,6.711096630192827,-0.20389991973379207
GNQ,2019,6.478037809991586,6.507196710459035,-0.029158900467448845
GNQ,2020,6.70805696570636,6.478037809991586,0.23001915571477394
GNQ,2021,6.994860629620608,6.70805696570636,0.28680366391424794
GNQ,2022,7.042478933937286,6.994860629620608,0.04761830431667757
GNQ,2023,6.715647336939237,7.042478933937286,-0.32683159699804865
GNQ,2024,6.7937610861386135,6.715647336939237,0.07811374919937641
GNQ,2025,6.832580614073234,6.7937610861386135,0.03881952793462062
GTM,2000,7.316384547461795,,
GTM,2001,7.403111563412373,7.316384547461795,0.08672701595057752
GTM,2002,7.4868839726821745,7.403111563412373,0.08377240926980178
GTM,2003,7.482483045881864,7.4868839726821745,-0.004400926800310678
GTM,2004,7.606381953405147,7.482483045881864,0.12389890752328281
GTM,2005,7.568371525486569,7.606381953405147,-0.03801042791857778
GTM,2006,7.540173707210631,7.568371525486569,-0.028197818275938147
GTM,2007,7.60051777357011,7.540173707210631,0.06034406635947942
GTM,2008,7.730096521617387,7.60051777357011,0.12957874804727698
GTM,2009,7.5896236990366885,7.730096521617387,-0.1404728225806986
GTM,2010,7.768597600183155,7.5896236990366885,0.17897390114646683
GTM,2011,7.852561686860435,7.768597600183155,0.0839640866772795
GTM,2012,7.867143426914398,7.852561686860435,0.014581740053962733
GTM,2013,7.818395002780674,7.867143426914398,-0.04874842413372349
GTM,2014,7.969822612231406,7.818395002780674,0.15142760945073164
GTM,2015,7.9370036666622745,7.969822612231406,-0.03281894556913123
GTM,2016,7.91040958720972,7.9370036666622745,-0.026594079452554098
GTM,2017,7.9362438063454,7.91040958720972,0.02583421913567996
GTM,2018,7.82774435725648,7.9362438063454,-0.10849944908891995
GTM,2019,7.932058976721216,7.82774435725648,0.10431461946473597
GTM,2020,7.979322560322953,7.932058976721216,0.04726358360173677
GTM,2021,8.06649452547174,7.979322560322953,0.08717196514878633
GTM,2022,8.066504744443055,8.06649452547174,1.0218971315367753e-05
GTM,2023,7.918686546083418,8.066504744443055,-0.14781819835963717
GTM,2024,8.050485652638269,7.918686546083418,0.13179910655485116
GTM,2025,8.152705791089842,8.050485652638269,0.10222013845157285
GUY,2000,7.791522819150732,,
GUY,2001,7.919356190660617,7.791522819150732,0.12783337150988494
GUY,2002,7.933796874815411,7.919356190660617,0.014440684154794603
GUY,2003,7.8898337513942955,7.933796874815411,-0.043963123421115746
GUY,2004,8.0519780789023,7.8898337513942955,0.16214432750800434
GUY,2005,8.045588280803528,8.0519780789023,-0.006389798098771493
GUY,2006,7.989560449333865,8.045588280803528,-0.05602783146966317
GUY,2007,7.944492163932159,7.989560449333865,-0.045068285401706376
GUY,2008,8.055157731819678,7.944492163932159,0.11066556788751925
GUY,2009,7.948031990637284,8.055157731819678,-0.10712574118239448
GUY,2010,8.13739583005665,7.948031990637284,0.18936383941936707
GUY,2011,8.207946941048617,8.13739583005665,0.07055111099196587
GUY,2012,8.24800570160062,8.207946941048617,0.04005876055200375
GUY,2013,8.23217423638394,8.24800570160062,-0.015831465216679774
GUY,2014,8.448914350662942,8.23217423638394,0.21674011427900197
GUY,2015,8.446770727119691,8.448914350662942,-0.0021436235432510387
GUY,2016,8.371010681238156,8.446770727119691,-0.07576004588153573
GUY,2017,8.414052432496725,8.371010681238156,0.043041751258568794
GUY,2018,8.323608442343572,8.414052432496725,-0.09044399015315285
GUY,2019,8.474285690404962,8.323608442343572,0.15067724806139005
GUY,2020,8.470101583882387,8.474285690404962,-0.004184106522574282
GUY,2021,8.492900498847193,8.470101583882387,0.022798914964806016
GUY,2022,8.474285690404962,8.492900498847193,-0.018614808442231734
GUY,2023,8.366370301681654,8.474285690404962,-0.10791538872330797
GUY,2024,8.546751993657782,8.366370301681654,0.18038169197612852
GUY,2025,8.684401110400144,8.546751993657782,0.13764911674236124
HND,2000,7.260640494655316,,
HND,2001,7.340171889264193,7.260640494655316,0.07953139460887648
HND,2002,7.455303811699039,7.340171889264193,0.1151319224348466
HND,2003,7.452978840413199,7.455303811699039,-0.002324971285839972
HND,2004,7.563179435619285,7.452978840413199,0.11020059520608605
HND,2005,7.520177641616954,7.563179435619285,-0.04300179400233173
HND,2006,7.506603159821257,7.520177641616954,-0.013574481795696869
HND,2007,7.593746095578733,7.506603159821257,0.087142935757476
HND,2008,7.721922199905338,7.593746095578733,0.12817610432660498
HND,2009,7.566460154118838,7.721922199905338,-0.15546204578649991
HND,2010,7.755951139698773,7.566460154118838,0.18949098557993516
HND,2011,7.846578996162881,7.755951139698773,0.09062785646410809
HND,2012,7.84025394777084,7.846578996162881,-0.006325048392040955
HND,2013,7.778501453729199,7.84025394777084,-0.06175249404164074
HND,2014,7.924845268336037,7.778501453729199,0.14634381460683787
HND,2015,7.88519688012175,7.924845268336037,-0.03964838821428707
HND,2016,7.872057642232991,7.88519688012175,-0.013139237888759148
HND,2017,7.898522205281132,7.872057642232991,0.026464563048141265
HND,2018,7.775372933520524,7.898522205281132,-0.12314927176060841
HND,2019,7.8720966849707,7.775372933520524,0.09672375145017575
HND,2020,7.9371133542802355,7.8720966849707,0.06501666930953576
HND,2021,8.038678281580106,7.9371133542802355,0.10156492729987043
HND,2022,8.04011896085293,8.038678281580106,0.0014406792728234308
HND,2023,7.868494724932411,8.04011896085293,-0.17162423592051823
HND,2024,8.015548507896716,7.868494724932411,0.1470537829643046
HND,2025,8.122362251963981,8.015548507896716,0.1068137440672654
IDN,2000,6.259110038677909,,
IDN,2001,6.249705215172074,6.259110038677909,-0.009404823505835047
IDN,2002,6.533386154982128,6.249705215172074,0.28368093981005416
IDN,2003,6.611978104348853,6.533386154982128,0.07859194936672509
IDN,2004,6.632675692655102,6.611978104348853,0.020697588306249237
IDN,2005,6.521785272056788,6.632675692655102,-0.11089042059831389
IDN,2006,6.577830749214751,6.521785272056788,0.05604547715796304
IDN,2007,6.901092341442032,6.577830749214751,0.323261592227281
IDN,2008,7.065641098273698,6.901092341442032,0.1645487568316657
IDN,2009,6.829201288176423,7.065641098273698,-0.23643981009727533
IDN,2010,7.008113945387776,6.829201288176423,0.1789126572113533
IDN,2011,7.131925328925027,7.008113945387776,0.12381138353725074
IDN,2012,7.054611856729241,7.131925328925027,-0.07731347219578577
IDN,2013,6.914654729572204,7.054611856729241,-0.1399571271570368
IDN,2014,6.9258160462685945,6.914654729572204,0.011161316696390422
IDN,2015,6.818391343288013,6.9258160462685945,-0.10742470298058127
IDN,2016,6.916303282152615,6.818391343288013,0.09791193886460192
IDN,2017,6.909052349975694,6.916303282152615,-0.00725093217692141
IDN,2018,6.735754730254992,6.909052349975694,-0.17329761972070212
IDN,2019,6.7326763376799,6.735754730254992,-0.003078392575091904
IDN,2020,6.917442226406469,6.7326763376799,0.1847658887265693
IDN,2021,7.161296732442437,6.917442226406469,0.2438545060359676
IDN,2022,7.201268520593124,7.161296732442437,0.03997178815068736
IDN,2023,6.927083901879711,7.201268520593124,-0.27418461871341293
IDN,2024,6.991947610686249,6.927083901879711,0.0648637088065378
IDN,2025,7.032523349174047,6.991947610686249,0.040575738487798496
IND,2000,6.896017196944204,,
IND,2001,6.956464483815558,6.896017196944204,0.060447286871354144
IND,2002,7.002838215213345,6.956464483815558,0.04637373139778678
IND,2003,7.044345949708451,7.002838215213345,0.041507734495106696
IND,2004,7.173568160644371,7.044345949708451,0.1292222109359198
IND,2005,7.1130305120090895,7.173568160644371,-0.06053764863528155
IND,2006,7.061167143063122,7.1130305120090895,-0.0518633689459671
IND,2007,7.153418672408309,7.061167143063122,0.09225152934518643
IND,2008,7.315126820247058,7.153418672408309,0.1617081478387492
IND,2009,7.1922421971112165,7.315126820247058,-0.12288462313584159
IND,2010,7.312130292683227,7.1922421971112165,0.1198880955720103
IND,2011,7.386321460992293,7.312130292683227,0.07419116830906614
IND,2012,7.454536994331127,7.386321460992293,0.0682155333388339
IND,2013,7.415532346551717,7.454536994331127,-0.03900464777940993
IND,2014,7.4982130657525285,7.415532346551717,0.08268071920081166
IND,2015,7.451988958029428,7.4982130657525285,-0.04622410772310026
IND,2016,7.436215188835175,7.451988958029428,-0.01577376919425344
IND,2017,7.435563051011844,7.436215188835175,-0.0006521378233310671
IND,2018,7.364364821347364,7.435563051011844,-0.0711982296644802
IND,2019,7.436807988027063,7.364364821347364,0.07244316667969919
IND,2020,7.479775484234159,7.436807988027063,0.042967496207095834
IND,2021,7.59481847774763,7.479775484234159,0.11504299351347136
IND,2022,7.614515042764533,7.59481847774763,0.0196965650169032
IND,2023,7.512698198082818,7.614515042764533,-0.10181684468171515
IND,2024,7.512431122712584,7.512698198082818,-0.00026707537023362704
IND,2025,7.546106542998539,7.512431122712584,0.03367542028595416
KEN,2000,7.789137308974013,,
KEN,2001,7.91679117274359,7.789137308974013,0.1276538637695772
KEN,2002,7.931316922371211,7.91679117274359,0.01452574962762121
KEN,2003,7.887581482167617,7.931316922371211,-0.04373544020359432
KEN,2004,8.049638109451106,7.887581482167617,0.1620566272834889
KEN,2005,8.043104068541012,8.049638109451106,-0.006534040910093353
KEN,2006,7.987087330656341,8.043104068541012,-0.05601673788467121
KEN,2007,7.942384847330491,7.987087330656341,-0.04470248332585047
KEN,2008,8.053186385993515,7.942384847330491,0.11080153866302389
KEN,2009,7.9460186652050275,8.053186385993515,-0.10716772078848713
KEN,2010,8.135197430304508,7.9460186652050275,0.18917876509948073
KEN,2011,8.205758237934395,8.135197430304508,0.07056080762988692
KEN,2012,8.245892004456614,8.205758237934395,0.040133766522219005
KEN,2013,8.229998808904066,8.245892004456614,-0.015893195552548534
KEN,2014,8.446381806439954,8.229998808904066,0.21638299753588797
KEN,2015,8.444120758236267,8.446381806439954,-0.0022610482036871105
KEN,2016,8.368520507971814,8.444120758236267,-0.07560025026445238
KEN,2017,8.411445864408863,8.368520507971814,0.04292535643704909
KEN,2018,8.321053142451428,8.411445864408863,-0.09039272195743564
KEN,2019,8.471521985124092,8.321053142451428,0.15046884267266414
KEN,2020,8.467463484321204,8.471521985124092,-0.004058500802887721
KEN,2021,8.490508125479863,8.467463484321204,0.023044641158659118
KEN,2022,8.471995373539572,8.490508125479863,-0.018512751940290784
KEN,2023,8.364096230542158,8.471995373539572,-0.10789914299741454
KEN,2024,8.543996697764102,8.364096230542158,0.17990046722194464
KEN,2025,8.6813688421404,8.543996697764102,0.13737214437629675
KHM,2000,7.6160870079127045,,
KHM,2001,7.730718974393344,7.6160870079127045,0.11463196648063967
KHM,2002,7.751415565724437,7.730718974393344,0.020696591331092584
KHM,2003,7.724196780835553,7.751415565724437,-0.027218784888884073
KHM,2004,7.879891435571804,7.724196780835553,0.15569465473625144
KHM,2005,7.862893695043525,7.879891435571804,-0.016997740528279515
KHM,2006,7.807681710893071,7.862893695043525,-0.055211984150453475
KHM,2007,7.789515337106188,7.807681710893071,-0.018166373786883128
KHM,2008,7.910180503208804,7.789515337106188,0.1206651661026159
KHM,2009,7.799967486892508,7.910180503208804,-0.11021301631629576
KHM,2010,7.975720542436288,7.799967486892508,0.17575305554377962
KHM,2011,8.046984766101746,7.975720542436288,0.07126422366545793
KHM,2012,8.092559635266815,8.046984766101746,0.04557486916506903
KHM,2013,8.072188381598732,8.092559635266815,-0.0203712536680829
KHM,2014,8.262665323267303,8.072188381598732,0.190476941668571
KHM,2015,8.251886024737667,8.262665323267303,-0.010779298529635994
KHM,2016,8.187877709780892,8.251886024737667,-0.06400831495677473
KHM,2017,8.222359522735177,8.187877709780892,0.03448181295428476
KHM,2018,8.135685911595283,8.222359522735177,-0.08667361113989358
KHM,2019,8.271036556234753,8.135685911595283,0.13535064463946966
KHM,2020,8.276089778290498,8.271036556234753,0.005053222055744655
KHM,2021,8.316959953056235,8.276089778290498,0.04087017476573784
KHM,2022,8.30585061048242,8.316959953056235,-0.011109342573815795
KHM,2023,8.199129969167476,8.30585061048242,-0.10672064131494352
KHM,2024,8.34412130483242,8.199129969167476,0.14499133566494393
KHM,2025,8.461401247632242,8.34412130483242,0.11727994279982212
LAO,2000,7.751945579633153,,
LAO,2001,7.876800795399784,7.751945579633153,0.1248552157666305
LAO,2002,7.892652773719486,7.876800795399784,0.015851978319702198
LAO,2003,7.852467070039397,7.892652773719486,-0.04018570368008856
LAO,2004,8.013156391056445,7.852467070039397,0.16068932101704725
LAO,2005,8.004373506418736,8.013156391056445,-0.008782884637708932
LAO,2006,7.948529725084186,8.004373506418736,-0.05584378133454937
LAO,2007,7.909530345409007,7.948529725084186,-0.03899937967517886
LAO,2008,8.022451761123978,7.909530345409007,0.11292141571497094
LAO,2009,7.914629549668104,8.022451761123978,-0.10782221145587467
LAO,2010,8.100922879995485,7.914629549668104,0.1862933303273815
LAO,2011,8.171634864818643,8.100922879995485,0.07071198482315744
LAO,2012,8.212938025531841,8.171634864818643,0.041303160713198395
LAO,2013,8.19608241197491,8.212938025531841,-0.016855613556931104
LAO,2014,8.406897716116463,8.19608241197491,0.21081530414155303
LAO,2015,8.402805937433618,8.406897716116463,-0.00409177868284516
LAO,2016,8.32969700973755,8.402805937433618,-0.07310892769606703
LAO,2017,8.370807691585982,8.32969700973755,0.041110681848431696
LAO,2018,8.281214275738193,8.370807691585982,-0.0895934158477889
LAO,2019,8.428433936375786,8.281214275738193,0.1472196606375924
LAO,2020,8.42633371434103,8.428433936375786,-0.002100222034755461
LAO,2021,8.453209394320224,8.42633371434103,0.02687567997919338
LAO,2022,8.436287772795014,8.453209394320224,-0.01692162152520993
LAO,2023,8.328641911735472,8.436287772795014,-0.10764586105954166
LAO,2024,8.501039757092965,8.328641911735472,0.17239784535749259
LAO,2025,8.634093713530197,8.501039757092965,0.13305395643723195
LBR,2000,6.101713032919464,,
LBR,2001,6.07600499275576,6.101713032919464,-0.025708040163704204
LBR,2002,6.408943420013592,6.07600499275576,0.3329384272578322
LBR,2003,6.497736861571731,6.408943420013592,0.08879344155813929
LBR,2004,6.495338220171445,6.497736861571731,-0.0023986414002861167
LBR,2005,6.372522271619732,6.495338220171445,-0.12281594855171285
LBR,2006,6.450644009235046,6.372522271619732,0.07812173761531405
LBR,2007,6.8251612431423325,6.450644009235046,0.3745172339072864
LBR,2008,6.99187580633672,6.8251612431423325,0.16671456319438782
LBR,2009,6.731850637964557,6.99187580633672,-0.26002516837216305
LBR,2010,6.920606229236526,6.731850637964557,0.18875559127196873
LBR,2011,7.05462271248758,6.920606229236526,0.1340164832510542
LBR,2012,6.948587329722502,7.05462271248758,-0.10603538276507862
LBR,2013,6.787377325535783,6.948587329722502,-0.16121000418671816
LBR,2014,6.779821934471353,6.787377325535783,-0.007555391064430594
LBR,2015,6.658578678108121,6.779821934471353,-0.12124325636323174
LBR,2016,6.781478559545531,6.658578678108121,0.1228998814374096
LBR,2017,6.771526113057366,6.781478559545531,-0.009952446488164846
LBR,2018,6.5780621282469705,6.771526113057366,-0.1934639848103954
LBR,2019,6.557189944756276,6.5780621282469705,-0.020872183490694418
LBR,2020,6.772262060813009,6.557189944756276,0.21507211605673326
LBR,2021,7.045184453307834,6.772262060813009,0.27292239249482453
LBR,2022,7.090471826881735,7.045184453307834,0.04528737357390078
LBR,2023,6.781420487751652,7.090471826881735,-0.3090513391300824
LBR,2024,6.853910119426148,6.781420487751652,0.07248963167449585
LBR,2025,6.8926543426243985,6.853910119426148,0.03874422319825044
LKA,2000,7.7859766635084355,,
LKA,2001,7.913392691224756,7.7859766635084355,0.1274160277163201
LKA,2002,7.928031147058199,7.913392691224756,0.014638455833443587
LKA,2003,7.884597372274466,7.928031147058199,-0.04343377478373345
LKA,2004,8.046537802477914,7.884597372274466,0.1619404302034484
LKA,2005,8.03981264924644,8.046537802477914,-0.006725153231474934
LKA,2006,7.98381060963866,8.03981264924644,-0.05600203960777961
LKA,2007,7.939592790215582,7.98381060963866,-0.044217819423077565
LKA,2008,8.050574481291804,7.939592790215582,0.1109816910762218
LKA,2009,7.943351140262022,8.050574481291804,-0.1072233410297816
LKA,2010,8.132284693953208,7.943351140262022,0.1889335536911858
LKA,2011,8.202858348996184,8.132284693953208,0.07057365504297586
LKA,2012,8.243091493539072,8.202858348996184,0.04023314454288851
LKA,2013,8.227116509315888,8.243091493539072,-0.015974984223184663
LKA,2014,8.443026350448658,8.227116509315888,0.21590984113277045
LKA,2015,8.440609722225162,8.443026350448658,-0.002416628223496531
LKA,2016,8.365221190735785,8.440609722225162,-0.07538853148937719
LKA,2017,8.407992331622452,8.365221190735785,0.04277114088666778
LKA,2018,8.317667536682013,8.407992331622452,-0.09032479494043955
LKA,2019,8.467860255801188,8.317667536682013,0.15019271911917542
LKA,2020,8.46396817438827,8.467860255801188,-0.0038920814129177472
LKA,2021,8.487338386734159,8.46396817438827,0.02337021234588832
LKA,2022,8.46896085300557,8.487338386734159,-0.018377533728589412
LKA,2023,8.361083234535856,8.46896085300557,-0.107877618469713
LKA,2024,8.540346110330995,8.361083234535856,0.1792628757951391
LKA,2025,8.677351284378913,8.540346110330995,0.13700517404791768
MDG,2000,7.752786095412261,,
MDG,2001,7.877079389508491,7.752786095412261,0.12429329409623069
MDG,2002,7.899020278913153,7.877079389508491,0.021940889404661768
MDG,2003,7.858078441619322,7.899020278913153,-0.04094183729383083
MDG,2004,8.016371887280796,7.858078441619322,0.15829344566147352
MDG,2005,8.007302185154241,8.016371887280796,-0.009069702126554446
MDG,2006,7.954446906412641,8.007302185154241,-0.052855278741600564
MDG,2007,7.919120767910212,7.954446906412641,-0.035326138502428606
MDG,2008,8.031040148598613,7.919120767910212,0.11191938068840113
MDG,2009,7.920314449826692,8.031040148598613,-0.11072569877192162
MDG,2010,8.109764929465534,7.920314449826692,0.18945047963884232
MDG,2011,8.181814527666585,8.109764929465534,0.07204959820105117
MDG,2012,8.218370703322226,8.181814527666585,0.03655617565564029
MDG,2013,8.199128268457827,8.218370703322226,-0.019242434864398916
MDG,2014,8.410748797118602,8.199128268457827,0.21162052866077552
MDG,2015,8.405847279690708,8.410748797118602,-0.004901517427894575
MDG,2016,8.334707135899972,8.405847279690708,-0.07114014379073552
MDG,2017,8.376556767665823,8.334707135899972,0.041849631765851214
MDG,2018,8.283643775039213,8.376556767665823,-0.09291299262661035
MDG,2019,8.430370032657036,8.283643775039213,0.1467262576178232
MDG,2020,8.431312515613662,8.430370032657036,0.0009424829566260229
MDG,2021,8.459903817972362,8.431312515613662,0.028591302358700332
MDG,2022,8.442747417358628,8.459903817972362,-0.017156400613734135
MDG,2023,8.330057338084778,8.442747417358628,-0.11269007927385033
MDG,2024,8.50814533262106,8.330057338084778,0.17808799453628232
MDG,2025,8.64360217476575,8.50814533262106,0.13545684214468956
MEX,2000,7.759145026427409,,
MEX,2001,7.884459933796158,7.759145026427409,0.1253149073687494
MEX,2002,7.900858362123608,7.884459933796158,0.016398428327449643
MEX,2003,7.859896791229052,7.900858362123608,-0.040961570894555877
MEX,2004,8.020532247255995,7.859896791229052,0.1606354560269425
MEX,2005,8.012140366698079,8.020532247255995,-0.008391880557915954
MEX,2006,7.956655894895418,8.012140366698079,-0.055484471802660806
MEX,2007,7.917051603042489,7.956655894895418,-0.03960429185292913
MEX,2008,8.029437419682404,7.917051603042489,0.11238581663991543
MEX,2009,7.921358843232324,8.029437419682404,-0.10807857645008045
MEX,2010,8.108616580252416,7.921358843232324,0.18725773702009274
MEX,2011,8.179475326969811,8.108616580252416,0.0708587467173949
MEX,2012,8.219932490643451,8.179475326969811,0.04045716367363994
MEX,2013,8.202947024759146,8.219932490643451,-0.016985465884305384
MEX,2014,8.414929282833663,8.202947024759146,0.2119822580745172
MEX,2015,8.411080171940604,8.414929282833663,-0.003849110893058949
MEX,2016,8.337754799508335,8.411080171940604,-0.07332537243226867
MEX,2017,8.37930837268679,8.337754799508335,0.04155357317845443
MEX,2018,8.28912686677394,8.37930837268679,-0.09018150591285057
MEX,2019,8.43690108924221,8.28912686677394,0.14777422246827143
MEX,2020,8.434826991018436,8.43690108924221,-0.0020740982237743566
MEX,2021,8.46119763233529,8.434826991018436,0.02637064131685385
MEX,2022,8.443941907722037,8.46119763233529,-0.01725572461325342
MEX,2023,8.33558565444998,8.443941907722037,-0.10835625327205634
MEX,2024,8.5101604755674,8.33558565444998,0.17457482111741918
MEX,2025,8.64435292977168,8.5101604755674,0.13419245420428005
MMR,2000,7.500509774978745,,
MMR,2001,7.606444646759314,7.500509774978745,0.10593487178056904
MMR,2002,7.631262634034746,7.606444646759314,0.02481798727543172
MMR,2003,7.615075030871006,7.631262634034746,-0.016187603163739794
MMR,2004,7.766520636755554,7.615075030871006,0.1514456058845477
MMR,2005,7.742534376469116,7.766520636755554,-0.023986260286437577
MMR,2006,7.687859873092888,7.742534376469116,-0.054674503376228145
MMR,2007,7.68741649715424,7.687859873092888,-0.00044337593864796077
MMR,2008,7.814669405428747,7.68741649715424,0.12725290827450664
MMR,2009,7.702422490133877,7.814669405428747,-0.11224691529486996
MMR,2010,7.869208751912454,7.702422490133877,0.1667862617785767
MMR,2011,7.9409427746969765,7.869208751912454,0.0717340227845229
MMR,2012,7.99015166000483,7.9409427746969765,0.049208885307853834
MMR,2013,7.96678959058701,7.99015166000483,-0.023362069417820486
MMR,2014,8.139964336102128,7.96678959058701,0.17317474551511847
MMR,2015,8.123495848960427,8.139964336102128,-0.016468487141700905
MMR,2016,8.067229582408043,8.123495848960427,-0.056266266552384536
MMR,2017,8.09607210212845,8.067229582408043,0.0288425197204063
MMR,2018,8.01188241927201,8.09607210212845,-0.08418968285643835
MMR,2019,8.137135887050718,8.01188241927201,0.12525346777870716
MMR,2020,8.148274667518109,8.137135887050718,0.01113878046739103
MMR,2021,8.20105020065215,8.148274667518109,0.052775533134040487
MMR,2022,8.194885464147244,8.20105020065215,-0.006164736504905122
MMR,2023,8.088951923245492,8.194885464147244,-0.10593354090175211
MMR,2024,8.210628067866322,8.088951923245492,0.12167614462082987
MMR,2025,8.314488784883132,8.210628067866322,0.10386071701680955
MOZ,2000,7.791522819150732,,
MOZ,2001,7.919356190660617,7.791522819150732,0.12783337150988494
MOZ,2002,7.933796874815411,7.919356190660617,0.014440684154794603
MOZ,2003,7.8898337513942955,7.933796874815411,-0.043963123421115746
MOZ,2004,8.0519780789023,7.8898337513942955,0.16214432750800434
MOZ,2005,8.045588280803528,8.0519780789023,-0.006389798098771493
MOZ,2006,7.989560449333865,8.045588280803528,-0.05602783146966317
MOZ,2007,7.944492163932159,7.989560449333865,-0.045068285401706376
MOZ,2008,8.055157731819678,7.944492163932159,0.11066556788751925
MOZ,2009,7.948031990637284,8.055157731819678,-0.10712574118239448
MOZ,2010,8.13739583005665,7.948031990637284,0.18936383941936707
MOZ,2011,8.207946941048617,8.13739583005665,0.07055111099196587
MOZ,2012,8.24800570160062,8.207946941048617,0.04005876055200375
MOZ,2013,8.23217423638394,8.24800570160062,-0.015831465216679774
MOZ,2014,8.448914350662942,8.23217423638394,0.21674011427900197
MOZ,2015,8.446770727119691,8.448914350662942,-0.0021436235432510387
MOZ,2016,8.371010681238156,8.446770727119691,-0.07576004588153573
MOZ,2017,8.414052432496725,8.371010681238156,0.043041751258568794
MOZ,2018,8.323608442343572,8.414052432496725,-0.09044399015315285
MOZ,2019,8.474285690404962,8.323608442343572,0.15067724806139005
MOZ,2020,8.470101583882387,8.474285690404962,-0.004184106522574282
MOZ,2021,8.492900498847193,8.470101583882387,0.022798914964806016
MOZ,2022,8.474285690404962,8.492900498847193,-0.018614808442231734
MOZ,2023,8.366370301681654,8.474285690404962,-0.10791538872330797
MOZ,2024,8.546751993657782,8.366370301681654,0.18038169197612852
MOZ,2025,8.684401110400144,8.546751993657782,0.13764911674236124
MWI,2000,7.791522819150732,,
MWI,2001,7.919356190660617,7.791522819150732,0.12783337150988494
MWI,2002,7.933796874815411,7.919356190660617,0.014440684154794603
MWI,2003,7.8898337513942955,7.933796874815411,-0.043963123421115746
MWI,2004,8.0519780789023,7.8898337513942955,0.16214432750800434
MWI,2005,8.045588280803528,8.0519780789023,-0.006389798098771493
MWI,2006,7.989560449333865,8.045588280803528,-0.05602783146966317
MWI,2007,7.944492163932159,7.989560449333865,-0.045068285401706376
MWI,2008,8.055157731819678,7.944492163932159,0.11066556788751925
MWI,2009,7.948031990637284,8.055157731819678,-0.10712574118239448
MWI,2010,8.13739583005665,7.948031990637284,0.18936383941936707
MWI,2011,8.207946941048617,8.13739583005665,0.07055111099196587
MWI,2012,8.24800570160062,8.207946941048617,0.04005876055200375
MWI,2013,8.23217423638394,8.24800570160062,-0.015831465216679774
MWI,2014,8.448914350662942,8.23217423638394,0.21674011427900197
MWI,2015,8.446770727119691,8.448914350662942,-0.0021436235432510387
MWI,2016,8.371010681238156,8.446770727119691,-0.07576004588153573
MWI,2017,8.414052432496725,8.371010681238156,0.043041751258568794
MWI,2018,8.323608442343572,8.414052432496725,-0.09044399015315285
MWI,2019,8.474285690404962,8.323608442343572,0.15067724806139005
MWI,2020,8.470101583882387,8.474285690404962,-0.004184106522574282
MWI,2021,8.492900498847193,8.470101583882387,0.022798914964806016
MWI,2022,8.474285690404962,8.492900498847193,-0.018614808442231734
MWI,2023,8.366370301681654,8.474285690404962,-0.10791538872330797
MWI,2024,8.546751993657782,8.366370301681654,0.18038169197612852
MWI,2025,8.684401110400144,8.546751993657782,0.13764911674236124
MYS,2000,5.978006751769574,,
MYS,2001,5.939871438813179,5.978006751769574,-0.038135312956395495
MYS,2002,6.307743366972596,5.939871438813179,0.36787192815941694
MYS,2003,6.404972279016784,6.307743366972596,0.09722891204418804
MYS,2004,6.385920485152516,6.404972279016784,-0.019051793864267808
MYS,2005,6.253940265651013,6.385920485152516,-0.13198021950150274
MYS,2006,6.347564041389721,6.253940265651013,0.09362377573870795
MYS,2007,6.760016596569744,6.347564041389721,0.4124525551800229
MYS,2008,6.929022868676442,6.760016596569744,0.1690062721066976
MYS,2009,6.652263783967321,6.929022868676442,-0.2767590847091208
MYS,2010,6.846845130272231,6.652263783967321,0.19458134630491042
MYS,2011,6.988053784553819,6.846845130272231,0.1412086542815878
MYS,2012,6.862360917866528,6.988053784553819,-0.12569286668729074
MYS,2013,6.685935298219134,6.862360917866528,-0.17642561964739478
MYS,2014,6.663249743558723,6.685935298219134,-0.022685554660411
MYS,2015,6.531671632164752,6.663249743558723,-0.1315781113939707
MYS,2016,6.672959636293754,6.531671632164752,0.14128800412900233
MYS,2017,6.660452722329658,6.672959636293754,-0.012506913964096533
MYS,2018,6.453178756342617,6.660452722329658,-0.2072739659870404
MYS,2019,6.418671739779471,6.453178756342617,-0.03450701656314603
MYS,2020,6.6556558257748515,6.418671739779471,0.23698408599538023
MYS,2021,6.950310681225103,6.6556558257748515,0.2946548554502515
MYS,2022,6.999898680618726,6.950310681225103,0.049587999393622795
MYS,2023,6.666556772392035,6.999898680618726,-0.3333419082266911
MYS,2024,6.741629192941344,6.666556772392035,0.07507242054930963
MYS,2025,6.777509644839487,6.741629192941344,0.035880451898142596
NGA,2000,6.851444138126142,,
NGA,2001,6.896563695952436,6.851444138126142,0.04511955782629329
NGA,2002,7.061719533769198,6.896563695952436,0.16515583781676213
NGA,2003,7.094536037282049,7.061719533769198,0.03281650351285137
NGA,2004,7.175640453511424,7.094536037282049,0.08110441622937525
NGA,2005,7.1059409423132305,7.175640453511424,-0.06969951119819395
NGA,2006,7.111597382808991,7.1059409423132305,0.005656440495760862
NGA,2007,7.283504631142914,7.111597382808991,0.17190724833392235
NGA,2008,7.429479350647575,7.283504631142914,0.145974719504661
NGA,2009,7.249917653499258,7.429479350647575,-0.1795616971483165
NGA,2010,7.425566409375022,7.249917653499258,0.17564875587576356
NGA,2011,7.525622999188325,7.425566409375022,0.10005658981330345
NGA,2012,7.504828957611824,7.525622999188325,-0.020794041576500888
NGA,2013,7.418540421089288,7.504828957611824,-0.08628853652253632
NGA,2014,7.507560683045044,7.418540421089288,0.0890202619557563
NGA,2015,7.442841470174237,7.507560683045044,-0.0647192128708074
NGA,2016,7.468839190096947,7.442841470174237,0.02599771992271016
NGA,2017,7.47937958965438,7.468839190096947,0.010540399557433133
NGA,2018,7.345906670616147,7.47937958965438,-0.13347291903823333
NGA,2019,7.4035994606789135,7.345906670616147,0.05769279006276662
NGA,2020,7.508037293670656,7.4035994606789135,0.10443783299174214
NGA,2021,7.66218855793116,7.508037293670656,0.15415126426050474
NGA,2022,7.67998411024152,7.66218855793116,0.017795552310359675
NGA,2023,7.48197043534753,7.67998411024152,-0.19801367489399002
NGA,2024,7.57844556118771,7.48197043534753,0.09647512584017992
NGA,2025,7.651098254412488,7.57844556118771,0.07265269322477774
NIC,2000,7.601778976160267,,
NIC,2001,7.714143617946402,7.601778976160267,0.11236464178613481
NIC,2002,7.747004039428199,7.714143617946402,0.03286042148179735
NIC,2003,7.719863578424969,7.747004039428199,-0.027140461003229532
NIC,2004,7.870410341399496,7.719863578424969,0.15054676297452652
NIC,2005,7.851904400903819,7.870410341399496,-0.01850594049567711
NIC,2006,7.802458101790048,7.851904400903819,-0.04944629911377074
NIC,2007,7.793727049753451,7.802458101790048,-0.008731052036597298
NIC,2008,7.913390587634141,7.793727049753451,0.11966353788069028
NIC,2009,7.797367823711142,7.913390587634141,-0.1160227639229987
NIC,2010,7.977899525772193,7.797367823711142,0.1805317020610504
NIC,2011,8.051775944896105,7.977899525772193,0.07387641912391274
NIC,2012,8.088810233365885,8.051775944896105,0.03703428846977985
NIC,2013,8.063481523276817,8.088810233365885,-0.02532871008906845
NIC,2014,8.253110452026737,8.063481523276817,0.18962892874992043
NIC,2015,8.240005881217566,8.253110452026737,-0.013104570809170824
NIC,2016,8.180812847929287,8.240005881217566,-0.059193033288279295
NIC,2017,8.215925785608475,8.180812847929287,0.03511293767918744
NIC,2018,8.123271834548081,8.215925785608475,-0.09265395106039342
NIC,2019,8.256292933885819,8.123271834548081,0.13302109933773743
NIC,2020,8.267978745697665,8.256292933885819,0.011685811811846136
NIC,2021,8.313755113365557,8.267978745697665,0.045776367667892615
NIC,2022,8.302879234801038,8.313755113365557,-0.010875878564519326
NIC,2023,8.186660053868035,8.302879234801038,-0.11621918093300287
NIC,2024,8.339279209351396,8.186660053868035,0.1526191554833609
NIC,2025,8.459288416075388,8.339279209351396,0.12000920672399218
NPL,2000,7.751039641455541,,
NPL,2001,7.87582668609605,7.751039641455541,0.12478704464050949
NPL,2002,7.891710969479962,7.87582668609605,0.01588428338391168
NPL,2003,7.8516117323851615,7.891710969479962,-0.040099237094800344
NPL,2004,8.012267747746106,7.8516117323851615,0.16065601536094487
NPL,2005,8.003430084440549,8.012267747746106,-0.008837663305557797
NPL,2006,7.947590516084115,8.003430084440549,-0.055839568356433666
NPL,2007,7.908730055986477,7.947590516084115,-0.03886046009763788
NPL,2008,8.021703108922605,7.908730055986477,0.1129730529361277
NPL,2009,7.9138649549953,8.021703108922605,-0.10783815392730478
NPL,2010,8.10008800019302,7.9138649549953,0.18622304519772026
NPL,2011,8.170803667479817,8.10008800019302,0.07071566728679635
NPL,2012,8.21213531298953,8.170803667479817,0.0413316455097128
NPL,2013,8.19525625628466,8.21213531298953,-0.016879056704869555
NPL,2014,8.405935939251922,8.19525625628466,0.21067968296726214
NPL,2015,8.401799566551444,8.405935939251922,-0.004136372700477509
NPL,2016,8.328751323966488,8.401799566551444,-0.07304824258495657
NPL,2017,8.369817802896181,8.328751323966488,0.04106647892969306
NPL,2018,8.280243857020162,8.369817802896181,-0.08957394587601897
NPL,2019,8.427384372156759,8.280243857020162,0.14714051513659676
NPL,2020,8.425331851036425,8.427384372156759,-0.0020525211203334948
NPL,2021,8.452300849728918,8.425331851036425,0.026968998692492363
NPL,2022,8.435417985901026,8.452300849728918,-0.016882863827891725
NPL,2023,8.327778294432985,8.435417985901026,-0.10763969146804087
NPL,2024,8.499993386482158,8.327778294432985,0.17221509204917318
NPL,2025,8.63294215793925,8.499993386482158,0.13294877145709094
PAN,2000,7.726335974214393,,
PAN,2001,7.848210405498644,7.726335974214393,0.12187443128425102
PAN,2002,7.875288572922272,7.848210405498644,0.027078167423627342
PAN,2003,7.836407955355154,7.875288572922272,-0.03888061756711725
PAN,2004,7.99206560301703,7.836407955355154,0.15565764766187584
PAN,2005,7.981165131788102,7.99206560301703,-0.010900471228928232
PAN,2006,7.930483955425572,7.981165131788102,-0.05068117636252989
PAN,2007,7.901819872541011,7.930483955425572,-0.02866408288456146
PAN,2008,8.014592883136329,7.901819872541011,0.11277301059531819
PAN,2009,7.901401436281714,8.014592883136329,-0.11319144685461513
PAN,2010,8.090919162905319,7.901401436281714,0.18951772662360522
PAN,2011,8.16399546241645,8.090919162905319,0.07307629951113093
PAN,2012,8.19814766361465,8.16399546241645,0.03415220119820006
PAN,2013,8.176569858209751,8.19814766361465,-0.021577805404898953
PAN,2014,8.384696420197873,8.176569858209751,0.20812656198812185
PAN,2015,8.377909537735892,8.384696420197873,-0.006786882461980781
PAN,2016,8.3099292419027,8.377909537735892,-0.0679802958331912
PAN,2017,8.350966698941802,8.3099292419027,0.041037457039101
PAN,2018,8.256359192004602,8.350966698941802,-0.09460750693719966
PAN,2019,8.400386160704265,8.256359192004602,0.14402696869966292
PAN,2020,8.404837244261438,8.400386160704265,0.004451083557173163
PAN,2021,8.437388405320004,8.404837244261438,0.03255116105856537
PAN,2022,8.421227311358434,8.437388405320004,-0.016161093961569506
PAN,2023,8.305263809731505,8.421227311358434,-0.11596350162692914
PAN,2024,8.481800067097756,8.305263809731505,0.17653625736625145
PAN,2025,8.615766015216181,8.481800067097756,0.13396594811842455
PER,2000,7.661724798283044,,
PER,2001,7.777817822359816,7.661724798283044,0.11609302407677191
PER,2002,7.816199314617121,7.777817822359816,0.03838149225730536
PER,2003,7.782491366397561,7.816199314617121,-0.03370794821956036
PER,2004,7.932204489552542,7.782491366397561,0.14971312315498153
PER,2005,7.916900639932582,7.932204489552542,-0.015303849619960452
PER,2006,7.870921016701338,7.916900639932582,-0.045979623231243494
PER,2007,7.857756602538794,7.870921016701338,-0.013164414162543991
PER,2008,7.972809079915375,7.857756602538794,0.11505247737658042
PER,2009,7.854188567565873,7.972809079915375,-0.11862051234950144
PER,2010,8.043241051222536,7.854188567565873,0.1890524836566625
PER,2011,8.118552300685849,8.043241051222536,0.07531124946331325
PER,2012,8.147793273515703,8.118552300685849,0.029240972829853717
PER,2013,8.121001108041648,8.147793273515703,-0.026792165474054386
PER,2014,8.320454440623434,8.121001108041648,0.1994533325817862
PER,2015,8.309235356845631,8.320454440623434,-0.011219083777803007
PER,2016,8.24856149425149,8.309235356845631,-0.060673862594141426
PER,2017,8.287472908517708,8.24856149425149,0.03891141426621836
PER,2018,8.189398297046287,8.287472908517708,-0.09807461147142149
PER,2019,8.326946968939302,8.189398297046287,0.13754867189301478
PER,2020,8.339340208238255,8.326946968939302,0.012393239298953418
PER,2021,8.381197411799597,8.339340208238255,0.04185720356134226
PER,2022,8.367508087811917,8.381197411799597,-0.013689323987680524
PER,2023,8.24457424040817,8.367508087811917,-0.12293384740374691
PER,2024,8.416196004999916,8.24457424040817,0.17162176459174638
PER,2025,8.546050711309174,8.416196004999916,0.1298547063092581
PHL,2000,7.680401827901358,,
PHL,2001,7.798093481272437,7.680401827901358,0.11769165337107879
PHL,2002,7.833918032050794,7.798093481272437,0.035824550778357
PHL,2003,7.798636347273539,7.833918032050794,-0.035281684777254796
PHL,2004,7.949786059722912,7.798636347273539,0.15114971244937347
PHL,2005,7.935715881483284,7.949786059722912,-0.014070178239628639
PHL,2006,7.8887246506279975,7.935715881483284,-0.046991230855286226
PHL,2007,7.871521257789461,7.8887246506279975,-0.017203392838536224
PHL,2008,7.985804026393005,7.871521257789461,0.1142827686035437
PHL,2009,7.868414030154216,7.985804026393005,-0.11738999623878943
PHL,2010,8.0579600187682,7.868414030154216,0.1895459886139852
PHL,2011,8.132780928092759,8.0579600187682,0.07482090932455776
PHL,2012,8.162893456716423,8.132780928092759,0.030112528623664758
PHL,2013,8.137328927074218,8.162893456716423,-0.025564529642204903
PHL,2014,8.339368301221697,8.137328927074218,0.2020393741474784
PHL,2015,8.329331599221243,8.339368301221697,-0.010036702000453701
PHL,2016,8.266780821155596,8.329331599221243,-0.06255077806564735
PHL,2017,8.306387847186906,8.266780821155596,0.03960702603131061
PHL,2018,8.208932112566206,8.306387847186906,-0.09745573462070034
PHL,2019,8.348287636031888,8.208932112566206,0.13935552346568159
PHL,2020,8.358743491458029,8.348287636031888,0.010455855426140914
PHL,2021,8.398119876246703,8.358743491458029,0.03937638478867456
PHL,2022,8.383692956564477,8.398119876246703,-0.014426919682225758
PHL,2023,8.262188973124875,8.383692956564477,-0.12150398343960234
PHL,2024,8.435872379965701,8.262188973124875,0.1736834068408264
PHL,2025,8.567183192750699,8.435872379965701,0.13131081278499757
PNG,2000,6.023484002552977,,
PNG,2001,5.989510659606896,6.023484002552977,-0.0339733429460809
PNG,2002,6.348519649297011,5.989510659606896,0.35900898969011497
PNG,2003,6.4422079113734565,6.348519649297011,0.0936882620764452
PNG,2004,6.427699943506013,6.4422079113734565,-0.014507967867443128
PNG,2005,6.298869134805361,6.427699943506013,-0.128830808700652
PNG,2006,6.388740121256141,6.298869134805361,0.08987098645078007
PNG,2007,6.789719499892536,6.388740121256141,0.40097937863639466
PNG,2008,6.957262771541517,6.789719499892536,0.16754327164898086
PNG,2009,6.684757554908644,6.957262771541517,-0.2725052166328732
PNG,2010,6.879208062632431,6.684757554908644,0.19445050772378725
PNG,2011,7.01864484906365,6.879208062632431,0.1394367864312187
PNG,2012,6.897108509277498,7.01864484906365,-0.12153633978615197
PNG,2013,6.724710083415014,6.897108509277498,-0.17239842586248333
PNG,2014,6.708028567751658,6.724710083415014,-0.016681515663356627
PNG,2015,6.579696264194674,6.708028567751658,-0.12833230355698344
PNG,2016,6.715541389277873,6.579696264194674,0.13584512508319868
PNG,2017,6.704427460258577,6.715541389277873,-0.011113929019296087
PNG,2018,6.500083220787656,6.704427460258577,-0.20434423947092117
PNG,2019,6.470220040248324,6.500083220787656,-0.02986318053933168
PNG,2020,6.701156390263093,6.470220040248324,0.23093635001476898
PNG,2021,6.988993958011962,6.701156390263093,0.2878375677488689
PNG,2022,7.036871646561435,6.988993958011962,0.04787768854947316
PNG,2023,6.709182722912647,7.036871646561435,-0.3276889236487879
PNG,2024,6.786895967126349,6.709182722912647,0.07771324421370185
PNG,2025,6.825328455466989,6.786895967126349,0.03843248834064017
PRY,2000,6.379620155795315,,
PRY,2001,6.401174693359409,6.379620155795315,0.021554537564093756
PRY,2002,6.466298299527376,6.401174693359409,0.0651236061679672
PRY,2003,6.557056093737682,6.466298299527376,0.0907577942103055
PRY,2004,6.6671605485329355,6.557056093737682,0.11010445479525366
PRY,2005,6.57537980102058,6.6671605485329355,-0.0917807475123551
PRY,2006,6.526081986007554,6.57537980102058,-0.0492978150130261
PRY,2007,6.697728060563739,6.526081986007554,0.1716460745561843
PRY,2008,6.8888178015335715,6.697728060563739,0.1910897409698329
PRY,2009,6.75668571961536,6.8888178015335715,-0.13213208191821124
PRY,2010,6.836679895863752,6.75668571961536,0.079994176248392
PRY,2011,6.9130436584095065,6.836679895863752,0.07636376254575428
PRY,2012,6.997237043665996,6.9130436584095065,0.08419338525648978
PRY,2013,6.944737401383017,6.997237043665996,-0.052499642282978876
PRY,2014,6.950149470018969,6.944737401383017,0.005412068635951783
PRY,2015,6.878459494064192,6.950149470018969,-0.07168997595477755
PRY,2016,6.897388113464754,6.878459494064192,0.018928619400562674
PRY,2017,6.871577986717173,6.897388113464754,-0.025810126747581208
PRY,2018,6.811296854917297,6.871577986717173,-0.06028113179987571
PRY,2019,6.838594928955834,6.811296854917297,0.027298074038536235
PRY,2020,6.908921877234958,6.838594928955834,0.07032694827912422
PRY,2021,7.077256632284427,6.908921877234958,0.16833475504946893
PRY,2022,7.11903470712775,7.077256632284427,0.04177807484332341
PRY,2023,7.020458309849341,7.11903470712775,-0.09857639727840883
PRY,2024,6.916322112504211,7.020458309849341,-0.10413619734513002
PRY,2025,6.890167087311205,6.916322112504211,-0.026155025193006054
SLB,2000,6.0903608197755315,,
SLB,2001,6.062507884349053,6.0903608197755315,-0.02785293542647871
SLB,2002,6.408483431914682,6.062507884349053,0.3459755475656294
SLB,2003,6.496964972022169,6.408483431914682,0.08848154010748654
SLB,2004,6.489138952061561,6.496964972022169,-0.007826019960607944
SLB,2005,6.3649395264559505,6.489138952061561,-0.12419942560561026
SLB,2006,6.4492918283125595,6.3649395264559505,0.08435230185660902
SLB,2007,6.833399265099947,6.4492918283125595,0.3841074367873878
SLB,2008,6.998791113509357,6.833399265099947,0.1653918484094099
SLB,2009,6.732541445594212,6.998791113509357,-0.2662496679151456
SLB,2010,6.926799547934547,6.732541445594212,0.1942581023403358
SLB,2011,7.063630704510609,6.926799547934547,0.13683115657606137
SLB,2012,6.948206767850409,7.063630704510609,-0.1154239366601999
SLB,2013,6.781730553599969,6.948206767850409,-0.1664762142504399
SLB,2014,6.7738783099723285,6.781730553599969,-0.007852243627640476
SLB,2015,6.650319146693495,6.7738783099723285,-0.12355916327883332
SLB,2016,6.778160216543795,6.650319146693495,0.12784106985029986
SLB,2017,6.7690947490726865,6.778160216543795,-0.00906546747110859
SLB,2018,6.569058834783158,6.7690947490726865,-0.20003591428952827
SLB,2019,6.546024672437017,6.569058834783158,-0.023034162346140974
SLB,2020,6.76806749158045,6.546024672437017,0.22204281914343316
SLB,2021,7.045879860010868,6.76806749158045,0.2778123684304177
SLB,2022,7.091242441693772,7.045879860010868,0.045362581682903524
SLB,2023,6.771866545105018,7.091242441693772,-0.3193758965887534
SLB,2024,6.853463266848213,6.771866545105018,0.08159672174319521
SLB,2025,6.8956486661887535,6.853463266848213,0.04218539934054011
SLE,2000,6.434001529119725,,
SLE,2001,6.43759777547043,6.434001529119725,0.0035962463507051012
SLE,2002,6.7166021141349255,6.43759777547043,0.27900433866449514
SLE,2003,6.7783293662083866,6.7166021141349255,0.06172725207346108
SLE,2004,6.804837954470303,6.7783293662083866,0.026508588261916266
SLE,2005,6.704436488129533,6.804837954470303,-0.10040146634077018
SLE,2006,6.760431509132355,6.704436488129533,0.05599502100282194
SLE,2007,7.0578439399999455,6.760431509132355,0.29741243086759095
SLE,2008,7.212180887191705,7.0578439399999455,0.1543369471917595
SLE,2009,6.978074812347744,7.212180887191705,-0.23410607484396095
SLE,2010,7.171344256357774,6.978074812347744,0.19326944401002955
SLE,2011,7.294786610522161,7.171344256357774,0.12344235416438742
SLE,2012,7.210770725758473,7.294786610522161,-0.08401588476368804
SLE,2013,7.074725280850373,7.210770725758473,-0.1360454449080999
SLE,2014,7.112241483739095,7.074725280850373,0.03751620288872193
SLE,2015,7.013208686682566,7.112241483739095,-0.09903279705652945
SLE,2016,7.09992161479266,7.013208686682566,0.08671292811009401
SLE,2017,7.101381988842109,7.09992161479266,0.001460374049448987
SLE,2018,6.923484028822927,7.101381988842109,-0.17789796001918123
SLE,2019,6.9355401825757514,6.923484028822927,0.012056153752824095
SLE,2020,7.111884366764269,6.9355401825757514,0.17634418418851716
SLE,2021,7.338183120340004,7.111884366764269,0.22629875357573503
SLE,2022,7.370622044115745,7.338183120340004,0.0324389237757412
SLE,2023,7.0939619141311425,7.370622044115745,-0.2766601299846023
SLE,2024,7.195513547432355,7.0939619141311425,0.10155163330121209
SLE,2025,7.256982953573331,7.195513547432355,0.061469406140976623
SSD,2000,,,
SSD,2001,,,
SSD,2002,,,
SSD,2003,,,
SSD,2004,,,
SSD,2005,,,
SSD,2006,,,
SSD,2007,,,
SSD,2008,,,
SSD,2009,,,
SSD,2010,,,
SSD,2011,,,
SSD,2012,,,
SSD,2013,,,
SSD,2014,,,
SSD,2015,,,
SSD,2016,,,
SSD,2017,,,
SSD,2018,,,
SSD,2019,,,
SSD,2020,,,
SSD,2021,,,
SSD,2022,,,
SSD,2023,,,
SSD,2024,,,
SSD,2025,,,
SUR,2000,7.761417161966441,,
SUR,2001,7.8865839860355065,7.761417161966441,0.12516682406906554
SUR,2002,7.906024205641584,7.8865839860355065,0.01944021960607767
SUR,2003,7.864500816573491,7.906024205641584,-0.04152338906809305
SUR,2004,8.023981283107803,7.864500816573491,0.15948046653431192
SUR,2005,8.015554472982817,8.023981283107803,-0.008426810124985806
SUR,2006,7.961586632416531,8.015554472982817,-0.05396784056628601
SUR,2007,7.923574366092429,7.961586632416531,-0.038012266324102484
SUR,2008,8.03534372902212,7.923574366092429,0.11176936292969142
SUR,2009,7.925815773652949,8.03534372902212,-0.10952795536917126
SUR,2010,8.114827781715281,7.925815773652949,0.1890120080623321
SUR,2011,8.18636169642588,8.114827781715281,0.07153391471059933
SUR,2012,8.22433825019885,8.18636169642588,0.03797655377296927
SUR,2013,8.206182349894345,8.22433825019885,-0.01815590030450487
SUR,2014,8.418851487276125,8.206182349894345,0.21266913738178062
SUR,2015,8.414679849241713,8.418851487276125,-0.004171638034412339
SUR,2016,8.342235792509495,8.414679849241713,-0.07244405673221799
SUR,2017,8.384256426686306,8.342235792509495,0.042020634176811456
SUR,2018,8.292341139520266,8.384256426686306,-0.09191528716604047
SUR,2019,8.440024575517194,8.292341139520266,0.14768343599692813
SUR,2020,8.439406292903508,8.440024575517194,-0.0006182826136864605
SUR,2021,8.466462652651824,8.439406292903508,0.02705635974831644
SUR,2022,8.449008252621537,8.466462652651824,-0.017454400030286976
SUR,2023,8.338065095777825,8.449008252621537,-0.11094315684371203
SUR,2024,8.515915743381376,8.338065095777825,0.17785064760355063
SUR,2025,8.651548530378633,8.515915743381376,0.13563278699725778
THA,2000,7.000461888165965,,
THA,2001,7.059611924387747,7.000461888165965,0.05915003622178183
THA,2002,7.191882251808359,7.059611924387747,0.13227032742061162
THA,2003,7.213521520590469,7.191882251808359,0.021639268782109866
THA,2004,7.3110394207971465,7.213521520590469,0.09751790020667794
THA,2005,7.251871856629397,7.3110394207971465,-0.059167564167749376
THA,2006,7.243351516962295,7.251871856629397,-0.008520339667102306
THA,2007,7.3752755182529395,7.243351516962295,0.13192400129064463
THA,2008,7.517055722028758,7.3752755182529395,0.14178020377581824
THA,2009,7.353266147042923,7.517055722028758,-0.16378957498583446
THA,2010,7.526543839981528,7.353266147042923,0.17327769293860484
THA,2011,7.619952028702731,7.526543839981528,0.09340818872120327
THA,2012,7.615743326421706,7.619952028702731,-0.004208702281025545
THA,2013,7.5441639615132035,7.615743326421706,-0.07157936490850236
THA,2014,7.652431187435397,7.5441639615132035,0.10826722592219351
THA,2015,7.598882350875128,7.652431187435397,-0.05354883656026921
THA,2016,7.605772950039674,7.598882350875128,0.006890599164545819
THA,2017,7.620439377219173,7.605772950039674,0.014666427179499841
THA,2018,7.4986404399734425,7.620439377219173,-0.12179893724573088
THA,2019,7.571906017872323,7.4986404399734425,0.07326557789888088
THA,2020,7.654587700000669,7.571906017872323,0.08268168212834581
THA,2021,7.785268259525752,7.654587700000669,0.13068055952508306
THA,2022,7.797584442088185,7.785268259525752,0.012316182562432942
THA,2023,7.621259355665994,7.797584442088185,-0.17632508642219147
THA,2024,7.7229198082121,7.621259355665994,0.10166045254610623
THA,2025,7.80248672345526,7.7229198082121,0.07956691524316017
TWN,2000,7.630482747419384,,
TWN,2001,7.746197981829085,7.630482747419384,0.11571523440970122
TWN,2002,7.766381232072902,7.746197981829085,0.020183250243817064
TWN,2003,7.737788456697009,7.766381232072902,-0.028592775375892998
TWN,2004,7.894012352347476,7.737788456697009,0.15622389565046646
TWN,2005,7.877885067941234,7.894012352347476,-0.01612728440624167
TWN,2006,7.822606137792689,7.877885067941234,-0.055278930148545236
TWN,2007,7.802232273362328,7.822606137792689,-0.020373864430360378
TWN,2008,7.922076902255009,7.802232273362328,0.11984462889268066
TWN,2009,7.812117218529702,7.922076902255009,-0.1099596837253074
TWN,2010,7.988987134409875,7.812117218529702,0.17686991588017342
TWN,2011,8.060192842175905,7.988987134409875,0.07120570776602975
TWN,2012,8.105315075917659,8.060192842175905,0.04512223374175406
TWN,2013,8.08531634375189,8.105315075917659,-0.019998732165769084
TWN,2014,8.277948363046006,8.08531634375189,0.19263201929411622
TWN,2015,8.267877682253484,8.277948363046006,-0.010070680792521713
TWN,2016,8.202905055301619,8.267877682253484,-0.06497262695186556
TWN,2017,8.238089271266738,8.202905055301619,0.03518421596511878
TWN,2018,8.151106274068585,8.238089271266738,-0.08698299719815239
TWN,2019,8.28771457407971,8.151106274068585,0.13660830001112423
TWN,2020,8.292009808498763,8.28771457407971,0.004295234419053884
TWN,2021,8.33139710957517,8.292009808498763,0.03938730107640609
TWN,2022,8.319671890854085,8.33139710957517,-0.011725218721084119
TWN,2023,8.212853212129644,8.319671890854085,-0.10681867872444073
TWN,2024,8.360748574896633,8.212853212129644,0.14789536276698811
TWN,2025,8.479699951367685,8.360748574896633,0.11895137647105258
TZA,2000,7.774850541707734,,
TZA,2001,7.901205414290844,7.774850541707734,0.12635487258311073
TZA,2002,7.918432280814708,7.901205414290844,0.017226866523863293
TZA,2003,7.875818332435535,7.918432280814708,-0.04261394837917276
TZA,2004,8.036480502427771,7.875818332435535,0.1606621699922366
TZA,2005,8.02896165852555,8.036480502427771,-0.007518843902222017
TZA,2006,7.974083181802743,8.02896165852555,-0.054878476722806546
TZA,2007,7.932933325446824,7.974083181802743,-0.0411498563559185
TZA,2008,8.044207440906645,7.932933325446824,0.11127411545982024
TZA,2009,7.935743036162452,8.044207440906645,-0.1084644047441925
TZA,2010,8.12492086633336,7.935743036162452,0.18917783017090795
TZA,2011,8.196020077022663,8.12492086633336,0.0710992106893027
TZA,2012,8.234912243356728,8.196020077022663,0.03889216633406534
TZA,2013,8.217786644025814,8.234912243356728,-0.017125599330913843
TZA,2014,8.432274223860421,8.217786644025814,0.2144875798346071
TZA,2015,8.429005070532147,8.432274223860421,-0.0032691533282740437
TZA,2016,8.35508717821324,8.429005070532147,-0.07391789231890655
TZA,2017,8.397565436500612,8.35508717821324,0.04247825828737106
TZA,2018,8.306297222715708,8.397565436500612,-0.0912682137849039
TZA,2019,8.455314901902351,8.306297222715708,0.14901767918664355
TZA,2020,8.453114338749552,8.455314901902351,-0.002200563152799262
TZA,2021,8.478276141367111,8.453114338749552,0.02516180261755885
TZA,2022,8.460303390090766,8.478276141367111,-0.017972751276344567
TZA,2023,8.350696854480702,8.460303390090766,-0.10960653561006417
TZA,2024,8.529692643598343,8.350696854480702,0.17899578911764102
TZA,2025,8.666231717839496,8.529692643598343,0.13653907424115275
UGA,2000,7.509017085218586,,
UGA,2001,7.615592125317088,7.509017085218586,0.10657504009850172
UGA,2002,7.640106748400198,7.615592125317088,0.024514623083110365
UGA,2003,7.623107171434477,7.640106748400198,-0.016999576965720742
UGA,2004,7.774865537677515,7.623107171434477,0.15175836624303773
UGA,2005,7.751393682384091,7.774865537677515,-0.023471855293424326
UGA,2006,7.69667961658213,7.751393682384091,-0.05471406580196092
UGA,2007,7.694931701356224,7.69667961658213,-0.0017479152259056718
UGA,2008,7.821699704731957,7.694931701356224,0.1267680033757328
UGA,2009,7.709602498935817,7.821699704731957,-0.11209720579613958
UGA,2010,7.877048780810746,7.709602498935817,0.16744628187492872
UGA,2011,7.948748223023,7.877048780810746,0.0716994422122541
UGA,2012,7.997689618774663,7.948748223023,0.048941395751662675
UGA,2013,7.9745476947679,7.997689618774663,-0.023141924006762515
UGA,2014,8.14899600555856,7.9745476947679,0.1744483107906598
UGA,2015,8.132946283352714,8.14899600555856,-0.016049722205845995
UGA,2016,8.076110146714363,8.132946283352714,-0.056836136638350965
UGA,2017,8.105367758714245,8.076110146714363,0.029257611999881306
UGA,2018,8.0209952409864,8.105367758714245,-0.08437251772784471
UGA,2019,8.146991933134824,8.0209952409864,0.12599669214842457
UGA,2020,8.15768277301672,8.146991933134824,0.010690839881895897
UGA,2021,8.209581986701119,8.15768277301672,0.05189921368439876
UGA,2022,8.2030532918562,8.209581986701119,-0.006528694844918803
UGA,2023,8.097061814739549,8.2030532918562,-0.10599147711665147
UGA,2024,8.220454124027746,8.097061814739549,0.12339230928819767
UGA,2025,8.325302591953765,8.220454124027746,0.10484846792601843
VEN,2000,7.721868083169628,,
VEN,2001,7.843394038769433,7.721868083169628,0.12152595559980472
VEN,2002,7.870751625399118,7.843394038769433,0.027357586629684683
VEN,2003,7.8322841759556034,7.870751625399118,-0.03846744944351421
VEN,2004,7.987729936087787,7.8322841759556034,0.15544576013218325
VEN,2005,7.97655268133002,7.987729936087787,-0.011177254757766875
VEN,2006,7.925951015645357,7.97655268133002,-0.0506016656846624
VEN,2007,7.898046679862476,7.925951015645357,-0.027904335782880985
VEN,2008,8.0110556270531,7.898046679862476,0.11300894719062349
VEN,2009,7.897728277230788,8.0110556270531,-0.11332734982231152
VEN,2010,8.08696005946949,7.897728277230788,0.18923178223870174
VEN,2011,8.160080840992332,8.08696005946949,0.07312078152284229
VEN,2012,8.194280870891161,8.160080840992332,0.03420002989882853
VEN,2013,8.172540175015875,8.194280870891161,-0.02174069587528571
VEN,2014,8.380011217506011,8.172540175015875,0.20747104249013582
VEN,2015,8.372987701896426,8.380011217506011,-0.007023515609585473
VEN,2016,8.305346439035107,8.372987701896426,-0.06764126286131855
VEN,2017,8.34617959555787,8.305346439035107,0.04083315652276376
VEN,2018,8.251603310275275,8.34617959555787,-0.09457628528259576
VEN,2019,8.395228825046612,8.251603310275275,0.14362551477133678
VEN,2020,8.39997574813804,8.395228825046612,0.004746923091428101
VEN,2021,8.433022509393437,8.39997574813804,0.03304676125539707
VEN,2022,8.417048657687424,8.433022509393437,-0.015973851706013065
VEN,2023,8.301016690732705,8.417048657687424,-0.11603196695471851
VEN,2024,8.476760003091746,8.301016690732705,0.17574331235904062
VEN,2025,8.610252448574279,8.476760003091746,0.13349244548253303
VNM,2000,7.335068541425029,,
VNM,2001,7.428554092184605,7.335068541425029,0.09348555075957599
VNM,2002,7.459271587621685,7.428554092184605,0.03071749543707991
VNM,2003,7.458874398069991,7.459271587621685,-0.00039718955169387726
VNM,2004,7.604237769022877,7.458874398069991,0.14536337095288587
VNM,2005,7.570247900758,7.604237769022877,-0.03398986826487693
VNM,2006,7.516342765881448,7.570247900758,-0.05390513487655202
VNM,2007,7.541268699726825,7.516342765881448,0.02492593384537667
VNM,2008,7.6779515291335825,7.541268699726825,0.1366828294067579
VNM,2009,7.56279322076071,7.6779515291335825,-0.11515830837287222
VNM,2010,7.716744104983702,7.56279322076071,0.15395088422299175
VNM,2011,7.789150614414667,7.716744104983702,0.07240650943096494
VNM,2012,7.843561355643052,7.789150614414667,0.054410741228385184
VNM,2013,7.815918129509436,7.843561355643052,-0.02764322613361614
VNM,2014,7.964325915285594,7.815918129509436,0.14840778577615765
VNM,2015,7.939713727537759,7.964325915285594,-0.02461218774783447
VNM,2016,7.894529695831635,7.939713727537759,-0.04518403170612384
VNM,2017,7.915299936909439,7.894529695831635,0.020770241077803675
VNM,2018,7.8346658345842295,7.915299936909439,-0.08063410232520951
VNM,2019,7.945465855495863,7.8346658345842295,0.11080002091163355
VNM,2020,7.965315713957841,7.945465855495863,0.019849858461977732
VNM,2021,8.035132987271595,7.965315713957841,0.06981727331375431
VNM,2022,8.036046130265202,8.035132987271595,0.0009131429936068969
VNM,2023,7.931239272015241,8.036046130265202,-0.10480685824996083
VNM,2024,8.019541248826718,7.931239272015241,0.08830197681147656
VNM,2025,8.104193223684542,8.019541248826718,0.08465197485782383
VUT,2000,7.791522819150732,,
VUT,2001,7.919356190660617,7.791522819150732,0.12783337150988494
VUT,2002,7.933796874815411,7.919356190660617,0.014440684154794603
VUT,2003,7.8898337513942955,7.933796874815411,-0.043963123421115746
VUT,2004,8.0519780789023,7.8898337513942955,0.16214432750800434
VUT,2005,8.045588280803528,8.0519780789023,-0.006389798098771493
VUT,2006,7.989560449333865,8.045588280803528,-0.05602783146966317
VUT,2007,7.944492163932159,7.989560449333865,-0.045068285401706376
VUT,2008,8.055157731819678,7.944492163932159,0.11066556788751925
VUT,2009,7.948031990637284,8.055157731819678,-0.10712574118239448
VUT,2010,8.13739583005665,7.948031990637284,0.18936383941936707
VUT,2011,8.207946941048617,8.13739583005665,0.07055111099196587
VUT,2012,8.24800570160062,8.207946941048617,0.04005876055200375
VUT,2013,8.23217423638394,8.24800570160062,-0.015831465216679774
VUT,2014,8.448914350662942,8.23217423638394,0.21674011427900197
VUT,2015,8.446770727119691,8.448914350662942,-0.0021436235432510387
VUT,2016,8.371010681238156,8.446770727119691,-0.07576004588153573
VUT,2017,8.414052432496725,8.371010681238156,0.043041751258568794
VUT,2018,8.323608442343572,8.414052432496725,-0.09044399015315285
VUT,2019,8.474285690404962,8.323608442343572,0.15067724806139005
VUT,2020,8.470101583882387,8.474285690404962,-0.004184106522574282
VUT,2021,8.492900498847193,8.470101583882387,0.022798914964806016
VUT,2022,8.474285690404962,8.492900498847193,-0.018614808442231734
VUT,2023,8.366370301681654,8.474285690404962,-0.10791538872330797
VUT,2024,8.546751993657782,8.366370301681654,0.18038169197612852
VUT,2025,8.684401110400144,8.546751993657782,0.13764911674236124
ZAF,2000,7.716766806125427,,
ZAF,2001,7.838974847211868,7.716766806125427,0.12220804108644145
ZAF,2002,7.856081273754469,7.838974847211868,0.017106426542601305
ZAF,2003,7.8192531815483735,7.856081273754469,-0.03682809220609595
ZAF,2004,7.978649200040496,7.8192531815483735,0.1593960184921226
ZAF,2005,7.967739187529194,7.978649200040496,-0.010910012511302192
ZAF,2006,7.912059001687816,7.967739187529194,-0.05568018584137757
ZAF,2007,7.878454052311357,7.912059001687816,-0.033604949376459636
ZAF,2008,7.993380609384268,7.878454052311357,0.114926557072911
ZAF,2009,7.884939330749776,7.993380609384268,-0.10844127863449149
ZAF,2010,8.06850339685315,7.884939330749776,0.18356406610337306
ZAF,2011,8.139358376593075,8.06850339685315,0.07085497973992538
ZAF,2012,8.181767639499286,8.139358376593075,0.04240926290621161
ZAF,2013,8.164001697608715,8.181767639499286,-0.017765941890571568
ZAF,2014,8.369550652797127,8.164001697608715,0.2055489551884122
ZAF,2015,8.363727229632529,8.369550652797127,-0.005823423164597941
ZAF,2016,8.292974784786848,8.363727229632529,-0.07075244484568088
ZAF,2017,8.33236900903907,8.292974784786848,0.03939422425222183
ZAF,2018,8.243531637857474,8.33236900903907,-0.08883737118159551
ZAF,2019,8.387677974373739,8.243531637857474,0.14414633651626474
ZAF,2020,8.387430041718101,8.387677974373739,-0.0002479326556379391
ZAF,2021,8.417929410333327,8.387430041718101,0.030499368615226174
ZAF,2022,8.402512801279581,8.417929410333327,-0.0154166090537462
ZAF,2023,8.295106513589817,8.402512801279581,-0.10740628768976457
ZAF,2024,8.460407807107392,8.295106513589817,0.16530129351757594
ZAF,2025,8.589377292126802,8.460407807107392,0.1289694850194092
ZMB,2000,7.639647263083686,,
ZMB,2001,7.756052119995927,7.639647263083686,0.11640485691224178
ZMB,2002,7.775908570603416,7.756052119995927,0.019856450607488974
ZMB,2003,7.746441094950059,7.775908570603416,-0.029467475653357056
ZMB,2004,7.90300191227421,7.746441094950059,0.1565608173241504
ZMB,2005,7.887428771596522,7.90300191227421,-0.015573140677688002
ZMB,2006,7.832107222751805,7.887428771596522,-0.05532154884471652
ZMB,2007,7.810328040965462,7.832107222751805,-0.02177918178634286
ZMB,2008,7.929650305160581,7.810328040965462,0.1193222641951186
ZMB,2009,7.819851896269213,7.929650305160581,-0.1097984088913675
ZMB,2010,7.997432820016885,7.819851896269213,0.17758092374767198
ZMB,2011,8.068601275797585,7.997432820016885,0.07116845578069952
ZMB,2012,8.113435355921023,8.068601275797585,0.04483408012343837
ZMB,2013,8.093673775805806,8.113435355921023,-0.019761580115217114
ZMB,2014,8.287677745644594,8.093673775805806,0.19400396983878743
ZMB,2015,8.278058180152454,8.287677745644594,-0.00961956549213916
ZMB,2016,8.212471659598235,8.278058180152454,-0.06558652055421987
ZMB,2017,8.248103034487873,8.212471659598235,0.03563137488963797
ZMB,2018,8.160923078086899,8.248103034487873,-0.08717995640097342
ZMB,2019,8.29833201792264,8.160923078086899,0.13740893983574054
ZMB,2020,8.302144707518861,8.29833201792264,0.00381268959622183
ZMB,2021,8.34058799185005,8.302144707518861,0.03844328433118882
ZMB,2022,8.328470698335153,8.34058799185005,-0.012117293514897653
ZMB,2023,8.221589607716231,8.328470698335153,-0.1068810906189217
ZMB,2024,8.371333712039975,8.221589607716231,0.1497441043237444
ZMB,2025,8.491349145001823,8.371333712039975,0.12001543296184813
ZWE,2000,7.734801687869676,,
ZWE,2001,7.858366839439321,7.734801687869676,0.12356515156964498
ZWE,2002,7.874830155859016,7.858366839439321,0.016463316419694785
ZWE,2003,7.836280737982958,7.874830155859016,-0.03854941787605792
ZWE,2004,7.996339785789944,7.836280737982958,0.16005904780698632
ZWE,2005,7.986520274618796,7.996339785789944,-0.00981951117114832
ZWE,2006,7.930756219299348,7.986520274618796,-0.055764055319447614
ZWE,2007,7.894385741087905,7.930756219299348,-0.03637047821144357
ZWE,2008,8.008284334884522,7.894385741087905,0.11389859379661704
ZWE,2009,7.900160429547757,8.008284334884522,-0.10812390533676464
ZWE,2010,8.085123690467231,7.900160429547757,0.18496326091947424
ZWE,2011,8.155905361897718,8.085123690467231,0.07078167143048653
ZWE,2012,8.197747566312149,8.155905361897718,0.041842204414431095
ZWE,2013,8.180448316753589,8.197747566312149,-0.017299249558559993
ZWE,2014,8.388697138114795,8.180448316753589,0.20824882136120593
ZWE,2015,8.383761466293903,8.388697138114795,-0.00493567182089194
ZWE,2016,8.311800938126906,8.383761466293903,-0.07196052816699705
ZWE,2017,8.35207512795723,8.311800938126906,0.04027418983032405
ZWE,2018,8.262850160086252,8.35207512795723,-0.08922496787097778
ZWE,2019,8.40857207845382,8.262850160086252,0.14572191836756865
ZWE,2020,8.407374544189667,8.40857207845382,-0.001197534264154143
ZWE,2021,8.436016179020783,8.407374544189667,0.028641634831116036
ZWE,2022,8.419828004638289,8.436016179020783,-0.01618817438249387
ZWE,2023,8.312298896367754,8.419828004638289,-0.10752910827053519
ZWE,2024,8.481238334722775,8.312298896367754,0.16893943835502157
ZWE,2025,8.612301780152489,8.481238334722775,0.1310634454297137
