iso3,country,region,year,extent_2000_ha,loss_ha,loss_rate,log_loss_rate,agri_loss_ha,agri_loss_rate,log_agri_loss_rate,shock,shock_lag1
AGO,Angola,Africa,2001,55276135,101219,0.1831151906695357,-1.6976398669552335,57200,0.1034804622284101,-2.2683724548361504,0.1606337864032034,-0.0068306862931210586
AGO,Angola,Africa,2002,55276135,61008,0.1103695111823574,-2.203921350106695,35899,0.0649448446422674,-2.7342169132688348,0.33952753487223586,0.1606337864032034
AGO,Angola,Africa,2003,55276135,52464,0.0949125694117361,-2.3547991331196103,30032,0.0543308608678953,-2.9126628733777498,0.3185868938421463,0.33952753487223586
AGO,Angola,Africa,2004,55276135,71271,0.128936294116801,-2.048436840657408,47671,0.0862415579526318,-2.4506031066711773,0.5440622410311429,0.3185868938421463
AGO,Angola,Africa,2005,55276135,93437,0.1690367823292999,-1.7776389408217834,61015,0.1103821748752875,-2.2038066176381,0.47773919068459997,0.5440622410311429
AGO,Angola,Africa,2006,55276135,76936,0.1391848398951916,-1.971952445811722,54689,0.0989378146645021,-2.313263760908798,0.4370876191849809,0.47773919068459997
AGO,Angola,Africa,2007,55276135,145288,0.2628403740601617,-1.3362083738057051,97022,0.1755224022084756,-1.7399885963109756,0.5502176367026956,0.4370876191849809
AGO,Angola,Africa,2008,55276135,103557,0.1873448641081725,-1.6748041674719565,76668,0.1387000013658697,-1.975441941813696,0.7828460028769215,0.5502176367026956
AGO,Angola,Africa,2009,55276135,165903,0.3001349497391596,-1.2035230730063626,125002,0.2261409919488763,-1.4865966160476003,0.5094443257977564,0.7828460028769215
AGO,Angola,Africa,2010,55276135,159800,0.2890940186031458,-1.2410033198897286,107047,0.1936586195832975,-1.6416583628666148,0.8654690642885727,0.5094443257977564
AGO,Angola,Africa,2011,55276135,182910,0.3309022962622115,-1.1059321246340683,140682,0.2545076641121887,-1.3684243290552491,1.027855398696803,0.8654690642885727
AGO,Angola,Africa,2012,55276135,180747,0.326989215146826,-1.1178280898311426,130614,0.2362936554807965,-1.4426799445750484,1.03201405323203,1.027855398696803
AGO,Angola,Africa,2013,55276135,168837,0.3054428461758406,-1.1859926007668131,106366,0.1924266231711026,-1.6480403762531592,0.9332961706069065,1.03201405323203
AGO,Angola,Africa,2014,55276135,212656,0.3847157548189648,-0.955250516542926,127426,0.2305262479006536,-1.4673905492730104,1.2350456697701495,0.9332961706069065
AGO,Angola,Africa,2015,55276135,161711,0.2925512067730495,-1.229115561741703,95272,0.1723564789759631,-1.758190394756208,1.1751154646083963,1.2350456697701495
AGO,Angola,Africa,2016,55276135,229691,0.4155337561137369,-0.8781914258356076,144073,0.260642318787303,-1.344606237654382,1.1269534376936936,1.1751154646083963
AGO,Angola,Africa,2017,55276135,280422,0.5073111569757908,-0.6786307417954465,180254,0.3260973293447525,-1.1205593859022376,1.1832864002572185,1.1269534376936936
AGO,Angola,Africa,2018,55276135,242522,0.4387463052545189,-0.8238339253098403,148616,0.2688610554989056,-1.3135605551327998,0.9640786157441558,1.1832864002572185
AGO,Angola,Africa,2019,55276135,175077,0.3167316238734853,-1.1497004760700036,114112,0.2064399039476982,-1.5777459309812276,1.1659586567670097,0.9640786157441558
AGO,Angola,Africa,2020,55276135,247979,0.4486185584429881,-0.8015822880616106,176576,0.3194434632595061,-1.1411749746270818,1.261990346355251,1.1659586567670097
AGO,Angola,Africa,2021,55276135,298262,0.5395854829575186,-0.6169540583508404,183833,0.3325720946299881,-1.1008986164347263,1.4221066643636255,1.261990346355251
AGO,Angola,Africa,2022,55276135,266915,0.4828756569177638,-0.7279960975663528,184575,0.3339144460805734,-1.0968704682766734,1.41687041313899,1.4221066643636255
AGO,Angola,Africa,2023,55276135,268278,0.4853414588411436,-0.7229025969160221,178148,0.3222873668717974,-1.1323116877276025,1.1182676025722766,1.41687041313899
AGO,Angola,Africa,2024,55276135,283340,0.5125901078286317,-0.6682787632706979,203208,0.3676233875613771,-1.000696268213817,1.409046113580455,1.1182676025722766
AGO,Angola,Africa,2025,55276135,377712,0.6833183977135884,-0.3807943527611655,254950,0.461229787502328,-0.7738589057207381,1.622074028092221,1.409046113580455
ARG,Argentina,Latin America & Caribbean,2001,39069969,147802,0.3783007864685022,-0.9720656683907754,108279,0.2771412488195217,-1.283227979225445,0.4885724049059148,0.03459885658626105
ARG,Argentina,Latin America & Caribbean,2002,39069969,104935,0.2685822453557616,-1.3145980977636675,73417,0.1879115901013384,-1.6717836921800608,1.0121273042907903,0.4885724049059148
ARG,Argentina,Latin America & Caribbean,2003,39069969,249107,0.6375920083274189,-0.4500566855755566,204864,0.524351580621935,-0.6455928642656542,1.599976146658459,1.0121273042907903
ARG,Argentina,Latin America & Caribbean,2004,39069969,433425,1.109355884055091,0.1037795622588992,378345,0.9683780399211476,-0.0321327308367041,2.803386590962088,1.599976146658459
ARG,Argentina,Latin America & Caribbean,2005,39069969,367246,0.939970031714128,-0.0619072853814852,314384,0.8046691821024993,-0.217324039938212,2.093804856642349,2.803386590962088
ARG,Argentina,Latin America & Caribbean,2006,39069969,316414,0.8098649886310378,-0.2108877259108471,257793,0.6598239174441116,-0.4157822713082623,1.5918506326083188,2.093804856642349
ARG,Argentina,Latin America & Caribbean,2007,39069969,425336,1.0886520027696975,0.084940236196396,363402,0.9301312729477722,-0.0724295490888006,2.7880260305452538,1.5918506326083188
ARG,Argentina,Latin America & Caribbean,2008,39069969,592719,1.517070566398453,0.4167812163566606,518031,1.3259058383179163,0.2820958774156025,4.487293792165964,2.7880260305452538
ARG,Argentina,Latin America & Caribbean,2009,39069969,309854,0.7930745990609821,-0.2318379898159367,258866,0.662570272323482,-0.4116286553152654,3.2442589105998056,4.487293792165964
ARG,Argentina,Latin America & Caribbean,2010,39069969,413246,1.0577075195529333,0.0561038486703951,355570,0.9100851858879132,-0.0942170729866264,4.279147863645321,3.2442589105998056
ARG,Argentina,Latin America & Caribbean,2011,39069969,499195,1.2776948965585306,0.245057592366364,431008,1.1031695469223433,0.0981874428033522,5.017314142010907,4.279147863645321
ARG,Argentina,Latin America & Caribbean,2012,39069969,478180,1.223906781190433,0.2020480220317353,377919,0.967287688403336,-0.0332593216702141,5.748023878247398,5.017314142010907
ARG,Argentina,Latin America & Caribbean,2013,39069969,376746,0.9642853824634464,-0.0363679882829154,260833,0.6676048296838936,-0.4040588528229415,5.3153895115670755,5.748023878247398
ARG,Argentina,Latin America & Caribbean,2014,39069969,241118,0.6171440781025447,-0.4826527683943503,182975,0.4683264529849,-0.7585896771257612,5.84855061707438,5.3153895115670755
ARG,Argentina,Latin America & Caribbean,2015,39069969,180228,0.4612954773524391,-0.7737164926016081,124379,0.3183493695631035,-1.1446058528474228,5.30100965716982,5.84855061707438
ARG,Argentina,Latin America & Caribbean,2016,39069969,230313,0.5894885660134515,-0.5284999552683878,180079,0.4609141102722656,-0.7745435651175103,5.2714132779896214,5.30100965716982
ARG,Argentina,Latin America & Caribbean,2017,39069969,233945,0.5987847085315067,-0.5128531636172661,187995,0.4811751962229609,-0.7315238418814568,5.173415495586015,5.2714132779896214
ARG,Argentina,Latin America & Caribbean,2018,39069969,172964,0.4427031923163287,-0.8148557282550676,142276,0.3641569308642144,-1.0101703755068503,4.512685275729808,5.173415495586015
ARG,Argentina,Latin America & Caribbean,2019,39069969,145459,0.3723038531205387,-0.9880449486524856,117123,0.2997775606118346,-1.2047145439740046,5.0620425887961735,4.512685275729808
ARG,Argentina,Latin America & Caribbean,2020,39069969,197404,0.5052576315072069,-0.6826868183944527,137295,0.3514080085397559,-1.0458073131081995,5.583953356477025,5.0620425887961735
ARG,Argentina,Latin America & Caribbean,2021,39069969,201896,0.5167549531457268,-0.6601864952785302,148658,0.380491727546546,-0.9662908429244992,6.910076623292646,5.583953356477025
ARG,Argentina,Latin America & Caribbean,2022,39069969,232225,0.5943823502905774,-0.5202324793394676,161461,0.4132611418248118,-0.8836755811809078,7.184317908068007,6.910076623292646
ARG,Argentina,Latin America & Caribbean,2023,39069969,215941,0.5527032795956404,-0.5929339863887851,165041,0.422424189791397,-0.8617452807312334,6.194541008802769,7.184317908068007
ARG,Argentina,Latin America & Caribbean,2024,39069969,203057,0.519726544958354,-0.6544524808075475,155841,0.398876692223636,-0.9191029519016324,5.813296216953662,6.194541008802769
ARG,Argentina,Latin America & Caribbean,2025,39069969,197870,0.5064503634492262,-0.6803289592087034,110566,0.2829948495735945,-1.2623265808911022,5.926972967392176,5.813296216953662
AUS,Australia,Asia-Pacific,2001,42281440,218814,0.5175178518044797,-0.658711258197054,8302,0.0196350928445199,-3.930436862441828,1.0361482474052783,0.46594399439355355
AUS,Australia,Asia-Pacific,2002,42281440,312150,0.7382671924135035,-0.3034494705649217,12041,0.0284782164467435,-3.558615819162593,1.1430328635606195,1.0361482474052783
AUS,Australia,Asia-Pacific,2003,42281440,373847,0.8841870097139549,-0.1230866892677479,17262,0.0408264240763796,-3.198425758275209,1.0138400202306863,1.1430328635606195
AUS,Australia,Asia-Pacific,2004,42281440,124769,0.2950916525075778,-1.220469284428998,14616,0.034568359071971,-3.3648164929969693,1.793528474594024,1.0138400202306863
AUS,Australia,Asia-Pacific,2005,42281440,177024,0.4186801584808843,-0.8706479954704366,13763,0.0325509254178665,-3.4249494800752793,1.7032544048761342,1.793528474594024
AUS,Australia,Asia-Pacific,2006,42281440,186304,0.4406283229710246,-0.8195535639495168,15864,0.0375200087792658,-3.28288092085518,1.426093368882955,1.7032544048761342
AUS,Australia,Asia-Pacific,2007,42281440,372723,0.8815286328942439,-0.1260977956589859,16399,0.0387853393829538,-3.249712954711366,1.3470308673089462,1.426093368882955
AUS,Australia,Asia-Pacific,2008,42281440,205724,0.4865586413329347,-0.7203978474506537,13378,0.0316403604039975,-3.453321745376458,1.958130210492362,1.3470308673089462
AUS,Australia,Asia-Pacific,2009,42281440,203710,0.4817953220136305,-0.7302358982432087,14280,0.0337736841507763,-3.3880733551612368,1.4027190135050447,1.958130210492362
AUS,Australia,Asia-Pacific,2010,42281440,290725,0.6875948406676783,-0.374555508893568,9206,0.0217731467991629,-3.8270778666776257,2.2799725961307655,1.4027190135050447
AUS,Australia,Asia-Pacific,2011,42281440,121316,0.2869249486299426,-1.2485346004519546,10105,0.0238993752341452,-3.7339029612170904,2.6385194590210514,2.2799725961307655
AUS,Australia,Asia-Pacific,2012,42281440,139803,0.330648625023178,-1.106699023275743,11128,0.0263188765567114,-3.637468857451533,2.8701220917724166,2.6385194590210514
AUS,Australia,Asia-Pacific,2013,42281440,260094,0.6151493421226902,-0.4858902079348903,8095,0.0191455163305696,-3.955686724943076,2.765654541844744,2.8701220917724166
AUS,Australia,Asia-Pacific,2014,42281440,281741,0.6663467469414476,-0.405945102875052,15232,0.0360252630941614,-3.3235348340236652,3.7111570836273895,2.765654541844744
AUS,Australia,Asia-Pacific,2015,42281440,261574,0.6186496959422385,-0.4802160858081883,9201,0.0217613212795023,-3.8276211382724505,3.6530394727468196,3.7111570836273895
AUS,Australia,Asia-Pacific,2016,42281440,430904,1.019132744769336,0.0189520154022952,15745,0.0372385614113426,-3.290410457519687,3.3366434913947716,3.6530394727468196
AUS,Australia,Asia-Pacific,2017,42281440,236878,0.5602410892344253,-0.5793880714085318,11753,0.0277970665142909,-3.5828247849219577,3.5060732417873166,3.3366434913947716
AUS,Australia,Asia-Pacific,2018,42281440,250754,0.5930592713966223,-0.5224609332142948,9219,0.0218038931502805,-3.8256667402562177,3.072110658507545,3.5060732417873166
AUS,Australia,Asia-Pacific,2019,42281440,1661547,3.929731343114142,1.3685710630137295,13547,0.032040062968527,-3.4407681914740755,3.745492919767718,3.072110658507545
AUS,Australia,Asia-Pacific,2020,42281440,2356518,5.5734099879285095,1.718007072708787,9142,0.0216217801475068,-3.8340541321631223,3.775101465488968,3.745492919767718
AUS,Australia,Asia-Pacific,2021,42281440,261045,0.6173985559621432,-0.4822405058184278,6862,0.0162293431822568,-4.120934367636417,3.9887740598310213,3.775101465488968
AUS,Australia,Asia-Pacific,2022,42281440,118986,0.2814142564680862,-1.2679274729409271,5552,0.0131310570311701,-4.332775088868171,3.9363497871463675,3.9887740598310213
AUS,Australia,Asia-Pacific,2023,42281440,190713,0.4510560662077734,-0.7961636318893965,5024,0.011882282155007,-4.4327068829067775,3.4004441020744913,3.9363497871463675
AUS,Australia,Asia-Pacific,2024,42281440,180670,0.42730332741742,-0.850261149286839,5127,0.0121258878600161,-4.4124126192711115,4.113147847033151,3.4004441020744913
AUS,Australia,Asia-Pacific,2025,42281440,384105,0.9084482458497156,-0.0960173593621678,4744,0.0112200530540114,-4.49005265037725,4.69339766347579,4.113147847033151
BGD,Bangladesh,Asia-Pacific,2001,1938957,4587,0.2365704860912335,-1.4415090770140488,1259,0.0649318164353309,-2.734417537566874,1.2560175668703462,0.5858893815838123
BGD,Bangladesh,Asia-Pacific,2002,1938957,3995,0.2060386073543663,-1.5796917134108457,1175,0.060599590398343,-2.8034671450329616,1.3317185309664081,1.2560175668703462
BGD,Bangladesh,Asia-Pacific,2003,1938957,2159,0.1113485239744873,-2.1950901410964136,644,0.0332137329502407,-3.4047918455068675,1.10125501608178,1.3317185309664081
BGD,Bangladesh,Asia-Pacific,2004,1938957,4282,0.2208403796474083,-1.5103151024615926,1575,0.0812292381935236,-2.510480020351487,1.951248117758221,1.10125501608178
BGD,Bangladesh,Asia-Pacific,2005,1938957,3293,0.1698335754738243,-1.7729362892348566,890,0.0459009663442768,-3.0812691088850355,1.9177515139082197,1.951248117758221
BGD,Bangladesh,Asia-Pacific,2006,1938957,6863,0.3539531820458112,-1.038590628702586,2655,0.1369292872405112,-1.9882906379351817,1.624042378454482,1.9177515139082197
BGD,Bangladesh,Asia-Pacific,2007,1938957,3995,0.2060386073543663,-1.5796917134108457,1665,0.0858709089474392,-2.4549101691966766,1.3877853826989928,1.624042378454482
BGD,Bangladesh,Asia-Pacific,2008,1938957,4480,0.2310520553060227,-1.46511224620219,1875,0.096701474039909,-2.3361266332067094,1.9679164963998639,1.3877853826989928
BGD,Bangladesh,Asia-Pacific,2009,1938957,5625,0.2901044221197272,-1.2375143445386,2127,0.1096981521508728,-2.2100227564109836,1.4063418646106822,1.9679164963998639
BGD,Bangladesh,Asia-Pacific,2010,1938957,4668,0.2407479897697576,-1.424004578204774,1825,0.0941227680655115,-2.363155305594629,2.399025109761412,1.4063418646106822
BGD,Bangladesh,Asia-Pacific,2011,1938957,4181,0.2156313935791252,-1.5341848402546558,1579,0.0814355346714754,-2.5079435573555786,2.768868190801782,2.399025109761412
BGD,Bangladesh,Asia-Pacific,2012,1938957,5359,0.2763857063359322,-1.2859579021163705,1429,0.0736994167482827,-2.607760393681353,2.9788642520530257,2.768868190801782
BGD,Bangladesh,Asia-Pacific,2013,1938957,6022,0.310579347556444,-1.1693158625695417,733,0.0378038295846684,-3.2753448697245693,2.8958725345478613,2.9788642520530257
BGD,Bangladesh,Asia-Pacific,2014,1938957,12061,0.6220354551441832,-0.4747581860279778,1093,0.056370512600331,-2.875809083434682,4.032067706004735,2.8958725345478613
BGD,Bangladesh,Asia-Pacific,2015,1938957,12603,0.6499886279066529,-0.4308004117737291,1079,0.0556484749274996,-2.888700606353086,4.0208304012383085,4.032067706004735
BGD,Bangladesh,Asia-Pacific,2016,1938957,21196,1.0931650366666203,0.0890771920014319,1657,0.0854583159915356,-2.459726554184658,3.6236810382498477,4.0208304012383085
BGD,Bangladesh,Asia-Pacific,2017,1938957,28377,1.4635187887096,0.3808436652700593,2307,0.1189814936587041,-2.128787313437467,3.849314535370185,3.6236810382498477
BGD,Bangladesh,Asia-Pacific,2018,1938957,19343,0.997598193255446,-0.0024046957091231,1894,0.0976813823101801,-2.3260442978651974,3.375188989939209,3.849314535370185
BGD,Bangladesh,Asia-Pacific,2019,1938957,22079,1.1387049841744814,0.1298916378991218,1571,0.0810229417155718,-2.5130229333556,4.1650693601017,3.375188989939209
BGD,Bangladesh,Asia-Pacific,2020,1938957,21476,1.1076057901232468,0.1022007399312393,1942,0.1001569400456018,-2.3010169227599504,4.143135434101779,4.1650693601017
BGD,Bangladesh,Asia-Pacific,2021,1938957,17587,0.9070340394346031,-0.0975752998748566,2388,0.1231589973372282,-2.094279097098728,4.262651921317999,4.143135434101779
BGD,Bangladesh,Asia-Pacific,2022,1938957,13798,0.711619700694755,-0.3402116385051668,2230,0.1150102864581318,-2.1627337071570563,4.1650693601017,4.262651921317999
BGD,Bangladesh,Asia-Pacific,2023,1938957,17787,0.9173488633321936,-0.0862674392357434,2191,0.1129988957981017,-2.180377232015754,3.599355237447519,4.1650693601017
BGD,Bangladesh,Asia-Pacific,2024,1938957,15929,0.8215241493235796,-0.1965939453165825,1789,0.0922660997639452,-2.383078488102502,4.544952263287755,3.599355237447519
BGD,Bangladesh,Asia-Pacific,2025,1938957,13176,0.6795405983732491,-0.3863382997537446,1478,0.0762265486031923,-2.5740454701030737,5.266536554770831,4.544952263287755
BLZ,Belize,Latin America & Caribbean,2001,1751750,8238,0.4702725845582988,-0.7544427852486629,4491,0.256372199229342,-1.361124987156951,0.2045061165052357,0.09203354548602607
BLZ,Belize,Latin America & Caribbean,2002,1751750,13473,0.7691165976880262,-0.2625126984888413,8299,0.4737548166119594,-0.747065355646241,0.22542447112637898,0.2045061165052357
BLZ,Belize,Latin America & Caribbean,2003,1751750,6839,0.3904095904095904,-0.940558859146593,4828,0.2756101041815327,-1.2887680780272668,0.19968194382099952,0.22542447112637898
BLZ,Belize,Latin America & Caribbean,2004,1751750,4339,0.2476951619808762,-1.3955564744463382,3753,0.2142428999571856,-1.540644861109668,0.3532564677623826,0.19968194382099952
BLZ,Belize,Latin America & Caribbean,2005,1751750,8115,0.4632510346796061,-0.7694861802959974,5807,0.3314970743542172,-1.104136294872639,0.33568933520005567,0.3532564677623826
BLZ,Belize,Latin America & Caribbean,2006,1751750,4281,0.2443841872413301,-1.409013754099743,3216,0.1835878407306978,-1.695062029945832,0.2811250217115511,0.33568933520005567
BLZ,Belize,Latin America & Caribbean,2007,1751750,12310,0.7027258455829885,-0.3527884410661897,8225,0.4695304695304695,-0.7560220846111164,0.2650573047657601,0.2811250217115511
BLZ,Belize,Latin America & Caribbean,2008,1751750,8284,0.4728985300413872,-0.7488744377292141,6858,0.3914942200656486,-0.9377845272218231,0.3851411612829587,0.2650573047657601
BLZ,Belize,Latin America & Caribbean,2009,1751750,10297,0.5878121878121878,-0.5313477905879381,8361,0.4772941344369916,-0.739622344094631,0.2758871463056934,0.3851411612829587
BLZ,Belize,Latin America & Caribbean,2010,1751750,9840,0.5617239902954189,-0.5767446701983898,7914,0.4517767946339375,-0.7945670382993193,0.44879877648870625,0.2758871463056934
BLZ,Belize,Latin America & Caribbean,2011,1751750,26391,1.506550592264878,0.4098226616760953,16950,0.967603824746682,-0.0329325474360925,0.5193520644453559,0.44879877648870625
BLZ,Belize,Latin America & Caribbean,2012,1751750,11586,0.6613957471100328,-0.4134029085881195,9920,0.5662908520051377,-0.5686474599657705,0.5648305102425929,0.5193520644453559
BLZ,Belize,Latin America & Caribbean,2013,1751750,16403,0.9363779078064792,-0.0657361363322032,12752,0.7279577565291852,-0.3175122592146926,0.5443555122468146,0.5648305102425929
BLZ,Belize,Latin America & Caribbean,2014,1751750,16509,0.9424289995718568,-0.0592946945168205,14101,0.8049664621093192,-0.2169546644074589,0.7309379678424246,0.5443555122468146
BLZ,Belize,Latin America & Caribbean,2015,1751750,12303,0.702326245183388,-0.35335724618452,10470,0.5976880262594548,-0.5146863563801064,0.7196624658641525,0.7309379678424246
BLZ,Belize,Latin America & Caribbean,2016,1751750,20622,1.1772227772227772,0.1631580858331999,14697,0.8389895818467247,-0.1755569899380045,0.657170027022726,0.7196624658641525
BLZ,Belize,Latin America & Caribbean,2017,1751750,16446,0.9388325959754532,-0.0631180947138481,11088,0.6329670329670329,-0.4573369388150045,0.6906774067523747,0.657170027022726
BLZ,Belize,Latin America & Caribbean,2018,1751750,11163,0.6372484658198944,-0.4505956432299568,8915,0.5089196517767947,-0.6754651299474481,0.6051967877593181,0.6906774067523747
BLZ,Belize,Latin America & Caribbean,2019,1751750,18437,1.052490366776081,0.0511591338257017,13915,0.7943485086342229,-0.2302329862846978,0.7380162121387479,0.6051967877593181
BLZ,Belize,Latin America & Caribbean,2020,1751750,26722,1.5254459825888398,0.4222868149041504,15293,0.8730127015841301,-0.1358051738965656,0.7436694127288793,0.7380162121387479
BLZ,Belize,Latin America & Caribbean,2021,1751750,9311,0.531525617239903,-0.6320038843561591,6914,0.3946910232624518,-0.9296520397631192,0.785382290868398,0.7436694127288793
BLZ,Belize,Latin America & Caribbean,2022,1751750,8201,0.4681604110175539,-0.7589442832082777,6865,0.391893820465249,-0.9367643420426176,0.7749230058609181,0.785382290868398
BLZ,Belize,Latin America & Caribbean,2023,1751750,22574,1.2886542029399173,0.2535984202708827,12795,0.730412444698159,-0.3141459116507997,0.6694272034378782,0.7749230058609181
BLZ,Belize,Latin America & Caribbean,2024,1751750,34001,1.940973312401884,0.6631895546857979,12176,0.6950763522192094,-0.3637335801432219,0.8103638715504661,0.6694272034378782
BLZ,Belize,Latin America & Caribbean,2025,1751750,12519,0.7146567717996289,-0.3359528909850267,8366,0.477579563293849,-0.7390245082425453,0.9249486743908882,0.8103638715504661
BOL,Bolivia,Latin America & Caribbean,2001,64556285,140210,0.2171903169459023,-1.5269812731965076,115188,0.1784303418327123,-1.7235569957601475,0.17696863651915568,0.01263724502246899
BOL,Bolivia,Latin America & Caribbean,2002,64556285,178694,0.2768034127118684,-1.2844477261532516,145962,0.2261003711722259,-1.4867762580709627,0.36634010907036435,0.17696863651915568
BOL,Bolivia,Latin America & Caribbean,2003,64556285,163718,0.2536050517776851,-1.371977136358461,144530,0.2238821518307628,-1.4966354734687972,0.5789002554279223,0.36634010907036435
BOL,Bolivia,Latin America & Caribbean,2004,64556285,203307,0.3149298321611908,-1.1554054200139323,166814,0.2584008667785019,-1.3532431526733493,1.014320463315571,0.5789002554279223
BOL,Bolivia,Latin America & Caribbean,2005,64556285,250866,0.388600428292923,-0.9452036398960104,204439,0.3166833407467607,-1.1498529294521147,0.757677092545917,1.014320463315571
BOL,Bolivia,Latin America & Caribbean,2006,64556285,216346,0.3351277106481576,-1.0932435939897729,182616,0.2828787313272441,-1.2627369843872165,0.5760719327963284,0.757677092545917
BOL,Bolivia,Latin America & Caribbean,2007,64556285,189943,0.2942285170220065,-1.2233985447780635,153356,0.2375539422691377,-1.4373605559527596,1.0086459217645993,0.5760719327963284
BOL,Bolivia,Latin America & Caribbean,2008,64556285,369894,0.5729790678010669,-0.556906093822857,319050,0.4942198888923054,-0.7047747416151918,1.623347134969066,1.0086459217645993
BOL,Bolivia,Latin America & Caribbean,2009,64556285,225346,0.3490690333249505,-1.0524855731168343,189821,0.2940395346479432,-1.2240410490923057,1.1736567890064427,1.623347134969066
BOL,Bolivia,Latin America & Caribbean,2010,64556285,451722,0.6997335735784672,-0.3570556255624061,295453,0.4576672898696076,-0.7816128001870464,1.5481575328290904,1.1736567890064427
BOL,Bolivia,Latin America & Caribbean,2011,64556285,330358,0.5117363863177691,-0.6699456570070521,248846,0.3854713758699095,-0.9532883406942962,1.8152102134688877,1.5481575328290904
BOL,Bolivia,Latin America & Caribbean,2012,64556285,273562,0.4237573460120885,-0.8585942847159961,208448,0.3228934254813455,-1.1304329622757794,2.07953229474409,1.8152102134688877
BOL,Bolivia,Latin America & Caribbean,2013,64556285,179794,0.2785073521501431,-1.2783108208604008,141173,0.2186820384723191,-1.520136483285235,1.9230427502102634,2.07953229474409
BOL,Bolivia,Latin America & Caribbean,2014,64556285,256528,0.3973710692924787,-0.922884751483066,188630,0.2921946329470476,-1.2303351475719146,2.1161125836205494,1.9230427502102634
BOL,Bolivia,Latin America & Caribbean,2015,64556285,166251,0.2575287595932758,-1.3566238773740804,141353,0.218960864925855,-1.518862264102898,1.9180796291703976,2.1161125836205494
BOL,Bolivia,Latin America & Caribbean,2016,64556285,470310,0.7285270520136033,-0.3167305201809983,360278,0.5580835390388403,-0.5832466162673398,1.9072915199168632,1.9180796291703976
BOL,Bolivia,Latin America & Caribbean,2017,64556285,462949,0.7171245990998397,-0.3325056750983063,355595,0.5508294041393491,-0.5963301291310585,1.8718960753709757,1.9072915199168632
BOL,Bolivia,Latin America & Caribbean,2018,64556285,301918,0.4676818066591037,-0.7599671146025784,255864,0.3963425094861019,-0.925476518613264,1.632827865264914,1.8718960753709757
BOL,Bolivia,Latin America & Caribbean,2019,64556285,853556,1.322188846523619,0.2792885803376824,305177,0.4727301145039557,-0.749230635778382,1.8316822550272467,1.632827865264914
BOL,Bolivia,Latin America & Caribbean,2020,64556285,428903,0.6643861244493855,-0.4088917857937307,228092,0.3533226857772252,-1.0403735155909486,2.020438462041268,1.8316822550272467
BOL,Bolivia,Latin America & Caribbean,2021,64556285,559589,0.8668234239315351,-0.142919986229205,265856,0.4118204757290479,-0.8871677631159554,2.500086205887011,2.020438462041268
BOL,Bolivia,Latin America & Caribbean,2022,64556285,594998,0.9216732344495968,-0.0815645277341051,384206,0.5951488689288734,-0.518943704850818,2.599251156194565,2.500086205887011
BOL,Bolivia,Latin America & Caribbean,2023,64556285,696297,1.078589017320312,0.075653721521951,293832,0.4551563027519319,-0.7871143964898237,2.2411564167564326,2.599251156194565
BOL,Bolivia,Latin America & Caribbean,2024,64556285,1813613,2.809351560425139,1.0329536953016012,319447,0.4948348561259372,-0.7035311960663161,2.1034703931086796,2.2411564167564326
BOL,Bolivia,Latin America & Caribbean,2025,64556285,765219,1.1853516663791914,0.1700394954380632,210481,0.3260426153704476,-1.1207271841635666,2.1447366174942917,2.1034703931086796
BRA,Brazil,Latin America & Caribbean,2001,519056656,2746285,0.5290915679925314,-0.6365937657090907,2382570,0.459019255886394,-0.7786631179793357,0.3249141994502431,0.018246474086961284
BRA,Brazil,Latin America & Caribbean,2002,519056656,3506873,0.6756243195155174,-0.3921180977817453,3087752,0.5948776427982073,-0.5193995369397499,0.6761376460096111,0.3249141994502431
BRA,Brazil,Latin America & Caribbean,2003,519056656,3248392,0.6258260947914711,-0.4686827503241656,2875092,0.5539071634600135,-0.5907581812590345,1.019959759961747,0.6761376460096111
BRA,Brazil,Latin America & Caribbean,2004,519056656,3848492,0.7414396782150117,-0.2991614717382581,3399430,0.6549246523870796,-0.4232350844874059,1.7838427512790798,1.019959759961747
BRA,Brazil,Latin America & Caribbean,2005,519056656,3486213,0.671644021842579,-0.3980268082161001,3028347,0.583432842059538,-0.5388259288931109,1.348165727072459,1.7838427512790798
BRA,Brazil,Latin America & Caribbean,2006,519056656,2876675,0.5542121398015557,-0.5902077417019491,2425065,0.4672062234377744,-0.7609845268424252,1.0417255504742768,1.348165727072459
BRA,Brazil,Latin America & Caribbean,2007,519056656,2621699,0.5050891785500965,-0.6830202741088558,2142852,0.4128358581341456,-0.8847052029523422,1.7768154629528365,1.0417255504742768
BRA,Brazil,Latin America & Caribbean,2008,519056656,2444093,0.4708721045665581,-0.7531687620378246,2010479,0.3873332471051098,-0.9484698528586132,2.8365005442059235,1.7768154629528365
BRA,Brazil,Latin America & Caribbean,2009,519056656,1817715,0.3501958753419781,-1.049262637206663,1405990,0.270874091247565,-1.3061011740087125,2.0377980378278724,2.8365005442059235
BRA,Brazil,Latin America & Caribbean,2010,519056656,2688727,0.518002605095194,-0.6577750075939989,2085842,0.4018524713803111,-0.9116702443353254,2.731608960005177,2.0377980378278724
BRA,Brazil,Latin America & Caribbean,2011,519056656,1923161,0.3705108060496579,-0.9928726685453864,1452118,0.2797609823926427,-1.2738196746781254,3.2058759124588567,2.731608960005177
BRA,Brazil,Latin America & Caribbean,2012,519056656,2918560,0.5622815864632704,-0.5757525110398917,2208794,0.4255400589641991,-0.8543961897733398,3.6395990846709996,3.2058759124588567
BRA,Brazil,Latin America & Caribbean,2013,519056656,1945478,0.3748103366966553,-0.9813351497648314,1452141,0.2797654135081547,-1.2738038358703605,3.360663624209682,3.6395990846709996
BRA,Brazil,Latin America & Caribbean,2014,519056656,2692910,0.5188084901467866,-0.656220461703077,2070578,0.3989117519379233,-0.9190150596425596,3.744527708288749,3.360663624209682
BRA,Brazil,Latin America & Caribbean,2015,519056656,2222654,0.4282102877031597,-0.8481408776523877,1709324,0.3293135691915682,-1.1107448842794156,3.406316385291062,3.744527708288749
BRA,Brazil,Latin America & Caribbean,2016,519056656,5378610,1.0362279219091644,0.0355871214832574,2990257,0.5760945294573007,-0.5514835181102692,3.3781916328727286,3.406316385291062
BRA,Brazil,Latin America & Caribbean,2017,519056656,4519546,0.8707230603358258,-0.1384313086747788,2776287,0.5348716691921199,-0.6257284315286356,3.3327815156398244,3.3781916328727286
BRA,Brazil,Latin America & Caribbean,2018,519056656,2948393,0.5680291285967056,-0.5655825788352216,2133390,0.4110129357439547,-0.8891305911516195,2.8914850602169135,3.3327815156398244
BRA,Brazil,Latin America & Caribbean,2019,519056656,2696542,0.5195082210832876,-0.6548726435761774,2002738,0.385841887749533,-0.9523276106625488,3.2624343256130386,2.8914850602169135
BRA,Brazil,Latin America & Caribbean,2020,519056656,3290645,0.6339664393013775,-0.4557592608018814,2058457,0.3965765540631079,-0.9248861819835572,3.59378155299096,3.2624343256130386
BRA,Brazil,Latin America & Caribbean,2021,519056656,2990029,0.5760506036165732,-0.5515597686441435,2157488,0.4156555888573366,-0.8778982730294286,4.416242951110174,3.59378155299096
BRA,Brazil,Latin America & Caribbean,2022,519056656,3308334,0.6373743524444854,-0.4503981155798999,2474127,0.4766583707964242,-0.7409552484713294,4.5776703141854425,4.416242951110174
BRA,Brazil,Latin America & Caribbean,2023,519056656,2805355,0.5404718285704827,-0.6153127643149094,1922462,0.3703761386695328,-0.9932361987238244,3.9232687383439355,4.5776703141854425
BRA,Brazil,Latin America & Caribbean,2024,519056656,4391694,0.8460914524906892,-0.1671278253474928,1870749,0.3604132570838279,-1.0205039695631395,3.7629657881657135,3.9232687383439355
BRA,Brazil,Latin America & Caribbean,2025,519056656,2868122,0.5525643428026863,-0.5931853948094614,1351821,0.2604380435880587,-1.3453902825904744,3.878371197970912,3.7629657881657135
BTN,Bhutan,Asia-Pacific,2001,2577238,298,0.0115627660309214,-4.45996516832858,39,0.0015132479033756,-6.493497008704338,0.10144381352203378,0.04529620886490203
BTN,Bhutan,Asia-Pacific,2002,2577238,224,0.0086914751373369,-4.745412602978945,19,0.0007372233375419,-7.212619675667544,0.1127311701146138,0.10144381352203378
BTN,Bhutan,Asia-Pacific,2003,2577238,544,0.0211078681906754,-3.8581094079780422,197,0.0076438419734615,-4.873854926095996,0.10121082525732884,0.1127311701146138
BTN,Bhutan,Asia-Pacific,2004,2577238,1013,0.0393056442594746,-3.2363871505853012,299,0.0116015672592131,-4.4566150814432985,0.17899946057677046,0.10121082525732884
BTN,Bhutan,Asia-Pacific,2005,2577238,770,0.0298769457845957,-3.510668139986255,189,0.007333432147128,-4.915311639774342,0.1690012220025771,0.17899946057677046
BTN,Bhutan,Asia-Pacific,2006,2577238,623,0.0241731652257183,-3.7225121360465314,116,0.0045009424818352,-5.40346846372762,0.14122019283616566,0.1690012220025771
BTN,Bhutan,Asia-Pacific,2007,2577238,508,0.0197110239721748,-3.9265772072555025,109,0.0042293338837934,-5.465710772604841,0.13562465522024897,0.14122019283616566
BTN,Bhutan,Asia-Pacific,2008,2577238,775,0.0300709519260541,-3.5041956254806377,152,0.0058977867003357,-5.133178133987708,0.1979081913651497,0.13562465522024897
BTN,Bhutan,Asia-Pacific,2009,2577238,1175,0.0455914432427272,-3.088035228255725,246,0.0095451021597539,-4.651727118901622,0.14182454004197997,0.1979081913651497
BTN,Bhutan,Asia-Pacific,2010,2577238,4354,0.1689405479819869,-1.778208413039492,1732,0.0672037274011946,-2.700026565711604,0.22879218865465933,0.14182454004197997
BTN,Bhutan,Asia-Pacific,2011,2577238,1091,0.0423321400662259,-3.162208669000914,254,0.0098555119860874,-4.619724387815448,0.2648853248455327,0.22879218865465933
BTN,Bhutan,Asia-Pacific,2012,2577238,766,0.029721740871429,-3.5158764850933935,241,0.0093510960182955,-4.67226172134333,0.28864114940433966,0.2648853248455327
BTN,Bhutan,Asia-Pacific,2013,2577238,485,0.0188185957214661,-3.9729097638965016,169,0.0065574075812943,-5.027159939910911,0.27774656940294895,0.28864114940433966
BTN,Bhutan,Asia-Pacific,2014,2577238,1229,0.0476867095704781,-3.0431025452679497,419,0.016257714654215,-4.119187734911847,0.37046761303912945,0.27774656940294895
BTN,Bhutan,Asia-Pacific,2015,2577238,747,0.028984517533887,-3.540993469701167,186,0.007217028462253,-4.931311981120784,0.36387307395721513,0.37046761303912945
BTN,Bhutan,Asia-Pacific,2016,2577238,1963,0.0761668111365733,-2.5748294605575235,335,0.0129984114777137,-4.342928123008918,0.33310439074749726,0.36387307395721513
BTN,Bhutan,Asia-Pacific,2017,2577238,1972,0.0765160221911984,-2.570255119671404,284,0.0110195488348379,-4.508084416672778,0.3493830053842925,0.33310439074749726
BTN,Bhutan,Asia-Pacific,2018,2577238,1240,0.0481135230816866,-3.034191996234902,181,0.0070230223207945,-4.958561623568158,0.30610282164367625,0.3493830053842925
BTN,Bhutan,Asia-Pacific,2019,2577238,820,0.0318170071991798,-3.4477543145756857,177,0.0068678174076278,-4.980908922260156,0.3724333119412803,0.30610282164367625
BTN,Bhutan,Asia-Pacific,2020,2577238,1288,0.0499759820396874,-2.9962127481696856,243,0.0094286984748789,-4.663997211493436,0.37621548410932626,0.3724333119412803
BTN,Bhutan,Asia-Pacific,2021,2577238,1279,0.0496267709850623,-3.003224853255142,273,0.0105927353236294,-4.547586859649025,0.3992660368370273,0.37621548410932626
BTN,Bhutan,Asia-Pacific,2022,2577238,1248,0.0484239329080201,-3.0277611059046117,277,0.0107479402367961,-4.533041148646646,0.39465336382095006,0.3992660368370273
BTN,Bhutan,Asia-Pacific,2023,2577238,1797,0.069725807240154,-2.6631847680504257,247,0.0095839033880456,-4.647670318206007,0.3409038307741889,0.39465336382095006
BTN,Bhutan,Asia-Pacific,2024,2577238,1188,0.0460958592105191,-3.0770321549113944,206,0.0079930530280866,-4.829182486044403,0.40943346166252814,0.3409038307741889
BTN,Bhutan,Asia-Pacific,2025,2577238,3446,0.1337090326931389,-2.0120892377461095,376,0.0145892618376727,-4.22746951144409,0.46596453987130027,0.40943346166252814
CAF,Central African Republic,Africa,2001,47073506,31283,0.0664556406739706,-2.7112206114364708,14871,0.0315910185232432,-3.454882422736552,0.2918107092936492,0.12983718696577815
CAF,Central African Republic,Africa,2002,47073506,34418,0.0731154378006176,-2.615715747100379,17488,0.0371504089795223,-3.2927804990089156,0.3223950642875002,0.2918107092936492
CAF,Central African Republic,Africa,2003,47073506,13727,0.0291607767647474,-3.534930734173576,6269,0.0133174699160925,-4.318678578151267,0.2694677228329135,0.3223950642875002
CAF,Central African Republic,Africa,2004,47073506,14589,0.0309919554324251,-3.4740276103533403,7805,0.0165804518575693,-4.099530876475703,0.47588347997726854,0.2694677228329135
CAF,Central African Republic,Africa,2005,47073506,29317,0.0622791937358564,-2.776127877895634,16425,0.0348922385343466,-3.355490866072424,0.4633670885566809,0.47588347997726854
CAF,Central African Republic,Africa,2006,47073506,57883,0.1229630102333996,-2.0958716986477555,36673,0.0779058181899601,-2.5522546409617024,0.39491510644012445,0.4633670885566809
CAF,Central African Republic,Africa,2007,47073506,37308,0.0792547723129014,-2.5350876495784815,22427,0.0476425104176434,-3.0440298402989465,0.35098326208674807,0.39491510644012445
CAF,Central African Republic,Africa,2008,47073506,31860,0.0676813832392259,-2.692944125961196,18993,0.0403475364677532,-3.210224940212999,0.49787344550839907,0.35098326208674807
CAF,Central African Republic,Africa,2009,47073506,48253,0.1025056429831251,-2.2778374284251584,26016,0.0552667566337633,-2.8955836970776985,0.35194600612878146,0.49787344550839907
CAF,Central African Republic,Africa,2010,47073506,48554,0.1031450684807713,-2.2716188498101832,27626,0.0586869395281498,-2.8355380721653303,0.6001716192245233,0.35194600612878146
CAF,Central African Republic,Africa,2011,47073506,49140,0.1043899300808399,-2.2596220633500654,29274,0.0621878472361926,-2.7775956803813435,0.6949212986313227,0.6001716192245233
CAF,Central African Republic,Africa,2012,47073506,57314,0.1217542623657562,-2.105750508467922,33172,0.0704685136475706,-2.6525892838541414,0.7419233954352474,0.6949212986313227
CAF,Central African Republic,Africa,2013,47073506,44183,0.0938595905730922,-2.3659553307275294,23466,0.0498496967699835,-2.9987428654416663,0.7158834790419567,0.7419233954352474
CAF,Central African Republic,Africa,2014,47073506,57852,0.1228971557801537,-2.096407405231613,34610,0.0735233105433022,-2.610152772795846,0.9918935198253047,0.7158834790419567
CAF,Central African Republic,Africa,2015,47073506,27316,0.0580283949956903,-2.8468228193442555,16484,0.0350175744292341,-3.351905216966528,0.9848124127832171,0.9918935198253047
CAF,Central African Republic,Africa,2016,47073506,51152,0.1086640965302223,-2.219493838125613,19949,0.0423784028323702,-3.1611164136768246,0.892737617542051,0.9848124127832171
CAF,Central African Republic,Africa,2017,47073506,63910,0.1357663905467334,-1.996819586780908,34804,0.0739354319603897,-2.6045631077393208,0.9472854298923098,0.892737617542051
CAF,Central African Republic,Africa,2018,47073506,40913,0.0869130079242451,-2.44284756948669,22791,0.0484157691589829,-3.0279297092539044,0.82495314987572,0.9472854298923098
CAF,Central African Republic,Africa,2019,47073506,49027,0.1041498799770724,-2.261924263680309,25805,0.0548185214842506,-2.903727158842408,1.0162161729261616,0.82495314987572
CAF,Central African Republic,Africa,2020,47073506,55137,0.1171295802781292,-2.1444744332916517,26543,0.0563862823389445,-2.8755293710018335,1.0186971390238457,1.0162161729261616
CAF,Central African Republic,Africa,2021,47073506,67181,0.142715097532782,-1.946904960987184,30101,0.0639446741018185,-2.749737036648765,1.0575370888713884,1.0186971390238457
CAF,Central African Republic,Africa,2022,47073506,51030,0.1084049273916415,-2.2218817353672184,25783,0.054771786065818,-2.904580070423926,1.0354046203753502,1.0575370888713884
CAF,Central African Republic,Africa,2023,47073506,54534,0.1158486049456354,-2.15547107007841,25187,0.0535056810937345,-2.9279674420498583,0.8866008592845301,1.0354046203753502
CAF,Central African Republic,Africa,2024,47073506,60752,0.1290577336644523,-2.047495426953652,31728,0.0674009707286302,-2.697095858665658,1.1194115914027614,0.8866008592845301
CAF,Central African Republic,Africa,2025,47073506,74125,0.1574664950598751,-1.848542573125209,32253,0.0685162477594084,-2.6806843682718977,1.296362532053045,1.1194115914027614
CIV,Côte d'Ivoire,Africa,2001,14866947,122695,0.8252871285543696,-0.1920239185860957,118507,0.7971172561521878,-0.2267534891159372,-0.7420692875449553,-0.8222383549031218
CIV,Côte d'Ivoire,Africa,2002,14866947,144565,0.972391977989832,-0.0279962862761391,139416,0.9377581019156118,-0.0642632503180739,0.19925189229822018,-0.7420692875449553
CIV,Côte d'Ivoire,Africa,2003,14866947,86300,0.5804823276762875,-0.5438959215870327,83145,0.5592607547467546,-0.5811394481365373,0.3902337229924154,0.19925189229822018
CIV,Côte d'Ivoire,Africa,2004,14866947,48053,0.3232203625936112,-1.129420951245515,46193,0.3107093877445046,-1.168897248219817,0.5726416035692905,0.3902337229924154
CIV,Côte d'Ivoire,Africa,2005,14866947,65335,0.4394648074012774,-0.8221976392353055,62153,0.4180616235465156,-0.8721264325709118,0.22689004339930408,0.5726416035692905
CIV,Côte d'Ivoire,Africa,2006,14866947,97775,0.657666970898598,-0.4190565990348371,94365,0.634730183675236,-0.4545552779863123,0.3794622086499081,0.22689004339930408
CIV,Côte d'Ivoire,Africa,2007,14866947,90876,0.6112620163373153,-0.492229579756729,87171,0.5863409615975627,-0.5338538128820903,1.3611441329084528,0.3794622086499081
CIV,Côte d'Ivoire,Africa,2008,14866947,127583,0.8581654323513765,-0.152958386481601,120884,0.8131057439029008,-0.2068941115909834,1.9495288581066568,1.3611441329084528
CIV,Côte d'Ivoire,Africa,2009,14866947,108887,0.7324099561261637,-0.3114148724372521,104949,0.7059216663649908,-0.3482510018019997,1.1032421451855987,1.9495288581066568
CIV,Côte d'Ivoire,Africa,2010,14866947,92519,0.622313377454026,-0.4743114908454319,88817,0.5974125017059656,-0.5151474465594233,1.8514451436579602,1.1032421451855987
CIV,Côte d'Ivoire,Africa,2011,14866947,124736,0.8390155692355666,-0.1755260157913193,120411,0.8099241895461119,-0.2108146288487133,2.3055945142030585,1.8514451436579602
CIV,Côte d'Ivoire,Africa,2012,14866947,96138,0.6466559677652716,-0.4359408604226168,91924,0.6183112107684248,-0.4807633709817553,2.0548419374986464,2.3055945142030585
CIV,Côte d'Ivoire,Africa,2013,14866947,175824,1.1826503450910264,0.1677579750281533,167526,1.1268352540706577,0.1194130434233232,1.5893516604685842,2.0548419374986464
CIV,Côte d'Ivoire,Africa,2014,14866947,346899,2.333357346333447,0.8473081516200117,332456,2.236208953997078,0.8047820008359298,1.826839634433099,1.5893516604685842
CIV,Côte d'Ivoire,Africa,2015,14866947,152454,1.0254559998095103,0.0251373915244916,142700,0.9598473714879052,-0.0409809951936242,1.4897173268283732,1.826839634433099
CIV,Côte d'Ivoire,Africa,2016,14866947,221124,1.487353119641847,0.3969981104643091,206208,1.3870231729486897,0.3271598484380396,1.7405978678259595,1.4897173268283732
CIV,Côte d'Ivoire,Africa,2017,14866947,357309,2.4033784475050592,0.8768754339525903,331951,2.23281215706224,0.8032618479860987,1.7653273498532638,1.7405978678259595
CIV,Côte d'Ivoire,Africa,2018,14866947,324681,2.1839117338617,0.7811176421674656,303776,2.0432977934205323,0.7145650680229731,1.121304498992883,1.7653273498532638
CIV,Côte d'Ivoire,Africa,2019,14866947,242202,1.6291307152705932,0.4880465690467983,225702,1.5181462609640028,0.4174900254281505,1.241970892860337,1.121304498992883
CIV,Côte d'Ivoire,Africa,2020,14866947,248550,1.6718294616910925,0.5139185128642666,234478,1.5771765379939808,0.4556362471777336,1.8327666719519147,1.241970892860337
CIV,Côte d'Ivoire,Africa,2021,14866947,183272,1.232748055131965,0.209245868454632,170868,1.149314650815665,0.1391658089104429,2.6128128894004945,1.8327666719519147
CIV,Côte d'Ivoire,Africa,2022,14866947,172478,1.1601440430237626,0.1485441724296786,162042,1.0899480572574851,0.0861300412133542,2.714948550635382,2.6128128894004945
CIV,Côte d'Ivoire,Africa,2023,14866947,190298,1.2800072536748803,0.246865744848969,179732,1.2089368449352782,0.18974133282843,1.7298901695386628,2.714948550635382
CIV,Côte d'Ivoire,Africa,2024,14866947,165120,1.1106517027335874,0.1049469626167829,155623,1.0467717413669395,0.0457108960543546,2.151235557026554,1.7298901695386628
CIV,Côte d'Ivoire,Africa,2025,14866947,213072,1.433192705940231,0.3599046170833741,201461,1.3550932817612116,0.3038702945903196,2.424465592711305,2.151235557026554
CMR,Cameroon,Africa,2001,31459321,39204,0.1246180742426068,-2.0825016250218367,18459,0.058675773707894,-2.835728351002307,-0.106902651314283,-0.3002452820262572
CMR,Cameroon,Africa,2002,31459321,28767,0.0914418972996906,-2.392051510589116,14151,0.0449818990053854,-3.101495114458535,0.40560918871524737,-0.106902651314283
CMR,Cameroon,Africa,2003,31459321,25345,0.0805643580165001,-2.518698935504457,10639,0.0338182759888555,-3.386753912894541,0.456746336928732,0.40560918871524737
CMR,Cameroon,Africa,2004,31459321,23003,0.0731198235333814,-2.615655765222888,11812,0.0375469006467113,-3.2821644435470936,0.7468774570871156,0.456746336928732
CMR,Cameroon,Africa,2005,31459321,25159,0.0799731183009321,-2.5260647220143895,11326,0.036002048486679,-3.324179439737157,0.55523599424026,0.7468774570871156
CMR,Cameroon,Africa,2006,31459321,35986,0.1143889914216521,-2.1681504334984427,17557,0.0558085789582044,-2.885827676641698,0.5676569119279051,0.55523599424026
CMR,Cameroon,Africa,2007,31459321,45917,0.1459567420415717,-1.9244449885620751,25881,0.0822681455839431,-2.4977712986662186,1.0345175794924248,0.5676569119279051
CMR,Cameroon,Africa,2008,31459321,35141,0.1117029830364107,-2.19191186747655,15562,0.0494670562025162,-3.006448362234031,1.4793307150023733,1.0345175794924248
CMR,Cameroon,Africa,2009,31459321,36072,0.1146623603223985,-2.1657634663099867,14077,0.0447466746024175,-3.1067381475829414,0.9053267911810112,1.4793307150023733
CMR,Cameroon,Africa,2010,31459321,57992,0.1843396429312635,-1.6909753374301932,36272,0.1152981019520415,-2.160234313663597,1.523201266372541,0.9053267911810112
CMR,Cameroon,Africa,2011,31459321,27652,0.0878976377144312,-2.4315823493457516,14750,0.0468859451861659,-3.060037324642941,1.8467978935017206,1.523201266372541
CMR,Cameroon,Africa,2012,31459321,51268,0.1629660093426682,-1.8142136315611923,25959,0.0825160848195039,-2.4947620371360584,1.7651767012377493,1.8467978935017206
CMR,Cameroon,Africa,2013,31459321,84612,0.2689568538367373,-1.313204306903866,35290,0.1121766105504947,-2.187680769741591,1.500862332167606,1.7651767012377493
CMR,Cameroon,Africa,2014,31459321,181851,0.5780512554609809,-0.548092736973223,58795,0.1868921455742798,-1.6772235901533907,1.8809443427057015,1.500862332167606
CMR,Cameroon,Africa,2015,31459321,78970,0.2510225824645102,-1.3822123739192804,32595,0.1036099920910562,-2.267121505052267,1.6994563461934793,1.8809443427057015
CMR,Cameroon,Africa,2016,31459321,116619,0.3706977655366433,-0.992368196530039,39856,0.1266905919552427,-2.0660074489089455,1.7422853458926308,1.6994563461934793
CMR,Cameroon,Africa,2017,31459321,187282,0.5953148194139346,-0.5186649051062123,79198,0.2517473279223032,-1.3793293614524926,1.8051673670095454,1.7422853458926308
CMR,Cameroon,Africa,2018,31459321,120814,0.3840324462184037,-0.9570282346035156,44868,0.1426222771940945,-1.947555561645793,1.3590924502379949,1.8051673670095454
CMR,Cameroon,Africa,2019,31459321,121800,0.3871666524525434,-0.9489000521529732,44528,0.1415415164237015,-1.9551622026452349,1.6007639969253562,1.3590924502379949
CMR,Cameroon,Africa,2020,31459321,202796,0.6446292976253365,-0.4390798597721376,58071,0.1845907608749724,-1.6896140075972514,1.9077349997497597,1.6007639969253562
CMR,Cameroon,Africa,2021,31459321,168797,0.536556399294187,-0.6225835979366944,69078,0.219578801462371,-1.5160441065091874,2.3487673826964026,1.9077349997497597
CMR,Cameroon,Africa,2022,31459321,147810,0.4698448513876062,-0.7553527422047885,58864,0.1871114764365067,-1.6760507090663517,2.3816746559296553,2.3487673826964026
CMR,Cameroon,Africa,2023,31459321,204198,0.6490858464491335,-0.4321902960654641,85201,0.2708291129360357,-1.3062672365731771,1.735037793923143,2.3816746559296553
CMR,Cameroon,Africa,2024,31459321,179152,0.5694719221689496,-0.5630457999109286,64453,0.2048772762768783,-1.5853441314154804,2.165243515829822,1.735037793923143
CMR,Cameroon,Africa,2025,31459321,206263,0.6556498787751968,-0.4221283538972752,79662,0.2532222485030748,-1.37348772328695,2.469874765199812,2.165243515829822
COD,Democratic Republic of the Congo,Africa,2001,199272121,455532,0.2285979582663246,-1.4757904591297086,70953,0.0356060846062856,-3.3352387398217105,-0.1461236234281875,-0.14803342798143465
COD,Democratic Republic of the Congo,Africa,2002,199272121,514459,0.2581690792561996,-1.3541405627516443,87168,0.04374319877892,-3.129419134744954,0.010623852428113822,-0.1461236234281875
COD,Democratic Republic of the Congo,Africa,2003,199272121,274612,0.1378075360576906,-1.9818972335257223,71188,0.0357240137971934,-3.3319321609442065,0.047533039494233306,0.010623852428113822
COD,Democratic Republic of the Congo,Africa,2004,199272121,400045,0.2007531199008013,-1.6056793850516142,69648,0.0349512012269895,-3.353802441022004,0.06431487864129946,0.047533039494233306
COD,Democratic Republic of the Congo,Africa,2005,199272121,485236,0.2435042079970634,-1.4126210553067038,83606,0.0419556933405651,-3.1711411379817287,0.006133132209789888,0.06431487864129946
COD,Democratic Republic of the Congo,Africa,2006,199272121,453201,0.2274282010577887,-1.4809206901491965,81089,0.0406925964319916,-3.2017091089283354,0.036266526311826586,0.006133132209789888
COD,Democratic Republic of the Congo,Africa,2007,199272121,462776,0.2322331883043489,-1.4600132901112155,91398,0.0458659242152593,-3.082032829449327,0.2063282351859039,0.036266526311826586
COD,Democratic Republic of the Congo,Africa,2008,199272121,404912,0.2031955087184524,-1.5935866662856015,68517,0.0343836356315994,-3.370174536171651,0.2965544557607695,0.2063282351859039
COD,Democratic Republic of the Congo,Africa,2009,199272121,635436,0.3188785249091618,-1.1429450483776935,124762,0.0626088583660932,-2.770848503441739,0.16349590237795783,0.2965544557607695
COD,Democratic Republic of the Congo,Africa,2010,199272121,811874,0.4074197614426957,-0.8979112701245455,149119,0.0748318426339226,-2.592511780925734,0.2720717403059077,0.16349590237795783
COD,Democratic Republic of the Congo,Africa,2011,199272121,429465,0.2155168509497623,-1.5347161778329077,102617,0.0514959139718295,-2.966252814812884,0.34233522945907646,0.2720717403059077
COD,Democratic Republic of the Congo,Africa,2012,199272121,632082,0.3171953993504189,-1.148237293266038,153648,0.0771046141472042,-2.562592153936329,0.29761334648126686,0.34233522945907646
COD,Democratic Republic of the Congo,Africa,2013,199272121,920750,0.4620566065034255,-0.7720678705067711,105032,0.0527078245932856,-2.9429913602001365,0.22068576586578884,0.29761334648126686
COD,Democratic Republic of the Congo,Africa,2014,199272121,1338361,0.6716248079679947,-0.3980554158546593,164751,0.0826763920478369,-2.492821182665019,0.24058096150823394,0.22068576586578884
COD,Democratic Republic of the Congo,Africa,2015,199272121,928502,0.4659467643243482,-0.7636838910296581,104800,0.0525914008814108,-2.945202653945004,0.1836621607588697,0.24058096150823394
COD,Democratic Republic of the Congo,Africa,2016,199272121,1381504,0.6932751019396236,-0.3663283860691193,146003,0.0732681517451204,-2.61362925638951,0.23275313278539503,0.1836621607588697
COD,Democratic Republic of the Congo,Africa,2017,199272121,1468188,0.736775416767908,-0.3054721594620622,169340,0.0849792731417758,-2.4653478976178147,0.23267306734048793,0.23275313278539503
COD,Democratic Republic of the Congo,Africa,2018,199272121,1373827,0.6894225810945225,-0.3719008707294968,153059,0.0768090384304184,-2.566432957857114,0.13265330465578593,0.23267306734048793
COD,Democratic Republic of the Congo,Africa,2019,199272121,1220241,0.6123490801806641,-0.4904527666296879,129878,0.065176201943472,-2.7306608775455525,0.13930001635285844,0.13265330465578593
COD,Democratic Republic of the Congo,Africa,2020,199272121,1310238,0.6575119456875756,-0.4192923467491372,162080,0.0813360138822429,-2.5091663853315724,0.23919994048169907,0.13930001635285844
COD,Democratic Republic of the Congo,Africa,2021,199272121,1248060,0.6263093872524195,-0.4679108011351542,154945,0.0777554829157461,-2.5541862105925284,0.3692909624585105,0.23919994048169907
COD,Democratic Republic of the Congo,Africa,2022,199272121,1220222,0.6123395454801226,-0.490468337445554,140088,0.0702998489186553,-2.654985629262346,0.3885104029584719,0.3692909624585105
COD,Democratic Republic of the Congo,Africa,2023,199272121,1325020,0.6649299427088449,-0.4080735931859189,165201,0.0829022139027666,-2.490093511494624,0.23267076808148332,0.3885104029584719
COD,Democratic Republic of the Congo,Africa,2024,199272121,1377807,0.6914198499447898,-0.3690080421225397,181327,0.0909946655307593,-2.396954394724645,0.28549923252526566,0.23267076808148332
COD,Democratic Republic of the Congo,Africa,2025,199272121,1287662,0.6461827141389236,-0.4366729759666681,173044,0.0868380379210195,-2.4437105284117804,0.3182925125622733,0.28549923252526566
COG,Republic of the Congo,Africa,2001,26388421,27031,0.1024350793857654,-2.2785260529145472,2574,0.0097542782116444,-4.630049299275084,-0.10904773751491868,-0.11114276312049967
COG,Republic of the Congo,Africa,2002,26388421,24310,0.0921237386655306,-2.384622620120987,3195,0.0121075830948733,-4.413923320619521,0.009072296747327332,-0.10904773751491868
COG,Republic of the Congo,Africa,2003,26388421,18514,0.0701595597553942,-2.6569832058039995,2824,0.0107016634303356,-4.537356088818023,0.03499380603290101,0.009072296747327332
COG,Republic of the Congo,Africa,2004,26388421,13833,0.0524207189206205,-2.9484533665563406,1523,0.0057714707522666,-5.154828334535994,0.046937631698500654,0.03499380603290101
COG,Republic of the Congo,Africa,2005,26388421,18853,0.0714442141119394,-2.6388383560245727,1885,0.0071432845489315,-4.9415825875490444,0.004426042609616591,0.046937631698500654
COG,Republic of the Congo,Africa,2006,26388421,22154,0.0839534885395378,-2.4774923413542775,2130,0.0080717220632488,-4.819388428727685,0.027867958392924178,0.004426042609616591
COG,Republic of the Congo,Africa,2007,26388421,29765,0.1127956841373722,-2.1821772018436656,3753,0.014222146902992,-4.252954888296135,0.15351011639632695,0.027867958392924178
COG,Republic of the Congo,Africa,2008,26388421,17375,0.0658432726990372,-2.720478016998163,3012,0.0114140971147913,-4.4729060985113716,0.2193111424845144,0.15351011639632695
COG,Republic of the Congo,Africa,2009,26388421,19073,0.0722779131043877,-2.627236686054729,1870,0.00708644143581,-4.949571977582523,0.11977323589455299,0.2193111424845144
COG,Republic of the Congo,Africa,2010,26388421,44665,0.1692598431713667,-1.7763202112952163,6701,0.0253937134017984,-3.673253639457985,0.2024007603965512,0.11977323589455299
COG,Republic of the Congo,Africa,2011,26388421,28374,0.1075244327805744,-2.230037175559225,4447,0.0168520882700787,-4.083280696920459,0.25494942270442555,0.2024007603965512
COG,Republic of the Congo,Africa,2012,26388421,32143,0.1218072123375627,-2.105315710865344,4746,0.0179851609916334,-4.018208250435447,0.21957940002179507,0.25494942270442555
COG,Republic of the Congo,Africa,2013,26388421,54642,0.2070680924788944,-1.5747075906352823,4634,0.0175607324136597,-4.042089982438834,0.16194340704945778,0.21957940002179507
COG,Republic of the Congo,Africa,2014,26388421,72891,0.276223423902476,-1.2865452338459469,5001,0.0189514939146984,-3.965872516012252,0.17878975789614227,0.16194340704945778
COG,Republic of the Congo,Africa,2015,26388421,47823,0.1812272132538737,-1.7080037131293997,3351,0.0126987514713366,-4.366251599693846,0.1368763390929582,0.17878975789614227
COG,Republic of the Congo,Africa,2016,26388421,114304,0.4331596801491078,-0.8366488426350396,5346,0.0202588855164922,-3.899161790732291,0.17322743990322284,0.1368763390929582
COG,Republic of the Congo,Africa,2017,26388421,63875,0.2420569233755972,-1.4185823599251504,4694,0.0177881048661456,-4.029225311020187,0.17403841482273613,0.17322743990322284
COG,Republic of the Congo,Africa,2018,26388421,62698,0.2375966337659991,-1.4371808592455282,3741,0.0141766724124948,-4.256157453083009,0.09835869934399716,0.17403841482273613
COG,Republic of the Congo,Africa,2019,26388421,73758,0.279508955840897,-1.27472094453576,4311,0.0163367107111107,-4.114340512684021,0.10413582721967152,0.09835869934399716
COG,Republic of the Congo,Africa,2020,26388421,64540,0.2445769680573157,-1.408225221825203,4543,0.0172158841940561,-4.061922821671753,0.17873367737295032,0.10413582721967152
COG,Republic of the Congo,Africa,2021,26388421,58193,0.220524752125184,-1.5117453358593236,3744,0.0141880410351191,-4.255355849833673,0.2745898544502683,0.17873367737295032
COG,Republic of the Congo,Africa,2022,26388421,59425,0.2251934664828941,-1.490795395202761,3360,0.0127328573392094,-4.363569434473906,0.28823226591470585,0.2745898544502683
COG,Republic of the Congo,Africa,2023,26388421,67415,0.2554718980722643,-1.364642863362981,3627,0.0137446647527716,-4.287104548148253,0.17068489582247354,0.28823226591470585
COG,Republic of the Congo,Africa,2024,26388421,114668,0.4345390730275222,-0.8334694119043569,3918,0.0148474211473282,-4.209929088926669,0.21446352453240014,0.17068489582247354
COG,Republic of the Congo,Africa,2025,26388421,70834,0.2684283383230849,-1.3151712970322416,2758,0.0104515537326011,-4.5610046290779085,0.2410904780500003,0.21446352453240014
COL,Colombia,Latin America & Caribbean,2001,81854357,229961,0.2809392296612873,-1.2696168975875204,205666,0.2512584638591688,-1.3812731331745791,0.06270079746865048,-0.25969178678280547
COL,Colombia,Latin America & Caribbean,2002,81854357,182233,0.2226307879982491,-1.5022405388411053,160963,0.1966456104468574,-1.6263521020068576,0.6680451489556117,0.06270079746865048
COL,Colombia,Latin America & Caribbean,2003,81854357,122399,0.1495326632399055,-1.9002404268053064,108179,0.1321603442563234,-2.023739364367799,0.7116926632334045,0.6680451489556117
COL,Colombia,Latin America & Caribbean,2004,81854357,253865,0.3101423177754606,-1.1707239972540726,226189,0.2763310449069925,-1.2861556939473395,1.1894698167993496,0.7116926632334045
COL,Colombia,Latin America & Caribbean,2005,81854357,188691,0.230520410782776,-1.467415870432021,170808,0.208673070390132,-1.566986508250438,0.9476447704521965,1.1894698167993496
COL,Colombia,Latin America & Caribbean,2006,81854357,189898,0.2319949810368677,-1.4610395410116108,170822,0.208690173939061,-1.566904548235171,0.9076024075473828,0.9476447704521965
COL,Colombia,Latin America & Caribbean,2007,81854357,269029,0.3286679046296827,-1.1127074464329525,247538,0.3024127353416263,-1.1959625213385834,1.438477074433335,0.9076024075473828
COL,Colombia,Latin America & Caribbean,2008,81854357,231748,0.2831223755138654,-1.2618760524960042,208331,0.2545142465660074,-1.3683984659099464,2.069129551369377,1.438477074433335
COL,Colombia,Latin America & Caribbean,2009,81854357,237718,0.2904158174500106,-1.236441529711746,214368,0.2618895412005985,-1.3398324625896605,1.3078781967830448,2.069129551369377
COL,Colombia,Latin America & Caribbean,2010,81854357,196988,0.2406567068873316,-1.424383813738428,172210,0.2103858686471631,-1.5588119645987095,2.171029436969539,1.3078781967830448
COL,Colombia,Latin America & Caribbean,2011,81854357,189802,0.2318776995584975,-1.4615452033874106,169298,0.2068283304699345,-1.5758661511952905,2.6084555238461005,2.171029436969539
COL,Colombia,Latin America & Caribbean,2012,81854357,227584,0.2780352913895591,-1.2800072259041877,198882,0.2429705727210098,-1.414814942888315,2.565444596220211,2.6084555238461005
COL,Colombia,Latin America & Caribbean,2013,81854357,138866,0.1696501018265893,-1.7740171875364024,120373,0.1470575353734682,-1.9169313716808412,2.242643030518974,2.565444596220211
COL,Colombia,Latin America & Caribbean,2014,81854357,202029,0.2468152061838321,-1.3991153754622532,176403,0.2155083815513937,-1.5347554766847196,2.8416183215818753,2.242643030518974
COL,Colombia,Latin America & Caribbean,2015,81854357,140923,0.1721631018370836,-1.759312984994656,123913,0.1513822898883684,-1.8879469204592256,2.6189497449063572,2.8416183215818753
COL,Colombia,Latin America & Caribbean,2016,81854357,290868,0.3553482192768309,-1.034657070902791,234827,0.2868839345961755,-1.248677554090477,2.612930527177105,2.6189497449063572
COL,Colombia,Latin America & Caribbean,2017,81854357,424642,0.5187775160215357,-0.6562801659108748,379700,0.4638726805953652,-0.768145159677761,2.7117606974533097,2.612930527177105
COL,Colombia,Latin America & Caribbean,2018,81854357,352219,0.4302996357298366,-0.8432734856872405,324132,0.3959862515320962,-0.9263757866836448,2.123852237389707,2.7117606974533097
COL,Colombia,Latin America & Caribbean,2019,81854357,268477,0.3279935361290542,-1.1147613777157923,232709,0.2842964119796335,-1.257737880947793,2.5198611261549853,2.123852237389707
COL,Colombia,Latin America & Caribbean,2020,81854357,324203,0.3960729909588075,-0.9261567641095626,286129,0.3495586679643699,-1.0510838688366164,2.879336200633862,2.5198611261549853
COL,Colombia,Latin America & Caribbean,2021,81854357,265161,0.3239424383970177,-1.1271894382415486,241466,0.2949946818347128,-1.2207979504837574,3.4327678453823767,2.879336200633862
COL,Colombia,Latin America & Caribbean,2022,81854357,265730,0.3246375754927743,-1.125045871227326,239504,0.2925977416205224,-1.2289565087426375,3.4647157257145835,3.4327678453823767
COL,Colombia,Latin America & Caribbean,2023,81854357,196634,0.2402242314358416,-1.4261824941751915,168550,0.2059145122843002,-1.580294185235448,2.627978297377678,3.4647157257145835
COL,Colombia,Latin America & Caribbean,2024,81854357,213030,0.2602549305958142,-1.3460936260534055,191111,0.2334768813833575,-1.454672215839756,3.231654678036717,2.627978297377678
COL,Colombia,Latin America & Caribbean,2025,81854357,186035,0.2272756232145345,-1.4815917988614438,166512,0.2034247242330668,-1.592459248020014,3.6771734931213795,3.231654678036717
CRI,Costa Rica,Latin America & Caribbean,2001,3913126,15483,0.3956683224613774,-0.9271789882269826,14704,0.3757609645076596,-0.9788020704483512,-0.3132194685076356,-0.6974092834430687
CRI,Costa Rica,Latin America & Caribbean,2002,3913126,13300,0.3398817211610359,-1.0791576008339745,12265,0.3134322789503839,-1.16017195835123,0.8083837054952392,-0.3132194685076356
CRI,Costa Rica,Latin America & Caribbean,2003,3913126,8279,0.2115699826685877,-1.5531994479050135,7797,0.1992524646535787,-1.6131825917342195,0.9199344236551849,0.8083837054952392
CRI,Costa Rica,Latin America & Caribbean,2004,3913126,9766,0.2495702923953892,-1.388014670422214,8992,0.2297907095248147,-1.4705863429103472,1.4921797393528498,0.9199344236551849
CRI,Costa Rica,Latin America & Caribbean,2005,3913126,16535,0.4225521999547165,-0.8614422896279263,15588,0.3983515992073856,-0.9204202485852196,1.0851075751835202,1.4921797393528498
CRI,Costa Rica,Latin America & Caribbean,2006,3913126,10058,0.2570323572509548,-1.3585532983119095,9324,0.2382749750455262,-1.434329914888172,1.1395282971909844,1.0851075751835202
CRI,Costa Rica,Latin America & Caribbean,2007,3913126,11464,0.2929627106308358,-1.2277099455358118,10644,0.2720075969953434,-1.3019252829462395,2.1600037319294274,1.1395282971909844
CRI,Costa Rica,Latin America & Caribbean,2008,3913126,21891,0.5594248690177622,-0.5808460426100898,20390,0.5210667890581596,-0.6518770514753187,3.077848642429683,2.1600037319294274
CRI,Costa Rica,Latin America & Caribbean,2009,3913126,22427,0.5731223579307183,-0.5566560459175305,20657,0.527889978498009,-0.6388673910455668,1.8615421980182432,3.077848642429683
CRI,Costa Rica,Latin America & Caribbean,2010,3913126,13178,0.3367640091323407,-1.0883728635700542,12238,0.3127422935014103,-1.1623757710213338,3.1580110199466374,1.8615421980182432
CRI,Costa Rica,Latin America & Caribbean,2011,3913126,10504,0.2684298946673324,-1.3151654990611874,9529,0.2435137534543993,-1.412581855695631,3.8400983393704853,3.1580110199466374
CRI,Costa Rica,Latin America & Caribbean,2012,3913126,10388,0.2654655127384091,-1.3262703422611806,9642,0.2464014703334367,-1.400793080078252,3.6309792574014508,3.8400983393704853
CRI,Costa Rica,Latin America & Caribbean,2013,3913126,7789,0.1990480245205495,-1.614209154123871,7091,0.1812106229137523,-1.7080952617398228,3.058613254734594,3.6309792574014508
CRI,Costa Rica,Latin America & Caribbean,2014,3913126,10910,0.278805231418564,-1.277241836216703,9979,0.2550135109372916,-1.3664387511595069,3.8315969810584374,3.058613254734594
CRI,Costa Rica,Latin America & Caribbean,2015,3913126,3302,0.0843826649078,-2.4723932905637462,3108,0.079424991681842,-2.5329422035562814,3.4421208388995566,3.8315969810584374
CRI,Costa Rica,Latin America & Caribbean,2016,3913126,13843,0.3537580951903925,-1.0391419463560845,12399,0.3168566511786229,-1.1493058118639774,3.5582682531749183,3.4421208388995566
CRI,Costa Rica,Latin America & Caribbean,2017,3913126,22051,0.5635136716783462,-0.5735636837232515,15514,0.3964605279768655,-0.9251787939930026,3.6885913625870193,3.5582682531749183
CRI,Costa Rica,Latin America & Caribbean,2018,3913126,12334,0.3151955750977607,-1.1545619594923815,11067,0.282817369029262,-1.262953928779034,2.7381351263754254,3.6885913625870193
CRI,Costa Rica,Latin America & Caribbean,2019,3913126,11489,0.293601586046552,-1.2255315801904547,10198,0.2606100595789657,-1.3447300134287186,3.2212334067251778,2.7381351263754254
CRI,Costa Rica,Latin America & Caribbean,2020,3913126,8249,0.2108033321697282,-1.5568296551830878,7321,0.1870882767383416,-1.676174705397177,3.891584155590947,3.2212334067251778
CRI,Costa Rica,Latin America & Caribbean,2021,3913126,7851,0.2006324355515258,-1.606280723845564,6954,0.1777095856356273,-1.7276046024760128,4.833421090077447,3.891584155590947
CRI,Costa Rica,Latin America & Caribbean,2022,3913126,8563,0.2188276073911241,-1.5194710400176277,7691,0.1965436328909419,-1.6268708219867656,4.905044882777711,4.833421090077447
CRI,Costa Rica,Latin America & Caribbean,2023,3913126,9050,0.2312729004892763,-1.4641568783498478,7956,0.2033157122975339,-1.5929952750699568,3.5217626455124513,4.905044882777711
CRI,Costa Rica,Latin America & Caribbean,2024,3913126,8299,0.2120810830011607,-1.5507866104453716,7156,0.1828716989946145,-1.6989704704152098,4.437257149318775,3.5217626455124513
CRI,Costa Rica,Latin America & Caribbean,2025,3913126,7512,0.1919692849144137,-1.6504198941557209,6653,0.1700175256304039,-1.771853755301932,5.073853541360233,4.437257149318775
CUB,Cuba,Latin America & Caribbean,2001,4014606,18943,0.4718520323040417,-0.7510898334263875,15419,0.3840725590506266,-0.9569237883833136,0.8887969388522975,0.4145934759139493
CUB,Cuba,Latin America & Caribbean,2002,4014606,15036,0.3745323949598043,-0.9820769778705976,6330,0.1576742524671163,-1.847224067416444,0.9423652860883939,0.8887969388522975
CUB,Cuba,Latin America & Caribbean,2003,4014606,6557,0.1633286055966638,-1.8119911222910468,4512,0.1123896093414895,-2.1857837893767713,0.7792821637265053,0.9423652860883939
CUB,Cuba,Latin America & Caribbean,2004,4014606,21974,0.5473513465580433,-0.60266436729384,16649,0.4147106839376018,-0.8801741490098139,1.380763613303695,0.7792821637265053
CUB,Cuba,Latin America & Caribbean,2005,4014606,12834,0.3196826786987315,-1.1404264042442056,7472,0.1861203814272185,-1.6813616026459877,1.3570603787717035,1.380763613303695
CUB,Cuba,Latin America & Caribbean,2006,4014606,12305,0.3065057940928699,-1.18251861972951,6260,0.1559306193434673,-1.858344118460522,1.1492226960912795,1.3570603787717035
CUB,Cuba,Latin America & Caribbean,2007,4014606,7874,0.1961338173658884,-1.6289581110509834,4065,0.1012552663947595,-2.290110560572755,0.9820399271964596,1.1492226960912795
CUB,Cuba,Latin America & Caribbean,2008,4014606,17084,0.4255461183488492,-0.854381950593309,10917,0.2719320401553726,-1.302203096274397,1.3925586743785472,0.9820399271964596
CUB,Cuba,Latin America & Caribbean,2009,4014606,16260,0.4050210655790381,-0.9038161994528644,10951,0.2727789476725736,-1.299093527278907,0.9951710686342929,1.3925586743785472
CUB,Cuba,Latin America & Caribbean,2010,4014606,8608,0.2144170561195793,-1.5398323001531005,5699,0.1419566453096518,-1.9522335827196664,1.697624483946285,0.9951710686342929
CUB,Cuba,Latin America & Caribbean,2011,4014606,16313,0.4063412449440867,-0.9005619676183635,12157,0.3028192554885834,-1.1946191679988722,1.9593369049783034,1.697624483946285
CUB,Cuba,Latin America & Caribbean,2012,4014606,10345,0.257684066630698,-1.3560209923750228,6671,0.1661682366837492,-1.7947545298451508,2.1079366231145795,1.9593369049783034
CUB,Cuba,Latin America & Caribbean,2013,4014606,6072,0.1512477189542386,-1.8888362634792,4427,0.1102723405484872,-2.204802149822525,2.0492091129154337,2.1079366231145795
CUB,Cuba,Latin America & Caribbean,2014,4014606,5861,0.145991910538668,-1.924204066078237,4341,0.1081301627108612,-2.224419567255073,2.8532160129509916,2.0492091129154337
CUB,Cuba,Latin America & Caribbean,2015,4014606,6726,0.1675382341380449,-1.7865436902544514,4651,0.1158519665441639,-2.155442053330569,2.845264147992417,2.8532160129509916
CUB,Cuba,Latin America & Caribbean,2016,4014606,74053,1.8445894815082728,0.6122567494874217,13893,0.3460613569550785,-1.0611391874058045,2.5642289559681313,2.845264147992417
CUB,Cuba,Latin America & Caribbean,2017,4014606,76814,1.9133633537139136,0.6488626116346571,13844,0.3448408137685242,-1.0646723777994314,2.7238942081371684,2.5642289559681313
CUB,Cuba,Latin America & Caribbean,2018,4014606,14955,0.3725147623452961,-0.987478611490618,5928,0.1476608165284463,-1.912837415578743,2.388388284871505,2.7238942081371684
CUB,Cuba,Latin America & Caribbean,2019,4014606,7464,0.18592110907023,-1.6824328400274864,5365,0.1336370244053837,-2.0126279274898673,2.947332103475287,2.388388284871505
CUB,Cuba,Latin America & Caribbean,2020,4014606,12618,0.3143023250600432,-1.1573999376239117,7230,0.1800923926283177,-1.7142852674018558,2.931810977975173,2.947332103475287
CUB,Cuba,Latin America & Caribbean,2021,4014606,9721,0.2421408227855984,-1.4182358097335972,5524,0.1375975625005293,-1.9834220680254837,3.0163845466752046,2.931810977975173
CUB,Cuba,Latin America & Caribbean,2022,4014606,4889,0.1217803191645705,-2.1055365199760208,2759,0.0687240541163939,-2.67765600833738,2.947332103475287,3.0163845466752046
CUB,Cuba,Latin America & Caribbean,2023,4014606,18795,0.4681654936997553,-0.7589334265563878,7059,0.1758329459976894,-1.738220905159194,2.5470152657630543,2.947332103475287
CUB,Cuba,Latin America & Caribbean,2024,4014606,10085,0.2512077150285731,-1.381475132166354,3761,0.0936829168291981,-2.36783942408433,3.2161490136681854,2.5470152657630543
CUB,Cuba,Latin America & Caribbean,2025,4014606,27997,0.6973785223257276,-0.360426941994674,7511,0.1870918341675372,-1.6761556908686543,3.7267644113430065,3.2161490136681854
DOM,Dominican Republic,Latin America & Caribbean,2001,2576438,11248,0.4365717319803542,-0.8288025827701028,9064,0.3518035365104846,-1.0446823941127066,0.13886083515560976,-0.30083804202701603
DOM,Dominican Republic,Latin America & Caribbean,2002,2576438,10436,0.4050553516133514,-0.90373155056393,8910,0.345826291958122,-1.0618186763556938,0.9035716629583995,0.13886083515560976
DOM,Dominican Republic,Latin America & Caribbean,2003,2576438,10714,0.4158454424286554,-0.8774416203796432,8791,0.3412075120767509,-1.0752644469693704,0.9139563305462455,0.9035716629583995
DOM,Dominican Republic,Latin America & Caribbean,2004,2576438,19388,0.7525118011766633,-0.2843385998552823,16414,0.6370811174186998,-0.4508582886308919,1.5280006968949136,0.9139563305462455
DOM,Dominican Republic,Latin America & Caribbean,2005,2576438,25088,0.9737474761667076,-0.0266032736704145,13980,0.5426096028703195,-0.6113651810327476,1.2487965963388756,1.5280006968949136
DOM,Dominican Republic,Latin America & Caribbean,2006,2576438,13414,0.5206412884765711,-0.6526939801608664,11361,0.4409576322038411,-0.8188064802506444,1.2038421563034876,1.2487965963388756
DOM,Dominican Republic,Latin America & Caribbean,2007,2576438,16059,0.6233024043272145,-0.472723477759058,13480,0.523202964713298,-0.6477858123542509,1.8154067633457989,1.2038421563034876
DOM,Dominican Republic,Latin America & Caribbean,2008,2576438,21612,0.8388325276990947,-0.1757442018565924,17785,0.6902941192452525,-0.3706375124379933,2.5841803113244293,1.8154067633457989
DOM,Dominican Republic,Latin America & Caribbean,2009,2576438,13967,0.5421050302782369,-0.6122955135147775,12034,0.4670789671631919,-0.7612569410402519,1.6225941491794376,2.5841803113244293
DOM,Dominican Republic,Latin America & Caribbean,2010,2576438,14103,0.5473836358569467,-0.6026053771283086,12088,0.4691748840841503,-0.7567796928679733,2.756300777216659,1.6225941491794376
DOM,Dominican Republic,Latin America & Caribbean,2011,2576438,12960,0.5030200610299956,-0.6871252269142833,11228,0.4357954664540734,-0.8305822593387758,3.310699029330788,2.756300777216659
DOM,Dominican Republic,Latin America & Caribbean,2012,2576438,17905,0.6949517124029377,-0.3639129143880157,15179,0.5891467211708569,-0.5290800241936896,3.229961486100545,3.310699029330788
DOM,Dominican Republic,Latin America & Caribbean,2013,2576438,12703,0.4930450490172866,-0.7071547317970882,8800,0.3415568315635773,-1.074241196354251,2.8274806990970203,3.229961486100545
DOM,Dominican Republic,Latin America & Caribbean,2014,2576438,13678,0.5308879934234785,-0.6332042151625076,9995,0.3879386967588585,-0.9469079498860484,3.6536238706117956,2.8274806990970203
DOM,Dominican Republic,Latin America & Caribbean,2015,2576438,15091,0.585731152855221,-0.5348943782019985,8900,0.3454381591949816,-1.0629416411003176,3.3922312101636405,3.6536238706117956
DOM,Dominican Republic,Latin America & Caribbean,2016,2576438,24908,0.96676108643018,-0.0338038808282062,15658,0.6077382805252833,-0.4980109493526894,3.359669607725025,3.3922312101636405
DOM,Dominican Republic,Latin America & Caribbean,2017,2576438,27063,1.0504036968869424,0.0491745635041995,20215,0.7846103806883767,-0.2425680147456776,3.508357482685953,3.359669607725025
DOM,Dominican Republic,Latin America & Caribbean,2018,2576438,13970,0.542221470107179,-0.6120807445695413,11138,0.4323022715858096,-0.838630232670935,2.74720762887827,3.508357482685953
DOM,Dominican Republic,Latin America & Caribbean,2019,2576438,14931,0.5795210286449742,-0.545553329293885,10905,0.4232587782046376,-0.8597715181848194,3.28554438047865,2.74720762887827
DOM,Dominican Republic,Latin America & Caribbean,2020,2576438,21441,0.8321954574493933,-0.1836879409324604,13973,0.5423379099361211,-0.6118660217401011,3.7240536562819124,3.28554438047865
DOM,Dominican Republic,Latin America & Caribbean,2021,2576438,14182,0.5504498846857561,-0.597019362956607,9942,0.3858815931142142,-0.952224710165931,4.381637827592338,3.7240536562819124
DOM,Dominican Republic,Latin America & Caribbean,2022,2576438,13141,0.5100452640428375,-0.6732558041769109,8329,0.3232757784196631,-1.1292495168852086,4.402210544625642,4.381637827592338
DOM,Dominican Republic,Latin America & Caribbean,2023,2576438,22947,0.8906482515783419,-0.1158057088305731,12487,0.4846613813334534,-0.7243048147054039,3.3287475296586715,4.402210544625642
DOM,Dominican Republic,Latin America & Caribbean,2024,2576438,12997,0.5044561522536153,-0.6842743562389605,9084,0.3525798020367655,-1.0424782935950998,4.1968076959187,3.3287475296586715
DOM,Dominican Republic,Latin America & Caribbean,2025,2576438,11421,0.4432864287826837,-0.8135391517699418,8632,0.3350362011428181,-1.0935166898825783,4.818095591452811,4.1968076959187
ECU,Ecuador,Latin America & Caribbean,2001,19048768,45080,0.2366557249266724,-1.441148831387851,38012,0.1995509630859066,-1.611685621210358,-0.2667602568723042,-0.5412304776953233
ECU,Ecuador,Latin America & Caribbean,2002,19048768,29846,0.156682048938808,-1.8535366930501505,23039,0.1209474544495476,-2.1123990884514416,0.59126733563452,-0.2667602568723042
ECU,Ecuador,Latin America & Caribbean,2003,19048768,13867,0.0727973588633133,-2.6200756037876993,10299,0.054066488709401,-2.917540717415762,0.7641269208728975,0.59126733563452
ECU,Ecuador,Latin America & Caribbean,2004,19048768,37284,0.1957291936150411,-1.6310232403605158,31513,0.1654332710650893,-1.7991873614517078,1.2518516920326221,0.7641269208728975
ECU,Ecuador,Latin America & Caribbean,2005,19048768,40402,0.212097706266358,-1.5507082318671568,34549,0.1813713096825999,-1.7072089143246785,0.8754399988220453,1.2518516920326221
ECU,Ecuador,Latin America & Caribbean,2006,19048768,35646,0.1871302123055937,-1.6759505819577671,29193,0.153254005718375,-1.8756585660514649,0.8755393976713756,0.8754399988220453
ECU,Ecuador,Latin America & Caribbean,2007,19048768,60591,0.3180835631994678,-1.1454411533650657,53911,0.2830156784942732,-1.2622529818336456,1.7725664959038305,0.8755393976713756
ECU,Ecuador,Latin America & Caribbean,2008,19048768,51940,0.2726685526329052,-1.2994983143248242,44942,0.2359312686258765,-1.444214751009686,2.591457794066187,1.7725664959038305
ECU,Ecuador,Latin America & Caribbean,2009,19048768,57714,0.3029802242328743,-1.194087742160893,50293,0.2640223241734059,-1.3317216181480218,1.6160823272891836,2.591457794066187
ECU,Ecuador,Latin America & Caribbean,2010,19048768,33822,0.1775547898950735,-1.7284760422319336,27969,0.1468283933113154,-1.9184907665767603,2.5860964681371996,1.6160823272891836
ECU,Ecuador,Latin America & Caribbean,2011,19048768,43672,0.2292641707852182,-1.47288035607997,36063,0.1893193302579988,-1.6643201115692,3.1336448193441853,2.5860964681371996
ECU,Ecuador,Latin America & Caribbean,2012,19048768,74304,0.3900724708285596,-0.9414227344840004,62340,0.3272652593595554,-1.1169842462202355,3.059295904215475,3.1336448193441853
ECU,Ecuador,Latin America & Caribbean,2013,19048768,48418,0.2541791679125915,-1.3697158751483656,37001,0.1942435332300755,-1.638642581253399,2.6042971207474905,3.059295904215475
ECU,Ecuador,Latin America & Caribbean,2014,19048768,30934,0.1623937044117498,-1.8177316179434784,24333,0.1277405446903442,-2.0577540668031093,3.126386887011784,2.6042971207474905
ECU,Ecuador,Latin America & Caribbean,2015,19048768,30121,0.1581257118570607,-1.8443649176476504,21305,0.1118445035395464,-2.190645733607551,2.7810622836320995,3.126386887011784
ECU,Ecuador,Latin America & Caribbean,2016,19048768,44091,0.2314637881043015,-1.4633318405667697,30420,0.1596953671754519,-1.83448723372828,2.893334974424085,2.7810622836320995
ECU,Ecuador,Latin America & Caribbean,2017,19048768,71258,0.374081935377658,-0.9832804270119186,50808,0.2667259110930429,-1.3215336980587529,2.9548097186655022,2.893334974424085
ECU,Ecuador,Latin America & Caribbean,2018,19048768,38748,0.2034147300234849,-1.592508378995288,24728,0.1298141696092891,-2.0416513157296117,2.234747654208989,2.9548097186655022
ECU,Ecuador,Latin America & Caribbean,2019,19048768,35715,0.1874924404559917,-1.674016751952491,24744,0.1298981645427147,-2.041004485176658,2.5815983968609073,2.234747654208989
ECU,Ecuador,Latin America & Caribbean,2020,19048768,48963,0.2570402453324015,-1.358522609722758,31561,0.1656852558653662,-1.79766533940566,3.126405287591867,2.5815983968609073
ECU,Ecuador,Latin America & Caribbean,2021,19048768,30368,0.1594223836418187,-1.8361980981319093,19856,0.1042377123811891,-2.2610812920971752,3.9539835695221295,3.126405287591867
ECU,Ecuador,Latin America & Caribbean,2022,19048768,52618,0.2762278379368156,-1.2865292540314557,33087,0.1736962726408343,-1.750447064567307,4.047731696019011,3.9539835695221295
ECU,Ecuador,Latin America & Caribbean,2023,19048768,43010,0.2257888804147333,-1.4881548737637815,30151,0.1582832023572338,-1.8433694304404071,2.9857788799516136,4.047731696019011
ECU,Ecuador,Latin America & Caribbean,2024,19048768,62063,0.3258110970746244,-1.1214375223917246,41513,0.2179301044560992,-1.5235808893642069,3.510016724685826,2.9857788799516136
ECU,Ecuador,Latin America & Caribbean,2025,19048768,51763,0.2717393586818843,-1.302911912231858,37494,0.1968316271162523,-1.625406600384427,3.9169303078823687,3.510016724685826
ETH,Ethiopia,Africa,2001,12040337,11947,0.0992247974454535,-2.310367321681143,9970,0.0828049912556434,-2.4912669385424824,0.9300560876333184,0.43021192424454263
ETH,Ethiopia,Africa,2002,12040337,13074,0.1085850005693362,-2.220221997325692,11228,0.093253203793216,-2.372436864016594,0.9953835978284623,0.9300560876333184
ETH,Ethiopia,Africa,2003,12040337,13936,0.1157442686197238,-2.1563721024060825,12426,0.1032030914084879,-2.2710564708747274,0.8374438386913182,0.9953835978284623
ETH,Ethiopia,Africa,2004,12040337,13396,0.1112593443190169,-2.1958913675842715,11734,0.0974557439712858,-2.3283569120125613,1.4832253925377366,0.8374438386913182
ETH,Ethiopia,Africa,2005,12040337,15869,0.13179863653318,-2.0264800019355245,13682,0.1136346931153172,-2.174766422177423,1.4453503104233838,1.4832253925377366
ETH,Ethiopia,Africa,2006,12040337,12076,0.1002961960284002,-2.299627510671637,10761,0.0893745748146418,-2.4149190352979746,1.2205888294885807,1.4453503104233838
ETH,Ethiopia,Africa,2007,12040337,25609,0.2126933822533372,-1.5479036703143283,23414,0.194462995512501,-1.637513388458749,1.0698172734214304,1.2205888294885807
ETH,Ethiopia,Africa,2008,12040337,24009,0.1994047176586502,-1.6124187624632107,21729,0.1804683706112212,-1.712199748634931,1.5270465627884564,1.0698172734214304
ETH,Ethiopia,Africa,2009,12040337,29279,0.2431742566674005,-1.4139769870118104,26765,0.2222944424229986,-1.503752458670885,1.0919841998209752,1.5270465627884564
ETH,Ethiopia,Africa,2010,12040337,20184,0.1676365038619766,-1.785957311177473,17572,0.14594275891115,-1.9245407964026964,1.839220899341972,1.0919841998209752
ETH,Ethiopia,Africa,2011,12040337,15463,0.1284266378922782,-2.052397449022936,13853,0.1150549191438744,-2.1623457068404877,2.124235061664921,1.839220899341972
ETH,Ethiopia,Africa,2012,12040337,41632,0.3457710527537559,-1.0619784201861349,38292,0.3180309654123468,-1.1456065254321228,2.2919125842098267,2.124235061664921
ETH,Ethiopia,Africa,2013,12040337,30851,0.2562303696316805,-1.3616783577793257,26447,0.2196533203348045,-1.5157047921947262,2.222945852925053,2.2919125842098267
ETH,Ethiopia,Africa,2014,12040337,32725,0.2717947180382077,-1.302708210720266,27434,0.2278507653066521,-1.4790644024600144,3.0659872551607927,2.222945852925053
ETH,Ethiopia,Africa,2015,12040337,10276,0.0853464483593773,-2.4610364432685925,8700,0.0722571137336106,-2.627524496855691,3.047473116860034,3.0659872551607927
ETH,Ethiopia,Africa,2016,12040337,19582,0.1626366438082256,-1.81623674558435,16477,0.1368483290791611,-1.988882053440935,2.7557355612687906,3.047473116860034
ETH,Ethiopia,Africa,2017,12040337,35404,0.2940449258189368,-1.224022714409599,30295,0.2516125586850268,-1.3798648401192772,2.919326601943731,2.7557355612687906
ETH,Ethiopia,Africa,2018,12040337,18894,0.1569225180325102,-1.852003111169287,15622,0.1297471989363753,-2.042167345328124,2.559307742132993,2.919326601943731
ETH,Ethiopia,Africa,2019,12040337,25582,0.2124691360383019,-1.5489585433390285,21716,0.1803604002113894,-1.712798206473025,3.1487418403970033,2.559307742132993
ETH,Ethiopia,Africa,2020,12040337,17981,0.1493396737981669,-1.901531877666729,14744,0.1224550442400407,-2.1000113021487072,3.142454503977182,3.1487418403970033
ETH,Ethiopia,Africa,2021,12040337,19751,0.1640402590060394,-1.807643399539509,16585,0.1377453139393025,-1.9823488501172135,3.2549677154499235,3.142454503977182
ETH,Ethiopia,Africa,2022,12040337,19941,0.1656182879266585,-1.7980696087886752,16536,0.1373383485860902,-1.9853077001367625,3.1885685073528824,3.2549677154499235
ETH,Ethiopia,Africa,2023,12040337,36263,0.3011792776232094,-1.2000495848149204,26746,0.2221366395309367,-1.5044625930656248,2.755223795665428,3.1885685073528824
ETH,Ethiopia,Africa,2024,12040337,27943,0.2320782217308369,-1.460680801509457,20219,0.1679271933999854,-1.7842247661310655,3.4413626015577607,2.755223795665428
ETH,Ethiopia,Africa,2025,12040337,24980,0.2074692759845509,-1.572772017818798,18254,0.1516070521946354,-1.886463288421544,3.9725473586637294,3.4413626015577607
FJI,Fiji,Asia-Pacific,2001,1556562,1098,0.0705400748572816,-2.6515742929714823,52,0.003340695712731,-5.701576196459531,0.3880472053550365,0.18101079409047607
FJI,Fiji,Asia-Pacific,2002,1556562,703,0.0451636362701903,-3.097463023230293,19,0.0012206388181132,-6.7083809358745174,0.4114350530531819,0.3880472053550365
FJI,Fiji,Asia-Pacific,2003,1556562,1572,0.1009918011617911,-2.292715942051806,33,0.0021200568946177,-6.156312353574478,0.3402332440608795,0.4114350530531819
FJI,Fiji,Asia-Pacific,2004,1556562,2080,0.1336278285092402,-2.0126967423455944,71,0.0045613345308442,-5.390140037999643,0.6028390040252624,0.3402332440608795
FJI,Fiji,Asia-Pacific,2005,1556562,1666,0.1070307511040356,-2.23463909231417,63,0.0040473813442702,-5.509685188649425,0.5924902128493031,0.6028390040252624
FJI,Fiji,Asia-Pacific,2006,1556562,1874,0.1203935339549597,-2.1169894522425907,53,0.0034049398610527,-5.682528001488836,0.5017486402739636,0.5924902128493031
FJI,Fiji,Asia-Pacific,2007,1556562,2148,0.1379964305951192,-1.9805274594122029,46,0.0029552308228005,-5.8241785185518635,0.4287569327002128,0.5017486402739636
FJI,Fiji,Asia-Pacific,2008,1556562,2387,0.1533507820440175,-1.875027288702128,84,0.005396508459027,-5.222003116197644,0.6079887072780648,0.4287569327002128
FJI,Fiji,Asia-Pacific,2009,1556562,1791,0.1150612696442544,-2.1622905129802463,50,0.0032122074160875,-5.740796909612812,0.4344899663272781,0.6079887072780648
FJI,Fiji,Asia-Pacific,2010,1556562,2347,0.1507810161111475,-1.8919267191899347,84,0.005396508459027,-5.222003116197644,0.7411799117898583,0.4344899663272781
FJI,Fiji,Asia-Pacific,2011,1556562,553,0.0355270140219278,-3.3374619135186236,16,0.001027906373148,-6.880231192801177,0.8554431018941306,0.7411799117898583
FJI,Fiji,Asia-Pacific,2012,1556562,1220,0.0783778609525351,-2.546213777313656,66,0.0042401137892355,-5.4631651730145325,0.9203214816664431,0.8554431018941306
FJI,Fiji,Asia-Pacific,2013,1556562,2699,0.1733949563204035,-1.7521833020229536,88,0.005653485052314,-5.175483100562752,0.8946811523470539,0.9203214816664431
FJI,Fiji,Asia-Pacific,2014,1556562,3689,0.2369966631589361,-1.4397092174442825,175,0.0112427259563062,-4.488033941117444,1.2457091734919514,0.8946811523470539
FJI,Fiji,Asia-Pacific,2015,1556562,1838,0.1180807446153767,-2.136386612125326,63,0.0040473813442702,-5.509685188649425,1.2422374030124985,1.2457091734919514
FJI,Fiji,Asia-Pacific,2016,1556562,8373,0.5379162538980137,-0.6200523928365264,130,0.0083517392818275,-4.7852854645853755,1.1195379245329005,1.2422374030124985
FJI,Fiji,Asia-Pacific,2017,1556562,3092,0.1986429066108513,-1.6162465053336457,77,0.0049467994207747,-5.3090144931872745,1.1892474973139542,1.1195379245329005
FJI,Fiji,Asia-Pacific,2018,1556562,1367,0.0878217507558324,-2.4324460783170085,38,0.0024412776362265,-6.015233755314572,1.0427661918411666,1.1892474973139542
FJI,Fiji,Asia-Pacific,2019,1556562,1456,0.0935394799564681,-2.369371686284327,51,0.0032764515644092,-5.720994282316632,1.2868000957379873,1.0427661918411666
FJI,Fiji,Asia-Pacific,2020,1556562,2067,0.1327926545810575,-2.01896635535919,122,0.0078377860952535,-4.848798870307702,1.2800235992054254,1.2868000957379873
FJI,Fiji,Asia-Pacific,2021,1556562,7199,0.462493623768279,-0.7711225085716553,108,0.006938368018749,-4.970688687916739,1.316948272937232,1.2800235992054254
FJI,Fiji,Asia-Pacific,2022,1556562,989,0.0635374626902108,-2.756125583418246,43,0.0027624983778352,-5.891619799347396,1.2868000957379873,1.316948272937232
FJI,Fiji,Asia-Pacific,2023,1556562,789,0.0506886330258608,-2.982053594195084,61,0.0039188930476267,-5.541946050867647,1.1120224571792965,1.2868000957379873
FJI,Fiji,Asia-Pacific,2024,1556562,1079,0.0693194360391683,-2.6690299497828236,86,0.0055249967556705,-5.19847261878745,1.4041650935149037,1.1120224571792965
FJI,Fiji,Asia-Pacific,2025,1556562,1262,0.0810761151820486,-2.5123668719397996,91,0.0058462174972792,-5.141960408524108,1.627098892471082,1.4041650935149037
GAB,Gabon,Africa,2001,24690954,15083,0.0610871495690284,-2.7954537529436987,1256,0.0050868832366704,-5.281089966683807,-0.04613088280666453,-0.05033794374812116
GAB,Gabon,Africa,2002,24690954,13852,0.0561015179891388,-2.8805924081896386,2060,0.0083431365187428,-4.786316051928324,0.011110954509413884,-0.04613088280666453
GAB,Gabon,Africa,2003,24690954,16845,0.0682233663389434,-2.684968157871298,1473,0.0059657476175282,-5.121720897249321,0.025221388925589266,0.011110954509413884
GAB,Gabon,Africa,2004,24690954,9982,0.0404277615194617,-3.2082385636823965,979,0.0039650148795384,-5.530245671181441,0.03755681957811877,0.025221388925589266
GAB,Gabon,Africa,2005,24690954,17699,0.0716821229345775,-2.635513893921197,1310,0.005305586815317,-5.238994897516754,0.01471242657883139,0.03755681957811877
GAB,Gabon,Africa,2006,24690954,19301,0.078170329101095,-2.548865126689743,3640,0.0147422412272932,-4.217038353081165,0.022884354548458382,0.01471242657883139
GAB,Gabon,Africa,2007,24690954,16501,0.0668301435416387,-2.7056010495991463,1694,0.006860812263471,-4.981929438499951,0.0858978827777409,0.022884354548458382
GAB,Gabon,Africa,2008,24690954,17367,0.0703375009325277,-2.6544501809648366,2323,0.0094083039480775,-4.666162580941542,0.12484737327497636,0.0858978827777409
GAB,Gabon,Africa,2009,24690954,18252,0.0739218095825702,-2.604747371664658,844,0.0034182559329218,-5.678624819115994,0.07221926787313819,0.12484737327497636
GAB,Gabon,Africa,2010,24690954,10674,0.0432304073791559,-3.141211156818061,1101,0.004459122964629,-5.412803176989271,0.11693358576707388,0.07221926787313819
GAB,Gabon,Africa,2011,24690954,18161,0.0735532535518878,-2.6097455969934527,2193,0.008881795332817,-4.723751565294063,0.1452094135931144,0.11693358576707388
GAB,Gabon,Africa,2012,24690954,17476,0.0707789581560923,-2.6481935236406247,4930,0.0199668267171855,-3.913683046675215,0.13231608108829127,0.1452094135931144
GAB,Gabon,Africa,2013,24690954,44449,0.1800213956900976,-1.7146795702108175,13270,0.0537443794192804,-2.9235161863856978,0.1035381334521183,0.13231608108829127
GAB,Gabon,Africa,2014,24690954,48752,0.1974488308552192,-1.622275812486461,9248,0.0374550128763757,-3.2846147227997924,0.11583240694880491,0.1035381334521183
GAB,Gabon,Africa,2015,24690954,25473,0.1031673381271537,-2.271402967044478,9858,0.0399255533018286,-3.220738726446628,0.09400233347777757,0.11583240694880491
GAB,Gabon,Africa,2016,24690954,32151,0.130213680686457,-2.038578480330844,9576,0.0387834346133405,-3.249762066474142,0.10999206945247211,0.09400233347777757
GAB,Gabon,Africa,2017,24690954,38644,0.156510760985582,-1.854630511074551,11294,0.0457414484673212,-3.084750423479169,0.11038379419409947,0.10999206945247211
GAB,Gabon,Africa,2018,24690954,26788,0.108493175273827,-2.22106800868201,3760,0.0152282491798413,-4.184603077328011,0.07149654561862571,0.11038379419409947
GAB,Gabon,Africa,2019,24690954,28561,0.1156739427727256,-2.156979883865804,2856,0.0115669892706454,-4.459599990252476,0.07805254891519475,0.07149654561862571
GAB,Gabon,Africa,2020,24690954,22022,0.0891905594251238,-2.4169800810384148,1938,0.0078490284336522,-4.847365521261239,0.1148876282324684,0.07805254891519475
GAB,Gabon,Africa,2021,24690954,18318,0.0741891139564716,-2.601137851749018,1452,0.0058806962258323,-5.136080118327209,0.16531013633303687,0.1148876282324684
GAB,Gabon,Africa,2022,24690954,29455,0.1192947020192091,-2.1261583597561633,2829,0.0114576374813221,-4.469098742410384,0.17263165149414358,0.16531013633303687
GAB,Gabon,Africa,2023,24690954,19707,0.0798146560072162,-2.5280481321513686,1618,0.0065530072268572,-5.027831216093514,0.11271612799060289,0.17263165149414358
GAB,Gabon,Africa,2024,24690954,29130,0.1179784304810579,-2.1372534637584706,2821,0.0114252369511522,-4.471930602709954,0.13323626262376512,0.11271612799060289
GAB,Gabon,Africa,2025,24690954,21920,0.0887774526654579,-2.421622572649999,2163,0.0087602933446799,-4.737525887758892,0.1474783174065434,0.13323626262376512
GHA,Ghana,Africa,2001,6968886,43675,0.6267142266353618,-0.4672646211389562,38698,0.5552967863156321,-0.5882525580453395,-0.49003937519550295,-0.6621425892419222
GHA,Ghana,Africa,2002,6968886,78393,1.1249000198884012,0.1176941604967933,63956,0.9177363498269308,-0.0858451302359025,0.3773231242622356,-0.49003937519550295
GHA,Ghana,Africa,2003,6968886,24944,0.3579338218475664,-1.0274071648436558,20832,0.2989286953467168,-1.2075502111329175,0.5097679357893865,0.3773231242622356
GHA,Ghana,Africa,2004,6968886,17628,0.2529529109817552,-1.374551930179336,14527,0.2084551246784636,-1.56803149026833,0.794860882037948,0.5097679357893865
GHA,Ghana,Africa,2005,6968886,41339,0.5931938045765134,-0.5222341128448597,34890,0.5006539065210709,-0.6918402219603939,0.48123074396760485,0.794860882037948
GHA,Ghana,Africa,2006,6968886,27143,0.3894883629894362,-0.9429212909098592,22679,0.3254322139865683,-1.1226010909823516,0.5810195267431296,0.48123074396760485
GHA,Ghana,Africa,2007,6968886,40184,0.576620136991766,-0.5505715707113329,33768,0.4845537722958877,-0.7245268686788788,1.4293853393276281,0.5810195267431296
GHA,Ghana,Africa,2008,6968886,37827,0.5427983755222858,-0.6110173437998774,32707,0.4693289573111111,-0.7564513548867118,2.038628748330174,1.4293853393276281
GHA,Ghana,Africa,2009,6968886,38255,0.5489399597008762,-0.5997662064752612,31124,0.4466137055477733,-0.8060612514043928,1.1910684407604846,2.038628748330174
GHA,Ghana,Africa,2010,6968886,19476,0.279470779117351,-1.274857538838622,16190,0.232318336101351,-1.459646709469533,2.0180178962227453,1.1910684407604846
GHA,Ghana,Africa,2011,6968886,36203,0.5194947944334288,-0.6548984888329457,31142,0.446871996471172,-0.8054830867398436,2.482660972860554,2.0180178962227453
GHA,Ghana,Africa,2012,6968886,36631,0.5256363786120192,-0.6431456007136924,29990,0.4303413773736577,-0.8431764843981588,2.277457918617798,2.482660972860554
GHA,Ghana,Africa,2013,6968886,81203,1.1652221029300809,0.1529117151388839,66153,0.9492621919773118,-0.0520702361525358,1.8434413681277992,2.277457918617798
GHA,Ghana,Africa,2014,6968886,120205,1.7248811359520015,0.5451581414146559,98759,1.4171418502182416,0.3486420617097329,2.230864518299143,1.8434413681277992
GHA,Ghana,Africa,2015,6968886,57391,0.8235319102651414,-0.1941529805521737,47172,0.6768944132534238,-0.390239980931353,1.9267530619052213,2.230864518299143
GHA,Ghana,Africa,2016,6968886,119243,1.7110769210459176,0.5371229506768058,99905,1.4335863723412896,0.3601792572930195,2.095156475051968,1.9267530619052213
GHA,Ghana,Africa,2017,6968886,115332,1.6549560431896864,0.5037744484700712,94473,1.3556399114578714,0.3042736022308036,2.1538633633251054,2.095156475051968
GHA,Ghana,Africa,2018,6968886,151530,2.1743790901443933,0.7767431479889945,131025,1.8801426799060856,0.6313476675291535,1.498404460994989,2.1538633633251054
GHA,Ghana,Africa,2019,6968886,88265,1.2665582418768222,0.2363031758821699,74349,1.0668706590981687,0.0647297457575112,1.7250546246066014,1.498404460994989
GHA,Ghana,Africa,2020,6968886,136613,1.9603276621256251,0.6731116338242077,115138,1.6521722410152784,0.5020909317796557,2.25648810424666,1.7250546246066014
GHA,Ghana,Africa,2021,6968886,101414,1.455239761419544,0.3751706715287708,83295,1.1952412480273031,0.1783480462026038,2.97397683659559,2.25648810424666
GHA,Ghana,Africa,2022,6968886,118644,1.7024815730950398,0.5320869355439197,95873,1.3757292054999894,0.3189839218153238,3.0492381278988816,2.97397683659559
GHA,Ghana,Africa,2023,6968886,112582,1.6154949298926686,0.4796413678637917,91918,1.318976949831006,0.2768563980942353,2.0711678949172083,3.0492381278988816
GHA,Ghana,Africa,2024,6968886,107918,1.5485688817409269,0.4373312023225915,87992,1.2626408295386091,0.233205424095739,2.6076480123383083,2.0711678949172083
GHA,Ghana,Africa,2025,6968886,116555,1.6725054764850509,0.5143227874454093,93910,1.347561145353791,0.2982963996574457,2.968264353311917,2.6076480123383083
GIN,Guinea,Africa,2001,8159636,18571,0.2275959368775764,-1.4801834289210487,7647,0.093717415825902,-2.3674712390698764,-0.13430967893827883,-0.3626343906858745
GIN,Guinea,Africa,2002,8159636,28933,0.3545868957879984,-1.0368018409374613,10818,0.1325794434947833,-2.0205732396827294,0.478171500553355,-0.13430967893827883
GIN,Guinea,Africa,2003,8159636,9229,0.1131055355900679,-2.179433952848525,3657,0.0448181757127401,-3.1051415139647207,0.5322418689442016,0.478171500553355
GIN,Guinea,Africa,2004,8159636,17158,0.2102789879352461,-1.5593201159811911,7591,0.0930311107015067,-2.3748213180973337,0.868067294847977,0.5322418689442016
GIN,Guinea,Africa,2005,8159636,14581,0.1786966967644145,-1.7220653417978165,6370,0.0780672078999602,-2.550185183547893,0.6456015424475078,0.868067294847977
GIN,Guinea,Africa,2006,8159636,15306,0.187581897035603,-1.6735397447442353,7194,0.0881656975874904,-2.4285373078585324,0.666766462555674,0.6456015424475078
GIN,Guinea,Africa,2007,8159636,33821,0.4144915287887842,-0.8807027417958846,15765,0.1932071479659141,-1.6439923601349404,1.215248291424428,0.666766462555674
GIN,Guinea,Africa,2008,8159636,21481,0.2632592924488298,-1.334615829640125,10292,0.1261330775049279,-2.070417758712467,1.7313652245923012,1.215248291424428
GIN,Guinea,Africa,2009,8159636,23388,0.2866304330242182,-1.2495615828185405,10031,0.1229344054073,-2.0961043552306164,1.0533785144993963,1.7313652245923012
GIN,Guinea,Africa,2010,8159636,16046,0.1966509290365403,-1.6263250558005005,7585,0.0929575780096072,-2.375612040331469,1.7873834524713932,1.0533785144993963
GIN,Guinea,Africa,2011,8159636,27638,0.3387160897863581,-1.0825930157506716,16375,0.2006829716423624,-1.606028871610649,2.1691682827998933,1.7873834524713932
GIN,Guinea,Africa,2012,8159636,24486,0.3000869156418252,-1.2036831274802409,8230,0.1008623423888026,-2.2939986384429862,2.061418855764822,2.1691682827998933
GIN,Guinea,Africa,2013,8159636,146185,1.791562760887863,0.583088289740851,28874,0.3538638243176534,-1.0388431169243415,1.747587358881698,2.061418855764822
GIN,Guinea,Africa,2014,8159636,132716,1.6264941230221543,0.4864268536583129,24020,0.2943758765709647,-1.222897836480127,2.200873063935861,1.747587358881698
GIN,Guinea,Africa,2015,8159636,161820,1.9831767005292884,0.684699953247729,29320,0.3593297544155155,-1.023514776113514,1.9886221254542273,2.200873063935861
GIN,Guinea,Africa,2016,8159636,216013,2.6473362292141465,0.97355393792633,34263,0.4199084370920467,-0.867718598395385,2.0403996948643894,1.9886221254542273
GIN,Guinea,Africa,2017,8159636,231588,2.8382148419365767,1.0431752777530088,41350,0.5067628016739962,-0.6797122316622644,2.1178025154925826,2.0403996948643894
GIN,Guinea,Africa,2018,8159636,182895,2.2414602808262525,0.8071275645483731,34743,0.425791052444006,-0.8538065402616144,1.5869894150777328,2.1178025154925826
GIN,Guinea,Africa,2019,8159636,193690,2.3737578490020876,0.8644742897221831,36159,0.4431447677322861,-0.8138587728576484,1.8725778937704631,1.5869894150777328
GIN,Guinea,Africa,2020,8159636,178407,2.186457827285433,0.7822828039123286,33002,0.4044543163445036,-0.9052164874413514,2.2367086076999567,1.8725778937704631
GIN,Guinea,Africa,2021,8159636,167377,2.051280228676867,0.7184641000238133,29227,0.3581899976910734,-1.0266917135559177,2.75263278912771,2.2367086076999567
GIN,Guinea,Africa,2022,8159636,130216,1.5958555013973663,0.4674099569572325,26186,0.3209211783466811,-1.136559736326403,2.7887992721883847,2.75263278912771
GIN,Guinea,Africa,2023,8159636,154123,1.8888465122708904,0.6359663317882188,31457,0.3855196481803845,-0.9531631192350772,2.019836072272223,2.7887992721883847
GIN,Guinea,Africa,2024,8159636,146802,1.799124372704861,0.5873000869338467,36390,0.4459757763704165,-0.8074906415078962,2.545185170259148,2.019836072272223
GIN,Guinea,Africa,2025,8159636,104703,1.283182239992078,0.2493431176291576,25566,0.3133228001837337,-1.1605213093861346,2.9123331484143558,2.545185170259148
GNB,Guinea-Bissau,Africa,2001,1069852,2362,0.2207782010969741,-1.5105966963688977,1872,0.1749774735197018,-1.7430980360886676,0.003770897718353372,-0.23770025799155065
GNB,Guinea-Bissau,Africa,2002,1069852,6074,0.567742080212964,-0.566088047520511,4063,0.3797721554009339,-0.9681837971384784,0.49936771595207197,0.003770897718353372
GNB,Guinea-Bissau,Africa,2003,1069852,1022,0.0955272318040252,-2.3483439223625555,583,0.0544935187296934,-2.9096735067757127,0.5221650322201866,0.49936771595207197
GNB,Guinea-Bissau,Africa,2004,1069852,3539,0.3307934181550345,-1.1062612127807416,2435,0.2276015747972616,-1.480158657609515,0.8653406778499122,0.5221650322201866
GNB,Guinea-Bissau,Africa,2005,1069852,3928,0.3671535875990324,-1.0019750236518483,2527,0.2362008950770761,-1.443072585738011,0.6847995237685182,0.8653406778499122
GNB,Guinea-Bissau,Africa,2006,1069852,2018,0.1886242209202768,-1.6679984922126507,1382,0.1291767459424294,-2.0465736887985897,0.6757419288800616,0.6847995237685182
GNB,Guinea-Bissau,Africa,2007,1069852,6044,0.5649379540347637,-0.5710393697335749,4500,0.4206189267300523,-0.866028017367794,1.0926870283857386,0.6757419288800616
GNB,Guinea-Bissau,Africa,2008,1069852,3249,0.3036868650990978,-1.1917581574571048,2028,0.1895589296463436,-1.6630553284151313,1.5559336573966873,1.0926870283857386
GNB,Guinea-Bissau,Africa,2009,1069852,7964,0.744402029439586,-0.2951740279421182,5552,0.518950284712278,-0.6559471909395646,0.9651155318762372,1.5559336573966873
GNB,Guinea-Bissau,Africa,2010,1069852,4900,0.4580072757727237,-0.780870209027487,3459,0.3233157483465003,-1.1291258841890364,1.6387427347054286,0.9651155318762372
GNB,Guinea-Bissau,Africa,2011,1069852,4284,0.4004292182470099,-0.9152182615585656,3014,0.2817212100365284,-1.2668373139397644,1.9761787441206249,1.6387427347054286
GNB,Guinea-Bissau,Africa,2012,1069852,3511,0.3281762337220475,-1.1142045169577728,2414,0.2256386864725214,-1.4888202914687283,1.9087240645556027,1.9761787441206249
GNB,Guinea-Bissau,Africa,2013,1069852,20704,1.9352209464486676,0.660221504174422,13937,1.3027035515192755,0.2644417599933045,1.6508775731822154,1.9087240645556027
GNB,Guinea-Bissau,Africa,2014,1069852,12859,1.2019419508492764,0.1839385411442338,7982,0.7460845051465063,-0.2929164075175258,2.113103858748323,1.6508775731822154
GNB,Guinea-Bissau,Africa,2015,1069852,12661,1.183434718073154,0.1684209883940482,7961,0.744121616821766,-0.2955507940376268,1.942683436719782,2.113103858748323
GNB,Guinea-Bissau,Africa,2016,1069852,16120,1.5067504664196545,0.4099553229344141,9777,0.9138647214754938,-0.0900727256205338,1.9489220871934745,1.942683436719782
GNB,Guinea-Bissau,Africa,2017,1069852,16437,1.5363807330359711,0.4294294770803203,10385,0.9706950120203542,-0.0297429568159923,2.0306453307890546,1.9489220871934745
GNB,Guinea-Bissau,Africa,2018,1069852,14394,1.3454197403005277,0.2967060389415444,9068,0.8475938727973589,-0.1653536814987854,1.5650343264083055,2.0306453307890546
GNB,Guinea-Bissau,Africa,2019,1069852,15623,1.4602954427341353,0.3786387732856981,9531,0.890870886814251,-0.1155557701885791,1.862797164739151,1.5650343264083055
GNB,Guinea-Bissau,Africa,2020,1069852,17108,1.5990996885550526,0.4694407762205942,9879,0.923398750481375,-0.0796941220817311,2.151523282738495,1.862797164739151
GNB,Guinea-Bissau,Africa,2021,1069852,13685,1.2791488916223923,0.2461949283485743,7574,0.7079483891229815,-0.3453840846644649,2.5739158723961033,2.151523282738495
GNB,Guinea-Bissau,Africa,2022,1069852,9780,0.914145134093314,-0.089765930097342,5686,0.5314753816415728,-0.63209840091526,2.5941630046287303,2.5739158723961033
GNB,Guinea-Bissau,Africa,2023,1069852,11479,1.0729521466520602,0.0704138649392915,6107,0.5708266190089845,-0.5606697599030702,1.930357910274268,2.5941630046287303
GNB,Guinea-Bissau,Africa,2024,1069852,9301,0.8693725861147149,-0.1399834928837381,5346,0.4996952849553022,-0.6937567964273407,2.4332668165589677,1.930357910274268
GNB,Guinea-Bissau,Africa,2025,1069852,8132,0.760105136037508,-0.2742985183779678,4559,0.4261337082138464,-0.8530021129127637,2.790099142957867,2.4332668165589677
GNQ,Equatorial Guinea,Africa,2001,2654600,3585,0.1350485948918857,-2.002120603152427,271,0.010208694341897,-4.584515535306447,-0.2914150336875383,-0.26879461855516285
GNQ,Equatorial Guinea,Africa,2002,2654600,2986,0.1124839900549988,-2.1849443780870117,207,0.007797784977021,-4.853915562920778,-0.034132375586310236,-0.2914150336875383
GNQ,Equatorial Guinea,Africa,2003,2654600,1961,0.0738717697581556,-2.605424529989801,131,0.0049348301062306,-5.311437032984996,0.03237119291372682,-0.034132375586310236
GNQ,Equatorial Guinea,Africa,2004,2654600,421,0.0158592631658253,-4.144001522503766,25,0.0009417614706547,-6.967758531317947,0.024148605416107822,0.03237119291372682
GNQ,Equatorial Guinea,Africa,2005,2654600,1608,0.0605740977925111,-2.803887906447236,275,0.0103593761772018,-4.569863258519576,-0.06819372538811594,0.024148605416107822
GNQ,Equatorial Guinea,Africa,2006,2654600,1256,0.0473140962856927,-3.0509470091580035,115,0.0043321027650116,-5.441702227822898,-0.0045849620058610804,-0.06819372538811594
GNQ,Equatorial Guinea,Africa,2007,2654600,3142,0.1183605816318842,-2.1340195373705813,288,0.0108490921419422,-4.523673876050202,0.28195787651744036,-0.0045849620058610804
GNQ,Equatorial Guinea,Africa,2008,2654600,4821,0.1816092820010547,-1.7058977017805252,659,0.0248248323664582,-3.69591082168364,0.4034159807941711,0.28195787651744036
GNQ,Equatorial Guinea,Africa,2009,2654600,5685,0.2141565584268816,-1.5410479500015113,1019,0.038386197543886,-3.260057322963423,0.2068409495965346,0.4034159807941711
GNQ,Equatorial Guinea,Africa,2010,2654600,6593,0.2483613350410608,-1.392870597072848,839,0.0316055149551721,-3.4544236497189416,0.3486192069047284,0.2068409495965346
GNQ,Equatorial Guinea,Africa,2011,2654600,7706,0.2902885557146086,-1.2368798310000446,1104,0.0415881865441121,-3.179939129349107,0.4494139528070175,0.3486192069047284
GNQ,Equatorial Guinea,Africa,2012,2654600,4953,0.1865817825661116,-1.67888562359791,612,0.0230543208016273,-3.769902073673822,0.36291594255267917,0.4494139528070175
GNQ,Equatorial Guinea,Africa,2013,2654600,7290,0.2746176448429142,-1.2923755311834435,1312,0.0494236419799593,-3.0073263866821134,0.23924826705927063,0.36291594255267917
GNQ,Equatorial Guinea,Africa,2014,2654600,19212,0.7237248549687335,-0.3233439934014326,2233,0.0841181345588789,-2.4755331043459896,0.23019873478946054,0.23924826705927063
GNQ,Equatorial Guinea,Africa,2015,2654600,7469,0.2813606569728019,-1.268117955829081,679,0.0255782415429819,-3.666013228627451,0.13827012899566127,0.23019873478946054
GNQ,Equatorial Guinea,Africa,2016,2654600,9545,0.3595645294959693,-1.0228616200262994,765,0.0288179010020342,-3.5467585223596116,0.23453772454162267,0.13827012899566127
GNQ,Equatorial Guinea,Africa,2017,2654600,11938,0.4497099374670383,-0.7991524874575524,1142,0.0430196639795072,-3.146097965970192,0.22715409491275496,0.23453772454162267
GNQ,Equatorial Guinea,Africa,2018,2654600,7824,0.2947336698560988,-1.2216831444714944,683,0.0257289233782867,-3.6601394966153578,0.0796126910188286,0.22715409491275496
GNQ,Equatorial Guinea,Africa,2019,2654600,9526,0.3588487907782717,-1.024854174825342,1031,0.0388382430498003,-3.2483498721691877,0.06024085993908959,0.0796126910188286
GNQ,Equatorial Guinea,Africa,2020,2654600,4871,0.1834928049423642,-1.695579822379605,603,0.0227152866721916,-3.784717159458962,0.22556062527921392,0.06024085993908959
GNQ,Equatorial Guinea,Africa,2021,2654600,8906,0.3354931063060348,-1.0921538703045,976,0.0367663678143599,-3.3031717697730554,0.4319884529670338,0.22556062527921392
GNQ,Equatorial Guinea,Africa,2022,2654600,7761,0.292360430950049,-1.2297678853320086,783,0.0294959692609056,-3.5235016601953446,0.4660253666851067,0.4319884529670338
GNQ,Equatorial Guinea,Africa,2023,2654600,8525,0.321140661493257,-1.13587605403443,1049,0.0395163113086717,-3.2310417477898503,0.22992221567115048,0.4660253666851067
GNQ,Equatorial Guinea,Africa,2024,2654600,7745,0.2917577036088299,-1.2318316033351786,954,0.0359376177201838,-3.325970684737861,0.2879838017465571,0.22992221567115048
GNQ,Equatorial Guinea,Africa,2025,2654600,5019,0.1890680328486401,-1.6656483665312138,705,0.0265576734724628,-3.628436553373879,0.3173450444677376,0.2879838017465571
GTM,Guatemala,Latin America & Caribbean,2001,7691096,53315,0.693204193524564,-0.3664306716428793,48249,0.6273358179380416,-0.4662732869314021,-0.13319458032232956,-0.4008098034237386
GTM,Guatemala,Latin America & Caribbean,2002,7691096,55609,0.7230308918260805,-0.3243033304525046,50415,0.6554982540849834,-0.4223596392678435,0.576612643955232,-0.13319458032232956
GTM,Guatemala,Latin America & Caribbean,2003,7691096,98213,1.2769701483377662,0.2444902003776133,93941,1.2214253989288393,0.2000185365217806,0.754553894906583,0.576612643955232
GTM,Guatemala,Latin America & Caribbean,2004,7691096,56440,0.7338355937827327,-0.3094702621284089,51204,0.6657568700221659,-0.4068307351191589,1.2553653329031718,0.754553894906583
GTM,Guatemala,Latin America & Caribbean,2005,7691096,100814,1.3107884754006451,0.2706288457689662,95840,1.2461162882377232,0.2200317452541171,0.9030923957312654,1.2553653329031718
GTM,Guatemala,Latin America & Caribbean,2006,7691096,52521,0.6828805673469684,-0.3814352994941172,47464,0.6171292101931897,-0.4826768601566799,0.8530672965912451,0.9030923957312654
GTM,Guatemala,Latin America & Caribbean,2007,7691096,126476,1.644447033296685,0.4974041777346489,117514,1.5279226783802984,0.423909086309691,1.6425146366810601,0.8530672965912451
GTM,Guatemala,Latin America & Caribbean,2008,7691096,77147,1.0030690034294203,0.0030643036516961,69184,0.8995336945475652,-0.105878767096279,2.4348290130301598,1.6425146366810601
GTM,Guatemala,Latin America & Caribbean,2009,7691096,86980,1.1309181422257637,0.1230298180564702,77005,1.001222712601689,0.0012219656974067,1.5608664909644463,2.4348290130301598
GTM,Guatemala,Latin America & Caribbean,2010,7691096,59533,0.7740509285022577,-0.2561176084585516,51880,0.6745462545260129,-0.393715029664779,2.423737214665305,1.5608664909644463
GTM,Guatemala,Latin America & Caribbean,2011,7691096,40534,0.5270250169806748,-0.6405072610159006,34581,0.4496238247448738,-0.7993439908260369,2.919158520836676,2.423737214665305
GTM,Guatemala,Latin America & Caribbean,2012,7691096,84027,1.0925230942378044,0.0884897866546237,70612,0.918100619209538,-0.0854482873859855,2.9291747046261776,2.919158520836676
GTM,Guatemala,Latin America & Caribbean,2013,7691096,55177,0.7174140070543912,-0.3321021893263149,46097,0.5993554104642563,-0.5119005171498578,2.5385003535278132,2.9291747046261776
GTM,Guatemala,Latin America & Caribbean,2014,7691096,61883,0.8046057414964005,-0.2174028836524852,53377,0.694010320505686,-0.3652684475402484,3.0159455810838707,2.5385003535278132
GTM,Guatemala,Latin America & Caribbean,2015,7691096,54234,0.7051530757124862,-0.3493403710686933,47021,0.6113693028925916,-0.4920540786815245,2.702064426554233,3.0159455810838707
GTM,Guatemala,Latin America & Caribbean,2016,7691096,178532,2.321281648285238,0.8421194677481025,125421,1.6307298725695272,0.4890276891800811,2.7764052465124838,2.702064426554233
GTM,Guatemala,Latin America & Caribbean,2017,7691096,79801,1.0375764390406776,0.0368876465925452,61175,0.7954002914539098,-0.2289097797842868,2.821225733741865,2.7764052465124838
GTM,Guatemala,Latin America & Caribbean,2018,7691096,71129,0.9248226780682494,-0.078153259232064,53798,0.6994841827484666,-0.35741209735747,2.19642641580966,2.821225733741865
GTM,Guatemala,Latin America & Caribbean,2019,7691096,90261,1.1735778619848198,0.1600570843292685,66773,0.8681857566203829,-0.1413495818946377,2.5311169027078,2.19642641580966
GTM,Guatemala,Latin America & Caribbean,2020,7691096,98561,1.281494861070516,0.2480272567246123,61643,0.8014852499565731,-0.2212887101504351,2.9961996326094167,2.5311169027078
GTM,Guatemala,Latin America & Caribbean,2021,7691096,49898,0.6487761952262721,-0.4326674673191009,37279,0.4847033504717663,-0.7242182236897373,3.7519251077203375,2.9961996326094167
GTM,Guatemala,Latin America & Caribbean,2022,7691096,46373,0.6029439757350578,-0.5059309958000413,36127,0.469724991080595,-0.7556078808911187,3.8453181790589674,3.7519251077203375
GTM,Guatemala,Latin America & Caribbean,2023,7691096,71098,0.9244196145776884,-0.0785891820946838,53614,0.6970918059012655,-0.3608381611116372,2.9258937514199754,3.8453181790589674
GTM,Guatemala,Latin America & Caribbean,2024,7691096,141998,1.846264823635019,0.6131645838820088,67038,0.8716312993622756,-0.1373887663197662,3.3223443973850166,2.9258937514199754
GTM,Guatemala,Latin America & Caribbean,2025,7691096,52384,0.6810992867596504,-0.3840471879242977,35783,0.4652522865401758,-0.7651754688234372,3.664648877120802,3.3223443973850166
GUY,Guyana,Latin America & Caribbean,2001,18996037,10040,0.0528531293132351,-2.940238357193921,1766,0.0092966759329853,-4.678098369275736,0.05284011702579657,0.0246481134529036
GUY,Guyana,Latin America & Caribbean,2002,18996037,4827,0.0254105632664328,-3.672590314779148,860,0.0045272600806157,-5.3976383611920875,0.05602482391788931,0.05284011702579657
GUY,Guyana,Latin America & Caribbean,2003,18996037,7419,0.0390555145791724,-3.242771194250115,1544,0.0081280111214776,-4.812439019854919,0.046329323299196756,0.05602482391788931
GUY,Guyana,Latin America & Caribbean,2004,18996037,4062,0.0213834074970479,-3.845140008299311,819,0.0043114255884003,-5.446486666586572,0.08208816628705061,0.046329323299196756
GUY,Guyana,Latin America & Caribbean,2005,18996037,5832,0.030701140453664,-3.4834554767511468,1158,0.0060960083411082,-5.100121092306701,0.08067897861795528,0.08208816628705061
GUY,Guyana,Latin America & Caribbean,2006,18996037,5934,0.0312380945562487,-3.4661169495888737,1305,0.006869853959539,-4.980612430682847,0.06832276203446297,0.08067897861795528
GUY,Guyana,Latin America & Caribbean,2007,18996037,5250,0.0276373435153869,-3.5885873948539717,1284,0.0067593045854774,-4.996835266189734,0.058383532175608745,0.06832276203446297
GUY,Guyana,Latin America & Caribbean,2008,18996037,9460,0.0497998608867733,-2.999743088393717,1732,0.0091176912321238,-4.69753866131726,0.08278939778355693,0.058383532175608745
GUY,Guyana,Latin America & Caribbean,2009,18996037,8267,0.0435196035888959,-3.1345437851869655,1884,0.0099178581300931,-4.613418295303332,0.05916419536190793,0.08278939778355693
GUY,Guyana,Latin America & Caribbean,2010,18996037,10099,0.053163720411789,-2.934379062413084,2305,0.0121341098672317,-4.411734795008892,0.10092595111028643,0.05916419536190793
GUY,Guyana,Latin America & Caribbean,2011,18996037,8363,0.0440249721560344,-3.122998257058115,1219,0.0064171279514774,-5.0487846209583696,0.11648508993033418,0.10092595111028643
GUY,Guyana,Latin America & Caribbean,2012,18996037,13112,0.0690249234616672,-2.673287630015975,2014,0.0106022113980931,-4.546692677161134,0.12531953360704232,0.11648508993033418
GUY,Guyana,Latin America & Caribbean,2013,18996037,7117,0.0374657092950492,-3.28432918314037,1440,0.0075805285070775,-4.882172357869595,0.12182810786522591,0.12531953360704232
GUY,Guyana,Latin America & Caribbean,2014,18996037,12154,0.0639817663020976,-2.74915713774434,2558,0.013465966611878,-4.307589768300853,0.1696273484232392,0.12182810786522591
GUY,Guyana,Latin America & Caribbean,2015,18996037,13084,0.0688775242962519,-2.6754253617813664,2140,0.0112655076424624,-4.486009642423744,0.1691545998609782,0.1696273484232392
GUY,Guyana,Latin America & Caribbean,2016,18996037,26512,0.1395659526247501,-1.9692180107732968,4514,0.023762851167325,-3.73963179306216,0.15244669754292323,0.1691545998609782
GUY,Guyana,Latin America & Caribbean,2017,18996037,19434,0.1023055493101008,-2.2797913620402563,3217,0.0169351112550475,-4.078366223200614,0.16193900139858183,0.15244669754292323
GUY,Guyana,Latin America & Caribbean,2018,18996037,11761,0.0619129137303743,-2.7820264985886043,2194,0.0115497774614778,-4.461089109604465,0.14199274430289704,0.16193900139858183
GUY,Guyana,Latin America & Caribbean,2019,18996037,22324,0.1175192488833328,-2.1411531385313167,3802,0.0200147009610478,-3.9112882273912666,0.1752226706165582,0.14199274430289704
GUY,Guyana,Latin America & Caribbean,2020,18996037,15770,0.0830173156643146,-2.4887060704825568,2545,0.013397531285078,-4.312684821455018,0.17429991981494408,0.1752226706165582
GUY,Guyana,Latin America & Caribbean,2021,18996037,9537,0.0502052085916657,-2.9916365008607286,1312,0.0069067037508928,-4.975262780935607,0.1793279268568783,0.17429991981494408
GUY,Guyana,Latin America & Caribbean,2022,18996037,10564,0.0556115994088661,-2.889363477022618,1694,0.0089176495076315,-4.7197228752276414,0.1752226706165582,0.1793279268568783
GUY,Guyana,Latin America & Caribbean,2023,18996037,27882,0.1467779832182891,-1.9188341521266077,5035,0.0265055284952329,-3.630401945286978,0.15142332160054361,0.1752226706165582
GUY,Guyana,Latin America & Caribbean,2024,18996037,107335,0.565038907852201,-0.570860686751452,9042,0.0475994019173578,-3.0449350825850905,0.191204180421765,0.15142332160054361
GUY,Guyana,Latin America & Caribbean,2025,18996037,19296,0.1015790819948392,-2.286917650912729,2971,0.0156401043017551,-4.157916874977033,0.22156092017736284,0.191204180421765
HND,Honduras,Latin America & Caribbean,2001,7740496,42380,0.5475101337175292,-0.6023743083896592,39516,0.5105099208112762,-0.6723452080475846,-0.21425527542447262,-0.4955444317509372
HND,Honduras,Latin America & Caribbean,2002,7740496,31528,0.4073123996188358,-0.8981748213371097,29518,0.3813450714269473,-0.964050614470228,0.5945196458161214,-0.21425527542447262
HND,Honduras,Latin America & Caribbean,2003,7740496,33625,0.4344036867921642,-0.833781023307809,31786,0.4106455193568991,-0.8900249199551844,0.6957503513594527,0.5945196458161214
HND,Honduras,Latin America & Caribbean,2004,7740496,26456,0.341786882907762,-1.0735678855503206,24687,0.3189330502851497,-1.1427740719381267,1.1344682571671543,0.6957503513594527
HND,Honduras,Latin America & Caribbean,2005,7740496,40472,0.5228605505383634,-0.6484404842401772,37392,0.4830698187816388,-0.7275940834333101,0.8227490359549333,1.1344682571671543
HND,Honduras,Latin America & Caribbean,2006,7740496,41631,0.5378337512221439,-0.620205779172829,38318,0.4950328764461605,-0.7031311015560116,0.84596863007989,0.8227490359549333
HND,Honduras,Latin America & Caribbean,2007,7740496,42413,0.5479364629863512,-0.601595942211647,39485,0.5101094296799585,-0.6731300082802678,1.60963481500626,0.84596863007989
HND,Honduras,Latin America & Caribbean,2008,7740496,43299,0.5593827579007857,-0.5809213211762762,40699,0.525793179145109,-0.642847339107681,2.3117518281099687,1.60963481500626
HND,Honduras,Latin America & Caribbean,2009,7740496,51515,0.6655258267687238,-0.4071778338327809,48643,0.6284222613124534,-0.4645429478423086,1.41499569271932,2.3117518281099687
HND,Honduras,Latin America & Caribbean,2010,7740496,46085,0.5953752834443684,-0.5185633437841847,43572,0.5629096636701317,-0.5746361190096132,2.3573796219091063,1.41499569271932
HND,Honduras,Latin America & Caribbean,2011,7740496,52571,0.6791683633710295,-0.3868862243233367,49721,0.642349017427307,-0.442623482158826,2.8612507486710137,2.3573796219091063
HND,Honduras,Latin America & Caribbean,2012,7740496,32306,0.4173634351080344,-0.8737978897382459,30131,0.3892644605720357,-0.943496319126248,2.737655123124817,2.8612507486710137
HND,Honduras,Latin America & Caribbean,2013,7740496,43632,0.5636848077952628,-0.5732600351265795,40358,0.5213877767006145,-0.6512612209861198,2.3194925394587447,2.737655123124817
HND,Honduras,Latin America & Caribbean,2014,7740496,57483,0.7426268290817539,-0.2975616093141408,52853,0.6828115407591452,-0.3815363860969794,2.873870080639697,2.3194925394587447
HND,Honduras,Latin America & Caribbean,2015,7740496,50243,0.6490927713159467,-0.4321796274768455,44159,0.5704931570276633,-0.5612541044449089,2.5800617315792294,2.873870080639697
HND,Honduras,Latin America & Caribbean,2016,7740496,188442,2.4344951537989297,0.8897394060035704,153952,1.9889164725361268,0.6875900042872309,2.664257707675421,2.5800617315792294
HND,Honduras,Latin America & Caribbean,2017,7740496,113473,1.465965488516498,0.3825140619298553,98125,1.2676836213079885,0.2371913148727602,2.750845488778266,2.664257707675421
HND,Honduras,Latin America & Caribbean,2018,7740496,76255,0.9851435876977392,-0.0149678741216651,69534,0.8983145266143151,-0.1072350196495033,2.0612911286149096,2.750845488778266
HND,Honduras,Latin America & Caribbean,2019,7740496,81416,1.0518189015277577,0.0505209526598182,73173,0.9453270178035104,-0.0562243607643633,2.414684133820305,2.0612911286149096
HND,Honduras,Latin America & Caribbean,2020,7740496,93649,1.209857869573216,0.1905028895466808,82013,1.059531585572811,0.0578269100542103,2.9059626289280063,2.414684133820305
HND,Honduras,Latin America & Caribbean,2021,7740496,69498,0.8978494401392365,-0.1077528860515483,62074,0.8019382737230276,-0.2207236395102473,3.6157544993575352,2.9059626289280063
HND,Honduras,Latin America & Caribbean,2022,7740496,57343,0.7408181594564482,-0.3000000826454728,53277,0.6882892259100709,-0.3735461428892443,3.6767089641352264,3.6157544993575352
HND,Honduras,Latin America & Caribbean,2023,7740496,84448,1.0909895179843772,0.0870850990911012,72876,0.9414900543841118,-0.0602914945263736,2.6711127469842286,3.6767089641352264
HND,Honduras,Latin America & Caribbean,2024,7740496,74953,0.9683229601823966,-0.0321896107977955,62313,0.8050259311547994,-0.2168807894677312,3.2954999618950027,2.6711127469842286
HND,Honduras,Latin America & Caribbean,2025,7740496,34244,0.4424005903497657,-0.8155394943495731,29715,0.3838901279711274,-0.9573988924111884,3.742430777956472,3.2954999618950027
IDN,Indonesia,Asia-Pacific,2001,160640822,744084,0.4631973309997131,-0.7696021148303818,537405,0.3345382532965375,-1.0950040463215136,-1.092674947784123,-1.1563908527029392
IDN,Indonesia,Asia-Pacific,2002,160640822,855270,0.5324113692595522,-0.6303388379567473,580615,0.361436771034451,-1.017668159916639,0.20336607756351482,-1.092674947784123
IDN,Indonesia,Asia-Pacific,2003,160640822,544812,0.3391491609772764,-1.0813152654917482,323105,0.2011350514628218,-1.603778698720363,0.6355832371623387,0.20336607756351482
IDN,Indonesia,Asia-Pacific,2004,160640822,1289035,0.8024330204186829,-0.2201068911139821,932476,0.5804726273126267,-0.5439126325948446,0.9688049985047726,0.6355832371623387
IDN,Indonesia,Asia-Pacific,2005,160640822,1182436,0.7360744207347246,-0.3064240502363489,877321,0.5461382661500574,-0.6048831005886635,0.3698582047493445,0.9688049985047726
IDN,Indonesia,Asia-Pacific,2006,160640822,1433147,0.8921437167446765,-0.1141280419533789,1112770,0.6927068637634337,-0.3671483652926445,0.5058992447692796,0.3698582047493445
IDN,Indonesia,Asia-Pacific,2007,160640822,1387621,0.8638034733163903,-0.1464099974907212,951935,0.592585986642922,-0.5232592913667513,2.082378506474982,0.5058992447692796
IDN,Indonesia,Asia-Pacific,2008,160640822,1396246,0.8691725942488019,-0.1402135609533563,1074327,0.66877583582086,-0.4023063485150009,3.1054302386473864,2.082378506474982
IDN,Indonesia,Asia-Pacific,2009,160640822,1944957,1.2107489091409156,0.1912391013228196,1555072,0.968042855258796,-0.0324789207239683,1.8626336924754847,3.1054302386473864
IDN,Indonesia,Asia-Pacific,2010,160640822,1279328,0.7963903471559676,-0.2276658274632811,963619,0.5998593557993621,-0.5110600582446689,2.8376668615962526,1.8626336924754847
IDN,Indonesia,Asia-Pacific,2011,160640822,1543628,0.9609188877283013,-0.039865277602888,1174787,0.7313128664144908,-0.312913912966264,3.506711168490062,2.8376668615962526
IDN,Indonesia,Asia-Pacific,2012,160640822,2260258,1.407025917733414,0.3414781985265002,1753540,1.0915905298343158,0.087635834323681,3.320054769307597,3.506711168490062
IDN,Indonesia,Asia-Pacific,2013,160640822,1139300,0.7092219684981442,-0.3435867288121206,882736,0.5495091403354497,-0.5987298713633367,2.6474042143496117,3.320054769307597
IDN,Indonesia,Asia-Pacific,2014,160640822,1894359,1.179251311350984,0.164879755202802,1374555,0.8556697997972147,-0.1558707251607052,2.8267224847892725,2.6474042143496117
IDN,Indonesia,Asia-Pacific,2015,160640822,1746464,1.0871856718960264,0.0835924048643731,1092211,0.6799087469808889,-0.3857966854333619,2.272686107763809,2.8267224847892725
IDN,Indonesia,Asia-Pacific,2016,160640822,2422066,1.5077524939457791,0.4106201274320077,1269610,0.7903408263187298,-0.2352910008384764,2.668637964102096,2.272686107763809
IDN,Indonesia,Asia-Pacific,2017,160640822,1300718,0.8097057670683483,-0.2110843478400122,941201,0.5859039989225154,-0.5345993271901095,2.6270321384864372,2.668637964102096
IDN,Indonesia,Asia-Pacific,2018,160640822,1218733,0.7586695491386367,-0.2761889730193667,876812,0.5458214102016983,-0.6054634442847069,1.7599306476177514,2.6270321384864372
IDN,Indonesia,Asia-Pacific,2019,160640822,1176883,0.7326176406144137,-0.3111313494645745,800768,0.4984835050209093,-0.6961847793535635,1.8714539195667559,1.7599306476177514
IDN,Indonesia,Asia-Pacific,2020,160640822,961585,0.5985931770194751,-0.5131730818585771,655169,0.4078471411208291,-0.8968628288939778,2.746440080089374,1.8714539195667559
IDN,Indonesia,Asia-Pacific,2021,160640822,841390,0.5237709752257119,-0.6467007603840454,616740,0.3839248282731023,-0.957308505263305,4.02217962796752,2.746440080089374
IDN,Indonesia,Asia-Pacific,2022,160640822,885237,0.5510660297791554,-0.5959006407492033,654852,0.4076498064732263,-0.8973467906109078,4.238088855777713,4.02217962796752
IDN,Indonesia,Asia-Pacific,2023,160640822,1395285,0.8685743652382456,-0.1409020720520784,1032209,0.6425570954809979,-0.4422996015991189,2.8820007892402715,4.238088855777713
IDN,Indonesia,Asia-Pacific,2024,160640822,1120264,0.6973719295335777,-0.3604363957175835,826912,0.5147583221405577,-0.6640577658604743,3.115303983540485,2.8820007892402715
IDN,Indonesia,Asia-Pacific,2025,160640822,1161831,0.7232476686405402,-0.3240035585800471,824617,0.5133296690924553,-0.6668370103996292,3.3295438318038704,3.115303983540485
IND,India,Asia-Pacific,2001,38830350,62361,0.1605986039270828,-1.8288471703647755,17875,0.0460335794037396,-3.078384161766168,0.4523291746230762,0.05548565381227133
IND,India,Asia-Pacific,2002,38830350,53005,0.1365040490235086,-1.991401001621178,16274,0.0419105158722494,-3.1722185080717735,0.877095891208866,0.4523291746230762
IND,India,Asia-Pacific,2003,38830350,47750,0.1229708205050946,-2.0958081834195,14426,0.0371513519708166,-3.2927551162647584,1.339136810359269,0.877095891208866
IND,India,Asia-Pacific,2004,38830350,74130,0.1909073701370191,-1.6559669416776108,25990,0.066932180626752,-2.7040754016928403,2.3473826096775117,1.339136810359269
IND,India,Asia-Pacific,2005,38830350,62505,0.1609694478674542,-1.8265406968037128,20709,0.0533319941746597,-2.931218861956791,1.7749512635412947,2.3473826096775117
IND,India,Asia-Pacific,2006,38830350,67410,0.1736013195863545,-1.7509938754808916,25857,0.0665896650429367,-2.7092058930128675,1.3572730691943475,1.7749512635412947
IND,India,Asia-Pacific,2007,38830350,73907,0.1903330770904717,-1.6589797042798795,32330,0.0832596152236588,-2.4857916586088975,2.3084323809219836,1.3572730691943475
IND,India,Asia-Pacific,2008,38830350,85953,0.2213552028245946,-1.5079866151125505,37551,0.0967052833672629,-2.336087241332243,3.7028535347924976,2.3084323809219836
IND,India,Asia-Pacific,2009,38830350,79203,0.203971893119686,-1.5897730734553637,34733,0.0894480734786063,-2.414097006670116,2.676342341153693,3.7028535347924976
IND,India,Asia-Pacific,2010,38830350,51317,0.1321569339447107,-2.023765169049476,20262,0.0521808327764235,-2.953040039714754,3.5557488251481946,2.676342341153693
IND,India,Asia-Pacific,2011,38830350,88460,0.2278114928142548,-1.4792367779060585,46853,0.1206607717931978,-2.114772209560359,4.167050109236554,3.5557488251481946
IND,India,Asia-Pacific,2012,38830350,95068,0.244829109189075,-1.407194825327119,36488,0.0939677340018825,-2.36480381093684,4.764808650533271,4.167050109236554
IND,India,Asia-Pacific,2013,38830350,80866,0.2082546255699472,-1.5689937865614645,14715,0.0378956151567008,-3.272919868660803,4.412842382043801,4.764808650533271
IND,India,Asia-Pacific,2014,38830350,139138,0.3583228067735676,-1.0263210039658377,27677,0.0712767204004084,-2.64118550697336,4.895387598613786,4.412842382043801
IND,India,Asia-Pacific,2015,38830350,116309,0.2995311656989957,-1.2055368077452606,16133,0.0415473978473024,-3.1809203866622324,4.454366754469152,4.895387598613786
IND,India,Asia-Pacific,2016,38830350,175362,0.4516106602181026,-0.7949348415421372,29344,0.0755697540712355,-2.5826991542721847,4.411813191954708,4.454366754469152
IND,India,Asia-Pacific,2017,38830350,189421,0.4878168752020005,-0.7178151992886472,30922,0.0796335855844719,-2.5303193456658364,4.343623943186704,4.411813191954708
IND,India,Asia-Pacific,2018,38830350,132233,0.3405403247717314,-1.0772217322938131,24593,0.0633344793441212,-2.759325400746293,3.789697440916896,4.343623943186704
IND,India,Asia-Pacific,2019,38830350,121155,0.3120110944145494,-1.16471653278387,22928,0.0590465962835771,-2.829428379260423,4.268927867832179,3.789697440916896
IND,India,Asia-Pacific,2020,38830350,137715,0.3546581475572587,-1.036600918082466,26204,0.0674832959270261,-2.695875179476609,4.687763984377797,4.268927867832179
IND,India,Asia-Pacific,2021,38830350,132747,0.3418640316144459,-1.0733421893496058,25899,0.0666978278588784,-2.707582892424744,5.760255744562356,4.687763984377797
IND,India,Asia-Pacific,2022,38830350,122628,0.3158045188879317,-1.152631867928167,28664,0.0738185465750373,-2.6061452703435863,5.976274304360975,5.760255744562356
IND,India,Asia-Pacific,2023,38830350,143592,0.3697932158736658,-0.9948113055903988,41928,0.1079773939714681,-2.225833388846374,5.153310921783853,5.976274304360975
IND,India,Asia-Pacific,2024,38830350,133677,0.3442590653960111,-1.066360807962624,36565,0.0941660324977755,-2.362695751623325,4.891231609588378,5.153310921783853
IND,India,Asia-Pacific,2025,38830350,128635,0.3312743768727297,-1.1048083138301734,39770,0.1024198854761803,-2.27867439112664,5.0167387040112565,4.891231609588378
KEN,Kenya,Africa,2001,3319472,19027,0.5731935681337272,-0.5565318040720124,14526,0.4375997146534147,-0.8264506799462995,1.2101685738593702,0.5576798011214877
KEN,Kenya,Africa,2002,3319472,20287,0.611151412031793,-0.4924105403110835,14368,0.4328399215296891,-0.8373873155704321,1.3005455919287368,1.2101685738593702
KEN,Kenya,Africa,2003,3319472,13553,0.4082878240876862,-0.8957829020963971,9643,0.2904980069119426,-1.2361585636020287,1.102406798243802,1.3005455919287368
KEN,Kenya,Africa,2004,3319472,16988,0.5117681366193177,-0.6698836146792513,14033,0.4227479550964731,-0.8609791283612773,1.9521765525374957,1.102406798243802
KEN,Kenya,Africa,2005,3319472,12745,0.3839466035562282,-0.9572517893021972,10272,0.3094468035880405,-1.1729690801826709,1.8953181009006475,1.9521765525374957
KEN,Kenya,Africa,2006,3319472,20656,0.622267637744798,-0.4743849930259892,16490,0.4967657506977013,-0.6996366905587683,1.5986464140149879,1.8953181009006475
KEN,Kenya,Africa,2007,3319472,26103,0.7863599994215947,-0.2403405768782789,20028,0.603348966341635,-0.5052595326625776,1.4164758593143774,1.5986464140149879
KEN,Kenya,Africa,2008,3319472,19224,0.5791282469019169,-0.5462313286961082,14749,0.4443176505179136,-0.8112155432529107,2.0274406213314102,1.4164758593143774
KEN,Kenya,Africa,2009,3319472,17696,0.5330968298572785,-0.6290522017903517,14791,0.4455829119811825,-0.808371939441043,1.4502028001604834,2.0274406213314102
KEN,Kenya,Africa,2010,3319472,22692,0.6836026934404026,-0.3803783876659551,18698,0.5632823533381213,-0.573974260861152,2.4295470894734685,1.4502028001604834
KEN,Kenya,Africa,2011,3319472,17300,0.5211672217750293,-0.6516843256265427,12865,0.3875616363084249,-0.9478803813965684,2.8068653489557094,2.4295470894734685
KEN,Kenya,Africa,2012,3319472,17899,0.539212260263078,-0.617645981765913,12441,0.3747885205839965,-0.981393357197922,3.0321029408322837,2.8068653489557094
KEN,Kenya,Africa,2013,3319472,13564,0.4086192020899709,-0.8949716028668837,8337,0.2511544004588681,-1.3816873877017994,2.938010414911764,3.0321029408322837
KEN,Kenya,Africa,2014,3319472,15357,0.4626338164623771,-0.77081943098672,9556,0.2878771081666,-1.2452215976667127,4.035949326119171,2.938010414911764
KEN,Kenya,Africa,2015,3319472,15615,0.4704061368796001,-0.754158836395234,8923,0.2688078103987622,-1.3137586142122617,4.005951210705624,4.035949326119171
KEN,Kenya,Africa,2016,3319472,19049,0.5738563241382967,-0.5553762203737149,11226,0.3381863139680045,-1.0841583106102683,3.627707090603891,4.005951210705624
KEN,Kenya,Africa,2017,3319472,22163,0.667666424057802,-0.4039665953527392,14173,0.4269654933073694,-0.8510520809455075,3.8385476330253625,3.627707090603891
KEN,Kenya,Africa,2018,3319472,15908,0.4792328418495472,-0.7355686997848317,10856,0.3270399629820646,-1.117672904597708,3.3649183684305326,3.8385476330253625
KEN,Kenya,Africa,2019,3319472,15950,0.480498103312816,-0.7329319978994224,11318,0.3409578390780221,-1.0759964484099438,4.13451040517804,3.3649183684305326
KEN,Kenya,Africa,2020,3319472,19045,0.5737358230465568,-0.5555862271997086,12831,0.3865373770286359,-0.9505267092173948,4.132098956659332,4.13451040517804
KEN,Kenya,Africa,2021,3319472,7564,0.2278675644801341,-1.478990676334065,6054,0.1823784023483252,-1.701671616530749,4.292416934242805,4.132098956659332
KEN,Kenya,Africa,2022,3319472,6639,0.2000016870152843,-1.6094294773932536,4940,0.1488188482987656,-1.905025495930445,4.209415458693312,4.292416934242805
KEN,Kenya,Africa,2023,3319472,11257,0.3391201974289887,-1.081400669757609,7977,0.2403093022022779,-1.4258284262012837,3.6371847464278795,4.209415458693312
KEN,Kenya,Africa,2024,3319472,14102,0.4248265989289863,-0.8560741958334271,9479,0.285557462150607,-1.2533120016593715,4.521826074594703,3.6371847464278795
KEN,Kenya,Africa,2025,3319472,10418,0.3138450934365465,-1.158855747807276,6535,0.1968686586300471,-1.6252184800540908,5.211175509816599,4.521826074594703
KHM,Cambodia,Asia-Pacific,2001,8828152,28491,0.3227289244679974,-1.1309425512542923,25183,0.2852578886272008,-1.2543616354875513,0.5302596852505872,0.216096205768256
KHM,Cambodia,Asia-Pacific,2002,8828152,54916,0.6220554426339737,-0.4747260541478589,52415,0.5937256177736858,-0.5213379892786815,0.6421024975187918,0.5302596852505872
KHM,Cambodia,Asia-Pacific,2003,8828152,56855,0.6440192692649606,-0.4400266321065313,53364,0.6044753194099965,-0.5033944378666578,0.6543389112366128,0.6421024975187918
KHM,Cambodia,Asia-Pacific,2004,8828152,79295,0.8982061024776193,-0.1073557242326533,75162,0.8513899624745926,-0.1608850150931076,1.1542888787849563,0.6543389112366128
KHM,Cambodia,Asia-Pacific,2005,8828152,64684,0.7327014759147781,-0.3110169234675201,60711,0.6876977197492748,-0.3744058984255854,1.0275341271874174,1.1542888787849563
KHM,Cambodia,Asia-Pacific,2006,8828152,80560,0.9125352621930388,-0.0915285507729106,73794,0.8358940806637675,-0.179253371694889,0.8408560170067855,1.0275341271874174
KHM,Cambodia,Asia-Pacific,2007,8828152,77702,0.8801615558952769,-0.1276498021151444,72297,0.818936964383939,-0.1997481646553226,0.9493605822036706,0.8408560170067855
KHM,Cambodia,Asia-Pacific,2008,8828152,83510,0.9459510891973768,-0.0555644140180794,80748,0.9146648132021288,-0.0891976051890362,1.432519098850451,0.9493605822036706
KHM,Cambodia,Asia-Pacific,2009,8828152,121050,1.3711816470763076,0.3156728842008499,113327,1.2837001447188494,0.2497466458444618,1.0297879975898139,1.432519098850451
KHM,Cambodia,Asia-Pacific,2010,8828152,237975,2.6956377733414647,0.9916348269541514,228306,2.586113152560128,0.950156035216123,1.5537594084630253,1.0297879975898139
KHM,Cambodia,Asia-Pacific,2011,8828152,192185,2.176956173840233,0.7779276506029318,187275,2.121338644826233,0.7520473256507291,1.8059804596595745,1.5537594084630253
KHM,Cambodia,Asia-Pacific,2012,8828152,195569,2.215288092003853,0.7953824591495876,188330,2.1332890507549034,0.7576649440234384,1.9995650139621581,1.8059804596595745
KHM,Cambodia,Asia-Pacific,2013,8828152,190116,2.1535197853412584,0.7671036129976887,186251,2.1097393882660835,0.7465644271895545,1.8998020774958762,1.9995650139621581
KHM,Cambodia,Asia-Pacific,2014,8828152,161842,1.833248906452902,0.6060897514842447,157510,1.7841786140519555,0.5789581491304265,2.3942198832750607,1.8998020774958762
KHM,Cambodia,Asia-Pacific,2015,8828152,132857,1.5049242468865511,0.4087425626393755,128986,1.461075885417469,0.3791730721571764,2.301660148654331,2.3942198832750607
KHM,Cambodia,Asia-Pacific,2016,8828152,182886,2.071622690683169,0.7283322087240494,170716,1.9337682450415443,0.6594705579176654,2.154184568002635,2.301660148654331
KHM,Cambodia,Asia-Pacific,2017,8828152,118468,1.3419343028982735,0.2941120827299168,109938,1.2453115895603066,0.2193857713428754,2.21940823618275,2.154184568002635
KHM,Cambodia,Asia-Pacific,2018,8828152,113205,1.2823182020427375,0.2486695352217238,109455,1.2398404558507827,0.2149827067024755,1.9422391173883455,2.21940823618275
KHM,Cambodia,Asia-Pacific,2019,8828152,143345,1.623726007436211,0.4847235128726965,136691,1.5483534945932058,0.4371921047787111,2.3148489489140713,1.9422391173883455
KHM,Cambodia,Asia-Pacific,2020,8828152,143529,1.6258102488493629,0.4860063061912398,136746,1.5489765015373549,0.4375943912340317,2.3913469895597923,2.3148489489140713
KHM,Cambodia,Asia-Pacific,2021,8828152,144263,1.6341245597040015,0.4911072234614672,138069,1.5639626503938764,0.4472227610156383,2.6486853898339797,2.3913469895597923
KHM,Cambodia,Asia-Pacific,2022,8828152,103880,1.1766902065120763,0.1627055876113301,97822,1.108068823463846,0.1026187014356051,2.6579625041264126,2.6486853898339797
KHM,Cambodia,Asia-Pacific,2023,8828152,120846,1.3688708576834654,0.3139862085355817,113561,1.2863507560812275,0.2518093383003577,2.294688988001854,2.6579625041264126
KHM,Cambodia,Asia-Pacific,2024,8828152,93478,1.058862602275085,0.0571953153077727,85743,0.9712451711298128,-0.0291763491223557,2.572793043678673,2.294688988001854
KHM,Cambodia,Asia-Pacific,2025,8828152,59084,0.6692680416014586,-0.4015706390048641,50290,0.569654894931578,-0.5627245489993442,2.850427406717126,2.572793043678673
LAO,Laos,Asia-Pacific,2001,19118849,36460,0.1907018565814291,-1.657044030809997,16840,0.0880806161500621,-2.429502791246333,0.3569203504547965,0.16394301180267457
LAO,Laos,Asia-Pacific,2002,19118849,55887,0.2923136220177271,-1.229928005084833,24862,0.1300392089502877,-2.03991926669099,0.3849455977068763,0.3569203504547965
LAO,Laos,Asia-Pacific,2003,19118849,87073,0.4554301359877888,-0.786512952777373,29591,0.1547739615496728,-1.865789539018359,0.3283860615538053,0.3849455977068763
LAO,Laos,Asia-Pacific,2004,19118849,64240,0.336003490586698,-1.0906337304220075,29633,0.154993640046009,-1.8643711948659565,0.5814322403891217,0.3283860615538053
LAO,Laos,Asia-Pacific,2005,19118849,68320,0.3573436873736489,-1.0290572505801994,26260,0.1373513646140518,-1.9852129311858635,0.5627314801955714,0.5814322403891217
LAO,Laos,Asia-Pacific,2006,19118849,122640,0.641461209301878,-0.4440065654969551,54226,0.2836258605316669,-1.2600993018394289,0.47415784707781305,0.5627314801955714
LAO,Laos,Asia-Pacific,2007,19118849,132976,0.6955230411621537,-0.3630911392498432,65015,0.3400570818881409,-1.0786417875572307,0.42400077647485224,0.47415784707781305
LAO,Laos,Asia-Pacific,2008,19118849,80584,0.4214898083038367,-0.8639596814201339,41739,0.2183133513947414,-1.5218238565326645,0.6082809950877259,0.42400077647485224
LAO,Laos,Asia-Pacific,2009,19118849,145559,0.7613376725764193,-0.2726782973593895,73680,0.3853788478584667,-0.9535284081134624,0.43519294102847716,0.6082809950877259
LAO,Laos,Asia-Pacific,2010,19118849,167098,0.8739961281141977,-0.1346793334117031,69823,0.3652050392782536,-1.007296331675655,0.725833978788054,0.43519294102847716
LAO,Laos,Asia-Pacific,2011,19118849,130902,0.6846751077954536,-0.3788108484225716,70910,0.3708905279810516,-0.9918483327446084,0.8387658679131539,0.725833978788054
LAO,Laos,Asia-Pacific,2012,19118849,147533,0.7716625619042234,-0.2592079204906388,67677,0.3539805142035485,-1.0385134119861177,0.9069956555923829,0.8387658679131539
LAO,Laos,Asia-Pacific,2013,19118849,205603,1.075394235291047,0.0726873248537308,60310,0.3154478598580908,-1.1537618725976184,0.8781345247417935,0.9069956555923829
LAO,Laos,Asia-Pacific,2014,19118849,243826,1.2753173582782102,0.243195056091318,73947,0.3867753754423187,-0.9499111796779252,1.2022073395924848,0.8781345247417935
LAO,Laos,Asia-Pacific,2015,19118849,284935,1.4903355322279075,0.3990012840207405,79043,0.4134296996644515,-0.883267791875605,1.1918538812899555,1.2022073395924848
LAO,Laos,Asia-Pacific,2016,19118849,387635,2.027501760173952,0.7068043751569687,108147,0.5656564367447016,-0.5697683872972265,1.0806429405971274,1.1918538812899555
LAO,Laos,Asia-Pacific,2017,19118849,349044,1.825653835123652,0.6019381886937589,95949,0.501855524880185,-0.6894429997559564,1.1423120200224077,1.0806429405971274
LAO,Laos,Asia-Pacific,2018,19118849,294658,1.5411911041297517,0.4325555617117795,90052,0.4710116179064963,-0.7528725188017865,1.0013018673415184,1.1423120200224077
LAO,Laos,Asia-Pacific,2019,19118849,364695,1.9075154576512423,0.6458015877615924,120558,0.6305714324120663,-0.4611288351300428,1.2289522949457863,1.0013018673415184
LAO,Laos,Asia-Pacific,2020,19118849,357519,1.869981817420076,0.6259287075144514,119050,0.6226839283055167,-0.4737162271276421,1.2297117709113454,1.2289522949457863
LAO,Laos,Asia-Pacific,2021,19118849,317563,1.6609943412388477,0.5074164237854072,115275,0.6029390158371981,-0.5059392219677447,1.280542944082212,1.2297117709113454
LAO,Laos,Asia-Pacific,2022,19118849,321688,1.6825699078433016,0.5203223316547292,135568,0.7090803426503343,-0.3437864406044055,1.2569285512286248,1.280542944082212
LAO,Laos,Asia-Pacific,2023,19118849,445461,2.3299572061058695,0.8458499009307758,175628,0.9186117846320142,-0.084891678267863,1.0860239083709107,1.2569285512286248
LAO,Laos,Asia-Pacific,2024,19118849,351226,1.8370666560523596,0.6081700908508831,143672,0.7514678315624544,-0.2857268763440785,1.3448582220892054,1.0860239083709107
LAO,Laos,Asia-Pacific,2025,19118849,230200,1.2040473775382607,0.1856886962272683,87602,0.4581970389535479,-0.7804559713285643,1.547708043111089,1.3448582220892054
LBR,Liberia,Africa,2001,9384718,29186,0.3109949601042887,-1.1679785723866607,10428,0.1111168177882382,-2.1971732185609594,-0.5099394922962415,-0.4836554722694073
LBR,Liberia,Africa,2002,9384718,56985,0.6072105736155311,-0.498879639324516,13859,0.1476762540973527,-1.912732873545549,-0.03057184130476759,-0.5099394922962415
LBR,Liberia,Africa,2003,9384718,21605,0.2302146958491454,-1.468742945248318,6416,0.0683664655666797,-2.6828728440680014,0.09859697960885896,-0.03057184130476759
LBR,Liberia,Africa,2004,9384718,6234,0.0664271425097696,-2.711649533287069,1518,0.0161752329691739,-4.124274035658776,0.11355747736613288,0.09859697960885896
LBR,Liberia,Africa,2005,9384718,11324,0.1206642543761037,-2.1147433473825616,2815,0.0299955736549569,-3.506705453040561,-0.06766414925480868,0.11355747736613288
LBR,Liberia,Africa,2006,9384718,36221,0.3859572551887014,-0.9520286535023,9988,0.10642834446384,-2.240283342214688,0.03653877408759219,-0.06766414925480868
LBR,Liberia,Africa,2007,9384718,44282,0.4718522176159155,-0.7510894406934443,11322,0.1206429431337201,-2.1149199790177464,0.5777414959423137,0.03653877408759219
LBR,Liberia,Africa,2008,9384718,36173,0.3854457853714944,-0.953354730443315,9638,0.102698877046705,-2.2759540964140736,0.8351219102960726,0.5777414959423137
LBR,Liberia,Africa,2009,9384718,75136,0.8006207538681503,-0.222367909866638,18453,0.196628177852547,-1.6264407557378735,0.4488414912603492,0.8351219102960726
LBR,Liberia,Africa,2010,9384718,20358,0.2169271362229531,-1.5281937596020665,5640,0.0600977035218319,-2.811783649122247,0.7360548582627259,0.4488414912603492
LBR,Liberia,Africa,2011,9384718,34444,0.3670222163308476,-1.002332897798296,11062,0.1178724816238484,-2.1381519030597285,0.9367443915504524,0.7360548582627259
LBR,Liberia,Africa,2012,9384718,72114,0.7684194666264879,-0.2634195144335078,21937,0.2337523620848277,-1.453493005688664,0.793887153591153,0.9367443915504524
LBR,Liberia,Africa,2013,9384718,155536,1.6573326976900105,0.5052095014464986,43546,0.4640096804187403,-0.7678498640020873,0.559820661266695,0.793887153591153
LBR,Liberia,Africa,2014,9384718,164049,1.7480440008959246,0.5584974490537874,48764,0.5196107117976267,-0.6546753789293148,0.5645946197362777,0.559820661266695
LBR,Liberia,Africa,2015,9384718,186010,1.982052097889356,0.6841327210766449,39856,0.424690438220946,-0.85639475611239,0.3871902269092734,0.5645946197362777
LBR,Liberia,Africa,2016,9384718,168586,1.7963885542431857,0.5857782907143686,39094,0.4165708548727836,-0.8756987121013845,0.5581336932701224,0.3871902269092734
LBR,Liberia,Africa,2017,9384718,203293,2.16621319894748,0.772980573535218,42410,0.4519048947448394,-0.7942835311457153,0.5453310342801893,0.5581336932701224
LBR,Liberia,Africa,2018,9384718,204932,2.1836777620808636,0.7810105021620793,48778,0.5197598904943121,-0.6543883230949843,0.25959993655273217,0.5453310342801893
LBR,Liberia,Africa,2019,9384718,171766,1.8302734296331544,0.6044653707920897,36500,0.3889301735012176,-0.9443554540437687,0.24217053690803148,0.25959993655273217
LBR,Liberia,Africa,2020,9384718,220122,2.345536647984521,0.8525142234711829,50586,0.5390252536091121,-0.6179928564636211,0.5526860499798865,0.24217053690803148
LBR,Liberia,Africa,2021,9384718,129838,1.3835045443027696,0.3246198048818557,29082,0.30988677550034,-1.1715482885409207,0.9537318237020278,0.5526860499798865
LBR,Liberia,Africa,2022,9384718,152104,1.6207626057597042,0.4828967827750703,42729,0.4553040379050281,-0.7867898680116557,1.0195914170023115,0.9537318237020278
LBR,Liberia,Africa,2023,9384718,155263,1.6544237131046453,0.5034527385855408,43078,0.4590228497009713,-0.7786552886770512,0.5655644193833362,1.0195914170023115
LBR,Liberia,Africa,2024,9384718,166499,1.7741502728158691,0.5733215887642418,52933,0.5640339965463,-0.5726407517363358,0.67482169889454,0.5655644193833362
LBR,Liberia,Africa,2025,9384718,145881,1.5544526750830443,0.4411235062340431,44019,0.4690497892424684,-0.7570463557387751,0.7379869079956463,0.67482169889454
LKA,Sri Lanka,Asia-Pacific,2001,3939917,3760,0.0954334824819913,-2.349325792690346,3253,0.0825651910941271,-2.494167102600935,0.7130535261889864,0.33073226736453404
LKA,Sri Lanka,Asia-Pacific,2002,3939917,3428,0.0870069090287942,-2.441767749356616,2959,0.0751031049638863,-2.588893376674077,0.7608426319842226,0.7130535261889864
LKA,Sri Lanka,Asia-Pacific,2003,3939917,3149,0.0799255415786677,-2.5266598079732616,2822,0.0716258743521754,-2.6362988966615273,0.6366054599904019,0.7608426319842226
LKA,Sri Lanka,Asia-Pacific,2004,3939917,5599,0.1421095926640078,-1.9511567397253933,4842,0.1228959899409048,-2.096416891576282,1.12765628354951,0.6366054599904019
LKA,Sri Lanka,Asia-Pacific,2005,3939917,4682,0.118834990686352,-2.1300193810234305,3767,0.095611151199378,-2.3474658213822455,1.101855079914237,1.12765628354951
LKA,Sri Lanka,Asia-Pacific,2006,3939917,7731,0.1962224077309242,-1.6285065297538115,6295,0.1597749394213126,-1.833989082595839,0.9313370193829738,1.101855079914237
LKA,Sri Lanka,Asia-Pacific,2007,3939917,10242,0.2599547147820626,-1.3472478370517909,9000,0.2284312080685963,-1.4765201727559298,0.8097582633485094,0.9313370193829738
LKA,Sri Lanka,Asia-Pacific,2008,3939917,6500,0.1649780947162085,-1.8019425731905576,5407,0.1372363935585445,-1.9860503396922815,1.1534582385487686,0.8097582633485094
LKA,Sri Lanka,Asia-Pacific,2009,3939917,13974,0.3546775223945073,-1.0365462899618905,12340,0.3132045675073865,-1.1608987316149075,0.8246666441983634,1.1534582385487686
LKA,Sri Lanka,Asia-Pacific,2010,3939917,7231,0.1835317850604467,-1.6953674108993346,6154,0.156196183828238,-1.8566424731922992,1.39454191373469,0.8246666441983634
LKA,Sri Lanka,Asia-Pacific,2011,3939917,14737,0.374043412589656,-0.9833834118610236,13399,0.340083306323458,-1.0785646727856784,1.6102943485058567,1.39454191373469
LKA,Sri Lanka,Asia-Pacific,2012,3939917,14428,0.3662006077793009,-1.0045739870508568,12994,0.3298039019603712,-1.1092570376338102,1.7358330805864546,1.6102943485058567
LKA,Sri Lanka,Asia-Pacific,2013,3939917,7953,0.2018570441966163,-1.6001955341171512,7008,0.1778717673494137,-1.726692396458059,1.6848181895473504,1.7358330805864546
LKA,Sri Lanka,Asia-Pacific,2014,3939917,12351,0.3134837612061371,-1.160007718636272,11120,0.2822394481914212,-1.264999461269713,2.3307356874411713,1.6848181895473504
LKA,Sri Lanka,Asia-Pacific,2015,3939917,7403,0.1878973592590909,-1.671859426631188,6675,0.1694198126508756,-1.7753755458058362,2.319065345622005,2.3307356874411713
LKA,Sri Lanka,Asia-Pacific,2016,3939917,17490,0.4439179810133056,-0.8121154610616387,15594,0.3957951398468546,-0.9268585252047412,2.094816242000606,2.319065345622005
LKA,Sri Lanka,Asia-Pacific,2017,3939917,13066,0.33163135162492,-1.103731313673591,11030,0.2799551361107353,-1.2731259168267384,2.2211011215557503,2.094816242000606
LKA,Sri Lanka,Asia-Pacific,2018,3939917,13161,0.3340425699323107,-1.0964868392399627,11334,0.2876710346943857,-1.2459376923447218,1.9472959037843218,2.2211011215557503
LKA,Sri Lanka,Asia-Pacific,2019,3939917,10307,0.2616044957292247,-1.3409214740374935,9128,0.2316800074722386,-1.462398137532375,2.3980770169902033,1.9472959037843218
LKA,Sri Lanka,Asia-Pacific,2020,3939917,11216,0.284676047744153,-1.256403419799915,10325,0.2620613581453619,-1.3391766112450527,2.3907917552341247,2.3980770169902033
LKA,Sri Lanka,Asia-Pacific,2021,3939917,13296,0.3374690380533397,-1.086281511979057,12312,0.3124938926378398,-1.1631703535555713,2.471106866560477,2.3907917552341247
LKA,Sri Lanka,Asia-Pacific,2022,3939917,8412,0.2135070358081147,-1.544085492251696,7832,0.1987859135103607,-1.61552684486394,2.4187493046998094,2.471106866560477
LKA,Sri Lanka,Asia-Pacific,2023,3939917,11721,0.2974935766413353,-1.212362645351106,11074,0.2810719109057373,-1.269144731691374,2.090090256032987,2.4187493046998094
LKA,Sri Lanka,Asia-Pacific,2024,3939917,11775,0.2988641638897469,-1.207766110189668,11054,0.2805642859989182,-1.270952396681078,2.61961859601804,2.090090256032987
LKA,Sri Lanka,Asia-Pacific,2025,3939917,15243,0.3868863227321794,-0.9496243688124448,14492,0.367825007481122,-1.0001479770593185,3.027642323842352,2.61961859601804
MDG,Madagascar,Africa,2001,17141084,86957,0.5073016385661491,-0.6786495044400411,16199,0.0945039415243516,-2.359113736099848,0.4049191206723126,0.1667885315449319
MDG,Madagascar,Africa,2002,17141084,89318,0.5210755632490921,-0.6518602127182846,23067,0.1345714191704562,-2.0056602233196954,0.47504223088443304,0.4049191206723126
MDG,Madagascar,Africa,2003,17141084,84248,0.4914975038918192,-0.7102984179595528,23950,0.1397227853267623,-1.968094924180925,0.403021771192978,0.47504223088443304
MDG,Madagascar,Africa,2004,17141084,81845,0.4774785538650881,-0.739236033441531,18717,0.1091937942781215,-2.21463104624109,0.7085710940867478,0.403021771192978
MDG,Madagascar,Africa,2005,17141084,93628,0.5462198306711524,-0.604733763990191,28705,0.1674631546056247,-1.7869919244182488,0.6810329139665309,0.7085710940867478
MDG,Madagascar,Africa,2006,17141084,71034,0.4144078635866903,-0.8809046123802948,33787,0.1971112212039798,-1.623987134916959,0.5855280150879143,0.6810329139665309
MDG,Madagascar,Africa,2007,17141084,188580,1.1001637936083857,0.0954590719996822,58015,0.3384558409491488,-1.0833616502383403,0.5480542415554981,0.5855280150879143
MDG,Madagascar,Africa,2008,17141084,123502,0.7205028573455448,-0.32780589776896,43307,0.2526502991292733,-1.375748963277878,0.7778411003623479,0.5480542415554981
MDG,Madagascar,Africa,2009,17141084,136537,0.796548222971196,-0.2274676078725122,43474,0.2536245665676686,-1.3719001897871754,0.5423539289784063,0.7778411003623479
MDG,Madagascar,Africa,2010,17141084,107219,0.625508865133617,-0.4691897763001186,39754,0.2319223218321548,-1.4613527830694415,0.9242700682201553,0.5423539289784063
MDG,Madagascar,Africa,2011,17141084,162323,0.9469821161835504,-0.0544750706802371,43428,0.2533562054768531,-1.372958853668243,1.0745845425869525,0.9242700682201553
MDG,Madagascar,Africa,2012,17141084,128468,0.7494741872801043,-0.2883834019523598,35361,0.2062938376592752,-1.5784537301253068,1.1361198769908711,1.0745845425869525
MDG,Madagascar,Africa,2013,17141084,299350,1.7463889681656073,0.5575502093335122,45594,0.2659925124922088,-1.324287119122146,1.0855667353519787,1.1361198769908711
MDG,Madagascar,Africa,2014,17141084,416682,2.4308964357213347,0.8882600929132848,75859,0.4425566084385328,-0.8151868940416774,1.4941406093225398,1.0855667353519787
MDG,Madagascar,Africa,2015,17141084,301789,1.7606179399155852,0.5656648496528619,51898,0.3027696498074451,-1.1947829942539951,1.4747302967228322,1.4941406093225398
MDG,Madagascar,Africa,2016,17141084,383656,2.238224840389324,0.8056830697180623,53228,0.3105287856940669,-1.169478674356353,1.3474014095578664,1.4747302967228322
MDG,Madagascar,Africa,2017,17141084,510357,2.9773904614200597,1.091047232794796,97310,0.5677003858099056,-0.5661614892039514,1.4275771818911684,1.3474014095578664
MDG,Madagascar,Africa,2018,17141084,366620,2.138837893799482,0.7602626412533697,64586,0.3767906393784663,-0.9760655790023436,1.2318842400384151,1.4275771818911684
MDG,Madagascar,Africa,2019,17141084,254243,1.4832375828739883,0.3942272545550735,50814,0.2964456623630104,-1.215891340870332,1.5137818299005923,1.2318842400384151
MDG,Madagascar,Africa,2020,17141084,241112,1.4066321593196789,0.3411983077895859,37131,0.2166199057189148,-1.529611047811854,1.5334042293468,1.5137818299005923
MDG,Madagascar,Africa,2021,17141084,234880,1.3702750654509366,0.3150114973883019,44865,0.2617395725964589,-1.3404052672878275,1.6110279320300607,1.5334042293468
MDG,Madagascar,Africa,2022,17141084,256380,1.4957047057233954,0.4025974708461397,38912,0.2270101470828799,-1.482760561694147,1.581513355706301,1.6110279320300607
MDG,Madagascar,Africa,2023,17141084,303191,1.7687971192487009,0.5702997219124988,49296,0.2875897463660991,-1.2462203061835369,1.3380114979932953,1.581513355706301
MDG,Madagascar,Africa,2024,17141084,231219,1.3489170229840772,0.2993020653145837,39326,0.2294253969002193,-1.4721773703004837,1.688799913952925,1.3380114979932953
MDG,Madagascar,Africa,2025,17141084,262864,1.5335319516548662,0.4275735401261321,38897,0.226922638031527,-1.483146121210034,1.9540722884551494,1.688799913952925
MEX,México,Latin America & Caribbean,2001,53168926,158267,0.2976682282429402,-1.211775740730598,136916,0.2575113140333133,-1.3566916218501417,0.8274014199507196,0.336746866749242
MEX,México,Latin America & Caribbean,2002,53168926,158812,0.2986932630536866,-1.2083381082370994,134368,0.2527190411933466,-1.3754769164439586,0.9894293562412515,0.8274014199507196
MEX,México,Latin America & Caribbean,2003,53168926,152535,0.286887495150833,-1.248665143034531,130910,0.2462152423391061,-1.4015491567537337,0.9148745005634045,0.9894293562412515
MEX,México,Latin America & Caribbean,2004,53168926,169830,0.3194158934111251,-1.141261284229063,146924,0.2763343385946897,-1.2861437746638256,1.6105601587574387,0.9148745005634045
MEX,México,Latin America & Caribbean,2005,53168926,206862,0.3890655982029804,-0.944007316668076,181377,0.3411334658142239,-1.07548148292417,1.490818846712888,1.6105601587574387
MEX,México,Latin America & Caribbean,2006,53168926,179070,0.336794465248367,-1.0882824300970733,130085,0.2446635841393523,-1.4078711380005786,1.2537378385600457,1.490818846712888
MEX,México,Latin America & Caribbean,2007,53168926,218643,0.4112232772954639,-0.888618958234553,193776,0.3644534779581592,-1.0093563681670463,1.2885272444348568,1.2537378385600457
MEX,México,Latin America & Caribbean,2008,53168926,184334,0.3466949849617048,-1.0593098914615282,151040,0.2840757024130974,-1.258514518548551,1.8866370777002772,1.2885272444348568
MEX,México,Latin America & Caribbean,2009,53168926,281120,0.5287298825633604,-0.6372775965069543,226801,0.426566825893756,-0.8519862399307888,1.3352468842784915,1.8866370777002772
MEX,México,Latin America & Caribbean,2010,53168926,166829,0.3137716191596573,-1.1590898852218805,143044,0.2690368430613024,-1.312906945705712,2.1388017236028483,1.3352468842784915
MEX,México,Latin America & Caribbean,2011,53168926,186828,0.3513856947195059,-1.0458708134502035,142441,0.2679027219771187,-1.3171313420609485,2.4870561554615245,2.1388017236028483
MEX,México,Latin America & Caribbean,2012,53168926,174713,0.3285998291558494,-1.112914593294353,145626,0.2738930630270771,-1.295017529696564,2.6888354450025993,2.4870561554615245
MEX,México,Latin America & Caribbean,2013,53168926,218916,0.411736735099746,-0.8873711263516586,174312,0.3278456292308782,-1.1152124239737646,2.5600657808437743,2.6888354450025993
MEX,México,Latin America & Caribbean,2014,53168926,170606,0.3208753925178026,-1.1367024165183357,146140,0.2748597931054691,-1.2914941545826697,3.3721097225336196,2.5600657808437743
MEX,México,Latin America & Caribbean,2015,53168926,197533,0.3715196353599469,-0.9901535619547164,154678,0.2909180448745569,-1.2347136842100717,3.285076434153368,3.3721097225336196
MEX,México,Latin America & Caribbean,2016,53168926,273930,0.5152069462527793,-0.6631866216493829,225695,0.4244866635071771,-0.8568746906684811,3.0380588073906267,3.285076434153368
MEX,México,Latin America & Caribbean,2017,53168926,298634,0.5616701755457689,-0.5768404776208022,238316,0.4482242127666825,-0.8024616968373269,3.175719480967446,3.0380588073906267
MEX,México,Latin America & Caribbean,2018,53168926,267178,0.5025077993864311,-0.6881441180023312,218197,0.4103844414686879,-0.8906608964955495,2.756826951403152,3.175719480967446
MEX,México,Latin America & Caribbean,2019,53168926,327305,0.6155945297823018,-0.4851667630505554,252339,0.4745986405668604,-0.7452857993611872,3.338263583061414,2.756826951403152
MEX,México,Latin America & Caribbean,2020,53168926,299298,0.5629190252968435,-0.5746194883680179,215681,0.4056523541588935,-0.9022587567340312,3.4158634010085533,3.338263583061414
MEX,México,Latin America & Caribbean,2021,53168926,189046,0.3555573042795711,-1.0340688492563397,136666,0.2570411145788425,-1.3585192279761755,3.684600948439155,3.4158634010085533
MEX,México,Latin America & Caribbean,2022,53168926,178845,0.3363712857393433,-1.0895397120195365,129850,0.2442215966521498,-1.409679282836984,3.6570561510991113,3.684600948439155
MEX,México,Latin America & Caribbean,2023,53168926,226363,0.4257430364495231,-0.85391931553429,172004,0.3235047478672035,-1.128541488588747,3.1224573267868982,3.6570561510991113
MEX,México,Latin America & Caribbean,2024,53168926,330819,0.6222036533143438,-0.4744878229280854,171860,0.3232339129814283,-1.1293790290606645,3.7213334393175463,3.1224573267868982
MEX,México,Latin America & Caribbean,2025,53168926,224048,0.4213889895011232,-0.8641989063323201,130661,0.2457469236824531,-1.403453038110718,4.219696528905934,3.7213334393175463
MMR,Myanmar,Asia-Pacific,2001,42863361,44804,0.1045275007715797,-2.2583050769209043,14539,0.0339194119658512,-3.383767804121109,0.3126113924218755,0.1272619930843813
MMR,Myanmar,Asia-Pacific,2002,42863361,66119,0.1542552857672547,-1.869146349248882,24108,0.0562438395813151,-2.8780587624495997,0.3788958391668346,0.3126113924218755
MMR,Myanmar,Asia-Pacific,2003,42863361,77224,0.1801631934555948,-1.7138922085240833,27667,0.0645469682137152,-2.7403621308217168,0.38658716682394156,0.3788958391668346
MMR,Myanmar,Asia-Pacific,2004,42863361,102186,0.2383994106295117,-1.4338078159856436,39685,0.0925849001901647,-2.3796292155275585,0.6819446838591702,0.38658716682394156
MMR,Myanmar,Asia-Pacific,2005,42863361,91847,0.2142785769879314,-1.5404783488915057,41896,0.0977431517794416,-2.325412141093211,0.6067263335289714,0.6819446838591702
MMR,Myanmar,Asia-Pacific,2006,42863361,127464,0.2973728541725881,-1.2127685262821897,65424,0.1526338543540717,-1.879713334448111,0.4963981700179348,0.6067263335289714
MMR,Myanmar,Asia-Pacific,2007,42863361,146598,0.3420123774241595,-1.0729083512757092,75712,0.1766357052588573,-1.7336658297144758,0.5612740737009324,0.4963981700179348
MMR,Myanmar,Asia-Pacific,2008,42863361,119217,0.2781326457344304,-1.279657136158385,59698,0.1392751259053157,-1.9713039790705271,0.8471556904923903,0.5612740737009324
MMR,Myanmar,Asia-Pacific,2009,42863361,216306,0.5046407816689876,-0.68390842624507,109569,0.2556239115266766,-1.3640480102804873,0.6090059860879663,0.8471556904923903
MMR,Myanmar,Asia-Pacific,2010,42863361,169913,0.3964061520980587,-0.92531595672227,81026,0.1890332398338991,-1.6658324072491533,0.9183673312511106,0.6090059860879663
MMR,Myanmar,Asia-Pacific,2011,42863361,135717,0.3166270605797804,-1.1500306627311216,68663,0.1601904246379559,-1.8313920174329057,1.0674815261896689,0.9183673312511106
MMR,Myanmar,Asia-Pacific,2012,42863361,225188,0.5253624418299816,-0.643666889192638,102846,0.2399391872233257,-1.4273697743174223,1.1820654905170207,1.0674815261896689
MMR,Myanmar,Asia-Pacific,2013,42863361,248186,0.5790166571398823,-0.5464240330148692,79173,0.1847102003970244,-1.6889671664636403,1.1229687307449612,1.1820654905170207
MMR,Myanmar,Asia-Pacific,2014,42863361,331445,0.7732594744495188,-0.2571406147283383,113380,0.2645149548585329,-1.3298574891742396,1.4145140258989113,1.1229687307449612
MMR,Myanmar,Asia-Pacific,2015,42863361,293305,0.6842790512857823,-0.3793894748405481,80158,0.1870082003135498,-1.676602811144902,1.359563227938631,1.4145140258989113
MMR,Myanmar,Asia-Pacific,2016,42863361,362552,0.8458319449097798,-0.1674345857875258,95320,0.2223810680641679,-1.503362845839856,1.2727078985920088,1.359563227938631
MMR,Myanmar,Asia-Pacific,2017,42863361,341844,0.7975202877814458,-0.2262480054223255,82335,0.1920871300782969,-1.6498062074004352,1.3110292107262902,1.2727078985920088
MMR,Myanmar,Asia-Pacific,2018,42863361,278708,0.6502243256192626,-0.4304378592940722,75522,0.176192436239426,-1.7361784935329745,1.1472901869328442,1.3110292107262902
MMR,Myanmar,Asia-Pacific,2019,42863361,309418,0.721870597128396,-0.3259093845066538,90231,0.2105084573279262,-1.5582294493369722,1.3671306700379544,1.1472901869328442
MMR,Myanmar,Asia-Pacific,2020,42863361,310005,0.7232400650989548,-0.3240140716890188,84290,0.1966481349887611,-1.6263392640610066,1.4126034247679184,1.3671306700379544
MMR,Myanmar,Asia-Pacific,2021,42863361,304151,0.7095827133107924,-0.3430782094576989,84815,0.197872957279295,-1.620130084122711,1.56521746678645,1.4126034247679184
MMR,Myanmar,Asia-Pacific,2022,42863361,260938,0.6087670073282401,-0.4963196668593939,66490,0.1551208268525652,-1.8635509376560335,1.570906737019679,1.56521746678645
MMR,Myanmar,Asia-Pacific,2023,42863361,307184,0.7166586866578195,-0.3331555814865974,89346,0.208443756895312,-1.5680860252342743,1.3561986162818565,1.570906737019679
MMR,Myanmar,Asia-Pacific,2024,42863361,276978,0.6461882445475986,-0.4366644174198548,67405,0.1572555171303528,-1.84988329892737,1.5196253211807027,1.3561986162818565
MMR,Myanmar,Asia-Pacific,2025,42863361,226990,0.5295664985300617,-0.6356965344227866,53264,0.1242646371104683,-2.0853418172377283,1.6831852924265092,1.5196253211807027
MOZ,Mozambique,Africa,2001,28920531,60941,0.2107188142569028,-1.5572306681057757,44485,0.1538180609477744,-1.8719847974151684,0.1649280187196934,0.0769332988982783
MOZ,Mozambique,Africa,2002,28920531,106663,0.3688141134061473,-0.9974625195770704,77093,0.2665684112093239,-1.3221243658446695,0.17486833353124806,0.1649280187196934
MOZ,Mozambique,Africa,2003,28920531,79651,0.2754133387108279,-1.289482259906845,61706,0.2133639939045379,-1.5447556801959426,0.14460610480159058,0.17486833353124806
MOZ,Mozambique,Africa,2004,28920531,107730,0.3725035339081429,-0.987508754205798,86410,0.298784278891698,-1.2080334412585914,0.25621893720345884,0.14460610480159058
MOZ,Mozambique,Africa,2005,28920531,150571,0.520637051926882,-0.6527021173697658,121165,0.4189584209224927,-0.8699835980592222,0.2518204887640913,0.25621893720345884
MOZ,Mozambique,Africa,2006,28920531,172242,0.5955699776051829,-0.5182363864186088,137085,0.4740058196026899,-0.7465356797196245,0.21325345987216224,0.2518204887640913
MOZ,Mozambique,Africa,2007,28920531,138505,0.4789158262688883,-0.736230425053102,113258,0.3916179823945833,-0.9374684490670552,0.18223048754565965,0.21325345987216224
MOZ,Mozambique,Africa,2008,28920531,204780,0.7080782852845959,-0.3452006189652285,146338,0.5060003912099678,-0.6812178365527416,0.2584076666744055,0.18223048754565965
MOZ,Mozambique,Africa,2009,28920531,217510,0.7520954577217134,-0.2848920246285765,178573,0.6174610002838468,-0.4821393699095855,0.18466714438615967,0.2584076666744055
MOZ,Mozambique,Africa,2010,28920531,194550,0.6727054907809266,-0.3964476516813366,158938,0.5495680559945458,-0.598622662043829,0.3150166595182564,0.18466714438615967
MOZ,Mozambique,Africa,2011,28920531,150253,0.5195374870537474,-0.6548163111737849,109869,0.3798996636680011,-0.9678481041061348,0.3635808581426151,0.3150166595182564
MOZ,Mozambique,Africa,2012,28920531,139952,0.4839191922167681,-0.7258373444344001,111764,0.3864521021415547,-0.9507473458230018,0.39115549979942416,0.3635808581426151
MOZ,Mozambique,Africa,2013,28920531,162673,0.5624827566271172,-0.5753948002585574,106981,0.3699136782792819,-0.9944856025108866,0.38025783411439945,0.39115549979942416
MOZ,Mozambique,Africa,2014,28920531,200517,0.6933378920324803,-0.366237819929652,144872,0.5009313279897938,-0.691286257172858,0.5294519405106901,0.38025783411439945
MOZ,Mozambique,Africa,2015,28920531,181405,0.6272533516068567,-0.4664047504149161,132954,0.4597218495054603,-0.7771336473767764,0.5279763668724216,0.5294519405106901
MOZ,Mozambique,Africa,2016,28920531,250565,0.8663914227577634,-0.1434184832084375,186639,0.6453512212483236,-0.4379605813213509,0.47582657271254686,0.5279763668724216
MOZ,Mozambique,Africa,2017,28920531,359023,1.2414121995201264,0.2162496021765542,283384,0.979871358516896,-0.0203339827532564,0.505454570455905,0.47582657271254686
MOZ,Mozambique,Africa,2018,28920531,172405,0.5961335910464438,-0.51729049098268,137820,0.4765472667151236,-0.7411883651828374,0.4431970122060077,0.505454570455905
MOZ,Mozambique,Africa,2019,28920531,235664,0.8148674725232397,-0.2047297893647119,169483,0.5860300421178297,-0.5343842243065233,0.5469164249854672,0.4431970122060077
MOZ,Mozambique,Africa,2020,28920531,232524,0.8040101338388289,-0.2181434056054535,189174,0.6541166204728399,-0.4244696246560294,0.5440362750151724,0.5469164249854672
MOZ,Mozambique,Africa,2021,28920531,278084,0.961545277297986,-0.0392136247884983,233645,0.807886272904187,-0.2133339817236475,0.5597300184474595,0.5440362750151724
MOZ,Mozambique,Africa,2022,28920531,237875,0.822512560367581,-0.1953915254955857,194871,0.6738154289075813,-0.3947990499228105,0.5469164249854672,0.5597300184474595
MOZ,Mozambique,Africa,2023,28920531,262209,0.9066534774205908,-0.0979949554285954,216075,0.7471335847879141,-0.2915112814731974,0.4726323449915964,0.5469164249854672
MOZ,Mozambique,Africa,2024,28920531,298631,1.0325916906574089,0.0320718464209712,230444,0.7968180113982001,-0.2271289683008144,0.596798955469556,0.4726323449915964
MOZ,Mozambique,Africa,2025,28920531,248493,0.8592269623265216,-0.1517221749860544,184087,0.6365270402538598,-0.4517283791629882,0.6915503910168285,0.596798955469556
MWI,Malawi,Africa,2001,1521028,2492,0.16383656316649,-1.8088859141180385,1923,0.1264276528768701,-2.0680850484366022,0.7625462267954812,0.3557018221962433
MWI,Malawi,Africa,2002,1521028,4197,0.2759318040167571,-1.287601530691791,3102,0.20394101883726,-1.5899244502888978,0.8085053646760672,0.7625462267954812
MWI,Malawi,Africa,2003,1521028,7094,0.4663950959482665,-0.7627221586918148,5518,0.3627809612972279,-1.0139560392481506,0.6685876689967055,0.8085053646760672
MWI,Malawi,Africa,2004,1521028,5724,0.3763244332122749,-0.9773036533490403,3897,0.2562083012278538,-1.3617644886866729,1.1846306365330543,0.6685876689967055
MWI,Malawi,Africa,2005,1521028,9458,0.6218162979248245,-0.4751105708215608,7567,0.4974924853454374,-0.6981748273308603,1.164294369310354,1.1846306365330543
MWI,Malawi,Africa,2006,1521028,5551,0.3649505466040073,-1.0079934233352206,4095,0.26922581306853,-1.312204797738212,0.9859793529259295,1.164294369310354
MWI,Malawi,Africa,2007,1521028,7493,0.4926273546575079,-0.7080022636610712,5244,0.3447668287500295,-1.0648869491417916,0.8425443521589528,0.9859793529259295
MWI,Malawi,Africa,2008,1521028,9728,0.6395674504348375,-0.4469631898194336,7241,0.4760596123148292,-0.7422121966365611,1.1947502475761183,0.8425443521589528
MWI,Malawi,Africa,2009,1521028,4035,0.2652811125107493,-1.3269652133213328,2966,0.1949996975729572,-1.6347572713275045,0.8538102576984875,1.1947502475761183
MWI,Malawi,Africa,2010,1521028,3991,0.2623883321017101,-1.337929688976648,3118,0.2049929389860015,-1.58477974440766,1.4564824519090651,0.8538102576984875
MWI,Malawi,Africa,2011,1521028,8270,0.5437112268807675,-0.609337006007645,5857,0.3850685194486886,-0.9543339879355996,1.6810194754289454,1.4564824519090651
MWI,Malawi,Africa,2012,1521028,12175,0.800445488182992,-0.2225868460745914,8468,0.5567287387214437,-0.5856771617706261,1.8085110873082706,1.6810194754289454
MWI,Malawi,Africa,2013,1521028,10562,0.6943987881879886,-0.3647088607585035,5745,0.377705078407498,-0.973641603742526,1.7581256287700364,1.8085110873082706
MWI,Malawi,Africa,2014,1521028,18594,1.2224627028562265,0.2008674329904214,10656,0.700578819061845,-0.3558484012452115,2.4479259657641443,1.7581256287700364
MWI,Malawi,Africa,2015,1521028,10793,0.7095858853354442,-0.3430737392000356,5646,0.37119632248716,-0.9910241852119472,2.4411036373389607,2.4479259657641443
MWI,Malawi,Africa,2016,1521028,13530,0.8895299757795386,-0.1170620728605481,7404,0.4867760488301333,-0.7199511203319938,2.1999885795490557,2.4411036373389607
MWI,Malawi,Africa,2017,1521028,15351,1.0092516377081815,0.0092091034478195,9001,0.5917708286763952,-0.5246358327682966,2.3369739023710117,2.1999885795490557
MWI,Malawi,Africa,2018,1521028,15519,1.0202967992699674,0.0200935646462428,7741,0.5089321169630013,-0.6754406368206685,2.0491255034058553,2.3369739023710117
MWI,Malawi,Africa,2019,1521028,12149,0.7987361179412871,-0.2247246531706398,6645,0.4368755867742079,-0.8281068228780363,2.528673171985081,2.0491255034058553
MWI,Malawi,Africa,2020,1521028,16070,1.0565222993922532,0.0549826647061763,9123,0.5997917198105491,-0.5111728176799076,2.515356771839717,2.528673171985081
MWI,Malawi,Africa,2021,1521028,16583,1.0902494891612775,0.0864065591887168,9676,0.6361487099514276,-0.452322922295464,2.587916940399833,2.515356771839717
MWI,Malawi,Africa,2022,1521028,14884,0.9785487183667888,-0.0216847045588687,8876,0.5835527025143521,-0.5386205099728975,2.528673171985081,2.587916940399833
MWI,Malawi,Africa,2023,1521028,22979,1.510754568620696,0.4126092403295544,14766,0.97079080726982,-0.029644274406271,2.185220038005632,2.528673171985081
MWI,Malawi,Africa,2024,1521028,17093,1.1237794439024134,0.1166975079308861,11381,0.7482439508016946,-0.2900262167434921,2.759305515106235,2.185220038005632
MWI,Malawi,Africa,2025,1521028,17964,1.1810433469995292,0.1663982401822466,11830,0.7777634599757532,-0.2513328370529494,3.1973896576364726,2.759305515106235
MYS,Malaysia,Asia-Pacific,2001,29444768,332806,1.1302721081042308,0.1224584073677708,263761,0.8957822320080769,-0.1100579401811827,-2.0789333270806134,-1.9762504550642241
MYS,Malaysia,Asia-Pacific,2002,29444768,312841,1.0624671928133378,0.0605937439875669,258338,0.877364698543388,-0.1308325252247138,-0.12208683447422633,-2.0789333270806134
MYS,Malaysia,Asia-Pacific,2003,29444768,184058,0.625095772532492,-0.4698504049331928,136239,0.4626934061766083,-0.7706906339236796,0.35810172872577223,-0.12208683447422633
MYS,Malaysia,Asia-Pacific,2004,29444768,352004,1.1954721463589049,0.1785412089069763,264328,0.8977078712252038,-0.1079105740444962,0.38292648183016054,0.35810172872577223
MYS,Malaysia,Asia-Pacific,2005,29444768,375758,1.2761452221325025,0.24384398889535,300046,1.0190129533369052,0.0188344659722616,-0.3200613941175045,0.38292648183016054
MYS,Malaysia,Asia-Pacific,2006,29444768,334526,1.136113553348425,0.127613274236871,258142,0.8766990454806776,-0.1315915091521027,0.1317150037957867,-0.3200613941175045
MYS,Malaysia,Asia-Pacific,2007,29444768,405692,1.3778067465160533,0.3204929207508704,304234,1.0332361932686989,0.0326958118899391,2.2782541195083654,0.1317150037957867
MYS,Malaysia,Asia-Pacific,2008,29444768,368260,1.2506805962947305,0.2236878801761553,277062,0.9409549431668132,-0.0608600224062407,3.2578383356734175,2.2782541195083654
MYS,Malaysia,Asia-Pacific,2009,29444768,623093,2.1161416520585252,0.7495944550723325,497555,1.6897908653924527,0.5246047729890414,1.7110951289809793,3.2578383356734175
MYS,Malaysia,Asia-Pacific,2010,29444768,430951,1.4635910868783208,0.3808930642826065,350039,1.1887986347863226,0.1729432465842671,2.8869008006421284,1.7110951289809793
MYS,Malaysia,Asia-Pacific,2011,29444768,463150,1.5729449795630923,0.4529496454371178,364849,1.2390961952901107,0.2143822390925492,3.6883937297484852,2.8869008006421284
MYS,Malaysia,Asia-Pacific,2012,29444768,628383,2.1341074923735177,0.7580485229200222,474974,1.6131015194278318,0.4781587354315016,3.054636202944891,3.6883937297484852
MYS,Malaysia,Asia-Pacific,2013,29444768,333362,1.1321603892413077,0.1241276563533207,264400,0.897952396840077,-0.1076382222853874,2.1092651475329802,3.054636202944891
MYS,Malaysia,Asia-Pacific,2014,29444768,646027,2.1940298527738444,0.7857399683119034,449080,1.5251605989899462,0.42209971532766,2.1571582768376576,2.1092651475329802
MYS,Malaysia,Asia-Pacific,2015,29444768,454491,1.5435373781854895,0.434076781178355,312093,1.0599268433699325,0.0581998900535406,1.4595860138978267,2.1571582768376576
MYS,Malaysia,Asia-Pacific,2016,29444768,565553,1.9207249315056585,0.652702683271174,377222,1.2811172429682585,0.2477325432918649,2.148173207113797,1.4595860138978267
MYS,Malaysia,Asia-Pacific,2017,29444768,483499,1.642054031466643,0.4959479163759647,322358,1.0947887244348469,0.0905613989304427,2.1153626073429654,2.148173207113797
MYS,Malaysia,Asia-Pacific,2018,29444768,438009,1.4875613895140896,0.3971381278476267,290056,0.9850850242732428,-0.015027322476194,0.9490445670158871,2.1153626073429654
MYS,Malaysia,Asia-Pacific,2019,29444768,395405,1.3428701492910389,0.2948092258160022,270226,0.917738594510237,-0.0858426843476454,0.8832453660692192,0.9490445670158871
MYS,Malaysia,Asia-Pacific,2020,29444768,268775,0.912810724132722,-0.0912267318916269,195633,0.6644066613124614,-0.4088608752359709,2.1334049048152233,0.8832453660692192
MYS,Malaysia,Asia-Pacific,2021,29444768,277597,0.9427719043328852,-0.0589309086050908,205875,0.6991904300281803,-0.3578321417651142,3.709482796493977,2.1334049048152233
MYS,Malaysia,Asia-Pacific,2022,29444768,248127,0.8426862116896285,-0.1711606184005486,173858,0.5904546437587825,-0.5268624561867364,3.957333835336876,3.709482796493977
MYS,Malaysia,Asia-Pacific,2023,29444768,308656,1.048254141448831,0.0471260578826149,206969,0.7029058608986153,-0.352532306666573,2.110714479896763,3.957333835336876
MYS,Malaysia,Asia-Pacific,2024,29444768,282534,0.9595388898971796,-0.0413024329360816,182363,0.6193392320156844,-0.4791021240769026,2.647484595387695,2.110714479896763
MYS,Malaysia,Asia-Pacific,2025,29444768,263254,0.8940603641366779,-0.1119819846824104,157919,0.5363227857662183,-0.6230190869179586,2.943871244983219,2.647484595387695
NGA,Nigeria,Africa,2001,10048743,43386,0.431755494194647,-0.8398958366289115,34561,0.3439335646259437,-1.0673067663473557,-1.0757080573106848,-1.3555616372185133
NGA,Nigeria,Africa,2002,10048743,32347,0.3219009581596425,-1.1335113641063386,26657,0.2652769605113794,-1.326980864763017,0.6747453134174597,-1.0757080573106848
NGA,Nigeria,Africa,2003,10048743,13381,0.1331609336610559,-2.0161968547269296,11325,0.112700663157571,-2.183019973680684,1.2988398880618814,0.6747453134174597
NGA,Nigeria,Africa,2004,10048743,14644,0.1457296698701519,-1.9260019497917915,12141,0.1208210818009774,-2.113444490487943,2.0966855771231314,1.2988398880618814
NGA,Nigeria,Africa,2005,10048743,13280,0.1321558328240656,-2.0237735010014934,10531,0.1047991773697466,-2.2557093566513213,1.1951159222615395,2.0966855771231314
NGA,Nigeria,Africa,2006,10048743,26168,0.2604106802213968,-1.3454953548136983,21730,0.2162459523544387,-1.5313388507814432,1.2190301160141956,1.1951159222615395
NGA,Nigeria,Africa,2007,10048743,24573,0.2445380481916992,-1.4083843658482067,18957,0.1886504610576666,-1.6678593885903534,3.4057409605156765,1.2190301160141956
NGA,Nigeria,Africa,2008,10048743,27471,0.2733774761679147,-1.2969017422560765,21788,0.2168231389737004,-1.5286732855283534,5.1277969888422685,3.4057409605156765
NGA,Nigeria,Africa,2009,10048743,25290,0.2516732689849865,-1.3796235843679077,20155,0.200572350193452,-1.6065802484806522,3.2223041501232177,5.1277969888422685
NGA,Nigeria,Africa,2010,10048743,32782,0.3262298578041054,-1.120153060782613,26595,0.2646599679183755,-1.3293094168555004,4.819204939501706,3.2223041501232177
NGA,Nigeria,Africa,2011,10048743,53891,0.5362959327350695,-0.6230691569581159,45853,0.4563058285001418,-0.7845920177353521,5.869725091683415,4.819204939501706
NGA,Nigeria,Africa,2012,10048743,34971,0.348013676934518,-1.0555134984439765,28780,0.2864039810750459,-1.2503519435905597,5.813758393038536,5.869725091683415
NGA,Nigeria,Africa,2013,10048743,43435,0.4322431173729888,-0.8387670773378976,34582,0.3441425459880902,-1.0666993295671838,4.866179572648012,5.813758393038536
NGA,Nigeria,Africa,2014,10048743,68637,0.6830406549356471,-0.3812008971189287,55760,0.554895273966107,-0.5889758785975129,5.383578094537067,4.866179572648012
NGA,Nigeria,Africa,2015,10048743,40928,0.4072947233300722,-0.8982182196533492,33795,0.3363107206543146,-1.089719782497464,4.574446259737425,5.383578094537067
NGA,Nigeria,Africa,2016,10048743,72190,0.718398311112146,-0.3307311128987117,61297,0.6099966931187314,-0.4943017429463082,5.002995377807316,4.574446259737425
NGA,Nigeria,Africa,2017,10048743,171046,1.7021631461765914,0.531899881125246,145064,1.4436034437342065,0.3671423793019432,4.9678977286493575,5.002995377807316
NGA,Nigeria,Africa,2018,10048743,119823,1.1924177979275616,0.1759830088488975,101818,1.013241158620536,0.0131542607251081,3.6660143292639726,4.9678977286493575
NGA,Nigeria,Africa,2019,10048743,86895,0.8647350220818664,-0.1453321518330842,74509,0.7414758243891798,-0.299112721591521,4.04463163202595,3.6660143292639726
NGA,Nigeria,Africa,2020,10048743,99200,0.9871881488062736,-0.0128946307589542,85531,0.8511611850357801,-0.1611537617213942,5.247933183756197,4.04463163202595
NGA,Nigeria,Africa,2021,10048743,97193,0.9672155014811306,-0.0333339526376031,83272,0.8286807613648791,-0.1879202868366141,7.1393203735808655,5.247933183756197
NGA,Nigeria,Africa,2022,10048743,106189,1.0567391364273124,0.055187880239044,92568,0.9211898443417252,-0.0820891354757449,7.450087763268272,7.1393203735808655
NGA,Nigeria,Africa,2023,10048743,85267,0.8485339907687957,-0.1642451352766462,72325,0.7197417627259449,-0.3288627941875826,5.451368572894824,7.450087763268272
NGA,Nigeria,Africa,2024,10048743,105644,1.0513155725049392,0.050042306107596,92781,0.9233095124434968,-0.0797907675993142,5.824139319179967,5.451368572894824
NGA,Nigeria,Africa,2025,10048743,118263,1.1768934681681082,0.1628783128547314,98109,0.9763310694680916,-0.0239535395673405,6.2346012041806125,5.824139319179967
NIC,Nicaragua,Latin America & Caribbean,2001,7773867,44089,0.5671437394027966,-0.5671424987353647,41088,0.5285400431985781,-0.6376367089004817,0.35324599710081367,0.050458779574643495
NIC,Nicaragua,Latin America & Caribbean,2002,7773867,54178,0.6969247094142464,-0.3610778949827693,52655,0.677333430067687,-0.3895916161354174,0.6224535195377534,0.35324599710081367
NIC,Nicaragua,Latin America & Caribbean,2003,7773867,46944,0.6038693484208052,-0.5043974150074068,45611,0.5867221551384916,-0.5332039014682747,0.6487137807710651,0.6224535195377534
NIC,Nicaragua,Latin America & Caribbean,2004,7773867,21062,0.2709333720270748,-1.3058823480095725,20137,0.2590345319774573,-1.3507938980717096,1.1228809930835855,0.6487137807710651
NIC,Nicaragua,Latin America & Caribbean,2005,7773867,95136,1.223792483200446,0.2019546298477093,93108,1.1977050803673384,0.1804072927318346,0.9605090623012212,1.1228809930835855
NIC,Nicaragua,Latin America & Caribbean,2006,7773867,38865,0.4999442362469026,-0.6932587142857949,36788,0.4732265164814371,-0.7481811119275267,0.8277843193533228,0.9605090623012212
NIC,Nicaragua,Latin America & Caribbean,2007,7773867,88478,1.1381465620649285,0.1294011165722728,85655,1.1018325885945823,0.0969747832144439,1.076049789989264,0.8277843193533228
NIC,Nicaragua,Latin America & Caribbean,2008,7773867,53793,0.6919722192314327,-0.3682094697896413,51459,0.6619485514738032,-0.4125674428721802,1.5930598483800624,1.076049789989264
NIC,Nicaragua,Latin America & Caribbean,2009,7773867,83078,1.0686830633968911,0.0664271085676952,80917,1.0408848003188118,0.0400711209913314,1.087287107050684,1.5930598483800624
NIC,Nicaragua,Latin America & Caribbean,2010,7773867,212482,2.7332857637003567,1.0055044619263949,208148,2.6775348742138245,0.9848965481714044,1.6996618008769977,1.087287107050684
NIC,Nicaragua,Latin America & Caribbean,2011,7773867,43280,0.5567370782134554,-0.5856621824297518,40834,0.5252726860390073,-0.64383774925397,2.0033877412117045,1.6996618008769977
NIC,Nicaragua,Latin America & Caribbean,2012,7773867,33692,0.4334007772450956,-0.8360923965148607,32326,0.415829084804255,-0.877480956980361,2.1153184105017964,2.0033877412117045
NIC,Nicaragua,Latin America & Caribbean,2013,7773867,44030,0.5663847863617939,-0.5684815972003154,41469,0.533441078937934,-0.6284066568176478,1.94566621260416,2.1153184105017964
NIC,Nicaragua,Latin America & Caribbean,2014,7773867,75550,0.9718458008093012,-0.0285581282492293,71955,0.9256011197515984,-0.0773118933458409,2.4503952896560866,1.94566621260416
NIC,Nicaragua,Latin America & Caribbean,2015,7773867,35521,0.4569283215161772,-0.7832287460871479,33594,0.4321401433803794,-0.8390053373731666,2.316700314984284,2.4503952896560866
NIC,Nicaragua,Latin America & Caribbean,2016,7773867,142379,1.831508051269722,0.6051396992247338,134068,1.724598581375267,0.5449943169538554,2.2229706829026585,2.316700314984284
NIC,Nicaragua,Latin America & Caribbean,2017,7773867,211698,2.7232006927826267,1.0018079137970863,103256,1.328245003419791,0.2838585245649088,2.294657291905597,2.2229706829026585
NIC,Nicaragua,Latin America & Caribbean,2018,7773867,71361,0.9179601348981145,-0.0856013153414965,66492,0.8553272135991007,-0.1562711772947649,1.9273887919650194,2.294657291905597
NIC,Nicaragua,Latin America & Caribbean,2019,7773867,77829,1.001161969969386,0.0011612954047796,71294,0.9170982729701962,-0.0865406445613121,2.291000337817967,1.9273887919650194
NIC,Nicaragua,Latin America & Caribbean,2020,7773867,111296,1.43166843476998,0.3588405017638399,65293,0.8399037441726235,-0.1744679839814307,2.458758022418096,2.291000337817967
NIC,Nicaragua,Latin America & Caribbean,2021,7773867,91835,1.1813297037368915,0.1666406716125203,62228,0.80047677687308,-0.2225477577431027,2.8077203534887,2.458758022418096
NIC,Nicaragua,Latin America & Caribbean,2022,7773867,48981,0.6300725237516926,-0.4619203491558408,45474,0.5849598404500618,-0.5362120829100308,2.825932504970764,2.8077203534887
NIC,Nicaragua,Latin America & Caribbean,2023,7773867,117536,1.5119373665641564,0.4133918526692788,100406,1.2915837124561045,0.2558691494602114,2.322210126594634,2.825932504970764
NIC,Nicaragua,Latin America & Caribbean,2024,7773867,157981,2.0322061079768923,0.7091219556634405,121481,1.562684311424417,0.446405054983394,2.6870893147579316,2.322210126594634
NIC,Nicaragua,Latin America & Caribbean,2025,7773867,59156,0.7609597642974855,-0.2731747946634551,49268,0.6337643800697902,-0.4560780338887401,3.004373332133198,2.6870893147579316
NPL,Nepal,Asia-Pacific,2001,5161037,1523,0.0295095733667478,-3.5230405473751776,698,0.0135244137951345,-4.303258797507967,0.840411140570905,0.36627665828576345
NPL,Nepal,Asia-Pacific,2002,5161037,2129,0.04125139967026,-3.18807023537686,983,0.0190465598289646,-3.960868780123173,0.9568745485755366,0.840411140570905
NPL,Nepal,Asia-Pacific,2003,5161037,2292,0.0444096796825909,-3.1142978224357094,879,0.0170314609253915,-4.072693002585162,0.8929066666836935,0.9568745485755366
NPL,Nepal,Asia-Pacific,2004,5161037,2480,0.0480523584698191,-3.0354640611113117,1220,0.0236386602149916,-3.7448717625430374,1.577890446976511,0.8929066666836935
NPL,Nepal,Asia-Pacific,2005,5161037,2758,0.0534388728466779,-2.9292168419170923,1173,0.0227279905181846,-3.784158051616864,1.4627024118526344,1.577890446976511
NPL,Nepal,Asia-Pacific,2006,5161037,3255,0.0630687204916376,-2.76353034562767,1634,0.0316603039272921,-3.452691624850391,1.2145400257357404,1.4627024118526344
NPL,Nepal,Asia-Pacific,2007,5161037,3466,0.0671570461517714,-2.700721429994788,1446,0.0280176251400639,-3.5749214975516295,1.2280201017281234,1.2145400257357404
NPL,Nepal,Asia-Pacific,2008,5161037,2992,0.0579728453797172,-2.8477805611759717,1444,0.0279788732380721,-3.576305580817568,1.8124628600071238,1.2280201017281234
NPL,Nepal,Asia-Pacific,2009,5161037,5524,0.1070327533013229,-2.234620385741157,2074,0.0401857223654858,-3.2142435114808667,1.3002415751100076,1.8124628600071238
NPL,Nepal,Asia-Pacific,2010,5161037,2348,0.045494732938361,-3.0901587193223525,1094,0.0211972903895089,-3.853881917288413,2.0508619777363495,1.3002415751100076
NPL,Nepal,Asia-Pacific,2011,5161037,2816,0.0545626780044398,-2.9084051829924062,1195,0.0231542614400943,-3.765576435904729,2.3774832673056427,2.0508619777363495
NPL,Nepal,Asia-Pacific,2012,5161037,5045,0.0977516727742893,-2.32532496748263,1886,0.0365430435782576,-3.3092644370769366,2.604438153074784,2.3774832673056427
NPL,Nepal,Asia-Pacific,2013,5161037,835,0.0161789190815721,-4.124046175419484,244,0.0047277320429983,-5.354309674977138,2.4955840696222387,2.604438153074784
NPL,Nepal,Asia-Pacific,2014,5161037,1162,0.0225148550572297,-3.793579962858483,360,0.0069753423585221,-4.965373868820183,3.2679679411600517,2.4955840696222387
NPL,Nepal,Asia-Pacific,2015,5161037,579,0.0112186756266231,-4.4901754226973445,143,0.0027707609924129,-5.888633270010432,3.188103070943066,3.2679679411600517
NPL,Nepal,Asia-Pacific,2016,5161037,999,0.0193565750448989,-3.9447231216217857,209,0.004049573758142,-5.509143648305528,2.939001546008313,3.188103070943066
NPL,Nepal,Asia-Pacific,2017,5161037,2394,0.0463860266841721,-3.070757014152421,197,0.0038170623461912,-5.568274171532351,3.065232135291289,2.939001546008313
NPL,Nepal,Asia-Pacific,2018,5161037,1672,0.0323965900651361,-3.4297021066256925,276,0.0053477624748669,-5.23107703455319,2.6845513526202067,3.065232135291289
NPL,Nepal,Asia-Pacific,2019,5161037,2087,0.0404376097284324,-3.207994993193138,418,0.008099147516284,-4.815996467745583,3.245312983002686,2.6845513526202067
NPL,Nepal,Asia-Pacific,2020,5161037,2233,0.0432664985738331,-3.1403766484301814,499,0.0096685995469515,-4.63887180451882,3.3012875796616274,3.245312983002686
NPL,Nepal,Asia-Pacific,2021,5161037,2753,0.0533419930916984,-2.9310313951277323,600,0.0116255705975368,-4.454548245054193,3.5516939518850785,3.3012875796616274
NPL,Nepal,Asia-Pacific,2022,5161037,2022,0.0391781729136993,-3.2396355006899227,464,0.0089904412620951,-4.711593348044084,3.527983187807802,3.5516939518850785
NPL,Nepal,Asia-Pacific,2023,5161037,2277,0.0441190404176525,-3.1208638342065997,549,0.0106373970967462,-4.543379458760809,3.0469385536851625,3.527983187807802
NPL,Nepal,Asia-Pacific,2024,5161037,2679,0.0519081727180022,-2.9582790307257305,579,0.0112186756266231,-4.4901754226973445,3.5798749660564426,3.0469385536851625
NPL,Nepal,Asia-Pacific,2025,5161037,2964,0.0574303187518322,-2.857182913854362,703,0.013621293550114,-4.296121008459674,4.040448372907471,3.5798749660564426
PAN,Panama,Latin America & Caribbean,2001,5734589,18268,0.31855813904013,-1.1439502804709525,15473,0.2698188135191554,-1.3100046062861692,0.49909029645674524,0.10130140273936956
PAN,Panama,Latin America & Caribbean,2002,5734589,19207,0.3349324598502177,-1.09382637987099,16671,0.290709587034049,-1.235430492827811,0.801321849118924,0.49909029645674524
PAN,Panama,Latin America & Caribbean,2003,5734589,11285,0.1967882964236844,-1.6256267655242058,9461,0.164981309035399,-1.8019230900713976,0.7233578630829957,0.801321849118924
PAN,Panama,Latin America & Caribbean,2004,5734589,16852,0.2938658725150137,-1.224631831676935,13415,0.2339313244593466,-1.4527276919161174,1.2488228723766233,0.7233578630829957
PAN,Panama,Latin America & Caribbean,2005,5734589,12396,0.2161619603427551,-1.531727335868203,10486,0.1828553013999782,-1.699060141643364,1.1358211902576778,1.2488228723766233
PAN,Panama,Latin America & Caribbean,2006,5734589,34343,0.5988746534407261,-0.5127029624628403,31122,0.5427067223126191,-0.6111862111963868,1.0142105189200321,1.1358211902576778
PAN,Panama,Latin America & Caribbean,2007,5734589,20658,0.3602350578219293,-1.0209985222092632,17707,0.3087753978532724,-1.1751411341696252,1.15073021943395,1.0142105189200321
PAN,Panama,Latin America & Caribbean,2008,5734589,39956,0.696754379433295,-0.3613223271238017,35400,0.6173066631279068,-0.4823893556539761,1.6358938879134715,1.15073021943395
PAN,Panama,Latin America & Caribbean,2009,5734589,37043,0.6459573650352275,-0.4370217757750059,32906,0.5738161880476526,-0.5554461638292466,1.0886106226622205,1.6358938879134715
PAN,Panama,Latin America & Caribbean,2010,5734589,15435,0.2691561679485661,-1.3124635178395825,12815,0.2234684996605685,-1.4984848159776705,1.8514874082919817,1.0886106226622205
PAN,Panama,Latin America & Caribbean,2011,5734589,23131,0.4033593340342263,-0.9079274665895408,19151,0.333955929535665,-1.0967462422092824,2.1835021614063717,1.8514874082919817
PAN,Panama,Latin America & Caribbean,2012,5734589,17095,0.2981033165585188,-1.2103151527024405,13158,0.2294497478372033,-1.4720712371298987,2.2303169162468484,2.1835021614063717
PAN,Panama,Latin America & Caribbean,2013,5734589,14061,0.2451962991593643,-1.4056961681850262,10005,0.1744676035196245,-1.746016207758008,2.055662733276725,2.2303169162468484
PAN,Panama,Latin America & Caribbean,2014,5734589,14086,0.2456322501926467,-1.4039197794704863,10940,0.190772172164387,-1.6566753787998698,2.7588122016903553,2.055662733276725
PAN,Panama,Latin America & Caribbean,2015,5734589,10591,0.1846862957397644,-1.6890965919321728,8450,0.1473514492494579,-1.9149347344246224,2.660334169162647,2.7588122016903553
PAN,Panama,Latin America & Caribbean,2016,5734589,17378,0.3030382822552758,-1.1938961373766903,10765,0.1877205149314101,-1.6728010449773785,2.5067328618824614,2.660334169162647
PAN,Panama,Latin America & Caribbean,2017,5734589,30970,0.5400561400302619,-0.6160821818085935,22610,0.3942741145006207,-0.9307088895038264,2.6406275776787718,2.5067328618824614
PAN,Panama,Latin America & Caribbean,2018,5734589,28013,0.4884918518136173,-0.7164324876514785,18703,0.3261436870192441,-1.1204172369928418,2.197194979326686,2.6406275776787718
PAN,Panama,Latin America & Caribbean,2019,5734589,34034,0.5934862986693554,-0.5217411508444599,24546,0.4280341625180113,-0.8485522676183884,2.673289521657253,2.197194979326686
PAN,Panama,Latin America & Caribbean,2020,5734589,27379,0.4774361336095751,-0.7393248796098794,17632,0.3074675447534252,-1.1793857428232009,2.823495696445579,2.673289521657253
PAN,Panama,Latin America & Caribbean,2021,5734589,24431,0.4260287877649122,-0.8532483580830439,17074,0.2977371176905616,-1.2115443372055903,3.103777418523323,2.823495696445579
PAN,Panama,Latin America & Caribbean,2022,5734589,17364,0.3027941496766377,-1.1947020783563578,11488,0.2003282188139376,-1.6077981634878364,3.076602411339822,3.103777418523323
PAN,Panama,Latin America & Caribbean,2023,5734589,25115,0.4379564080355192,-0.8256358985916968,17573,0.3064387003148787,-1.1827375425809958,2.4879375208745316,3.076602411339822
PAN,Panama,Latin America & Caribbean,2024,5734589,21553,0.37584210481344,-0.9785861577960282,14526,0.2533049883784173,-1.3731610286097284,3.1370618146448574,2.4879375208745316
PAN,Panama,Latin America & Caribbean,2025,5734589,18530,0.3231269058689297,-1.1297101354964365,12904,0.2250204853390539,-1.4915638349707971,3.618076191105255,3.1370618146448574
PER,Peru,Latin America & Caribbean,2001,78063555,86007,0.1101756126786693,-2.205679707310444,56326,0.0721540288550784,-2.6289521553340247,0.25819086613717274,0.07846644603820511
PER,Peru,Latin America & Caribbean,2002,78063555,80456,0.1030647400057555,-2.272397944458188,57338,0.0734504084524462,-2.6111448154186085,0.3608476996960218,0.25819086613717274
PER,Peru,Latin America & Caribbean,2003,78063555,73869,0.0946267435552992,-2.3578151414465993,52614,0.0673989289880533,-2.6971261515750937,0.31948051244215364,0.3608476996960218
PER,Peru,Latin America & Caribbean,2004,78063555,101309,0.1297775895550747,-2.0419331432774066,67199,0.0860824234817387,-2.4524500291343667,0.5556261818179227,0.31948051244215364
PER,Peru,Latin America & Caribbean,2005,78063555,162996,0.2087990996566835,-1.5663827349720134,117529,0.1505555313231635,-1.8934232839577256,0.5155325695543252,0.5556261818179227
PER,Peru,Latin America & Caribbean,2006,78063555,88903,0.1138854104197534,-2.1725625078681072,57341,0.073454251474968,-2.611092495464638,0.45262969927507385,0.5155325695543252
PER,Peru,Latin America & Caribbean,2007,78063555,115718,0.1482356267274786,-1.9089521987389184,78344,0.1003592521503792,-2.298999009181874,0.4799976007222708,0.45262969927507385
PER,Peru,Latin America & Caribbean,2008,78063555,126649,0.1622383197895612,-1.8186889149596148,83744,0.1072766926896936,-2.232343869252632,0.6833016032019213,0.4799976007222708
PER,Peru,Latin America & Caribbean,2009,78063555,177911,0.2279053266277714,-1.4788249703499643,125880,0.1612532250164625,-1.8247793234041612,0.4630273460617014,0.6833016032019213
PER,Peru,Latin America & Caribbean,2010,78063555,142294,0.1822796822409638,-1.7022130558348267,93608,0.1199125507415079,-2.1209925456837104,0.7849410752614578,0.4630273460617014
PER,Peru,Latin America & Caribbean,2011,78063555,125254,0.1604513143169049,-1.829764720017596,79993,0.1024716335298847,-2.278169264754834,0.9208427735071829,0.7849410752614578
PER,Peru,Latin America & Caribbean,2012,78063555,275417,0.3528112446326586,-1.0418220828158702,184184,0.2359410867209416,-1.4441731376582982,0.954097775843227,0.9208427735071829
PER,Peru,Latin America & Caribbean,2013,78063555,209322,0.2681430534389575,-1.3162346593932963,136154,0.1744142961462618,-1.746321797551165,0.8913354539591299,0.954097775843227
PER,Peru,Latin America & Caribbean,2014,78063555,205418,0.2631420001305347,-1.3350614680604318,133407,0.1708953685237624,-1.7667037897324254,1.2045117617909087,0.8913354539591299
PER,Peru,Latin America & Caribbean,2015,78063555,166449,0.2132224185793229,-1.5454194394075336,106484,0.136406803405251,-1.9921136564790407,1.1711730625362742,1.2045117617909087
PER,Peru,Latin America & Caribbean,2016,78063555,230953,0.2958525268289408,-1.2178941689834826,145212,0.1860176621472081,-1.6819136519964517,1.091177582810502,1.1711730625362742
PER,Peru,Latin America & Caribbean,2017,78063555,303217,0.388423253335055,-0.9456596748023528,178493,0.2286508729970086,-1.4755590108359034,1.1510435295671968,1.091177582810502
PER,Peru,Latin America & Caribbean,2018,78063555,211643,0.2711162718633554,-1.305207502650726,133277,0.170728837547816,-1.7676787264387677,0.9719295250309641,1.1510435295671968
PER,Peru,Latin America & Caribbean,2019,78063555,231173,0.2961343484805425,-1.216942047628615,147516,0.1889691034439822,-1.6661717511271632,1.1860844646666209,0.9719295250309641
PER,Peru,Latin America & Caribbean,2020,78063555,278604,0.3568938155583614,-1.0303169768559353,173379,0.2220998006047764,-1.504628445854439,1.2330467125522855,1.1860844646666209
PER,Peru,Latin America & Caribbean,2021,78063555,225106,0.2883624759338721,-1.2435369932228342,143634,0.1839962323007196,-1.6928399982093243,1.3342817120662036,1.2330467125522855
PER,Peru,Latin America & Caribbean,2022,78063555,236062,0.3023971941836366,-1.1960139132130696,138826,0.1778371482057152,-1.726887045185116,1.3186711539624827,1.3342817120662036
PER,Peru,Latin America & Caribbean,2023,78063555,227601,0.2915585896645368,-1.232514299684733,132029,0.16913014017873,-1.7770868001741449,1.0856563052179622,1.3186711539624827
PER,Peru,Latin America & Caribbean,2024,78063555,268477,0.3439210525321323,-1.0673431464006424,145142,0.1859279916216985,-1.682395822046502,1.3643756213286737,1.0856563052179622
PER,Peru,Latin America & Caribbean,2025,78063555,248922,0.3188709507272632,-1.1429688012216814,140355,0.179795808684347,-1.7159334682043814,1.5735687546149788,1.3643756213286737
PHL,Philippines,Asia-Pacific,2001,18599368,35165,0.1890655639481943,-1.6656614248813135,22461,0.1207621678327994,-2.1139322227246375,0.36476170811920805,-0.01448324299739261
PHL,Philippines,Asia-Pacific,2002,18599368,32309,0.173710203486484,-1.750366865454081,19754,0.1062079098601629,-2.24235669215536,0.7690953591172257,0.36476170811920805
PHL,Philippines,Asia-Pacific,2003,18599368,35154,0.1890064221536989,-1.665974284850589,21803,0.1172244132166211,-2.143665119635384,0.7230769075049671,0.7690953591172257
PHL,Philippines,Asia-Pacific,2004,18599368,48579,0.2611862940719276,-1.342521355881852,26801,0.1440962940246141,-1.9372734943877776,1.2350998153350614,0.7230769075049671
PHL,Philippines,Asia-Pacific,2005,18599368,49781,0.2676488792522412,-1.3180793095147074,28646,0.1540159859195215,-1.8706988772836224,1.0839034545787942,1.2350998153350614
PHL,Philippines,Asia-Pacific,2006,18599368,57428,0.308763179480077,-1.1751807053758478,33880,0.1821567270457791,-1.702887824857442,0.9906829230253492,1.0839034545787942
PHL,Philippines,Asia-Pacific,2007,18599368,66497,0.357522900778134,-1.028555860779054,38984,0.2095985196916368,-1.5625613891000905,1.2481413077734742,0.9906829230253492
PHL,Philippines,Asia-Pacific,2008,18599368,38703,0.2080877156686184,-1.5697955782301862,23106,0.1242300276009378,-2.085620370580469,1.7771367042426072,1.2481413077734742
PHL,Philippines,Asia-Pacific,2009,18599368,60890,0.3273767151658056,-1.1166437370208129,38708,0.2081145983024799,-1.5696663976225995,1.1574718494052207,1.7771367042426072
PHL,Philippines,Asia-Pacific,2010,18599368,102649,0.5518950966505959,-0.5943972930650129,71266,0.3831635569552686,-0.9592933392991646,1.9633089051830592,1.1574718494052207
PHL,Philippines,Asia-Pacific,2011,18599368,33253,0.1787856447595423,-1.7215677060456038,20917,0.1124608104963566,-2.1851504691695127,2.3314076775942314,1.9633089051830592
PHL,Philippines,Asia-Pacific,2012,18599368,59587,0.3203711007814889,-1.1382752651671633,40609,0.2183353756966365,-1.5217229777230064,2.342889595875992,2.3314076775942314
PHL,Philippines,Asia-Pacific,2013,18599368,58871,0.3165215076125167,-1.1503640851647945,35917,0.1931087120809696,-1.6445019736261544,2.1193525823208077,2.342889595875992
PHL,Philippines,Asia-Pacific,2014,18599368,102456,0.5508574269835406,-0.5962792565175248,68301,0.3672221550753767,-1.0017882868833003,2.801893435403671,2.1193525823208077
PHL,Philippines,Asia-Pacific,2015,18599368,65896,0.3542916081879771,-1.037634953002348,38628,0.2076844761606953,-1.571735292536624,2.665530948338475,2.801893435403671
PHL,Philippines,Asia-Pacific,2016,18599368,129109,0.6941579950458532,-0.3650556858181,75230,0.4044761090806956,-0.9051626070691652,2.5564293089427435,2.665530948338475
PHL,Philippines,Asia-Pacific,2017,18599368,114280,0.6144294795393048,-0.4870611172787231,62243,0.3346511558887377,-1.094666615418628,2.6833773285807827,2.5564293089427435
PHL,Philippines,Asia-Pacific,2018,18599368,70533,0.3792225628311672,-0.9696320092343486,41754,0.2244914988509287,-1.4939174395505277,2.1873478527895784,2.6833773285807827
PHL,Philippines,Asia-Pacific,2019,18599368,64038,0.3443020214450297,-1.0662360374814126,35925,0.1931517242951481,-1.6442792626762068,2.644511521378618,2.1873478527895784
PHL,Philippines,Asia-Pacific,2020,18599368,63727,0.3426299216188421,-1.071104360014804,34760,0.1868880706054098,-1.677245394244104,2.8620751979427843,2.644511521378618
PHL,Philippines,Asia-Pacific,2021,18599368,48883,0.2628207582107091,-1.336283006865894,26646,0.1432629323749065,-1.9430736491032752,3.226179958383884,2.8620751979427843
PHL,Philippines,Asia-Pacific,2022,18599368,84543,0.4545477029111957,-0.7884524139718732,34407,0.1849901566547852,-1.6874526625908002,3.2149348590553513,3.226179958383884
PHL,Philippines,Asia-Pacific,2023,18599368,42736,0.2297712481413347,-1.4706710382736905,24759,0.1331174263555622,-2.0165236353626383,2.539135699808668,3.2149348590553513
PHL,Philippines,Asia-Pacific,2024,18599368,59209,0.3183387736615566,-1.144639137279246,35875,0.1928828979565327,-1.6456720205615103,3.1944198741629415,2.539135699808668
PHL,Philippines,Asia-Pacific,2025,18599368,41584,0.2235774892996364,-1.4979972167421611,21223,0.1141060276886827,-2.1706271953877914,3.6755097711732883,3.1944198741629415
PNG,Papua New Guinea,Asia-Pacific,2001,42920262,36005,0.08388811792435,-2.478271297417324,5324,0.0124043977177958,-4.389704214585289,-0.6656914428691629,-0.6182232637285481
PNG,Papua New Guinea,Asia-Pacific,2002,42920262,54575,0.1271543962150091,-2.0623532126821464,8007,0.0186555245166024,-3.981612956027657,-0.06927199728861874,-0.6656914428691629
PNG,Papua New Guinea,Asia-Pacific,2003,42920262,31805,0.0741025299426177,-2.6023056049873867,5127,0.0119454070434146,-4.42740842231659,0.08305729966135049,-0.06927199728861874
PNG,Papua New Guinea,Asia-Pacific,2004,42920262,58330,0.1359031778510578,-1.995812574352608,9418,0.0219430160980843,-3.8193063632967914,0.0702549834240363,0.08305729966135049
PNG,Papua New Guinea,Asia-Pacific,2005,42920262,39021,0.0909151020559939,-2.3978291523684407,4987,0.0116192207773568,-4.455094588554169,-0.14385471803808558,0.0702549834240363
PNG,Papua New Guinea,Asia-Pacific,2006,42920262,56388,0.1313785083604569,-2.029672745209475,8819,0.0205474048597373,-3.8850206302121104,0.0013058614667071367,-0.14385471803808558
PNG,Papua New Guinea,Asia-Pacific,2007,42920262,49161,0.1145403073261761,-2.1668284888859572,6594,0.0153633731313196,-4.1757689704686145,0.6632009800220907,0.0013058614667071367
PNG,Papua New Guinea,Asia-Pacific,2008,42920262,71045,0.165527880514802,-1.7986156360281154,9006,0.0209830965151144,-3.8640380932387743,0.9487561504396785,0.6632009800220907
PNG,Papua New Guinea,Asia-Pacific,2009,42920262,49211,0.1146568024211967,-2.1658119393737847,6218,0.0144873300167645,-4.234480803481592,0.48936731261343985,0.9487561504396785
PNG,Papua New Guinea,Asia-Pacific,2010,42920262,68761,0.16020638457426,-1.831292391370108,9789,0.0228074097031374,-3.780669808838861,0.8250128946772929,0.48936731261343985
PNG,Papua New Guinea,Asia-Pacific,2011,42920262,53046,0.1235919762092785,-2.0907696534664315,9143,0.0213022930754709,-3.8489405559358647,1.061167924080967,0.8250128946772929
PNG,Papua New Guinea,Asia-Pacific,2012,42920262,73334,0.1708610259648461,-1.7669047665661337,15428,0.0359457265195631,-3.325745074772173,0.8623814523930728,1.061167924080967
PNG,Papua New Guinea,Asia-Pacific,2013,42920262,56668,0.1320308808925723,-2.0247194376010498,13327,0.0310506026267966,-3.4721370625205643,0.5753592018561186,0.8623814523930728
PNG,Papua New Guinea,Asia-Pacific,2014,42920262,105663,0.24618442450328,-1.4016743308265105,20237,0.0471502247586466,-3.054416503028632,0.5627431384763191,0.5753592018561186
PNG,Papua New Guinea,Asia-Pacific,2015,42920262,180807,0.4212625729078727,-0.8644989510953952,23786,0.0554190466032103,-2.8928319428131006,0.34975505883686736,0.5627431384763191
PNG,Papua New Guinea,Asia-Pacific,2016,42920262,177925,0.414547795630884,-0.8805670019328193,19159,0.044638590510002,-3.1091565360042988,0.5697935964208536,0.34975505883686736
PNG,Papua New Guinea,Asia-Pacific,2017,42920262,117509,0.2737844424155659,-1.295414188722564,13177,0.0307011173417347,-3.483456229555039,0.554349917747258,0.5697935964208536
PNG,Papua New Guinea,Asia-Pacific,2018,42920262,117935,0.2747769806251415,-1.2917954898823154,9929,0.0231335959691951,-3.766469347066697,0.20916448135180102,0.554349917747258
PNG,Papua New Guinea,Asia-Pacific,2019,42920262,95135,0.2216552172957378,-1.50663217962579,7329,0.0170758510281228,-4.070090034174441,0.17009926863808061,0.20916448135180102
PNG,Papua New Guinea,Asia-Pacific,2020,42920262,78440,0.1827575050683521,-1.6995951137900085,5303,0.0123554697778871,-4.393656416963161,0.5528168495232045,0.17009926863808061
PNG,Papua New Guinea,Asia-Pacific,2021,42920262,76612,0.1784984443943981,-1.7231753926777391,6208,0.0144640309977604,-4.236090332237237,1.031778823003034,0.5528168495232045
PNG,Papua New Guinea,Asia-Pacific,2022,42920262,142079,0.3310301321086996,-1.1055458741873512,13919,0.0324299045518408,-3.4286743018728907,1.1098914118371321,1.031778823003034
PNG,Papua New Guinea,Asia-Pacific,2023,42920262,83765,0.1951642326880483,-1.6339138559726585,5604,0.0130567702499113,-4.338448486643394,0.5589255192657232,1.1098914118371321
PNG,Papua New Guinea,Asia-Pacific,2024,42920262,82210,0.191541235232907,-1.652652165954112,5114,0.0119151183187092,-4.429947238249159,0.7003385437899489,0.5589255192657232
PNG,Papua New Guinea,Asia-Pacific,2025,42920262,70723,0.1647776521028692,-1.8031582768740235,4163,0.009699381611417,-4.635693146905315,0.7736370906186222,0.7003385437899489
PRY,Paraguay,Latin America & Caribbean,2001,24273208,150237,0.6189416742937316,-0.4797442364337787,143224,0.5900497371422846,-0.5275484453942773,0.1735482916783443,-0.07288271567158766
PRY,Paraguay,Latin America & Caribbean,2002,24273208,195119,0.8038451283406791,-0.2183486547999679,187507,0.7724854498012789,-0.2581421055963218,0.5716088128601141,0.1735482916783443
PRY,Paraguay,Latin America & Caribbean,2003,24273208,267306,1.1012388638535129,0.0964357859388143,257877,1.0623935657783676,0.0605244434136804,1.039612945781972,0.5716088128601141
PRY,Paraguay,Latin America & Caribbean,2004,24273208,247337,1.0189712047950152,0.0187934955439791,239280,0.9857782292311754,-0.0143238693215564,1.8159437338687965,1.039612945781972
PRY,Paraguay,Latin America & Caribbean,2005,24273208,262612,1.0819006700721223,0.0787193740587562,253734,1.0453253644924063,0.0443281905375569,1.2898738060060155,1.8159437338687965
PRY,Paraguay,Latin America & Caribbean,2006,24273208,148255,0.6107762929399361,-0.4930245195213342,143632,0.591730602728737,-0.5247038106289164,0.9635003591547965,1.2898738060060155
PRY,Paraguay,Latin America & Caribbean,2007,24273208,426191,1.7558082969502835,0.562929318951753,412816,1.7007063920022438,0.5310436894628889,1.8991628727924064,0.9635003591547965
PRY,Paraguay,Latin America & Caribbean,2008,24273208,376296,1.550252442940381,0.4384177840830098,365982,1.5077611496593282,0.4106258682208563,3.0863135952396625,1.8991628727924064
PRY,Paraguay,Latin America & Caribbean,2009,24273208,353172,1.4549869139670373,0.3749969067459232,342673,1.4117334634960488,0.3448183560232248,2.226101677361764,3.0863135952396625
PRY,Paraguay,Latin America & Caribbean,2010,24273208,442278,1.8220830143259183,0.5999803599984792,429954,1.7713109861704313,0.5717199425777529,2.8731481698275174,2.226101677361764
PRY,Paraguay,Latin America & Caribbean,2011,24273208,457174,1.8834510873058063,0.6331057787688531,447337,1.842924923644209,0.6113539419079869,3.3779393339050086,2.8731481698275174
PRY,Paraguay,Latin America & Caribbean,2012,24273208,510213,2.101959493776018,0.7428700019436886,492517,2.029056068732242,0.7075706941396676,3.8814306493444843,3.3779393339050086
PRY,Paraguay,Latin America & Caribbean,2013,24273208,318515,1.3122080937962548,0.2717112860213799,300443,1.2377556357610415,0.2132997684795215,3.5628403197270586,3.8814306493444843
PRY,Paraguay,Latin America & Caribbean,2014,24273208,345737,1.4243564344688184,0.3537200867731951,335455,1.3819969737827813,0.3235295356055852,3.809081853142376,3.5628403197270586
PRY,Paraguay,Latin America & Caribbean,2015,24273208,279304,1.150667847447276,0.1403425107234109,274422,1.1305551371701672,0.122708783921757,3.399479403423653,3.809081853142376
PRY,Paraguay,Latin America & Caribbean,2016,24273208,319793,1.317473158059701,0.2757156278366188,306992,1.2647360002847583,0.234863404972494,3.4368948840945577,3.399479403423653
PRY,Paraguay,Latin America & Caribbean,2017,24273208,360073,1.4834174370359288,0.3943485050280497,328468,1.3532121506147847,0.302481137055538,3.335232941716769,3.4368948840945577
PRY,Paraguay,Latin America & Caribbean,2018,24273208,258769,1.066068399364435,0.0639774881921736,253323,1.0436321396001715,0.0427070706634205,2.8967311384621595,3.335232941716769
PRY,Paraguay,Latin America & Caribbean,2019,24273208,312986,1.2894298932386687,0.254200177462053,201920,0.831863674550146,-0.1840867042904007,3.1983288371989644,2.8967311384621595
PRY,Paraguay,Latin America & Caribbean,2020,24273208,243326,1.0024468129634945,0.0024438243906484,201024,0.8281723618897016,-0.1885339797270678,3.5996870486577244,3.1983288371989644
PRY,Paraguay,Latin America & Caribbean,2021,24273208,276716,1.1400058863253677,0.1310334258363783,234176,0.964750930326144,-0.0358853142465074,4.578504242251353,3.5996870486577244
PRY,Paraguay,Latin America & Caribbean,2022,24273208,217142,0.8945747920917582,-0.1114067662344522,197967,0.8155782292970917,-0.2038579335058128,4.795826222933485,4.578504242251353
PRY,Paraguay,Latin America & Caribbean,2023,24273208,184552,0.760311533605282,-0.2740270170544649,171744,0.7075455374501797,-0.3459532876488307,4.119137243711368,4.795826222933485
PRY,Paraguay,Latin America & Caribbean,2024,24273208,265820,1.0951168877224633,0.0908611043499375,206757,0.8517909952405137,-0.1604140929969958,3.7224982453441946,4.119137243711368
PRY,Paraguay,Latin America & Caribbean,2025,24273208,149845,0.6173267250047871,-0.482356857137291,121226,0.4994230676060618,-0.6943017115623263,3.71636075248514,3.7224982453441946
SLB,Solomon Islands,Asia-Pacific,2001,2741593,2187,0.0797711403552606,-2.528593489620843,78,0.0028450612472383,-5.862170683608019,-0.783787732346879,-0.7545439214063588
SLB,Solomon Islands,Asia-Pacific,2002,2741593,3866,0.1410129074592764,-1.9589038505293344,106,0.0038663652847085,-5.555440416185544,-0.02643974147210723,-0.783787732346879
SLB,Solomon Islands,Asia-Pacific,2003,2741593,2375,0.086628467463989,-2.446126793828869,82,0.0029909618240198,-5.812160263033357,0.15552709695639066,-0.02643974147210723
SLB,Solomon Islands,Asia-Pacific,2004,2741593,3543,0.1292314358841739,-2.046150405432139,47,0.001714331777182,-6.368731908587552,0.1783559116650459,0.15552709695639066
SLB,Solomon Islands,Asia-Pacific,2005,2741593,6549,0.2388757193354374,-1.431811865079557,520,0.0189670749815891,-3.9650506987221377,-0.09381590753460745,0.1783559116650459
SLB,Solomon Islands,Asia-Pacific,2006,2741593,5068,0.1848560307821037,-1.688177968856581,1005,0.0366575199163406,-3.3061366898044344,0.07618698360681836,-0.09381590753460745
SLB,Solomon Islands,Asia-Pacific,2007,2741593,5665,0.2066316918667358,-1.5768173368355038,685,0.0249854737738241,-3.6894606720353855,0.9019786738869179,0.07618698360681836
SLB,Solomon Islands,Asia-Pacific,2008,2741593,8171,0.2980384032203175,-1.2105329309129031,506,0.018456422962854,-3.992342841010145,1.2895456134431336,0.9019786738869179
SLB,Solomon Islands,Asia-Pacific,2009,2741593,6035,0.2201274952190204,-1.5135483767659788,353,0.0128757259009634,-4.352411453364314,0.6831047328966279,1.2895456134431336
SLB,Solomon Islands,Asia-Pacific,2010,2741593,6418,0.2340974754458448,-1.4520176886278084,274,0.0099941895095296,-4.60575140390954,1.1529202300258083,0.6831047328966279
SLB,Solomon Islands,Asia-Pacific,2011,2741593,5860,0.2137443449848318,-1.5429746277265524,424,0.0154654611388342,-4.169146055065653,1.4683941427205784,1.1529202300258083
SLB,Solomon Islands,Asia-Pacific,2012,2741593,8807,0.3212365949285689,-1.135577371492151,809,0.0295083916540493,-3.523080593239119,1.2267661108144576,1.4683941427205784
SLB,Solomon Islands,Asia-Pacific,2013,2741593,9471,0.3454560906742904,-1.0628897330715092,909,0.0331559060735856,-3.406534416120132,0.8601612869610421,1.2267661108144576
SLB,Solomon Islands,Asia-Pacific,2014,2741593,16939,0.6178524675252672,-0.4815055757112288,806,0.0293989662214632,-3.5267957677909823,0.896360936686436,0.8601612869610421
SLB,Solomon Islands,Asia-Pacific,2015,2741593,14970,0.546032908604596,-0.6050760328839365,897,0.0327182043432413,-3.4198236482388147,0.6266284500416371,0.896360936686436
SLB,Solomon Islands,Asia-Pacific,2016,2741593,17993,0.6562972695071807,-0.4211414379450919,916,0.0334112320829532,-3.3988631456234804,0.8865295640462987,0.6266284500416371
SLB,Solomon Islands,Asia-Pacific,2017,2741593,19762,0.7208217995887792,-0.3273633295427025,389,0.0141888310919965,-4.255300166679164,0.8773643493489922,0.8865295640462987
SLB,Solomon Islands,Asia-Pacific,2018,2741593,17825,0.6501694452823595,-0.430522265015114,286,0.010431891239874,-4.562887699477758,0.41928999405169287,0.8773643493489922
SLB,Solomon Islands,Asia-Pacific,2019,2741593,16551,0.6037001115774661,-0.5046777083570703,518,0.0188941246931984,-3.968904268038127,0.4061636218722614,0.41928999405169287
SLB,Solomon Islands,Asia-Pacific,2020,2741593,14599,0.532500630108116,-0.6301711980976307,509,0.0185658483954401,-3.986431493747088,0.888911634657595,0.4061636218722614
SLB,Solomon Islands,Asia-Pacific,2021,2741593,11999,0.4376652552001701,-0.8263009183332217,326,0.0118908970076885,-4.431982128930903,1.499804423949556,0.888911634657595
SLB,Solomon Islands,Asia-Pacific,2022,2741593,14502,0.5289625411211657,-0.6368376603660726,423,0.0154289859946388,-4.171507331251333,1.5940600582466697,1.499804423949556
SLB,Solomon Islands,Asia-Pacific,2023,2741593,9578,0.3493589311031944,-1.051655429395056,343,0.0125109744590097,-4.38114906313167,0.8716758772799356,1.5940600582466697
SLB,Solomon Islands,Asia-Pacific,2024,2741593,11062,0.4034880450891142,-0.9076084197429872,203,0.0074044542716588,-4.9056735312558235,1.093820544158347,0.8716758772799356
SLB,Solomon Islands,Asia-Pacific,2025,2741593,7865,0.2868770090965362,-1.2487016948052323,182,0.0066384762435562,-5.0148728232208155,1.2195873759696259,1.093820544158347
SLE,Sierra Leone,Africa,2001,5617880,18596,0.3310145464125257,-1.1055929577050727,5330,0.0948756470412326,-2.355188223355658,-0.5107196606326501,-0.5630723457584941
SLE,Sierra Leone,Africa,2002,5617880,15310,0.27252273099461,-1.300033251863819,4817,0.0857440885173766,-2.4563881338853273,0.13049370643102742,-0.5107196606326501
SLE,Sierra Leone,Africa,2003,5617880,9099,0.1619650117126033,-1.8203749441588573,3157,0.0561955755551916,-2.8789172519575565,0.2560687472861218,0.13049370643102742
SLE,Sierra Leone,Africa,2004,5617880,4020,0.0715572422337251,-2.6372575589024816,1018,0.018120714575605,-4.01069954340508,0.37252000757577725,0.2560687472861218
SLE,Sierra Leone,Africa,2005,5617880,6872,0.1223237235398406,-2.1010842768514566,2387,0.0424893376149009,-3.1585021141767182,0.14136321856080103,0.37252000757577725
SLE,Sierra Leone,Africa,2006,5617880,28526,0.5077716149152349,-0.6777235094321805,7818,0.1391628158664834,-1.972110694162648,0.24969980783394474,0.14136321856080103
SLE,Sierra Leone,Africa,2007,5617880,21878,0.3894351605943879,-0.943057895835812,5571,0.0991655215134534,-2.310964890494733,0.9123363136143036,0.24969980783394474
SLE,Sierra Leone,Africa,2008,5617880,20925,0.3724714661046516,-0.987594845157872,4767,0.0848540730667084,-2.4668222853107227,1.3025000420098403,0.9123363136143036
SLE,Sierra Leone,Africa,2009,5617880,30546,0.5437282391222311,-0.6093057173851572,8574,0.152619849480587,-1.8798050933576256,0.7316579098692317,1.3025000420098403
SLE,Sierra Leone,Africa,2010,5617880,8782,0.1563223137553668,-1.8558352893938856,2484,0.0442159675891973,-3.1186692974621786,1.2377824799464385,0.7316579098692317
SLE,Sierra Leone,Africa,2011,5617880,33929,0.6039466845144432,-0.5042693556148587,10016,0.1782878950778585,-1.7243556471756682,1.5436409036290035,1.2377824799464385
SLE,Sierra Leone,Africa,2012,5617880,16356,0.2911418542225893,-1.2339446590310152,5010,0.089179548156956,-2.4171035464366377,1.3658916064288724,1.5436409036290035
SLE,Sierra Leone,Africa,2013,5617880,170277,3.030983217868662,1.108887061230467,37032,0.6591810433829132,-0.4167570578044415,1.0501932705302535,1.3658916064288724
SLE,Sierra Leone,Africa,2014,5617880,161513,2.874981309675536,1.05604617324576,36523,0.6501206860951106,-0.4305972624116105,1.21060235863473,1.0501932705302535
SLE,Sierra Leone,Africa,2015,5617880,232762,4.143235526568741,1.4214770107598165,44809,0.7976140465798486,-0.2261304494315966,0.9840331800393076,1.21060235863473
SLE,Sierra Leone,Africa,2016,5617880,177687,3.162883507657693,1.1514841139449,26758,0.4763006685796065,-0.7417059674819835,1.155601896247184,0.9840331800393076
SLE,Sierra Leone,Africa,2017,5617880,232753,4.143075323787621,1.421438343906971,39517,0.7034148112811238,-0.3518085024662986,1.173798119964675,1.155601896247184
SLE,Sierra Leone,Africa,2018,5617880,188218,3.350338561877434,1.2090614039774243,31305,0.5572386736633748,-0.5847616323361373,0.736891462053759,1.173798119964675
SLE,Sierra Leone,Africa,2019,5617880,175467,3.1233668216480237,1.1389115295038308,31638,0.5631661765648251,-0.5741805317570233,0.8164256244875555,0.736891462053759
SLE,Sierra Leone,Africa,2020,5617880,154641,2.7526575861356952,1.0125668399779335,26508,0.4718505913262654,-0.7510928873074306,1.2171058080358659,0.8164256244875555
SLE,Sierra Leone,Africa,2021,5617880,113033,2.0120223287076264,0.699140349943123,16454,0.292886284505899,-1.2279708527866724,1.7410191606851608,1.2171058080358659
SLE,Sierra Leone,Africa,2022,5617880,119929,2.134773259663788,0.758360439478174,16783,0.2987425861712959,-1.2081729922073687,1.8085617345526148,1.7410191606851608
SLE,Sierra Leone,Africa,2023,5617880,99682,1.7743704030701972,0.573445657509906,15385,0.2738577541706124,-1.295146452759406,1.1404090037538608,1.8085617345526148
SLE,Sierra Leone,Africa,2024,5617880,130669,2.3259485784673224,0.8441279465723621,25922,0.4614196102444338,-0.7734474325322277,1.4342831385586667,1.1404090037538608
SLE,Sierra Leone,Africa,2025,5617880,104934,1.8678576260083877,0.6247921195616981,19272,0.3430475553055601,-1.0698861962208408,1.621996742039467,1.4342831385586667
SUR,Suriname,Latin America & Caribbean,2001,13949795,3689,0.0264448330602707,-3.6326944871984024,564,0.0040430701669809,-5.510750933297019,0.06380445800263522,0.028901915898545273
SUR,Suriname,Latin America & Caribbean,2002,13949795,3717,0.0266455528557946,-3.625133014497826,517,0.0037061476530658,-5.597762310286649,0.06944591131502406,0.06380445800263522
SUR,Suriname,Latin America & Caribbean,2003,13949795,4546,0.0325882925161265,-3.4238021803825895,678,0.0048602864773281,-5.326657896854682,0.05793072953034859,0.06944591131502406
SUR,Suriname,Latin America & Caribbean,2004,13949795,5423,0.0388751232544994,-3.2474007379540173,904,0.0064803819697708,-5.038975824402901,0.10243162662219549,0.05793072953034859
SUR,Suriname,Latin America & Caribbean,2005,13949795,3512,0.0251759972099948,-3.6818642300400706,801,0.005742019864808,-5.159944237726719,0.09999136941636623,0.10243162662219549
SUR,Suriname,Latin America & Caribbean,2006,13949795,3404,0.0244017922844027,-3.713098695101813,749,0.0053692545302637,-5.227066201277858,0.08497951341509252,0.09999136941636623
SUR,Suriname,Latin America & Caribbean,2007,13949795,3626,0.025993213520342,-3.6499197934802816,672,0.004817275092573,-5.335546844271929,0.07463460101298004,0.08497951341509252
SUR,Suriname,Latin America & Caribbean,2008,13949795,7511,0.0538430851492799,-2.9216812931090663,1223,0.0087671539259179,-4.736743049107906,0.10594356990959106,0.07463460101298004
SUR,Suriname,Latin America & Caribbean,2009,13949795,7362,0.0527749690945279,-2.9417182708561116,1081,0.0077492178200468,-4.86016336715587,0.07520881415987803,0.10594356990959106
SUR,Suriname,Latin America & Caribbean,2010,13949795,7000,0.0501799488809692,-2.9921397567576276,1127,0.008078971769836,-4.818490670755302,0.128064216556279,0.07520881415987803
SUR,Suriname,Latin America & Caribbean,2011,13949795,5697,0.040839309824983,-3.1981101853146825,856,0.0061362908917299,-5.093534808653336,0.14811353585234371,0.128064216556279
SUR,Suriname,Latin America & Caribbean,2012,13949795,19502,0.1398013375823802,-1.9675328814000137,2697,0.0193336174474248,-3.945909861655348,0.15865155590853655,0.14811353585234371
SUR,Suriname,Latin America & Caribbean,2013,13949795,10203,0.0731408597760755,-2.6153681111197726,1973,0.0141435770203074,-4.258494678772463,0.15347830533157697,0.15865155590853655
SUR,Suriname,Latin America & Caribbean,2014,13949795,14748,0.1057219837280762,-2.246942425441043,2770,0.0198569226286121,-3.919202585613694,0.21279936030565635,0.15347830533157697
SUR,Suriname,Latin America & Caribbean,2015,13949795,11921,0.0854564529442905,-2.4597483550770765,2310,0.0165593831307198,-4.100802381279239,0.21154975035985854,0.21279936030565635
SUR,Suriname,Latin America & Caribbean,2016,13949795,16878,0.1209910253161426,-2.1120389070771663,4233,0.0303445319447346,-3.4951389442741543,0.19142110815959373,0.21154975035985854
SUR,Suriname,Latin America & Caribbean,2017,13949795,18018,0.1291631884196147,-2.046678647583693,2472,0.0177206905191079,-4.033022366217496,0.20313328619760695,0.19142110815959373
SUR,Suriname,Latin America & Caribbean,2018,13949795,19001,0.136209886955328,-1.993558296452546,2008,0.0143944767647123,-4.240910703983459,0.17736312846861893,0.20313328619760695
SUR,Suriname,Latin America & Caribbean,2019,13949795,18454,0.1322886823784865,-2.022768756656577,2487,0.0178282189809957,-4.026972740991673,0.21855059804351495,0.17736312846861893
SUR,Suriname,Latin America & Caribbean,2020,13949795,15096,0.108216644043873,-2.223620097746692,2367,0.0169679912858934,-4.076426575281094,0.21852301110637953,0.21855059804351495
SUR,Suriname,Latin America & Caribbean,2021,13949795,12262,0.0879009333112063,-2.4315448564724447,1343,0.0096273816210202,-4.643143988271841,0.22626482359986866,0.21852301110637953
SUR,Suriname,Latin America & Caribbean,2022,13949795,14542,0.1042452595181506,-2.261008891585076,1377,0.0098711128012992,-4.618142686066423,0.22142990455111075,0.22626482359986866
SUR,Suriname,Latin America & Caribbean,2023,13949795,26116,0.1872142207107703,-1.675501752488554,3961,0.0283946825025027,-3.5615533871731615,0.19027389604429534,0.22142990455111075
SUR,Suriname,Latin America & Caribbean,2024,13949795,34034,0.2439749114592723,-1.410689880863696,3156,0.0226239883811912,-3.788744502829313,0.23991815257058938,0.19027389604429534
SUR,Suriname,Latin America & Caribbean,2025,13949795,14442,0.1035284031055653,-2.267909277783951,1564,0.0112116342928336,-4.490803263689822,0.2777745573097834,0.23991815257058938
THA,Thailand,Asia-Pacific,2001,19955448,36093,0.1808679013370183,-1.7099883410368923,32491,0.1628176926922412,-1.8151241538478964,-0.6455279853147501,-0.9001318523781847
THA,Thailand,Asia-Pacific,2002,19955448,60880,0.3050795953065047,-1.1871825682029593,54718,0.2742008097237406,-1.2938945588176538,0.5894079031231682,-0.6455279853147501
THA,Thailand,Asia-Pacific,2003,19955448,58436,0.2928323132610202,-1.228155143486122,51878,0.2599691071831612,-1.3471924735523928,1.0088556869496828,0.5894079031231682
THA,Thailand,Asia-Pacific,2004,19955448,91800,0.4600247511356297,-0.7764749841299448,81740,0.4096124526996337,-0.8925438036202584,1.6439884360909036,1.0088556869496828
THA,Thailand,Asia-Pacific,2005,19955448,84259,0.4222355719600983,-0.8621918933034786,73893,0.3702898576869835,-0.9934691808868076,1.0071800751650115,1.6439884360909036
THA,Thailand,Asia-Pacific,2006,19955448,99800,0.5001140540668393,-0.6929190984389714,89134,0.4466649909338041,-0.8059464263530641,0.9974891999507509,1.0071800751650115
THA,Thailand,Asia-Pacific,2007,19955448,92617,0.4641188711974795,-0.7676145716408024,79882,0.4003017120938603,-0.915536735965875,2.5134874809928824,0.9974891999507509
THA,Thailand,Asia-Pacific,2008,19955448,80120,0.4014943688560637,-0.912561770958772,71516,0.3583783235535479,-1.026166080866816,3.7748238793951203,2.5134874809928824
THA,Thailand,Asia-Pacific,2009,19955448,132625,0.6646054751564585,-0.4085616848222424,117274,0.5876791139943338,-0.5315742045447542,2.3877559329188536,3.7748238793951203
THA,Thailand,Asia-Pacific,2010,19955448,134876,0.6758856027687277,-0.3917314439331019,119576,0.5992148109127893,-0.5121351292728763,3.5947091626460717,2.3877559329188536
THA,Thailand,Asia-Pacific,2011,19955448,94522,0.4736651364579737,-0.7472546701185887,84537,0.4236286752369578,-0.8588979734077918,4.36470212428507,3.5947091626460717
THA,Thailand,Asia-Pacific,2012,19955448,114479,0.5736729137827424,-0.5556958816965903,100797,0.5051101834446413,-0.6829786884667775,4.345419812694667,4.36470212428507
THA,Thailand,Asia-Pacific,2013,19955448,84738,0.4246359189731045,-0.8565231384414078,67563,0.3385691967426639,-1.083026785829305,3.6729083711458643,4.345419812694667
THA,Thailand,Asia-Pacific,2014,19955448,137592,0.6894959211138733,-0.3717944974821983,114342,0.5729863844700455,-0.5568933243820957,4.134006838057384,3.6729083711458643
THA,Thailand,Asia-Pacific,2015,19955448,120750,0.6050979161179443,-0.5023649892237076,100491,0.5035767676075226,-0.6860191105061062,3.56434483549733,4.134006838057384
THA,Thailand,Asia-Pacific,2016,19955448,171584,0.8598353692685827,-0.1510143391428954,141169,0.7074208506869903,-0.3461295275433715,3.8307818074616042,3.56434483549733
THA,Thailand,Asia-Pacific,2017,19955448,196353,0.983956862306474,-0.0161732220102829,171231,0.8580664287767431,-0.1530737596744494,3.825156092402935,3.8307818074616042
THA,Thailand,Asia-Pacific,2018,19955448,133517,0.6690754324332884,-0.4018584711992699,114507,0.5738132263430017,-0.5554513252596068,2.870283091665308,3.825156092402935
THA,Thailand,Asia-Pacific,2019,19955448,129771,0.6503036163357495,-0.4303159230956603,109260,0.5475196547829946,-0.602356918788818,3.20459953468851,2.870283091665308
THA,Thailand,Asia-Pacific,2020,19955448,119392,0.5982927569453715,-0.5136750847176422,97217,0.487170220382925,-0.7191416884633728,4.047662625002687,3.20459953468851
THA,Thailand,Asia-Pacific,2021,19955448,122794,0.6153407330168684,-0.4855791271718863,104477,0.5235512627929977,-0.6471203302699156,5.387360746819581,4.047662625002687
THA,Thailand,Asia-Pacific,2022,19955448,110658,0.5545252604702234,-0.5896429178276658,93777,0.4699318201225049,-0.7551676583699085,5.597638398952986,5.387360746819581
THA,Thailand,Asia-Pacific,2023,19955448,141859,0.7108785530648072,-0.3412536752107346,122740,0.6150701302220827,-0.4860189847954387,4.1455729037024565,5.597638398952986
THA,Thailand,Asia-Pacific,2024,19955448,141658,0.7098713093286605,-0.3426715798420273,124105,0.6219103675347203,-0.4749593002688138,4.486486067708235,4.1455729037024565
THA,Thailand,Asia-Pacific,2025,19955448,111551,0.5590002289099197,-0.5816053963281598,95913,0.4806356640051378,-0.7326457511813511,4.836085743056938,4.486486067708235
TWN,Taiwan,Asia-Pacific,2001,2342181,1159,0.0494837930971176,-3.0061100751980048,254,0.0108445931377634,-4.52408865151922,0.3916549767075841,0.16865329105680382
TWN,Taiwan,Asia-Pacific,2002,2342181,1005,0.0429087248167413,-3.14868009804458,301,0.0128512698207354,-4.354312653788881,0.4511493261572081,0.3916549767075841
TWN,Taiwan,Asia-Pacific,2003,2342181,1125,0.0480321546456059,-3.035884603899236,278,0.0118692791035364,-4.4338018048471195,0.428494756068531,0.4511493261572081
TWN,Taiwan,Asia-Pacific,2004,2342181,1858,0.0793277718502541,-2.534166999163973,426,0.0181881758924694,-4.006983572268386,0.7569351998858779,0.428494756068531
TWN,Taiwan,Asia-Pacific,2005,2342181,1522,0.0649821683294331,-2.733642380116126,313,0.0133636128036219,-4.3152197279976034,0.6958968400755152,0.7569351998858779
TWN,Taiwan,Asia-Pacific,2006,2342181,2077,0.088678031287932,-2.422743094661644,601,0.025659844392897,-3.662827984002549,0.5761510106636961,0.6958968400755152
TWN,Taiwan,Asia-Pacific,2007,2342181,1730,0.0738627800327984,-2.6055462310459316,567,0.0242082059413854,-3.721063614810004,0.5960387713258438,0.5761510106636961
TWN,Taiwan,Asia-Pacific,2008,2342181,2311,0.0986687194542181,-2.315987308263376,711,0.0303563217360229,-3.494750488734516,0.88397073649755,0.5960387713258438
TWN,Taiwan,Asia-Pacific,2009,2342181,8162,0.3484786188599429,-1.0541784025720056,794,0.0339000273676543,-3.3843394572906207,0.6344388335486617,0.88397073649755
TWN,Taiwan,Asia-Pacific,2010,2342181,2460,0.105030311491725,-2.253506289611348,481,0.0205364145640324,-3.8855556484319953,0.9911014325104085,0.6344388335486617
TWN,Taiwan,Asia-Pacific,2011,2342181,1461,0.0623777581664269,-2.774546506787057,423,0.0180600901467478,-4.014050739491478,1.1495935347298996,0.9911014325104085
TWN,Taiwan,Asia-Pacific,2012,2342181,1460,0.062335062917853,-2.775231203835374,375,0.0160107182152019,-4.134496892567346,1.262216332056986,1.1495935347298996
TWN,Taiwan,Asia-Pacific,2013,2342181,953,0.0406885718908999,-3.201808014883554,261,0.0111434598777805,-4.496902511215063,1.207258469737856,1.262216332056986
TWN,Taiwan,Asia-Pacific,2014,2342181,1054,0.045000791996861,-3.101075189436449,380,0.0162241944580713,-4.121251665817325,1.5681741495776813,1.207258469737856
TWN,Taiwan,Asia-Pacific,2015,2342181,943,0.0402616194051612,-3.2123566359042988,422,0.0180173948981739,-4.016417604501744,1.5252175112282573,1.5681741495776813
TWN,Taiwan,Asia-Pacific,2016,2342181,3322,0.1418336157624026,-1.9531006283645165,1302,0.0555892136431812,-2.8897660957692417,1.4104484438186058,1.5252175112282573
TWN,Taiwan,Asia-Pacific,2017,2342181,2584,0.1103245223148851,-2.204329053635264,1091,0.0465805161940943,-3.066572932704686,1.4673132054277698,1.4104484438186058
TWN,Taiwan,Asia-Pacific,2018,2342181,1901,0.0811636675389305,-2.511287576049327,833,0.0355651420620353,-3.3363892763709138,1.284874288220284,1.4673132054277698
TWN,Taiwan,Asia-Pacific,2019,2342181,1426,0.0608834244663414,-2.798794317563515,635,0.0271114828444086,-3.6077979196450647,1.5487621196218997,1.284874288220284
TWN,Taiwan,Asia-Pacific,2020,2342181,1461,0.0623777581664269,-2.774546506787057,637,0.0271968733415564,-3.604653262965593,1.5804507924059377,1.5487621196218997
TWN,Taiwan,Asia-Pacific,2021,2342181,1463,0.0624631486635746,-2.773178517517632,652,0.0278373020701645,-3.5813783566111033,1.7106636203530055,1.5804507924059377
TWN,Taiwan,Asia-Pacific,2022,2342181,1513,0.0645979110922682,-2.7395732047494006,644,0.0274957400815735,-3.593724192433403,1.7029114407132275,1.7106636203530055
TWN,Taiwan,Asia-Pacific,2023,2342181,1965,0.0838961634476584,-2.4781753942343947,728,0.0310821409617787,-3.4711218703410704,1.4706008426324935,1.7029114407132275
TWN,Taiwan,Asia-Pacific,2024,2342181,3735,0.1594667534234117,-1.8359198209708387,774,0.0330461223961768,-3.4098510449480295,1.7110517935298613,1.4706008426324935
TWN,Taiwan,Asia-Pacific,2025,2342181,3057,0.1305193748903265,-2.036233596646922,811,0.0346258465934101,-3.3631548644223437,1.9239277371728747,1.7110517935298613
TZA,Tanzania,Africa,2001,26405607,82214,0.3113505400576476,-1.166835863097499,60087,0.2275539433727086,-1.4803679549719566,0.6342203096996082,0.2719693500764896
TZA,Tanzania,Africa,2002,26405607,85080,0.3222042954740635,-1.1325694766271253,60090,0.2275653045961033,-1.4803180286133253,0.7222594447058769,0.6342203096996082
TZA,Tanzania,Africa,2003,26405607,84067,0.3183679890411154,-1.1445473669972552,62207,0.2355825412383059,-1.4456939333532743,0.6112252026216501,0.7222594447058769
TZA,Tanzania,Africa,2004,26405607,66892,0.2533249851063829,-1.3730820884402852,46595,0.1764587346922189,-1.734668227721543,1.0771029554320986,0.6112252026216501
TZA,Tanzania,Africa,2005,26405607,91584,0.3468354277938015,-1.0589048830251762,68747,0.2603500082387805,-1.3457283677282112,1.039694174760448,1.0771029554320986
TZA,Tanzania,Africa,2006,26405607,85295,0.3230185164840179,-1.1300456308266789,64175,0.2430355037852377,-1.4145477402019575,0.888838457993792,1.039694174760448
TZA,Tanzania,Africa,2007,26405607,121683,0.460822582112958,-0.7747421644797026,99733,0.3776962976083072,-0.973664851778524,0.815504990979869,0.888838457993792
TZA,Tanzania,Africa,2008,26405607,164248,0.6220194067116124,-0.4747839862286986,131493,0.4979737826136698,-0.697207848697376,1.1594575247400147,0.815504990979869
TZA,Tanzania,Africa,2009,26405607,143354,0.5428922728419006,-0.6108443712869607,121385,0.4596940339224165,-0.7771941544520915,0.8146623479521969,1.1594575247400147
TZA,Tanzania,Africa,2010,26405607,138482,0.5244416460488865,-0.6454211136767247,110026,0.4166766550755678,-0.8754447654598653,1.3832615050326407,0.8146623479521969
TZA,Tanzania,Africa,2011,26405607,137796,0.5218437129659621,-0.6503871363771092,116822,0.4424136131390579,-0.8155100581374467,1.605010290746406,1.3832615050326407
TZA,Tanzania,Africa,2012,26405607,154430,0.5848379096151813,-0.5364205477242522,120579,0.4566416519037036,-0.7838563271815865,1.7074613661565472,1.605010290746406
TZA,Tanzania,Africa,2013,26405607,181509,0.6873880990503267,-0.3748562277067803,130688,0.4949251876694219,-0.703348663857016,1.6389987971120785,1.7074613661565472
TZA,Tanzania,Africa,2014,26405607,198221,0.7506776875078085,-0.2867788970937182,148053,0.5606877357524862,-0.5785911491923431,2.2571868290186594,1.6389987971120785
TZA,Tanzania,Africa,2015,26405607,111960,0.4240008570906929,-0.8580198023119089,82023,0.3106272088348509,-1.1691617712193807,2.232680878423405,2.2571868290186594
TZA,Tanzania,Africa,2016,26405607,152853,0.5788656931840271,-0.5466847917295492,122397,0.4635265532808997,-0.7688916069852277,2.033423760911856,2.232680878423405
TZA,Tanzania,Africa,2017,26405607,194869,0.7379834139014491,-0.3038339290224978,152983,0.5793580128644648,-0.5458346628511341,2.1542935966232006,2.033423760911856
TZA,Tanzania,Africa,2018,26405607,171703,0.6502520468474745,-0.4303952268729025,138229,0.5234835162092657,-0.6472497368286759,1.8681469696227833,2.1542935966232006
TZA,Tanzania,Africa,2019,26405607,142771,0.5406844084288613,-0.6149195189099564,112785,0.427125193524239,-0.8506781154610619,2.2964589882646687,1.8681469696227833
TZA,Tanzania,Africa,2020,26405607,186209,0.7051873490353773,-0.3492917681607763,150398,0.5695684253726869,-0.5628763534041802,2.315526977988658,2.2964589882646687
TZA,Tanzania,Africa,2021,26405607,165068,0.625124807772834,-0.4698039567450818,132755,0.5027530705883793,-0.687656142762986,2.422221813574802,2.315526977988658
TZA,Tanzania,Africa,2022,26405607,160657,0.6084200223081409,-0.4968898093618197,127758,0.4838290594872521,-0.7260236175268452,2.3763403774438663,2.422221813574802
TZA,Tanzania,Africa,2023,26405607,229025,0.8673347293247226,-0.1423302990578894,182625,0.69161447415316,-0.3687265968882981,2.0236071030011407,2.3763403774438663
TZA,Tanzania,Africa,2024,26405607,225765,0.8549888665691343,-0.1566668316867261,174944,0.6625259551882295,-0.4116955442465729,2.5456927219983485,2.0236071030011407
TZA,Tanzania,Africa,2025,26405607,203747,0.77160506100087,-0.2592824388729681,159324,0.6033718520464233,-0.5052216022573964,2.9433496917171382,2.5456927219983485
UGA,Uganda,Africa,2001,7764952,29659,0.3819598627267754,-0.9624397472918236,25086,0.323067032481334,-1.1298954463890762,0.5583833001420903,0.19797623627959848
UGA,Uganda,Africa,2002,7764952,10840,0.1396016356572455,-1.9689623719800589,8933,0.1150425656204957,-2.162453083271857,0.7517711660483535,0.5583833001420903
UGA,Uganda,Africa,2003,7764952,11980,0.154282988484668,-1.868966775304256,9142,0.1177341469721899,-2.1393261880820065,0.8683334695569676,0.7517711660483535
UGA,Uganda,Africa,2004,7764952,18077,0.232802469352032,-1.4575649559988415,14266,0.1837229644175521,-1.6943262841357127,1.5283599970619854,0.8683334695569676
UGA,Uganda,Africa,2005,7764952,29172,0.3756880918259379,-0.9789960228695724,24675,0.317774018435658,-1.146414782672014,1.2882894219218506,1.5283599970619854
UGA,Uganda,Africa,2006,7764952,28448,0.3663641449425572,-1.0041275086600652,24180,0.3113992204974351,-1.1666795228049125,1.0323799407254424,1.2882894219218506
UGA,Uganda,Africa,2007,7764952,36627,0.4716964122894771,-0.7514196946367311,30680,0.3951086883730897,-0.9285943914925036,1.3437530413533794,1.0323799407254424
UGA,Uganda,Africa,2008,7764952,36926,0.4755470478117572,-0.7432894580180078,32314,0.416151960759062,-0.8767047951369202,2.0780422625497104,1.3437530413533794
UGA,Uganda,Africa,2009,7764952,23294,0.2999889761069997,-1.2040095513110989,19323,0.2488489304248113,-1.3909092717586955,1.4971586546753444,2.0780422625497104
UGA,Uganda,Africa,2010,7764952,34149,0.4397837874593429,-0.8214720649803698,28292,0.3643551177135415,-1.0096262888178156,2.1481980745627527,1.4971586546753444
UGA,Uganda,Africa,2011,7764952,65067,0.837957530194649,-0.1767878597429792,55766,0.7181757208544238,-0.331041003310971,2.5047421914473853,2.1481980745627527
UGA,Uganda,Africa,2012,7764952,29141,0.3752888620560693,-0.9800592507234074,24666,0.3176581130185995,-1.1467795908477627,2.8079139065828986,2.5047421914473853
UGA,Uganda,Africa,2013,7764952,47750,0.6149426293942319,-0.4862263010648198,37840,0.4873178868330416,-0.7188386238078815,2.6415941255931465,2.8079139065828986
UGA,Uganda,Africa,2014,7764952,54913,0.7071904629932033,-0.3464552533361685,43975,0.5663267461279864,-0.5685840773679371,3.1761905553693897,2.6415941255931465
UGA,Uganda,Africa,2015,7764952,54021,0.6957029483247289,-0.362832508136081,43659,0.5622571781512622,-0.5757959213922603,2.9956006340920887,3.1761905553693897
UGA,Uganda,Africa,2016,7764952,67486,0.8691103306240656,-0.1402851990323733,53851,0.6935136237802887,-0.3659843944594481,2.859415023489066,2.9956006340920887
UGA,Uganda,Africa,2017,7764952,116903,1.5055212189334848,0.4091391631169702,97596,1.2568783425834442,0.2286311409810794,2.8996703074541936,2.859415023489066
UGA,Uganda,Africa,2018,7764952,86230,1.1105026792181072,0.1048127769726739,68886,0.8871400621665143,-0.1197524036518292,2.5349124956848064,2.8996703074541936
UGA,Uganda,Africa,2019,7764952,63268,0.8147893251626024,-0.2048256958903168,47808,0.6156895754152762,-0.485012378481207,2.964333894578717,2.5349124956848064
UGA,Uganda,Africa,2020,7764952,73602,0.94787450070522,-0.0535331687128891,53782,0.6926250155828394,-0.3672665292963895,3.1260626324241967,2.964333894578717
UGA,Uganda,Africa,2021,7764952,49245,0.6341958070056325,-0.4553975283698934,35223,0.4536151672283357,-0.7905060896753746,3.592871335711929,3.1260626324241967
UGA,Uganda,Africa,2022,7764952,64135,0.8259548803392475,-0.191215131239745,49044,0.6316072526913238,-0.4594875136214185,3.650416242141996,3.592871335711929
UGA,Uganda,Africa,2023,7764952,68916,0.8875264135567097,-0.1193169963213993,51847,0.6677053509152406,-0.4039082941991889,3.150085323033082,3.650416242141996
UGA,Uganda,Africa,2024,7764952,64859,0.835278827222628,-0.1799896850542464,49001,0.6310534823653772,-0.4603646619259108,3.3283097092824954,3.150085323033082
UGA,Uganda,Africa,2025,7764952,58786,0.7570684274674203,-0.2783016366742442,42484,0.5471250820352785,-0.6030778335322659,3.595111775560461,3.3283097092824954
VEN,Venezuela,Latin America & Caribbean,2001,56519470,123901,0.219218262308546,-1.5176874139272531,93391,0.1652368643938097,-1.8003752927059415,0.4693790020969029,0.13102506801408054
VEN,Venezuela,Latin America & Caribbean,2002,56519470,90340,0.1598387246023361,-1.8335899433283416,72933,0.1290404881715982,-2.0476290620694395,0.6801301533845907,0.4693790020969029
VEN,Venezuela,Latin America & Caribbean,2003,56519470,87218,0.1543149643830701,-1.8687595419236105,61737,0.1092313852199958,-2.214286846526278,0.6066306839926525,0.6801301533845907
VEN,Venezuela,Latin America & Caribbean,2004,56519470,90926,0.1608755354570734,-1.8271242846668885,69254,0.1225312268497917,-2.0993893684226443,1.0529783108029482,0.6066306839926525
VEN,Venezuela,Latin America & Caribbean,2005,56519470,94954,0.1680022831070425,-1.7837777097483478,76440,0.135245429583823,-2.000664154182727,0.9708596441293843,1.0529783108029482
VEN,Venezuela,Latin America & Caribbean,2006,56519470,85504,0.1512823810980534,-1.8886071150806736,65620,0.1161015841089805,-2.153289746021844,0.8557819023101424,0.9708596441293843
VEN,Venezuela,Latin America & Caribbean,2007,56519470,114340,0.2023019677997688,-1.5979938077189744,87020,0.1539646426266913,-1.8710322962622656,0.9266227154215962,0.8557819023101424
VEN,Venezuela,Latin America & Caribbean,2008,56519470,120586,0.2133530268419007,-1.5448070822357325,96589,0.1708950915498676,-1.7667054104558049,1.3195642584568363,0.9266227154215962
VEN,Venezuela,Latin America & Caribbean,2009,56519470,142453,0.2520423493001615,-1.3781581528115814,114089,0.2018578730479956,-1.6001914279950142,0.8900493817566262,1.3195642584568363
VEN,Venezuela,Latin America & Caribbean,2010,56519470,101297,0.179224964423764,-1.7191134777436303,70750,0.1251781023424317,-2.0780177370314523,1.5079185611383024,0.8900493817566262
VEN,Venezuela,Latin America & Caribbean,2011,56519470,74407,0.1316484390246405,-2.02762025012006,53614,0.0948593466994648,-2.3553600455534145,1.7715831523447114,1.5079185611383024
VEN,Venezuela,Latin America & Caribbean,2012,56519470,105952,0.1874610643022661,-1.6741841121899637,77894,0.1378179944008675,-1.9818213454672795,1.8293372896381308,1.7715831523447114
VEN,Venezuela,Latin America & Caribbean,2013,56519470,64489,0.1141005037733014,-2.1706756069327806,43228,0.0764833782057758,-2.57068184011388,1.7025698157817795,1.8293372896381308
VEN,Venezuela,Latin America & Caribbean,2014,56519470,100940,0.1785933236812022,-1.722643992642683,75490,0.1335645928739247,-2.013170076403266,2.2939414553325217,1.7025698157817795
VEN,Venezuela,Latin America & Caribbean,2015,56519470,61336,0.1085218951982387,-2.2208033272982064,45220,0.0800078273911627,-2.525630806704976,2.22471533226691,2.2939414553325217
VEN,Venezuela,Latin America & Caribbean,2016,56519470,207337,0.3668417272844207,-1.0028247847526457,91965,0.1627138400271623,-1.8157622036720389,2.0797497867234775,2.22471533226691
VEN,Venezuela,Latin America & Caribbean,2017,56519470,166998,0.2954698619785359,-1.219188437257662,125492,0.2220332214721758,-1.504928262034681,2.1923021103444587,2.0797497867234775
VEN,Venezuela,Latin America & Caribbean,2018,56519470,112166,0.1984555056868013,-1.617190356692194,74859,0.1324481634381921,-2.0215639294365073,1.8440626304914123,2.1923021103444587
VEN,Venezuela,Latin America & Caribbean,2019,56519470,140699,0.2489389939431491,-1.3905474167802534,63744,0.1127823739323811,-2.1822952115926664,2.2477277078413413,1.8440626304914123
VEN,Venezuela,Latin America & Caribbean,2020,56519470,139221,0.2463239658829072,-1.4011076749640523,81899,0.1449040481094391,-1.9316834927825288,2.347375408663319,2.2477277078413413
VEN,Venezuela,Latin America & Caribbean,2021,56519470,64337,0.1138315698997177,-2.173035380123514,43068,0.0762002899177929,-2.574390011601329,2.5527054897000805,2.347375408663319
VEN,Venezuela,Latin America & Caribbean,2022,56519470,55749,0.0986368060422364,-2.316310800595176,38911,0.0688453023356376,-2.675893286554481,2.525576410465083,2.5527054897000805
VEN,Venezuela,Latin America & Caribbean,2023,56519470,76608,0.1355426722862051,-1.9984687636192917,51536,0.091182737559287,-2.394889680965957,2.0696262969371104,2.525576410465083
VEN,Venezuela,Latin America & Caribbean,2024,56519470,145093,0.2567133060518791,-1.359795357419685,62693,0.1109228377406936,-2.1989204748916613,2.5996110655400195,2.0696262969371104
VEN,Venezuela,Latin America & Caribbean,2025,56519470,63795,0.1128726083241757,-2.181495456181093,46717,0.0826564721856025,-2.493062149425295,2.9967416168149796,2.5996110655400195
VNM,Vietnam,Asia-Pacific,2001,16550835,47457,0.2867347780338575,-1.2491976088320524,24565,0.1484215146849086,-1.907698981095993,0.378087651485178,0.12730962277275035
VNM,Vietnam,Asia-Pacific,2002,16550835,49624,0.2998277730398496,-1.204547059045788,34128,0.2062010768640978,-1.5789034849876098,0.5262670085110979,0.378087651485178
VNM,Vietnam,Asia-Pacific,2003,16550835,43005,0.259835833056157,-1.3477052587131615,20175,0.1218971731637709,-2.104577432560592,0.6288233671683714,0.5262670085110979
VNM,Vietnam,Asia-Pacific,2004,16550835,73882,0.4463943964156491,-0.8065524208261506,38481,0.2325018647095448,-1.4588570337307811,1.1061767620616574,0.6288233671683714
VNM,Vietnam,Asia-Pacific,2005,16550835,102213,0.6175700500911283,-0.4819627754708759,53743,0.324714734936334,-1.124808220747968,0.9193268818018494,1.1061767620616574
VNM,Vietnam,Asia-Pacific,2006,16550835,78782,0.4760001534665773,-0.742337102341993,37887,0.2289129219160241,-1.474413601384462,0.7325247014168642,0.9193268818018494
VNM,Vietnam,Asia-Pacific,2007,16550835,80230,0.4847489567746884,-0.7241241369510398,32846,0.1984552441009774,-1.6171916748012354,0.988286376379326,0.7325247014168642
VNM,Vietnam,Asia-Pacific,2008,16550835,108305,0.6543778606940375,-0.4240703257236631,69740,0.4213684687207624,-0.8642476054690994,1.536880511411154,0.988286376379326
VNM,Vietnam,Asia-Pacific,2009,16550835,137761,0.8323507545087604,-0.1835013470623689,67990,0.4107949840597166,-0.8896610111782363,1.10782045425935,1.536880511411154
VNM,Vietnam,Asia-Pacific,2010,16550835,174282,1.053010316397934,0.0516530302528819,109717,0.6629091523176928,-0.4111173233469307,1.5712746700094717,1.10782045425935
VNM,Vietnam,Asia-Pacific,2011,16550835,130811,0.7903589154263214,-0.2352681133702057,74391,0.4494697699542047,-0.7996866799366812,1.833423700454873,1.5712746700094717
VNM,Vietnam,Asia-Pacific,2012,16550835,181276,1.095268003094708,0.0909990850063216,86708,0.5238889759942625,-0.6464754949839274,2.0613423350567617,1.833423700454873
VNM,Vietnam,Asia-Pacific,2013,16550835,132425,0.8001106892794231,-0.2230051992860141,31482,0.1902139680565965,-1.6596056927839749,1.9347612641380723,2.0613423350567617
VNM,Vietnam,Asia-Pacific,2014,16550835,217325,1.3130757451210169,0.2723722822485235,60369,0.3647489688586708,-1.0085459185642638,2.2999234907586192,1.9347612641380723
VNM,Vietnam,Asia-Pacific,2015,16550835,217883,1.3164471762300811,0.2749365747512585,51775,0.3128240961860836,-1.1621142394349568,2.1586985277493547,2.2999234907586192
VNM,Vietnam,Asia-Pacific,2016,16550835,353431,2.1354270041360452,0.7586666286201245,92430,0.5584612498402649,-0.5825700454399182,2.0708417701059743,2.1586985277493547
VNM,Vietnam,Asia-Pacific,2017,16550835,287000,1.7340514844115116,0.5504605690430165,74392,0.4494758119454396,-0.7996732375407084,2.0916196593226273,2.0708417701059743
VNM,Vietnam,Asia-Pacific,2018,16550835,225177,1.3605174602973202,0.307865112894439,51922,0.3137122688976115,-1.1592790542614444,1.8280248366167937,2.0916196593226273
VNM,Vietnam,Asia-Pacific,2019,16550835,216777,1.3097647339243006,0.2698475286602116,52331,0.3161834433126788,-1.151432717017652,2.1272354385108905,1.8280248366167937
VNM,Vietnam,Asia-Pacific,2020,16550835,207648,1.2546073959410506,0.2268226917221533,52510,0.3172649597437229,-1.1480180190668368,2.255245367115691,2.1272354385108905
VNM,Vietnam,Asia-Pacific,2021,16550835,193094,1.166672255508559,0.1541554702516918,41298,0.2495221540182111,-1.3882075740723223,2.6159597672488846,2.255245367115691
VNM,Vietnam,Asia-Pacific,2022,16550835,165149,0.9978288104497448,-0.002173549999561,40733,0.246108428970502,-1.4019830719867583,2.665813431486301,2.6159597672488846
VNM,Vietnam,Asia-Pacific,2023,16550835,135321,0.8176082958956451,-0.2013719129407723,35210,0.2127385113802415,-1.5476915135496434,2.3001861826029293,2.665813431486301
VNM,Vietnam,Asia-Pacific,2024,16550835,128462,0.7761662780155805,-0.2533885059594234,37202,0.2247741579201291,-1.4926591234418454,2.394736819306312,2.3001861826029293
VNM,Vietnam,Asia-Pacific,2025,16550835,118343,0.7150273687097962,-0.3354344591049112,35259,0.2130345689507508,-1.5463008308977777,2.5695663313355057,2.394736819306312
VUT,Vanuatu,Asia-Pacific,2001,1181153,124,0.0104982165731281,-4.556549886423109,23,0.0019472498482415,-6.241337236098996,0.49453751967423654,0.23068489582824447
VUT,Vanuatu,Asia-Pacific,2002,1181153,108,0.009143607983047,-4.694700224903926,41,0.0034711845120826,-5.663259385323838,0.5243436052008089,0.49453751967423654
VUT,Vanuatu,Asia-Pacific,2003,1181153,529,0.0447867465095546,-3.1058430201698464,45,0.0038098366596029,-5.570168962257826,0.43360215537344726,0.5243436052008089
VUT,Vanuatu,Asia-Pacific,2004,1181153,378,0.0320026279406647,-3.4419372564085577,70,0.0059264125816045,-5.128336209978786,0.7682738123078998,0.43360215537344726
VUT,Vanuatu,Asia-Pacific,2005,1181153,254,0.0215044113675366,-3.839497185009609,50,0.0042331518440032,-5.464808446599999,0.7550850418460612,0.7682738123078998
VUT,Vanuatu,Asia-Pacific,2006,1181153,219,0.0185412050767343,-3.9877597222116448,33,0.0027938802170421,-5.880323890561665,0.6394416056520278,0.7550850418460612
VUT,Vanuatu,Asia-Pacific,2007,1181153,112,0.0094822601305673,-4.658332580733051,44,0.0037251736227228,-5.592641818109884,0.5464190622032649,0.6394416056520278
VUT,Vanuatu,Asia-Pacific,2008,1181153,194,0.0164246291547327,-4.1089732929648175,66,0.0055877604340843,-5.18717671000172,0.7748367289802907,0.5464190622032649
VUT,Vanuatu,Asia-Pacific,2009,1181153,1096,0.0927906884205517,-2.3774089845201845,76,0.0064343908028849,-5.046098111741815,0.5537253903793533,0.7748367289802907
VUT,Vanuatu,Asia-Pacific,2010,1181153,308,0.0260762153590601,-3.646731669054571,59,0.0049951191759238,-5.299294008122426,0.9445790876745676,0.5537253903793533
VUT,Vanuatu,Asia-Pacific,2011,1181153,607,0.0513904633861997,-2.9683026609686474,43,0.0036405105858428,-5.615631336334583,1.0901990891703448,0.9445790876745676
VUT,Vanuatu,Asia-Pacific,2012,1181153,198,0.0167632813022529,-4.0885644213336105,68,0.0057570865078444,-5.157323746852039,1.1728817952182526,1.0901990891703448
VUT,Vanuatu,Asia-Pacific,2013,1181153,1111,0.0940606339737527,-2.3638156623885154,352,0.029801388981783,-3.5132002764300485,1.1402050881314436,1.1728817952182526
VUT,Vanuatu,Asia-Pacific,2014,1181153,634,0.0536763653819615,-2.9247824975909196,148,0.0125301294582496,-4.37961917826403,1.587564390086277,1.1402050881314436
VUT,Vanuatu,Asia-Pacific,2015,1181153,3476,0.2942887161951076,-1.2231939656428628,202,0.0171019334497732,-4.068563754626941,1.5831398748775771,1.587564390086277
VUT,Vanuatu,Asia-Pacific,2016,1181153,1341,0.1135331324561678,-2.175660568746467,248,0.0209964331462562,-3.8634027058631633,1.426768446568732,1.5831398748775771
VUT,Vanuatu,Asia-Pacific,2017,1181153,436,0.0369130840797085,-3.299189208679111,77,0.006519053839765,-5.033026030174462,1.5156081514936823,1.426768446568732
VUT,Vanuatu,Asia-Pacific,2018,1181153,1031,0.0872875910233475,-2.4385469680111855,33,0.0027938802170421,-5.880323890561665,1.3289285401281565,1.5156081514936823
VUT,Vanuatu,Asia-Pacific,2019,1181153,252,0.0213350852937765,-3.8474023645167224,55,0.0046564670284036,-5.3694982667956745,1.6399317373787003,1.3289285401281565
VUT,Vanuatu,Asia-Pacific,2020,1181153,3935,0.3331490501230577,-1.099165291176642,208,0.0176099116710536,-4.039293372326828,1.6312955927523576,1.6399317373787003
VUT,Vanuatu,Asia-Pacific,2021,1181153,58,0.0049104561390437,-5.316388441481726,9,0.0007619673319205,-7.179606874691926,1.6783533638433794,1.6312955927523576
VUT,Vanuatu,Asia-Pacific,2022,1181153,48,0.0040638257702431,-5.505630441120254,8,0.0006773042950405,-7.297389910348309,1.6399317373787003,1.6783533638433794
VUT,Vanuatu,Asia-Pacific,2023,1181153,840,0.071116950979255,-2.643429560190786,119,0.0100749013887277,-4.597707958916616,1.4171905381778098,1.6399317373787003
VUT,Vanuatu,Asia-Pacific,2024,1181153,311,0.0263302044697003,-3.6370385398489113,59,0.0049951191759238,-5.299294008122426,1.7895047637945578,1.4171905381778098
VUT,Vanuatu,Asia-Pacific,2025,1181153,292,0.0247216067689791,-3.700077649759864,112,0.0094822601305673,-4.658332580733051,2.0736174347941416,1.7895047637945578
ZAF,South Africa,Africa,2001,5983121,77645,1.297734075576944,0.2606197248558047,5425,0.0906717413871456,-2.4005095317388245,0.9723083133161545,0.3683729455407603
ZAF,South Africa,Africa,2002,5983121,47680,0.796908503103982,-0.2270154084082535,4115,0.068776813973844,-2.6768885970363145,1.2486299507074048,0.9723083133161545
ZAF,South Africa,Africa,2003,5983121,92573,1.5472359659782913,0.4364700912961766,5676,0.0948668763342743,-2.3552806718675514,1.3687499380122612,1.2486299507074048
ZAF,South Africa,Africa,2004,5983121,72602,1.2134469618782573,0.1934650384953241,8529,0.1425510197771363,-1.9480553098283753,2.411319564071257,1.3687499380122612
ZAF,South Africa,Africa,2005,5983121,104652,1.74912056767697,0.559113128867501,5681,0.0949504447595159,-2.354400157590358,2.078465962192752,2.411319564071257
ZAF,South Africa,Africa,2006,5983121,104944,1.7540009637110798,0.5618994433860318,7508,0.1254863473427998,-2.0755583124410855,1.680264268656178,2.078465962192752
ZAF,South Africa,Africa,2007,5983121,47105,0.787298134201197,-0.2391482786647167,6344,0.1060316179465533,-2.244017946832801,2.0649406309325533,1.680264268656178
ZAF,South Africa,Africa,2008,5983121,81376,1.3600928344922325,0.3075529580743614,6102,0.1019869061648594,-2.28291084487087,3.163349552937764,2.0649406309325533
ZAF,South Africa,Africa,2009,5983121,67279,1.1244800163660404,0.1173207211308593,5454,0.0911564382535469,-2.395178146741951,2.277155869194888,3.163349552937764
ZAF,South Africa,Africa,2010,5983121,61759,1.0322204748993042,0.0317122827102412,4164,0.0695957845412118,-2.6650512804126256,3.3314717954171367,2.277155869194888
ZAF,South Africa,Africa,2011,5983121,69617,1.1635566120090166,0.1514813592237126,5143,0.0859584822035188,-2.4538908643725685,3.879643603758914,3.3314717954171367
ZAF,South Africa,Africa,2012,5983121,84897,1.4189417195473732,0.3499113258385876,4957,0.082849736784531,-2.4907267121269108,4.328186734365757,3.879643603758914
ZAF,South Africa,Africa,2013,5983121,56369,0.94213371248885,-0.0596080691618068,6177,0.1032404325434835,-2.2706947144515857,4.0875333178303075,4.328186734365757
ZAF,South Africa,Africa,2014,5983121,69667,1.1643922962614328,0.1521993168089021,7979,0.1333584930005594,-2.014714340839204,5.007269423619235,4.0875333178303075
ZAF,South Africa,Africa,2015,5983121,70157,1.1725820019351103,0.1592081565773007,6650,0.1111460055713397,-2.196910576497585,4.759232330347742,5.007269423619235
ZAF,South Africa,Africa,2016,5983121,73546,1.229224680563873,0.2063836296309295,8170,0.1365508068447888,-1.9910585222934365,4.506821127276571,4.759232330347742
ZAF,South Africa,Africa,2017,5983121,94056,1.5720223609049524,0.4523629184000922,9868,0.1649306440568392,-1.8022302324982375,4.599634104161771,4.506821127276571
ZAF,South Africa,Africa,2018,5983121,63667,1.064110185971502,0.0621389438015608,8043,0.134428168843652,-2.0067252832434157,4.0227299254939775,4.599634104161771
ZAF,South Africa,Africa,2019,5983121,76140,1.2725799795792196,0.2410463197890035,6709,0.1121321129891907,-2.1880775225845968,4.740871548803826,4.0227299254939775
ZAF,South Africa,Africa,2020,5983121,62247,1.0403767532028851,0.0395829102470758,7867,0.1314865602751473,-2.0288506358182423,4.957622173049892,4.740871548803826
ZAF,South Africa,Africa,2021,5983121,52068,0.870248153096018,-0.1389768745611338,6454,0.1078701233018687,-2.226827337535578,5.613989735220615,4.957622173049892
ZAF,South Africa,Africa,2022,5983121,40980,0.6849268132802262,-0.378443288354594,4647,0.0776684944195512,-2.5553055810625063,5.676014240060887,5.613989735220615
ZAF,South Africa,Africa,2023,5983121,29571,0.494240380563923,-0.7047332798139363,4016,0.0671221591540602,-2.70124104877592,4.8989192038632,5.676014240060887
ZAF,South Africa,Africa,2024,5983121,39557,0.6611432394564642,-0.4137847614623283,3956,0.0661193380511609,-2.716294017404882,5.30086127119377,4.8989192038632
ZAF,South Africa,Africa,2025,5983121,27424,0.4583560987651762,-0.7801088887499785,3803,0.0635621442387676,-2.7557372022192252,5.7858645898654375,5.30086127119377
ZMB,Zambia,Africa,2001,24075024,30104,0.1250424506326556,-2.079101994271338,22613,0.0939272168534494,-2.365235085421616,0.3697087990073072,0.16079393975789286
ZMB,Zambia,Africa,2002,24075024,46275,0.1922116463933743,-1.649158189102912,32346,0.134355006250461,-2.0072696818648863,0.4218024989578956,0.3697087990073072
ZMB,Zambia,Africa,2003,24075024,42088,0.1748201787877761,-1.743997383133967,29706,0.1233892850947936,-2.0924110019551323,0.3948410218238649,0.4218024989578956
ZMB,Zambia,Africa,2004,24075024,28472,0.1182636411909703,-2.1348388993545817,22068,0.091663460023965,-2.389631452152289,0.6976938241926162,0.3948410218238649
ZMB,Zambia,Africa,2005,24075024,57545,0.2390236454177574,-1.4311927971420189,41270,0.1714224667024215,-1.7636242037979828,0.6458089088557575,0.6976938241926162
ZMB,Zambia,Africa,2006,24075024,40469,0.1680953672154179,-1.7832237986414654,30541,0.126857609778499,-2.0646900043656875,0.5359641076813307,0.6458089088557575
ZMB,Zambia,Africa,2007,24075024,53768,0.2233351875370924,-1.4990815528948085,37226,0.154624975659422,-1.8667526056863315,0.5441355510375387,0.5359641076813307
ZMB,Zambia,Africa,2008,24075024,66102,0.2745667044817899,-1.2925610439764903,51195,0.2126477630925726,-1.5481181765356933,0.8038044265850506,0.5441355510375387
ZMB,Zambia,Africa,2009,24075024,117626,0.488581029036565,-0.716249948099019,94931,0.3943132102381289,-0.9306097356465076,0.576688128516633,0.8038044265850506
ZMB,Zambia,Africa,2010,24075024,172816,0.7178227527415965,-0.3315326028863549,132170,0.5489921837668781,-0.5996710747927579,0.9080255885424038,0.576688128516633
ZMB,Zambia,Africa,2011,24075024,60115,0.2496986088155093,-1.387500653135601,49410,0.2052334402657293,-1.5836072147048146,1.0527450731152475,0.9080255885424038
ZMB,Zambia,Africa,2012,24075024,128442,0.5335072563167538,-0.6282826069893329,96096,0.3991522500662928,-0.9184123557615534,1.1537151113162532,1.0527450731152475
ZMB,Zambia,Africa,2013,24075024,84673,0.3517047376567516,-1.0449632688600563,51206,0.2126934535973879,-1.54790333488293,1.1051320060134158,1.1537151113162532
ZMB,Zambia,Africa,2014,24075024,114810,0.4768842598038531,-0.7404814594567527,77915,0.3236341529711455,-1.1281415586648955,1.4450733353911125,1.1051320060134158
ZMB,Zambia,Africa,2015,24075024,87182,0.3621263264368916,-1.0157621599738451,58627,0.2435179296186786,-1.4125647062393452,1.408994480777373,1.4450733353911125
ZMB,Zambia,Africa,2016,24075024,141401,0.5873348246714105,-0.5321602219892233,91375,0.3795427161360254,-0.9687881294925306,1.299628499171074,1.408994480777373
ZMB,Zambia,Africa,2017,24075024,162432,0.6746909161959714,-0.3935005949106054,112352,0.4666745088187659,-0.7621232475764516,1.3548358793727073,1.299628499171074
ZMB,Zambia,Africa,2018,24075024,143920,0.5977979502741098,-0.5145024579201957,97534,0.4051252451503267,-0.9035590123979262,1.1865401870400827,1.3548358793727073
ZMB,Zambia,Africa,2019,24075024,124580,0.5174657354443344,-0.6588119677364737,81103,0.336876092003065,-1.0880400957565892,1.433648478977011,1.1865401870400827
ZMB,Zambia,Africa,2020,24075024,162802,0.6762277786306672,-0.3912253090572085,115367,0.4791978608204087,-0.735641696255117,1.4591955166525958,1.433648478977011
ZMB,Zambia,Africa,2021,24075024,201228,0.8358371729972107,-0.1793214540095004,150454,0.6249381101343866,-0.4701026579338956,1.5715795121090328,1.4591955166525958
ZMB,Zambia,Africa,2022,24075024,179007,0.7435381995880876,-0.2963351363410922,128009,0.5317087118999342,-0.631659473614664,1.5616920649703177,1.5715795121090328
ZMB,Zambia,Africa,2023,24075024,190290,0.7904041964817979,-0.2352108232485577,136794,0.5681988105183198,-0.5652839029850084,1.3487343117194524,1.5616920649703177
ZMB,Zambia,Africa,2024,24075024,229625,0.953789288018986,-0.0473125040271835,168254,0.6988736542900227,-0.35828530517462,1.581877164919596,1.3487343117194524
ZMB,Zambia,Africa,2025,24075024,277033,1.1507070564083342,0.1403765851030317,188827,0.7843273593413655,-0.2429287956012337,1.78419933875999,1.581877164919596
ZWE,Zimbabwe,Africa,2001,1411915,8191,0.5801340732267878,-0.5444960414193573,4570,0.3236738755519985,-1.128018827046709,1.1607511346625445,0.4130264390520317
ZWE,Zimbabwe,Africa,2002,1411915,8010,0.5673146046327151,-0.5668412708725545,5059,0.3583076884939957,-1.0263631966430231,1.5589794037884248,1.1607511346625445
ZWE,Zimbabwe,Africa,2003,1411915,7313,0.5179490266765351,-0.6578784456640081,3689,0.2612763516217336,-1.3421766133382838,1.7961016448883815,1.5589794037884248
ZWE,Zimbabwe,Africa,2004,1411915,8418,0.5962115283143815,-0.5171597616044434,4209,0.2981057641571907,-1.2103069421643888,3.161467415363222,1.7961016448883815
ZWE,Zimbabwe,Africa,2005,1411915,11748,0.8320614201279822,-0.1838490186164486,7752,0.5490415499516614,-0.5995811573643571,2.667745550117557,3.161467415363222
ZWE,Zimbabwe,Africa,2006,1411915,14875,1.0535336758940872,0.0521499194788712,6515,0.4614300435932758,-0.773424821376014,2.138734965362508,2.667745550117557
ZWE,Zimbabwe,Africa,2007,1411915,9296,0.6583965748646342,-0.4179478318432669,5774,0.4089481307302493,-0.894166950712079,2.7761521950231542,2.138734965362508
ZWE,Zimbabwe,Africa,2008,1411915,5427,0.3843715804421654,-0.9561455368715546,3909,0.2768580261559655,-1.2842504451420045,4.291295635340004,2.7761521950231542
ZWE,Zimbabwe,Africa,2009,1411915,19396,1.373737087572552,0.3175348272902834,12474,0.8834809460909474,-0.1238855538488914,3.0916115596584683,4.291295635340004
ZWE,Zimbabwe,Africa,2010,1411915,6628,0.469433358240404,-0.7562289323885059,5035,0.3566078694538977,-1.0311185057822967,4.44000940999473,3.0916115596584683
ZWE,Zimbabwe,Africa,2011,1411915,9033,0.6397693912168934,-0.4466474937851158,4701,0.3329520544792002,-1.099756779910829,5.176635521904313,4.44000940999473
ZWE,Zimbabwe,Africa,2012,1411915,13790,0.976687690122989,-0.0235883401476119,7734,0.5477666856715879,-0.6019058387677169,5.801893897547187,5.176635521904313
ZWE,Zimbabwe,Africa,2013,1411915,9608,0.6804942223859085,-0.3849359471751399,3848,0.272537652762383,-1.2999784991493624,5.459216570014288,5.801893897547187
ZWE,Zimbabwe,Africa,2014,1411915,9614,0.680919177145933,-0.3843116624810534,4522,0.3202742374718025,-1.138577658097044,6.569822407467127,5.459216570014288
ZWE,Zimbabwe,Africa,2015,1411915,12243,0.8671201878300039,-0.142577686861044,4547,0.3220448823052379,-1.1330643571099488,6.198573550199813,6.569822407467127
ZWE,Zimbabwe,Africa,2016,1411915,10926,0.773842618004625,-0.2563867619792964,4771,0.3379098600128195,-1.0849761054188525,5.914519186465394,6.198573550199813
ZWE,Zimbabwe,Africa,2017,1411915,25914,1.8353796085458405,0.6072513312537967,10215,0.723485478941721,-0.323674803683237,5.999622171915009,5.914519186465394
ZWE,Zimbabwe,Africa,2018,1411915,6542,0.4633423400133861,-0.7692891028366301,3151,0.2231720748062029,-1.499812169177685,5.2450187417081615,5.999622171915009
ZWE,Zimbabwe,Africa,2019,1411915,11514,0.8154881844870265,-0.2039683456992044,4551,0.3223281854785876,-1.1321850429183171,6.13583502404387,5.2450187417081615
ZWE,Zimbabwe,Africa,2020,1411915,6201,0.4391907444853267,-0.8228214625850814,2996,0.2121940768389031,-1.5502539662978494,6.4679731820972854,6.13583502404387
ZWE,Zimbabwe,Africa,2021,1411915,9012,0.6382820495568076,-0.4489750093828243,5698,0.4035653704366056,-0.9074167958771058,7.428570072615965,6.4679731820972854
ZWE,Zimbabwe,Africa,2022,1411915,8227,0.5826838017869348,-0.540110603766029,3647,0.258301668301562,-1.3536271201262793,7.545803853037741,7.428570072615965
ZWE,Zimbabwe,Africa,2023,1411915,5668,0.401440596636483,-0.9126957101243884,3065,0.217081056579185,-1.5274844625646475,6.511620166064089,7.545803853037741
ZWE,Zimbabwe,Africa,2024,1411915,5835,0.4132685041238318,-0.883657766214303,2597,0.1839345852972735,-1.693175099272211,6.887839675831325,6.511620166064089
ZWE,Zimbabwe,Africa,2025,1411915,8529,0.6040731913748348,-0.50405991061585,3810,0.2698462726155611,-1.3099028428142128,7.443738066517834,6.887839675831325
