Domain Code,Domain,Area Code (M49),Area,Element Code,Element,Item Code (CPC),Item,Year Code,Year,Months Code,Months,Unit,Value,Flag,Flag Description
"PP","Producer Prices","008","Albania","5532","Producer Price (USD/tonne)","21111.01","Meat of cattle with the bone, fresh or chilled","1993","1993","7021","Annual value","USD","3116.2","A","Official value"
"PP","Producer Prices","008","Albania","5532","Producer Price (USD/tonne)","21111.01","Meat of cattle with the bone, fresh or chilled","1994","1994","7021","Annual value","USD","2071.4","A","Official value"
"PP","Producer Prices","008","Albania","5532","Producer Price (USD/tonne)","21111.01","Meat of cattle with the bone, fresh or chilled","1995","1995","7021","Annual value","USD","2481.2","A","Official value"
"PP","Producer Prices","008","Albania","5532","Producer Price (USD/tonne)","21111.01","Meat of cattle with the bone, fresh or chilled","1996","1996","7021","Annual value","USD","2870.8","A","Official value"
"PP","Producer Prices","008","Albania","5532","Producer Price (USD/tonne)","21111.01","Meat of cattle with the bone, fresh or chilled","1997","1997","7021","Annual value","USD","2350.1","A","Official value"
"PP","Producer Prices","008","Albania","5532","Producer Price (USD/tonne)","21111.01","Meat of cattle with the bone, fresh or chilled","1998","1998","7021","Annual value","USD","3100.2","A","Official value"
"PP","Producer Prices","008","Albania","5532","Producer Price (USD/tonne)","21111.01","Meat of cattle with the bone, fresh or chilled","1999","1999","7021","Annual value","USD","3595","A","Official value"
"PP","Producer Prices","008","Albania","5532","Producer Price (USD/tonne)","21111.01","Meat of cattle with the bone, fresh or chilled","2000","2000","7021","Annual value","USD","3660.2","A","Official value"
"PP","Producer Prices","008","Albania","5532","Producer Price (USD/tonne)","21111.01","Meat of cattle with the bone, fresh or chilled","2001","2001","7021","Annual value","USD","3895.9","A","Official value"
"PP","Producer Prices","008","Albania","5532","Producer Price (USD/tonne)","21111.01","Meat of cattle with the bone, fresh or chilled","2002","2002","7021","Annual value","USD","4231","A","Official value"
"PP","Producer Prices","008","Albania","5532","Producer Price (USD/tonne)","21111.01","Meat of cattle with the bone, fresh or chilled","2003","2003","7021","Annual value","USD","4997.4","A","Official value"
"PP","Producer Prices","008","Albania","5532","Producer Price (USD/tonne)","21111.01","Meat of cattle with the bone, fresh or chilled","2004","2004","7021","Annual value","USD","6032.3","A","Official value"
"PP","Producer Prices","008","Albania","5532","Producer Price (USD/tonne)","21111.01","Meat of cattle with the bone, fresh or chilled","2005","2005","7021","Annual value","USD","5547.2","A","Official value"
"PP","Producer Prices","008","Albania","5532","Producer Price (USD/tonne)","21111.01","Meat of cattle with the bone, fresh or chilled","2006","2006","7021","Annual value","USD","5463.6","A","Official value"
"PP","Producer Prices","008","Albania","5532","Producer Price (USD/tonne)","21111.01","Meat of cattle with the bone, fresh or chilled","2007","2007","7021","Annual value","USD","5927.4","A","Official value"
"PP","Producer Prices","008","Albania","5532","Producer Price (USD/tonne)","21111.01","Meat of cattle with the bone, fresh or chilled","2008","2008","7021","Annual value","USD","6708.4","A","Official value"
"PP","Producer Prices","008","Albania","5532","Producer Price (USD/tonne)","21111.01","Meat of cattle with the bone, fresh or chilled","2009","2009","7021","Annual value","USD","7054.3","A","Official value"
"PP","Producer Prices","008","Albania","5532","Producer Price (USD/tonne)","21111.01","Meat of cattle with the bone, fresh or chilled","2010","2010","7021","Annual value","USD","6494.4","A","Official value"
"PP","Producer Prices","008","Albania","5532","Producer Price (USD/tonne)","21111.01","Meat of cattle with the bone, fresh or chilled","2011","2011","7021","Annual value","USD","7572.2","A","Official value"
"PP","Producer Prices","008","Albania","5532","Producer Price (USD/tonne)","21111.01","Meat of cattle with the bone, fresh or chilled","2012","2012","7021","Annual value","USD","6493.5","A","Official value"
"PP","Producer Prices","008","Albania","5532","Producer Price (USD/tonne)","0141","Soya beans","1996","1996","7021","Annual value","USD","478.5","A","Official value"
"PP","Producer Prices","008","Albania","5532","Producer Price (USD/tonne)","0141","Soya beans","1997","1997","7021","Annual value","USD","335.7","A","Official value"
"PP","Producer Prices","008","Albania","5532","Producer Price (USD/tonne)","0141","Soya beans","1998","1998","7021","Annual value","USD","331.9","A","Official value"
"PP","Producer Prices","008","Albania","5532","Producer Price (USD/tonne)","0141","Soya beans","1999","1999","7021","Annual value","USD","435.8","A","Official value"
"PP","Producer Prices","008","Albania","5532","Producer Price (USD/tonne)","0141","Soya beans","2000","2000","7021","Annual value","USD","487.1","A","Official value"
"PP","Producer Prices","008","Albania","5532","Producer Price (USD/tonne)","0141","Soya beans","2001","2001","7021","Annual value","USD","486.5","A","Official value"
"PP","Producer Prices","008","Albania","5532","Producer Price (USD/tonne)","0141","Soya beans","2002","2002","7021","Annual value","USD","499.4","A","Official value"
"PP","Producer Prices","008","Albania","5532","Producer Price (USD/tonne)","0141","Soya beans","2003","2003","7021","Annual value","USD","574.4","A","Official value"
"PP","Producer Prices","008","Albania","5532","Producer Price (USD/tonne)","0141","Soya beans","2004","2004","7021","Annual value","USD","681.1","A","Official value"
"PP","Producer Prices","008","Albania","5532","Producer Price (USD/tonne)","0141","Soya beans","2005","2005","7021","Annual value","USD","700.9","A","Official value"
"PP","Producer Prices","008","Albania","5532","Producer Price (USD/tonne)","0141","Soya beans","2006","2006","7021","Annual value","USD","713.5","A","Official value"
"PP","Producer Prices","008","Albania","5532","Producer Price (USD/tonne)","0141","Soya beans","2007","2007","7021","Annual value","USD","776.3","A","Official value"
"PP","Producer Prices","008","Albania","5532","Producer Price (USD/tonne)","0141","Soya beans","2008","2008","7021","Annual value","USD","834.4","A","Official value"
"PP","Producer Prices","008","Albania","5532","Producer Price (USD/tonne)","0141","Soya beans","2009","2009","7021","Annual value","USD","737","A","Official value"
"PP","Producer Prices","008","Albania","5532","Producer Price (USD/tonne)","0141","Soya beans","2010","2010","7021","Annual value","USD","673.5","A","Official value"
"PP","Producer Prices","008","Albania","5532","Producer Price (USD/tonne)","0141","Soya beans","2011","2011","7021","Annual value","USD","743.3","A","Official value"
"PP","Producer Prices","008","Albania","5532","Producer Price (USD/tonne)","0141","Soya beans","2012","2012","7021","Annual value","USD","693.3","A","Official value"
"PP","Producer Prices","008","Albania","5532","Producer Price (USD/tonne)","0141","Soya beans","2014","2014","7021","Annual value","USD","956","A","Official value"
"PP","Producer Prices","008","Albania","5532","Producer Price (USD/tonne)","0141","Soya beans","2015","2015","7021","Annual value","USD","793.9","A","Official value"
"PP","Producer Prices","008","Albania","5532","Producer Price (USD/tonne)","0141","Soya beans","2016","2016","7021","Annual value","USD","525.5","A","Official value"
"PP","Producer Prices","008","Albania","5532","Producer Price (USD/tonne)","0141","Soya beans","2017","2017","7021","Annual value","USD","539","A","Official value"
"PP","Producer Prices","008","Albania","5532","Producer Price (USD/tonne)","0141","Soya beans","2018","2018","7021","Annual value","USD","550.5","A","Official value"
"PP","Producer Prices","008","Albania","5532","Producer Price (USD/tonne)","0141","Soya beans","2019","2019","7021","Annual value","USD","592.7","A","Official value"
"PP","Producer Prices","008","Albania","5532","Producer Price (USD/tonne)","0141","Soya beans","2020","2020","7021","Annual value","USD","556.5","A","Official value"
"PP","Producer Prices","008","Albania","5532","Producer Price (USD/tonne)","0141","Soya beans","2021","2021","7021","Annual value","USD","663.5","A","Official value"
"PP","Producer Prices","008","Albania","5532","Producer Price (USD/tonne)","0141","Soya beans","2022","2022","7021","Annual value","USD","762.1","A","Official value"
"PP","Producer Prices","008","Albania","5532","Producer Price (USD/tonne)","0141","Soya beans","2023","2023","7021","Annual value","USD","749.8","A","Official value"
"PP","Producer Prices","008","Albania","5532","Producer Price (USD/tonne)","0141","Soya beans","2024","2024","7021","Annual value","USD","857.7","A","Official value"
"PP","Producer Prices","012","Algeria","5532","Producer Price (USD/tonne)","21111.01","Meat of cattle with the bone, fresh or chilled","1995","1995","7021","Annual value","USD","1678.5","A","Official value"
"PP","Producer Prices","012","Algeria","5532","Producer Price (USD/tonne)","21111.01","Meat of cattle with the bone, fresh or chilled","2002","2002","7021","Annual value","USD","5145.5","A","Official value"
"PP","Producer Prices","012","Algeria","5532","Producer Price (USD/tonne)","21111.01","Meat of cattle with the bone, fresh or chilled","2003","2003","7021","Annual value","USD","5775.6","A","Official value"
"PP","Producer Prices","012","Algeria","5532","Producer Price (USD/tonne)","21111.01","Meat of cattle with the bone, fresh or chilled","2004","2004","7021","Annual value","USD","7493.7","A","Official value"
"PP","Producer Prices","012","Algeria","5532","Producer Price (USD/tonne)","21111.01","Meat of cattle with the bone, fresh or chilled","2005","2005","7021","Annual value","USD","6755.3","A","Official value"
"PP","Producer Prices","012","Algeria","5532","Producer Price (USD/tonne)","21111.01","Meat of cattle with the bone, fresh or chilled","2006","2006","7021","Annual value","USD","6717.4","A","Official value"
"PP","Producer Prices","012","Algeria","5532","Producer Price (USD/tonne)","21111.01","Meat of cattle with the bone, fresh or chilled","2007","2007","7021","Annual value","USD","6595.2","A","Official value"
"PP","Producer Prices","012","Algeria","5532","Producer Price (USD/tonne)","21111.01","Meat of cattle with the bone, fresh or chilled","2008","2008","7021","Annual value","USD","7385.9","A","Official value"
"PP","Producer Prices","012","Algeria","5532","Producer Price (USD/tonne)","21111.01","Meat of cattle with the bone, fresh or chilled","2009","2009","7021","Annual value","USD","8080.1","A","Official value"
"PP","Producer Prices","012","Algeria","5532","Producer Price (USD/tonne)","21111.01","Meat of cattle with the bone, fresh or chilled","2010","2010","7021","Annual value","USD","8254.2","A","Official value"
"PP","Producer Prices","012","Algeria","5532","Producer Price (USD/tonne)","21111.01","Meat of cattle with the bone, fresh or chilled","2011","2011","7021","Annual value","USD","9213.3","A","Official value"
"PP","Producer Prices","012","Algeria","5532","Producer Price (USD/tonne)","21111.01","Meat of cattle with the bone, fresh or chilled","2012","2012","7021","Annual value","USD","9892.2","A","Official value"
"PP","Producer Prices","012","Algeria","5532","Producer Price (USD/tonne)","21111.01","Meat of cattle with the bone, fresh or chilled","2013","2013","7021","Annual value","USD","10608.8","A","Official value"
"PP","Producer Prices","012","Algeria","5532","Producer Price (USD/tonne)","21111.01","Meat of cattle with the bone, fresh or chilled","2014","2014","7021","Annual value","USD","10081.2","A","Official value"
"PP","Producer Prices","012","Algeria","5532","Producer Price (USD/tonne)","21111.01","Meat of cattle with the bone, fresh or chilled","2015","2015","7021","Annual value","USD","7657.1","A","Official value"
"PP","Producer Prices","012","Algeria","5532","Producer Price (USD/tonne)","21111.01","Meat of cattle with the bone, fresh or chilled","2016","2016","7021","Annual value","USD","6852.9","A","Official value"
"PP","Producer Prices","012","Algeria","5532","Producer Price (USD/tonne)","21111.01","Meat of cattle with the bone, fresh or chilled","2017","2017","7021","Annual value","USD","6938.6","A","Official value"
"PP","Producer Prices","012","Algeria","5532","Producer Price (USD/tonne)","21111.01","Meat of cattle with the bone, fresh or chilled","2018","2018","7021","Annual value","USD","8276.6","A","Official value"
"PP","Producer Prices","012","Algeria","5532","Producer Price (USD/tonne)","21111.01","Meat of cattle with the bone, fresh or chilled","2019","2019","7021","Annual value","USD","8738.7","A","Official value"
"PP","Producer Prices","012","Algeria","5532","Producer Price (USD/tonne)","21111.01","Meat of cattle with the bone, fresh or chilled","2020","2020","7021","Annual value","USD","8043.4","A","Official value"
"PP","Producer Prices","012","Algeria","5532","Producer Price (USD/tonne)","21111.01","Meat of cattle with the bone, fresh or chilled","2021","2021","7021","Annual value","USD","7652.2","A","Official value"
"PP","Producer Prices","024","Angola","5532","Producer Price (USD/tonne)","0141","Soya beans","2010","2010","7021","Annual value","USD","1088.1","A","Official value"
"PP","Producer Prices","024","Angola","5532","Producer Price (USD/tonne)","0141","Soya beans","2011","2011","7021","Annual value","USD","1064.6","A","Official value"
"PP","Producer Prices","024","Angola","5532","Producer Price (USD/tonne)","0141","Soya beans","2012","2012","7021","Annual value","USD","1246.5","A","Official value"
"PP","Producer Prices","024","Angola","5532","Producer Price (USD/tonne)","0141","Soya beans","2013","2013","7021","Annual value","USD","1036.1","A","Official value"
"PP","Producer Prices","024","Angola","5532","Producer Price (USD/tonne)","0141","Soya beans","2014","2014","7021","Annual value","USD","1017.3","A","Official value"
"PP","Producer Prices","028","Antigua and Barbuda","5532","Producer Price (USD/tonne)","21111.01","Meat of cattle with the bone, fresh or chilled","1998","1998","7021","Annual value","USD","3259.3","A","Official value"
"PP","Producer Prices","028","Antigua and Barbuda","5532","Producer Price (USD/tonne)","21111.01","Meat of cattle with the bone, fresh or chilled","1999","1999","7021","Annual value","USD","3259.3","A","Official value"
"PP","Producer Prices","028","Antigua and Barbuda","5532","Producer Price (USD/tonne)","21111.01","Meat of cattle with the bone, fresh or chilled","2000","2000","7021","Annual value","USD","3259.3","A","Official value"
"PP","Producer Prices","028","Antigua and Barbuda","5532","Producer Price (USD/tonne)","21111.01","Meat of cattle with the bone, fresh or chilled","2001","2001","7021","Annual value","USD","3259.3","A","Official value"
"PP","Producer Prices","028","Antigua and Barbuda","5532","Producer Price (USD/tonne)","21111.01","Meat of cattle with the bone, fresh or chilled","2002","2002","7021","Annual value","USD","4074.1","A","Official value"
"PP","Producer Prices","028","Antigua and Barbuda","5532","Producer Price (USD/tonne)","21111.01","Meat of cattle with the bone, fresh or chilled","2003","2003","7021","Annual value","USD","4074.1","A","Official value"
"PP","Producer Prices","028","Antigua and Barbuda","5532","Producer Price (USD/tonne)","21111.01","Meat of cattle with the bone, fresh or chilled","2004","2004","7021","Annual value","USD","4074.1","A","Official value"
"PP","Producer Prices","028","Antigua and Barbuda","5532","Producer Price (USD/tonne)","21111.01","Meat of cattle with the bone, fresh or chilled","2005","2005","7021","Annual value","USD","4074.1","A","Official value"
"PP","Producer Prices","028","Antigua and Barbuda","5532","Producer Price (USD/tonne)","21111.01","Meat of cattle with the bone, fresh or chilled","2006","2006","7021","Annual value","USD","4074.1","A","Official value"
"PP","Producer Prices","028","Antigua and Barbuda","5532","Producer Price (USD/tonne)","21111.01","Meat of cattle with the bone, fresh or chilled","2007","2007","7021","Annual value","USD","5296.3","A","Official value"
"PP","Producer Prices","028","Antigua and Barbuda","5532","Producer Price (USD/tonne)","21111.01","Meat of cattle with the bone, fresh or chilled","2008","2008","7021","Annual value","USD","5296.3","A","Official value"
"PP","Producer Prices","032","Argentina","5532","Producer Price (USD/tonne)","21111.01","Meat of cattle with the bone, fresh or chilled","2015","2015","7021","Annual value","USD","5920","A","Official value"
"PP","Producer Prices","032","Argentina","5532","Producer Price (USD/tonne)","21111.01","Meat of cattle with the bone, fresh or chilled","2016","2016","7021","Annual value","USD","5230.3","A","Official value"
"PP","Producer Prices","032","Argentina","5532","Producer Price (USD/tonne)","21111.01","Meat of cattle with the bone, fresh or chilled","2017","2017","7021","Annual value","USD","2903","A","Official value"
"PP","Producer Prices","032","Argentina","5532","Producer Price (USD/tonne)","21111.01","Meat of cattle with the bone, fresh or chilled","2018","2018","7021","Annual value","USD","2229.5","A","Official value"
"PP","Producer Prices","032","Argentina","5532","Producer Price (USD/tonne)","21111.01","Meat of cattle with the bone, fresh or chilled","2019","2019","7021","Annual value","USD","2108.1","A","Official value"
"PP","Producer Prices","032","Argentina","5532","Producer Price (USD/tonne)","0141","Soya beans","1991","1991","7021","Annual value","USD","173.6","A","Official value"
"PP","Producer Prices","032","Argentina","5532","Producer Price (USD/tonne)","0141","Soya beans","1992","1992","7021","Annual value","USD","167.6","A","Official value"
"PP","Producer Prices","032","Argentina","5532","Producer Price (USD/tonne)","0141","Soya beans","1993","1993","7021","Annual value","USD","219.2","A","Official value"
"PP","Producer Prices","032","Argentina","5532","Producer Price (USD/tonne)","0141","Soya beans","1994","1994","7021","Annual value","USD","226.2","A","Official value"
"PP","Producer Prices","032","Argentina","5532","Producer Price (USD/tonne)","0141","Soya beans","1995","1995","7021","Annual value","USD","217.1","A","Official value"
"PP","Producer Prices","032","Argentina","5532","Producer Price (USD/tonne)","0141","Soya beans","1996","1996","7021","Annual value","USD","272.1","A","Official value"
"PP","Producer Prices","032","Argentina","5532","Producer Price (USD/tonne)","0141","Soya beans","1997","1997","7021","Annual value","USD","291.1","A","Official value"
"PP","Producer Prices","032","Argentina","5532","Producer Price (USD/tonne)","0141","Soya beans","1998","1998","7021","Annual value","USD","212.1","A","Official value"
"PP","Producer Prices","032","Argentina","5532","Producer Price (USD/tonne)","0141","Soya beans","1999","1999","7021","Annual value","USD","167.1","A","Official value"
"PP","Producer Prices","032","Argentina","5532","Producer Price (USD/tonne)","0141","Soya beans","2000","2000","7021","Annual value","USD","180.1","A","Official value"
"PP","Producer Prices","032","Argentina","5532","Producer Price (USD/tonne)","0141","Soya beans","2001","2001","7021","Annual value","USD","169.1","A","Official value"
"PP","Producer Prices","032","Argentina","5532","Producer Price (USD/tonne)","0141","Soya beans","2002","2002","7021","Annual value","USD","153.1","A","Official value"
"PP","Producer Prices","032","Argentina","5532","Producer Price (USD/tonne)","0141","Soya beans","2003","2003","7021","Annual value","USD","179.6","A","Official value"
"PP","Producer Prices","032","Argentina","5532","Producer Price (USD/tonne)","0141","Soya beans","2004","2004","7021","Annual value","USD","194.3","A","Official value"
"PP","Producer Prices","032","Argentina","5532","Producer Price (USD/tonne)","0141","Soya beans","2005","2005","7021","Annual value","USD","170.5","A","Official value"
"PP","Producer Prices","032","Argentina","5532","Producer Price (USD/tonne)","0141","Soya beans","2006","2006","7021","Annual value","USD","176.5","A","Official value"
"PP","Producer Prices","032","Argentina","5532","Producer Price (USD/tonne)","0141","Soya beans","2007","2007","7021","Annual value","USD","216","A","Official value"
"PP","Producer Prices","032","Argentina","5532","Producer Price (USD/tonne)","0141","Soya beans","2008","2008","7021","Annual value","USD","274.2","A","Official value"
"PP","Producer Prices","032","Argentina","5532","Producer Price (USD/tonne)","0141","Soya beans","2009","2009","7021","Annual value","USD","255.4","A","Official value"
"PP","Producer Prices","032","Argentina","5532","Producer Price (USD/tonne)","0141","Soya beans","2010","2010","7021","Annual value","USD","262.7","A","Official value"
"PP","Producer Prices","032","Argentina","5532","Producer Price (USD/tonne)","0141","Soya beans","2011","2011","7021","Annual value","USD","308.8","A","Official value"
"PP","Producer Prices","032","Argentina","5532","Producer Price (USD/tonne)","0141","Soya beans","2012","2012","7021","Annual value","USD","363.1","A","Official value"
"PP","Producer Prices","032","Argentina","5532","Producer Price (USD/tonne)","0141","Soya beans","2013","2013","7021","Annual value","USD","327.7","A","Official value"
"PP","Producer Prices","032","Argentina","5532","Producer Price (USD/tonne)","0141","Soya beans","2014","2014","7021","Annual value","USD","307.5","A","Official value"
"PP","Producer Prices","051","Armenia","5532","Producer Price (USD/tonne)","21111.01","Meat of cattle with the bone, fresh or chilled","1997","1997","7021","Annual value","USD","1697.2","A","Official value"
"PP","Producer Prices","051","Armenia","5532","Producer Price (USD/tonne)","21111.01","Meat of cattle with the bone, fresh or chilled","1998","1998","7021","Annual value","USD","1725.6","A","Official value"
"PP","Producer Prices","051","Armenia","5532","Producer Price (USD/tonne)","21111.01","Meat of cattle with the bone, fresh or chilled","1999","1999","7021","Annual value","USD","1565.4","A","Official value"
"PP","Producer Prices","051","Armenia","5532","Producer Price (USD/tonne)","21111.01","Meat of cattle with the bone, fresh or chilled","2000","2000","7021","Annual value","USD","1415.9","A","Official value"
"PP","Producer Prices","051","Armenia","5532","Producer Price (USD/tonne)","21111.01","Meat of cattle with the bone, fresh or chilled","2001","2001","7021","Annual value","USD","1525.8","A","Official value"
"PP","Producer Prices","051","Armenia","5532","Producer Price (USD/tonne)","21111.01","Meat of cattle with the bone, fresh or chilled","2002","2002","7021","Annual value","USD","1541.8","A","Official value"
"PP","Producer Prices","051","Armenia","5532","Producer Price (USD/tonne)","21111.01","Meat of cattle with the bone, fresh or chilled","2003","2003","7021","Annual value","USD","1650.7","A","Official value"
"PP","Producer Prices","051","Armenia","5532","Producer Price (USD/tonne)","21111.01","Meat of cattle with the bone, fresh or chilled","2004","2004","7021","Annual value","USD","2011.1","A","Official value"
"PP","Producer Prices","051","Armenia","5532","Producer Price (USD/tonne)","21111.01","Meat of cattle with the bone, fresh or chilled","2005","2005","7021","Annual value","USD","2496.3","A","Official value"
"PP","Producer Prices","051","Armenia","5532","Producer Price (USD/tonne)","21111.01","Meat of cattle with the bone, fresh or chilled","2006","2006","7021","Annual value","USD","2884.1","A","Official value"
"PP","Producer Prices","051","Armenia","5532","Producer Price (USD/tonne)","21111.01","Meat of cattle with the bone, fresh or chilled","2007","2007","7021","Annual value","USD","3524.9","A","Official value"
"PP","Producer Prices","051","Armenia","5532","Producer Price (USD/tonne)","21111.01","Meat of cattle with the bone, fresh or chilled","2008","2008","7021","Annual value","USD","4127.8","A","Official value"
"PP","Producer Prices","051","Armenia","5532","Producer Price (USD/tonne)","21111.01","Meat of cattle with the bone, fresh or chilled","2009","2009","7021","Annual value","USD","3550.1","A","Official value"
"PP","Producer Prices","051","Armenia","5532","Producer Price (USD/tonne)","21111.01","Meat of cattle with the bone, fresh or chilled","2010","2010","7021","Annual value","USD","4857.6","A","Official value"
"PP","Producer Prices","051","Armenia","5532","Producer Price (USD/tonne)","21111.01","Meat of cattle with the bone, fresh or chilled","2011","2011","7021","Annual value","USD","5871.7","A","Official value"
"PP","Producer Prices","051","Armenia","5532","Producer Price (USD/tonne)","21111.01","Meat of cattle with the bone, fresh or chilled","2012","2012","7021","Annual value","USD","5473.9","A","Official value"
"PP","Producer Prices","051","Armenia","5532","Producer Price (USD/tonne)","21111.01","Meat of cattle with the bone, fresh or chilled","2013","2013","7021","Annual value","USD","5219.1","A","Official value"
"PP","Producer Prices","051","Armenia","5532","Producer Price (USD/tonne)","21111.01","Meat of cattle with the bone, fresh or chilled","2014","2014","7021","Annual value","USD","4937.7","A","Official value"
"PP","Producer Prices","051","Armenia","5532","Producer Price (USD/tonne)","21111.01","Meat of cattle with the bone, fresh or chilled","2015","2015","7021","Annual value","USD","4191.6","A","Official value"
"PP","Producer Prices","051","Armenia","5532","Producer Price (USD/tonne)","21111.01","Meat of cattle with the bone, fresh or chilled","2016","2016","7021","Annual value","USD","4099.2","A","Official value"
"PP","Producer Prices","051","Armenia","5532","Producer Price (USD/tonne)","21111.01","Meat of cattle with the bone, fresh or chilled","2017","2017","7021","Annual value","USD","4469.1","A","Official value"
"PP","Producer Prices","051","Armenia","5532","Producer Price (USD/tonne)","21111.01","Meat of cattle with the bone, fresh or chilled","2018","2018","7021","Annual value","USD","5630.6","A","Official value"
"PP","Producer Prices","051","Armenia","5532","Producer Price (USD/tonne)","21111.01","Meat of cattle with the bone, fresh or chilled","2019","2019","7021","Annual value","USD","5336","A","Official value"
"PP","Producer Prices","051","Armenia","5532","Producer Price (USD/tonne)","21111.01","Meat of cattle with the bone, fresh or chilled","2020","2020","7021","Annual value","USD","5005.7","A","Official value"
"PP","Producer Prices","051","Armenia","5532","Producer Price (USD/tonne)","21111.01","Meat of cattle with the bone, fresh or chilled","2021","2021","7021","Annual value","USD","4797.6","A","Official value"
"PP","Producer Prices","051","Armenia","5532","Producer Price (USD/tonne)","21111.01","Meat of cattle with the bone, fresh or chilled","2022","2022","7021","Annual value","USD","6512.7","A","Official value"
"PP","Producer Prices","051","Armenia","5532","Producer Price (USD/tonne)","21111.01","Meat of cattle with the bone, fresh or chilled","2023","2023","7021","Annual value","USD","7828.8","A","Official value"
"PP","Producer Prices","051","Armenia","5532","Producer Price (USD/tonne)","21111.01","Meat of cattle with the bone, fresh or chilled","2024","2024","7021","Annual value","USD","7905.8","A","Official value"
"PP","Producer Prices","036","Australia","5532","Producer Price (USD/tonne)","21111.01","Meat of cattle with the bone, fresh or chilled","1991","1991","7021","Annual value","USD","1712.9","A","Official value"
"PP","Producer Prices","036","Australia","5532","Producer Price (USD/tonne)","21111.01","Meat of cattle with the bone, fresh or chilled","1992","1992","7021","Annual value","USD","1559.1","A","Official value"
"PP","Producer Prices","036","Australia","5532","Producer Price (USD/tonne)","21111.01","Meat of cattle with the bone, fresh or chilled","1993","1993","7021","Annual value","USD","1400.1","A","Official value"
"PP","Producer Prices","036","Australia","5532","Producer Price (USD/tonne)","21111.01","Meat of cattle with the bone, fresh or chilled","1994","1994","7021","Annual value","USD","1719.6","A","Official value"
"PP","Producer Prices","036","Australia","5532","Producer Price (USD/tonne)","21111.01","Meat of cattle with the bone, fresh or chilled","1995","1995","7021","Annual value","USD","1638.2","A","Official value"
"PP","Producer Prices","036","Australia","5532","Producer Price (USD/tonne)","21111.01","Meat of cattle with the bone, fresh or chilled","1996","1996","7021","Annual value","USD","1432.1","A","Official value"
"PP","Producer Prices","036","Australia","5532","Producer Price (USD/tonne)","21111.01","Meat of cattle with the bone, fresh or chilled","1997","1997","7021","Annual value","USD","1289.2","A","Official value"
"PP","Producer Prices","036","Australia","5532","Producer Price (USD/tonne)","21111.01","Meat of cattle with the bone, fresh or chilled","1998","1998","7021","Annual value","USD","1217.5","A","Official value"
"PP","Producer Prices","036","Australia","5532","Producer Price (USD/tonne)","21111.01","Meat of cattle with the bone, fresh or chilled","1999","1999","7021","Annual value","USD","1323.3","A","Official value"
"PP","Producer Prices","036","Australia","5532","Producer Price (USD/tonne)","21111.01","Meat of cattle with the bone, fresh or chilled","2000","2000","7021","Annual value","USD","1343.9","A","Official value"
"PP","Producer Prices","036","Australia","5532","Producer Price (USD/tonne)","21111.01","Meat of cattle with the bone, fresh or chilled","2001","2001","7021","Annual value","USD","1445.6","A","Official value"
"PP","Producer Prices","036","Australia","5532","Producer Price (USD/tonne)","21111.01","Meat of cattle with the bone, fresh or chilled","2002","2002","7021","Annual value","USD","1760.9","A","Official value"
"PP","Producer Prices","036","Australia","5532","Producer Price (USD/tonne)","21111.01","Meat of cattle with the bone, fresh or chilled","2003","2003","7021","Annual value","USD","1826.9","A","Official value"
"PP","Producer Prices","036","Australia","5532","Producer Price (USD/tonne)","21111.01","Meat of cattle with the bone, fresh or chilled","2004","2004","7021","Annual value","USD","2258.5","A","Official value"
"PP","Producer Prices","036","Australia","5532","Producer Price (USD/tonne)","21111.01","Meat of cattle with the bone, fresh or chilled","2005","2005","7021","Annual value","USD","2619.4","A","Official value"
"PP","Producer Prices","036","Australia","5532","Producer Price (USD/tonne)","21111.01","Meat of cattle with the bone, fresh or chilled","2006","2006","7021","Annual value","USD","2619","A","Official value"
"PP","Producer Prices","036","Australia","5532","Producer Price (USD/tonne)","21111.01","Meat of cattle with the bone, fresh or chilled","2007","2007","7021","Annual value","USD","2812.4","A","Official value"
"PP","Producer Prices","036","Australia","5532","Producer Price (USD/tonne)","21111.01","Meat of cattle with the bone, fresh or chilled","2008","2008","7021","Annual value","USD","2646.4","A","Official value"
"PP","Producer Prices","036","Australia","5532","Producer Price (USD/tonne)","21111.01","Meat of cattle with the bone, fresh or chilled","2009","2009","7021","Annual value","USD","2500.4","A","Official value"
"PP","Producer Prices","036","Australia","5532","Producer Price (USD/tonne)","21111.01","Meat of cattle with the bone, fresh or chilled","2010","2010","7021","Annual value","USD","2870.2","A","Official value"
"PP","Producer Prices","036","Australia","5532","Producer Price (USD/tonne)","21111.01","Meat of cattle with the bone, fresh or chilled","2011","2011","7021","Annual value","USD","3537","A","Official value"
"PP","Producer Prices","036","Australia","5532","Producer Price (USD/tonne)","21111.01","Meat of cattle with the bone, fresh or chilled","2012","2012","7021","Annual value","USD","3561.8","A","Official value"
"PP","Producer Prices","036","Australia","5532","Producer Price (USD/tonne)","21111.01","Meat of cattle with the bone, fresh or chilled","2013","2013","7021","Annual value","USD","3122.1","A","Official value"
"PP","Producer Prices","036","Australia","5532","Producer Price (USD/tonne)","21111.01","Meat of cattle with the bone, fresh or chilled","2014","2014","7021","Annual value","USD","2772.8","A","Official value"
"PP","Producer Prices","036","Australia","5532","Producer Price (USD/tonne)","21111.01","Meat of cattle with the bone, fresh or chilled","2015","2015","7021","Annual value","USD","2235","A","Official value"
"PP","Producer Prices","036","Australia","5532","Producer Price (USD/tonne)","21111.01","Meat of cattle with the bone, fresh or chilled","2020","2020","7021","Annual value","USD","4228.1","A","Official value"
"PP","Producer Prices","036","Australia","5532","Producer Price (USD/tonne)","21111.01","Meat of cattle with the bone, fresh or chilled","2021","2021","7021","Annual value","USD","5233.9","A","Official value"
"PP","Producer Prices","036","Australia","5532","Producer Price (USD/tonne)","21111.01","Meat of cattle with the bone, fresh or chilled","2022","2022","7021","Annual value","USD","5348.9","A","Official value"
"PP","Producer Prices","036","Australia","5532","Producer Price (USD/tonne)","21111.01","Meat of cattle with the bone, fresh or chilled","2023","2023","7021","Annual value","USD","4013.4","A","Official value"
"PP","Producer Prices","036","Australia","5532","Producer Price (USD/tonne)","21111.01","Meat of cattle with the bone, fresh or chilled","2024","2024","7021","Annual value","USD","3521.9","A","Official value"
"PP","Producer Prices","036","Australia","5532","Producer Price (USD/tonne)","0141","Soya beans","1991","1991","7021","Annual value","USD","275.8","A","Official value"
"PP","Producer Prices","036","Australia","5532","Producer Price (USD/tonne)","0141","Soya beans","1992","1992","7021","Annual value","USD","258.5","A","Official value"
"PP","Producer Prices","036","Australia","5532","Producer Price (USD/tonne)","0141","Soya beans","1993","1993","7021","Annual value","USD","252.3","A","Official value"
"PP","Producer Prices","036","Australia","5532","Producer Price (USD/tonne)","0141","Soya beans","1994","1994","7021","Annual value","USD","322.4","A","Official value"
"PP","Producer Prices","036","Australia","5532","Producer Price (USD/tonne)","0141","Soya beans","1995","1995","7021","Annual value","USD","295","A","Official value"
"PP","Producer Prices","036","Australia","5532","Producer Price (USD/tonne)","0141","Soya beans","1996","1996","7021","Annual value","USD","313","A","Official value"
"PP","Producer Prices","036","Australia","5532","Producer Price (USD/tonne)","0141","Soya beans","1997","1997","7021","Annual value","USD","312.5","A","Official value"
"PP","Producer Prices","036","Australia","5532","Producer Price (USD/tonne)","0141","Soya beans","1998","1998","7021","Annual value","USD","260.7","A","Official value"
"PP","Producer Prices","036","Australia","5532","Producer Price (USD/tonne)","0141","Soya beans","1999","1999","7021","Annual value","USD","263.2","A","Official value"
"PP","Producer Prices","036","Australia","5532","Producer Price (USD/tonne)","0141","Soya beans","2000","2000","7021","Annual value","USD","199.4","A","Official value"
"PP","Producer Prices","036","Australia","5532","Producer Price (USD/tonne)","0141","Soya beans","2001","2001","7021","Annual value","USD","195","A","Official value"
"PP","Producer Prices","036","Australia","5532","Producer Price (USD/tonne)","0141","Soya beans","2002","2002","7021","Annual value","USD","191.8","A","Official value"
"PP","Producer Prices","036","Australia","5532","Producer Price (USD/tonne)","0141","Soya beans","2003","2003","7021","Annual value","USD","374.2","A","Official value"
"PP","Producer Prices","036","Australia","5532","Producer Price (USD/tonne)","0141","Soya beans","2004","2004","7021","Annual value","USD","341.2","A","Official value"
"PP","Producer Prices","036","Australia","5532","Producer Price (USD/tonne)","0141","Soya beans","2005","2005","7021","Annual value","USD","289.4","A","Official value"
"PP","Producer Prices","036","Australia","5532","Producer Price (USD/tonne)","0141","Soya beans","2006","2006","7021","Annual value","USD","268.1","A","Official value"
"PP","Producer Prices","036","Australia","5532","Producer Price (USD/tonne)","0141","Soya beans","2007","2007","7021","Annual value","USD","348.1","A","Official value"
"PP","Producer Prices","036","Australia","5532","Producer Price (USD/tonne)","0141","Soya beans","2009","2009","7021","Annual value","USD","429.7","A","Official value"
"PP","Producer Prices","036","Australia","5532","Producer Price (USD/tonne)","0141","Soya beans","2011","2011","7021","Annual value","USD","515.7","A","Official value"
"PP","Producer Prices","040","Austria","5532","Producer Price (USD/tonne)","21111.01","Meat of cattle with the bone, fresh or chilled","1991","1991","7021","Annual value","USD","4225.6","A","Official value"
"PP","Producer Prices","040","Austria","5532","Producer Price (USD/tonne)","21111.01","Meat of cattle with the bone, fresh or chilled","1992","1992","7021","Annual value","USD","4422.7","A","Official value"
"PP","Producer Prices","040","Austria","5532","Producer Price (USD/tonne)","21111.01","Meat of cattle with the bone, fresh or chilled","1993","1993","7021","Annual value","USD","4000.6","A","Official value"
"PP","Producer Prices","040","Austria","5532","Producer Price (USD/tonne)","21111.01","Meat of cattle with the bone, fresh or chilled","1994","1994","7021","Annual value","USD","4097.8","A","Official value"
"PP","Producer Prices","040","Austria","5532","Producer Price (USD/tonne)","21111.01","Meat of cattle with the bone, fresh or chilled","1995","1995","7021","Annual value","USD","3831.3","A","Official value"
"PP","Producer Prices","040","Austria","5532","Producer Price (USD/tonne)","21111.01","Meat of cattle with the bone, fresh or chilled","1996","1996","7021","Annual value","USD","3301","A","Official value"
"PP","Producer Prices","040","Austria","5532","Producer Price (USD/tonne)","21111.01","Meat of cattle with the bone, fresh or chilled","1997","1997","7021","Annual value","USD","2919.1","A","Official value"
"PP","Producer Prices","040","Austria","5532","Producer Price (USD/tonne)","21111.01","Meat of cattle with the bone, fresh or chilled","1998","1998","7021","Annual value","USD","3140.8","A","Official value"
"PP","Producer Prices","040","Austria","5532","Producer Price (USD/tonne)","21111.01","Meat of cattle with the bone, fresh or chilled","1999","1999","7021","Annual value","USD","2910.5","A","Official value"
"PP","Producer Prices","040","Austria","5532","Producer Price (USD/tonne)","21111.01","Meat of cattle with the bone, fresh or chilled","2000","2000","7021","Annual value","USD","2571.1","A","Official value"
"PP","Producer Prices","040","Austria","5532","Producer Price (USD/tonne)","21111.01","Meat of cattle with the bone, fresh or chilled","2001","2001","7021","Annual value","USD","2138.9","A","Official value"
"PP","Producer Prices","040","Austria","5532","Producer Price (USD/tonne)","21111.01","Meat of cattle with the bone, fresh or chilled","2002","2002","7021","Annual value","USD","2456.4","A","Official value"
"PP","Producer Prices","040","Austria","5532","Producer Price (USD/tonne)","21111.01","Meat of cattle with the bone, fresh or chilled","2003","2003","7021","Annual value","USD","2968.3","A","Official value"
"PP","Producer Prices","040","Austria","5532","Producer Price (USD/tonne)","21111.01","Meat of cattle with the bone, fresh or chilled","2004","2004","7021","Annual value","USD","3265.6","A","Official value"
"PP","Producer Prices","040","Austria","5532","Producer Price (USD/tonne)","21111.01","Meat of cattle with the bone, fresh or chilled","2005","2005","7021","Annual value","USD","3681","A","Official value"
"PP","Producer Prices","040","Austria","5532","Producer Price (USD/tonne)","21111.01","Meat of cattle with the bone, fresh or chilled","2006","2006","7021","Annual value","USD","3851.3","A","Official value"
"PP","Producer Prices","040","Austria","5532","Producer Price (USD/tonne)","21111.01","Meat of cattle with the bone, fresh or chilled","2007","2007","7021","Annual value","USD","4064.9","A","Official value"
"PP","Producer Prices","040","Austria","5532","Producer Price (USD/tonne)","21111.01","Meat of cattle with the bone, fresh or chilled","2008","2008","7021","Annual value","USD","4672.8","A","Official value"
"PP","Producer Prices","040","Austria","5532","Producer Price (USD/tonne)","21111.01","Meat of cattle with the bone, fresh or chilled","2009","2009","7021","Annual value","USD","4334.3","A","Official value"
"PP","Producer Prices","040","Austria","5532","Producer Price (USD/tonne)","21111.01","Meat of cattle with the bone, fresh or chilled","2010","2010","7021","Annual value","USD","4185.2","A","Official value"
"PP","Producer Prices","040","Austria","5532","Producer Price (USD/tonne)","21111.01","Meat of cattle with the bone, fresh or chilled","2011","2011","7021","Annual value","USD","4907.2","A","Official value"
"PP","Producer Prices","040","Austria","5532","Producer Price (USD/tonne)","21111.01","Meat of cattle with the bone, fresh or chilled","2012","2012","7021","Annual value","USD","4933.9","A","Official value"
"PP","Producer Prices","040","Austria","5532","Producer Price (USD/tonne)","21111.01","Meat of cattle with the bone, fresh or chilled","2013","2013","7021","Annual value","USD","5018.9","A","Official value"
"PP","Producer Prices","040","Austria","5532","Producer Price (USD/tonne)","21111.01","Meat of cattle with the bone, fresh or chilled","2014","2014","7021","Annual value","USD","4869.1","A","Official value"
"PP","Producer Prices","040","Austria","5532","Producer Price (USD/tonne)","21111.01","Meat of cattle with the bone, fresh or chilled","2015","2015","7021","Annual value","USD","4247.7","A","Official value"
"PP","Producer Prices","040","Austria","5532","Producer Price (USD/tonne)","21111.01","Meat of cattle with the bone, fresh or chilled","2016","2016","7021","Annual value","USD","4137","A","Official value"
"PP","Producer Prices","040","Austria","5532","Producer Price (USD/tonne)","21111.01","Meat of cattle with the bone, fresh or chilled","2017","2017","7021","Annual value","USD","4371.9","A","Official value"
"PP","Producer Prices","040","Austria","5532","Producer Price (USD/tonne)","21111.01","Meat of cattle with the bone, fresh or chilled","2018","2018","7021","Annual value","USD","4582.1","A","Official value"
"PP","Producer Prices","040","Austria","5532","Producer Price (USD/tonne)","21111.01","Meat of cattle with the bone, fresh or chilled","2019","2019","7021","Annual value","USD","4175.6","A","Official value"
"PP","Producer Prices","040","Austria","5532","Producer Price (USD/tonne)","21111.01","Meat of cattle with the bone, fresh or chilled","2020","2020","7021","Annual value","USD","4226.1","A","Official value"
"PP","Producer Prices","040","Austria","5532","Producer Price (USD/tonne)","21111.01","Meat of cattle with the bone, fresh or chilled","2021","2021","7021","Annual value","USD","4707.3","A","Official value"
"PP","Producer Prices","040","Austria","5532","Producer Price (USD/tonne)","21111.01","Meat of cattle with the bone, fresh or chilled","2022","2022","7021","Annual value","USD","4991.5","A","Official value"
"PP","Producer Prices","040","Austria","5532","Producer Price (USD/tonne)","21111.01","Meat of cattle with the bone, fresh or chilled","2023","2023","7021","Annual value","USD","5125.2","A","Official value"
"PP","Producer Prices","040","Austria","5532","Producer Price (USD/tonne)","21111.01","Meat of cattle with the bone, fresh or chilled","2024","2024","7021","Annual value","USD","5398.3","A","Official value"
"PP","Producer Prices","040","Austria","5532","Producer Price (USD/tonne)","0141","Soya beans","1992","1992","7021","Annual value","USD","482.3","A","Official value"
"PP","Producer Prices","040","Austria","5532","Producer Price (USD/tonne)","0141","Soya beans","1993","1993","7021","Annual value","USD","455.6","A","Official value"
"PP","Producer Prices","040","Austria","5532","Producer Price (USD/tonne)","0141","Soya beans","1994","1994","7021","Annual value","USD","446.5","A","Official value"
"PP","Producer Prices","040","Austria","5532","Producer Price (USD/tonne)","0141","Soya beans","1995","1995","7021","Annual value","USD","221.5","A","Official value"
"PP","Producer Prices","040","Austria","5532","Producer Price (USD/tonne)","0141","Soya beans","1996","1996","7021","Annual value","USD","242.4","A","Official value"
"PP","Producer Prices","040","Austria","5532","Producer Price (USD/tonne)","0141","Soya beans","1997","1997","7021","Annual value","USD","233.2","A","Official value"
"PP","Producer Prices","040","Austria","5532","Producer Price (USD/tonne)","0141","Soya beans","1998","1998","7021","Annual value","USD","200.7","A","Official value"
"PP","Producer Prices","040","Austria","5532","Producer Price (USD/tonne)","0141","Soya beans","1999","1999","7021","Annual value","USD","190.1","A","Official value"
"PP","Producer Prices","040","Austria","5532","Producer Price (USD/tonne)","0141","Soya beans","2000","2000","7021","Annual value","USD","166.9","A","Official value"
"PP","Producer Prices","040","Austria","5532","Producer Price (USD/tonne)","0141","Soya beans","2001","2001","7021","Annual value","USD","192.7","A","Official value"
"PP","Producer Prices","040","Austria","5532","Producer Price (USD/tonne)","0141","Soya beans","2002","2002","7021","Annual value","USD","205.2","A","Official value"
"PP","Producer Prices","040","Austria","5532","Producer Price (USD/tonne)","0141","Soya beans","2003","2003","7021","Annual value","USD","229.1","A","Official value"
"PP","Producer Prices","040","Austria","5532","Producer Price (USD/tonne)","0141","Soya beans","2004","2004","7021","Annual value","USD","244.6","A","Official value"
"PP","Producer Prices","040","Austria","5532","Producer Price (USD/tonne)","0141","Soya beans","2005","2005","7021","Annual value","USD","245","A","Official value"
"PP","Producer Prices","040","Austria","5532","Producer Price (USD/tonne)","0141","Soya beans","2006","2006","7021","Annual value","USD","230.8","A","Official value"
"PP","Producer Prices","040","Austria","5532","Producer Price (USD/tonne)","0141","Soya beans","2007","2007","7021","Annual value","USD","310.7","A","Official value"
"PP","Producer Prices","040","Austria","5532","Producer Price (USD/tonne)","0141","Soya beans","2008","2008","7021","Annual value","USD","480.5","A","Official value"
"PP","Producer Prices","040","Austria","5532","Producer Price (USD/tonne)","0141","Soya beans","2009","2009","7021","Annual value","USD","377.9","A","Official value"
"PP","Producer Prices","040","Austria","5532","Producer Price (USD/tonne)","0141","Soya beans","2010","2010","7021","Annual value","USD","427.8","A","Official value"
"PP","Producer Prices","040","Austria","5532","Producer Price (USD/tonne)","0141","Soya beans","2011","2011","7021","Annual value","USD","481","A","Official value"
"PP","Producer Prices","040","Austria","5532","Producer Price (USD/tonne)","0141","Soya beans","2012","2012","7021","Annual value","USD","600","A","Official value"
"PP","Producer Prices","040","Austria","5532","Producer Price (USD/tonne)","0141","Soya beans","2013","2013","7021","Annual value","USD","523.1","A","Official value"
"PP","Producer Prices","040","Austria","5532","Producer Price (USD/tonne)","0141","Soya beans","2014","2014","7021","Annual value","USD","460.4","A","Official value"
"PP","Producer Prices","040","Austria","5532","Producer Price (USD/tonne)","0141","Soya beans","2015","2015","7021","Annual value","USD","353.8","A","Official value"
"PP","Producer Prices","040","Austria","5532","Producer Price (USD/tonne)","0141","Soya beans","2016","2016","7021","Annual value","USD","368.3","A","Official value"
"PP","Producer Prices","040","Austria","5532","Producer Price (USD/tonne)","0141","Soya beans","2017","2017","7021","Annual value","USD","389.7","A","Official value"
"PP","Producer Prices","040","Austria","5532","Producer Price (USD/tonne)","0141","Soya beans","2018","2018","7021","Annual value","USD","405.1","A","Official value"
"PP","Producer Prices","040","Austria","5532","Producer Price (USD/tonne)","0141","Soya beans","2019","2019","7021","Annual value","USD","351.5","A","Official value"
"PP","Producer Prices","040","Austria","5532","Producer Price (USD/tonne)","0141","Soya beans","2020","2020","7021","Annual value","USD","400.9","A","Official value"
"PP","Producer Prices","040","Austria","5532","Producer Price (USD/tonne)","0141","Soya beans","2021","2021","7021","Annual value","USD","660","A","Official value"
"PP","Producer Prices","040","Austria","5532","Producer Price (USD/tonne)","0141","Soya beans","2022","2022","7021","Annual value","USD","621.3","A","Official value"
"PP","Producer Prices","040","Austria","5532","Producer Price (USD/tonne)","0141","Soya beans","2023","2023","7021","Annual value","USD","440.1","A","Official value"
"PP","Producer Prices","040","Austria","5532","Producer Price (USD/tonne)","0141","Soya beans","2024","2024","7021","Annual value","USD","451.1","A","Official value"
"PP","Producer Prices","031","Azerbaijan","5532","Producer Price (USD/tonne)","21111.01","Meat of cattle with the bone, fresh or chilled","1994","1994","7021","Annual value","USD","555.3","A","Official value"
"PP","Producer Prices","031","Azerbaijan","5532","Producer Price (USD/tonne)","21111.01","Meat of cattle with the bone, fresh or chilled","1995","1995","7021","Annual value","USD","459.1","A","Official value"
"PP","Producer Prices","031","Azerbaijan","5532","Producer Price (USD/tonne)","21111.01","Meat of cattle with the bone, fresh or chilled","1996","1996","7021","Annual value","USD","566.8","A","Official value"
"PP","Producer Prices","031","Azerbaijan","5532","Producer Price (USD/tonne)","21111.01","Meat of cattle with the bone, fresh or chilled","1997","1997","7021","Annual value","USD","654.9","A","Official value"
"PP","Producer Prices","031","Azerbaijan","5532","Producer Price (USD/tonne)","21111.01","Meat of cattle with the bone, fresh or chilled","1998","1998","7021","Annual value","USD","737.9","A","Official value"
"PP","Producer Prices","031","Azerbaijan","5532","Producer Price (USD/tonne)","21111.01","Meat of cattle with the bone, fresh or chilled","1999","1999","7021","Annual value","USD","764.5","A","Official value"
"PP","Producer Prices","031","Azerbaijan","5532","Producer Price (USD/tonne)","21111.01","Meat of cattle with the bone, fresh or chilled","2000","2000","7021","Annual value","USD","757.7","A","Official value"
"PP","Producer Prices","031","Azerbaijan","5532","Producer Price (USD/tonne)","21111.01","Meat of cattle with the bone, fresh or chilled","2001","2001","7021","Annual value","USD","758.1","A","Official value"
"PP","Producer Prices","031","Azerbaijan","5532","Producer Price (USD/tonne)","21111.01","Meat of cattle with the bone, fresh or chilled","2002","2002","7021","Annual value","USD","901.1","A","Official value"
"PP","Producer Prices","031","Azerbaijan","5532","Producer Price (USD/tonne)","21111.01","Meat of cattle with the bone, fresh or chilled","2003","2003","7021","Annual value","USD","1074.2","A","Official value"
"PP","Producer Prices","031","Azerbaijan","5532","Producer Price (USD/tonne)","21111.01","Meat of cattle with the bone, fresh or chilled","2004","2004","7021","Annual value","USD","1123.4","A","Official value"
"PP","Producer Prices","031","Azerbaijan","5532","Producer Price (USD/tonne)","21111.01","Meat of cattle with the bone, fresh or chilled","2005","2005","7021","Annual value","USD","1552.8","A","Official value"
"PP","Producer Prices","031","Azerbaijan","5532","Producer Price (USD/tonne)","21111.01","Meat of cattle with the bone, fresh or chilled","2006","2006","7021","Annual value","USD","1920.8","A","Official value"
"PP","Producer Prices","031","Azerbaijan","5532","Producer Price (USD/tonne)","21111.01","Meat of cattle with the bone, fresh or chilled","2007","2007","7021","Annual value","USD","2298","A","Official value"
"PP","Producer Prices","031","Azerbaijan","5532","Producer Price (USD/tonne)","21111.01","Meat of cattle with the bone, fresh or chilled","2008","2008","7021","Annual value","USD","2435.4","A","Official value"
"PP","Producer Prices","031","Azerbaijan","5532","Producer Price (USD/tonne)","21111.01","Meat of cattle with the bone, fresh or chilled","2009","2009","7021","Annual value","USD","2696","A","Official value"
"PP","Producer Prices","031","Azerbaijan","5532","Producer Price (USD/tonne)","21111.01","Meat of cattle with the bone, fresh or chilled","2010","2010","7021","Annual value","USD","2819.4","A","Official value"
"PP","Producer Prices","031","Azerbaijan","5532","Producer Price (USD/tonne)","21111.01","Meat of cattle with the bone, fresh or chilled","2011","2011","7021","Annual value","USD","3300","A","Official value"
"PP","Producer Prices","031","Azerbaijan","5532","Producer Price (USD/tonne)","21111.01","Meat of cattle with the bone, fresh or chilled","2012","2012","7021","Annual value","USD","3440.5","A","Official value"
"PP","Producer Prices","031","Azerbaijan","5532","Producer Price (USD/tonne)","21111.01","Meat of cattle with the bone, fresh or chilled","2013","2013","7021","Annual value","USD","3830.3","A","Official value"
"PP","Producer Prices","031","Azerbaijan","5532","Producer Price (USD/tonne)","21111.01","Meat of cattle with the bone, fresh or chilled","2014","2014","7021","Annual value","USD","4234.1","A","Official value"
"PP","Producer Prices","031","Azerbaijan","5532","Producer Price (USD/tonne)","21111.01","Meat of cattle with the bone, fresh or chilled","2015","2015","7021","Annual value","USD","3220.9","A","Official value"
"PP","Producer Prices","031","Azerbaijan","5532","Producer Price (USD/tonne)","21111.01","Meat of cattle with the bone, fresh or chilled","2016","2016","7021","Annual value","USD","2193.4","A","Official value"
"PP","Producer Prices","031","Azerbaijan","5532","Producer Price (USD/tonne)","21111.01","Meat of cattle with the bone, fresh or chilled","2017","2017","7021","Annual value","USD","2498.3","A","Official value"
"PP","Producer Prices","031","Azerbaijan","5532","Producer Price (USD/tonne)","21111.01","Meat of cattle with the bone, fresh or chilled","2018","2018","7021","Annual value","USD","2705.9","A","Official value"
"PP","Producer Prices","031","Azerbaijan","5532","Producer Price (USD/tonne)","21111.01","Meat of cattle with the bone, fresh or chilled","2019","2019","7021","Annual value","USD","2705.9","A","Official value"
"PP","Producer Prices","031","Azerbaijan","5532","Producer Price (USD/tonne)","21111.01","Meat of cattle with the bone, fresh or chilled","2020","2020","7021","Annual value","USD","2888.2","A","Official value"
"PP","Producer Prices","031","Azerbaijan","5532","Producer Price (USD/tonne)","21111.01","Meat of cattle with the bone, fresh or chilled","2021","2021","7021","Annual value","USD","2976.5","A","Official value"
"PP","Producer Prices","031","Azerbaijan","5532","Producer Price (USD/tonne)","21111.01","Meat of cattle with the bone, fresh or chilled","2022","2022","7021","Annual value","USD","3217.6","A","Official value"
"PP","Producer Prices","031","Azerbaijan","5532","Producer Price (USD/tonne)","21111.01","Meat of cattle with the bone, fresh or chilled","2023","2023","7021","Annual value","USD","3552.9","A","Official value"
"PP","Producer Prices","031","Azerbaijan","5532","Producer Price (USD/tonne)","0141","Soya beans","2004","2004","7021","Annual value","USD","670.6","A","Official value"
"PP","Producer Prices","031","Azerbaijan","5532","Producer Price (USD/tonne)","0141","Soya beans","2005","2005","7021","Annual value","USD","678","A","Official value"
"PP","Producer Prices","031","Azerbaijan","5532","Producer Price (USD/tonne)","0141","Soya beans","2006","2006","7021","Annual value","USD","386.2","A","Official value"
"PP","Producer Prices","031","Azerbaijan","5532","Producer Price (USD/tonne)","0141","Soya beans","2007","2007","7021","Annual value","USD","413.7","A","Official value"
"PP","Producer Prices","050","Bangladesh","5532","Producer Price (USD/tonne)","21111.01","Meat of cattle with the bone, fresh or chilled","1991","1991","7021","Annual value","USD","1475.6","A","Official value"
"PP","Producer Prices","050","Bangladesh","5532","Producer Price (USD/tonne)","21111.01","Meat of cattle with the bone, fresh or chilled","1992","1992","7021","Annual value","USD","1386.4","A","Official value"
"PP","Producer Prices","050","Bangladesh","5532","Producer Price (USD/tonne)","21111.01","Meat of cattle with the bone, fresh or chilled","1993","1993","7021","Annual value","USD","1415.3","A","Official value"
"PP","Producer Prices","050","Bangladesh","5532","Producer Price (USD/tonne)","21111.01","Meat of cattle with the bone, fresh or chilled","1994","1994","7021","Annual value","USD","1392.6","A","Official value"
"PP","Producer Prices","050","Bangladesh","5532","Producer Price (USD/tonne)","21111.01","Meat of cattle with the bone, fresh or chilled","1995","1995","7021","Annual value","USD","1440","A","Official value"
"PP","Producer Prices","050","Bangladesh","5532","Producer Price (USD/tonne)","21111.01","Meat of cattle with the bone, fresh or chilled","1996","1996","7021","Annual value","USD","1387.8","A","Official value"
"PP","Producer Prices","050","Bangladesh","5532","Producer Price (USD/tonne)","21111.01","Meat of cattle with the bone, fresh or chilled","1997","1997","7021","Annual value","USD","1367","A","Official value"
"PP","Producer Prices","050","Bangladesh","5532","Producer Price (USD/tonne)","21111.01","Meat of cattle with the bone, fresh or chilled","1998","1998","7021","Annual value","USD","1279.2","A","Official value"
"PP","Producer Prices","050","Bangladesh","5532","Producer Price (USD/tonne)","21111.01","Meat of cattle with the bone, fresh or chilled","1999","1999","7021","Annual value","USD","1202","A","Official value"
"PP","Producer Prices","050","Bangladesh","5532","Producer Price (USD/tonne)","21111.01","Meat of cattle with the bone, fresh or chilled","2000","2000","7021","Annual value","USD","1169.9","A","Official value"
"PP","Producer Prices","050","Bangladesh","5532","Producer Price (USD/tonne)","21111.01","Meat of cattle with the bone, fresh or chilled","2001","2001","7021","Annual value","USD","1111","A","Official value"
"PP","Producer Prices","050","Bangladesh","5532","Producer Price (USD/tonne)","21111.01","Meat of cattle with the bone, fresh or chilled","2002","2002","7021","Annual value","USD","1036.5","A","Official value"
"PP","Producer Prices","050","Bangladesh","5532","Producer Price (USD/tonne)","0141","Soya beans","2006","2006","7021","Annual value","USD","318.3","A","Official value"
"PP","Producer Prices","050","Bangladesh","5532","Producer Price (USD/tonne)","0141","Soya beans","2007","2007","7021","Annual value","USD","355.7","A","Official value"
"PP","Producer Prices","050","Bangladesh","5532","Producer Price (USD/tonne)","0141","Soya beans","2008","2008","7021","Annual value","USD","475.7","A","Official value"
"PP","Producer Prices","050","Bangladesh","5532","Producer Price (USD/tonne)","0141","Soya beans","2010","2010","7021","Annual value","USD","503.2","A","Official value"
"PP","Producer Prices","050","Bangladesh","5532","Producer Price (USD/tonne)","0141","Soya beans","2011","2011","7021","Annual value","USD","506.8","A","Official value"
"PP","Producer Prices","050","Bangladesh","5532","Producer Price (USD/tonne)","0141","Soya beans","2012","2012","7021","Annual value","USD","667.1","A","Official value"
"PP","Producer Prices","050","Bangladesh","5532","Producer Price (USD/tonne)","0141","Soya beans","2013","2013","7021","Annual value","USD","925.2","A","Official value"
"PP","Producer Prices","050","Bangladesh","5532","Producer Price (USD/tonne)","0141","Soya beans","2014","2014","7021","Annual value","USD","450","A","Official value"
"PP","Producer Prices","050","Bangladesh","5532","Producer Price (USD/tonne)","0141","Soya beans","2015","2015","7021","Annual value","USD","455.2","A","Official value"
"PP","Producer Prices","050","Bangladesh","5532","Producer Price (USD/tonne)","0141","Soya beans","2016","2016","7021","Annual value","USD","458.1","A","Official value"
"PP","Producer Prices","050","Bangladesh","5532","Producer Price (USD/tonne)","0141","Soya beans","2017","2017","7021","Annual value","USD","470.9","A","Official value"
"PP","Producer Prices","050","Bangladesh","5532","Producer Price (USD/tonne)","0141","Soya beans","2018","2018","7021","Annual value","USD","515.2","A","Official value"
"PP","Producer Prices","050","Bangladesh","5532","Producer Price (USD/tonne)","0141","Soya beans","2019","2019","7021","Annual value","USD","381.5","A","Official value"
"PP","Producer Prices","050","Bangladesh","5532","Producer Price (USD/tonne)","0141","Soya beans","2020","2020","7021","Annual value","USD","361.4","A","Official value"
"PP","Producer Prices","050","Bangladesh","5532","Producer Price (USD/tonne)","0141","Soya beans","2021","2021","7021","Annual value","USD","730.2","A","Official value"
"PP","Producer Prices","052","Barbados","5532","Producer Price (USD/tonne)","21111.01","Meat of cattle with the bone, fresh or chilled","2003","2003","7021","Annual value","USD","4419.5","A","Official value"
"PP","Producer Prices","084","Belize","5532","Producer Price (USD/tonne)","0141","Soya beans","2002","2002","7021","Annual value","USD","397","A","Official value"
"PP","Producer Prices","084","Belize","5532","Producer Price (USD/tonne)","0141","Soya beans","2003","2003","7021","Annual value","USD","375","A","Official value"
"PP","Producer Prices","084","Belize","5532","Producer Price (USD/tonne)","0141","Soya beans","2020","2020","7021","Annual value","USD","529.1","A","Official value"
"PP","Producer Prices","084","Belize","5532","Producer Price (USD/tonne)","0141","Soya beans","2021","2021","7021","Annual value","USD","573.2","A","Official value"
"PP","Producer Prices","084","Belize","5532","Producer Price (USD/tonne)","0141","Soya beans","2022","2022","7021","Annual value","USD","716.5","A","Official value"
"PP","Producer Prices","084","Belize","5532","Producer Price (USD/tonne)","0141","Soya beans","2023","2023","7021","Annual value","USD","937","A","Official value"
"PP","Producer Prices","084","Belize","5532","Producer Price (USD/tonne)","0141","Soya beans","2024","2024","7021","Annual value","USD","826.7","A","Official value"
"PP","Producer Prices","064","Bhutan","5532","Producer Price (USD/tonne)","21111.01","Meat of cattle with the bone, fresh or chilled","2002","2002","7021","Annual value","USD","1131.4","A","Official value"
"PP","Producer Prices","064","Bhutan","5532","Producer Price (USD/tonne)","21111.01","Meat of cattle with the bone, fresh or chilled","2003","2003","7021","Annual value","USD","1395.4","A","Official value"
"PP","Producer Prices","064","Bhutan","5532","Producer Price (USD/tonne)","21111.01","Meat of cattle with the bone, fresh or chilled","2004","2004","7021","Annual value","USD","1158.5","A","Official value"
"PP","Producer Prices","064","Bhutan","5532","Producer Price (USD/tonne)","21111.01","Meat of cattle with the bone, fresh or chilled","2005","2005","7021","Annual value","USD","1473.9","A","Official value"
"PP","Producer Prices","064","Bhutan","5532","Producer Price (USD/tonne)","21111.01","Meat of cattle with the bone, fresh or chilled","2006","2006","7021","Annual value","USD","1434.7","A","Official value"
"PP","Producer Prices","064","Bhutan","5532","Producer Price (USD/tonne)","21111.01","Meat of cattle with the bone, fresh or chilled","2007","2007","7021","Annual value","USD","1692.9","A","Official value"
"PP","Producer Prices","064","Bhutan","5532","Producer Price (USD/tonne)","21111.01","Meat of cattle with the bone, fresh or chilled","2008","2008","7021","Annual value","USD","2068.7","A","Official value"
"PP","Producer Prices","064","Bhutan","5532","Producer Price (USD/tonne)","21111.01","Meat of cattle with the bone, fresh or chilled","2009","2009","7021","Annual value","USD","1965.3","A","Official value"
"PP","Producer Prices","064","Bhutan","5532","Producer Price (USD/tonne)","21111.01","Meat of cattle with the bone, fresh or chilled","2010","2010","7021","Annual value","USD","2351","A","Official value"
"PP","Producer Prices","064","Bhutan","5532","Producer Price (USD/tonne)","21111.01","Meat of cattle with the bone, fresh or chilled","2011","2011","7021","Annual value","USD","2535.5","A","Official value"
"PP","Producer Prices","064","Bhutan","5532","Producer Price (USD/tonne)","21111.01","Meat of cattle with the bone, fresh or chilled","2012","2012","7021","Annual value","USD","2432.8","A","Official value"
"PP","Producer Prices","064","Bhutan","5532","Producer Price (USD/tonne)","21111.01","Meat of cattle with the bone, fresh or chilled","2013","2013","7021","Annual value","USD","2374.7","A","Official value"
"PP","Producer Prices","064","Bhutan","5532","Producer Price (USD/tonne)","21111.01","Meat of cattle with the bone, fresh or chilled","2014","2014","7021","Annual value","USD","2430.1","A","Official value"
"PP","Producer Prices","064","Bhutan","5532","Producer Price (USD/tonne)","21111.01","Meat of cattle with the bone, fresh or chilled","2015","2015","7021","Annual value","USD","3897","A","Official value"
"PP","Producer Prices","064","Bhutan","5532","Producer Price (USD/tonne)","0141","Soya beans","1996","1996","7021","Annual value","USD","220.1","A","Official value"
"PP","Producer Prices","064","Bhutan","5532","Producer Price (USD/tonne)","0141","Soya beans","1997","1997","7021","Annual value","USD","272.6","A","Official value"
"PP","Producer Prices","064","Bhutan","5532","Producer Price (USD/tonne)","0141","Soya beans","1998","1998","7021","Annual value","USD","249.6","A","Official value"
"PP","Producer Prices","064","Bhutan","5532","Producer Price (USD/tonne)","0141","Soya beans","1999","1999","7021","Annual value","USD","278.7","A","Official value"
"PP","Producer Prices","064","Bhutan","5532","Producer Price (USD/tonne)","0141","Soya beans","2000","2000","7021","Annual value","USD","311.5","A","Official value"
"PP","Producer Prices","064","Bhutan","5532","Producer Price (USD/tonne)","0141","Soya beans","2001","2001","7021","Annual value","USD","165.3","A","Official value"
"PP","Producer Prices","064","Bhutan","5532","Producer Price (USD/tonne)","0141","Soya beans","2002","2002","7021","Annual value","USD","187.2","A","Official value"
"PP","Producer Prices","064","Bhutan","5532","Producer Price (USD/tonne)","0141","Soya beans","2003","2003","7021","Annual value","USD","212.5","A","Official value"
"PP","Producer Prices","064","Bhutan","5532","Producer Price (USD/tonne)","0141","Soya beans","2013","2013","7021","Annual value","USD","716.7","A","Official value"
"PP","Producer Prices","064","Bhutan","5532","Producer Price (USD/tonne)","0141","Soya beans","2014","2014","7021","Annual value","USD","802.9","A","Official value"
"PP","Producer Prices","064","Bhutan","5532","Producer Price (USD/tonne)","0141","Soya beans","2015","2015","7021","Annual value","USD","1855","A","Official value"
"PP","Producer Prices","064","Bhutan","5532","Producer Price (USD/tonne)","0141","Soya beans","2016","2016","7021","Annual value","USD","788.7","A","Official value"
"PP","Producer Prices","064","Bhutan","5532","Producer Price (USD/tonne)","0141","Soya beans","2017","2017","7021","Annual value","USD","829.2","A","Official value"
"PP","Producer Prices","068","Bolivia (Plurinational State of)","5532","Producer Price (USD/tonne)","21111.01","Meat of cattle with the bone, fresh or chilled","1991","1991","7021","Annual value","USD","995.4","A","Official value"
"PP","Producer Prices","068","Bolivia (Plurinational State of)","5532","Producer Price (USD/tonne)","21111.01","Meat of cattle with the bone, fresh or chilled","1992","1992","7021","Annual value","USD","1120.1","A","Official value"
"PP","Producer Prices","068","Bolivia (Plurinational State of)","5532","Producer Price (USD/tonne)","21111.01","Meat of cattle with the bone, fresh or chilled","1993","1993","7021","Annual value","USD","1189.2","A","Official value"
"PP","Producer Prices","068","Bolivia (Plurinational State of)","5532","Producer Price (USD/tonne)","21111.01","Meat of cattle with the bone, fresh or chilled","1994","1994","7021","Annual value","USD","1125.4","X","Value from external organization"
"PP","Producer Prices","068","Bolivia (Plurinational State of)","5532","Producer Price (USD/tonne)","21111.01","Meat of cattle with the bone, fresh or chilled","2014","2014","7021","Annual value","USD","2897.2","A","Official value"
"PP","Producer Prices","068","Bolivia (Plurinational State of)","5532","Producer Price (USD/tonne)","21111.01","Meat of cattle with the bone, fresh or chilled","2015","2015","7021","Annual value","USD","2924.9","A","Official value"
"PP","Producer Prices","068","Bolivia (Plurinational State of)","5532","Producer Price (USD/tonne)","21111.01","Meat of cattle with the bone, fresh or chilled","2016","2016","7021","Annual value","USD","2801.3","A","Official value"
"PP","Producer Prices","068","Bolivia (Plurinational State of)","5532","Producer Price (USD/tonne)","21111.01","Meat of cattle with the bone, fresh or chilled","2017","2017","7021","Annual value","USD","2782.9","A","Official value"
"PP","Producer Prices","068","Bolivia (Plurinational State of)","5532","Producer Price (USD/tonne)","21111.01","Meat of cattle with the bone, fresh or chilled","2018","2018","7021","Annual value","USD","2789.5","A","Official value"
"PP","Producer Prices","068","Bolivia (Plurinational State of)","5532","Producer Price (USD/tonne)","21111.01","Meat of cattle with the bone, fresh or chilled","2022","2022","7021","Annual value","USD","2888.7","A","Official value"
"PP","Producer Prices","068","Bolivia (Plurinational State of)","5532","Producer Price (USD/tonne)","21111.01","Meat of cattle with the bone, fresh or chilled","2023","2023","7021","Annual value","USD","3009","A","Official value"
"PP","Producer Prices","068","Bolivia (Plurinational State of)","5532","Producer Price (USD/tonne)","21111.01","Meat of cattle with the bone, fresh or chilled","2024","2024","7021","Annual value","USD","3199.1","A","Official value"
"PP","Producer Prices","068","Bolivia (Plurinational State of)","5532","Producer Price (USD/tonne)","0141","Soya beans","1991","1991","7021","Annual value","USD","148.6","A","Official value"
"PP","Producer Prices","068","Bolivia (Plurinational State of)","5532","Producer Price (USD/tonne)","0141","Soya beans","1992","1992","7021","Annual value","USD","136.6","A","Official value"
"PP","Producer Prices","068","Bolivia (Plurinational State of)","5532","Producer Price (USD/tonne)","0141","Soya beans","1993","1993","7021","Annual value","USD","149.4","A","Official value"
"PP","Producer Prices","068","Bolivia (Plurinational State of)","5532","Producer Price (USD/tonne)","0141","Soya beans","1994","1994","7021","Annual value","USD","150.8","A","Official value"
"PP","Producer Prices","068","Bolivia (Plurinational State of)","5532","Producer Price (USD/tonne)","0141","Soya beans","1995","1995","7021","Annual value","USD","147.7","A","Official value"
"PP","Producer Prices","068","Bolivia (Plurinational State of)","5532","Producer Price (USD/tonne)","0141","Soya beans","1996","1996","7021","Annual value","USD","156.9","A","Official value"
"PP","Producer Prices","068","Bolivia (Plurinational State of)","5532","Producer Price (USD/tonne)","0141","Soya beans","1997","1997","7021","Annual value","USD","204","A","Official value"
"PP","Producer Prices","068","Bolivia (Plurinational State of)","5532","Producer Price (USD/tonne)","0141","Soya beans","1998","1998","7021","Annual value","USD","159","A","Official value"
"PP","Producer Prices","068","Bolivia (Plurinational State of)","5532","Producer Price (USD/tonne)","0141","Soya beans","1999","1999","7021","Annual value","USD","152.8","A","Official value"
"PP","Producer Prices","068","Bolivia (Plurinational State of)","5532","Producer Price (USD/tonne)","0141","Soya beans","2000","2000","7021","Annual value","USD","138.9","A","Official value"
"PP","Producer Prices","068","Bolivia (Plurinational State of)","5532","Producer Price (USD/tonne)","0141","Soya beans","2001","2001","7021","Annual value","USD","135.3","A","Official value"
"PP","Producer Prices","068","Bolivia (Plurinational State of)","5532","Producer Price (USD/tonne)","0141","Soya beans","2002","2002","7021","Annual value","USD","145.7","A","Official value"
"PP","Producer Prices","068","Bolivia (Plurinational State of)","5532","Producer Price (USD/tonne)","0141","Soya beans","2003","2003","7021","Annual value","USD","155.5","A","Official value"
"PP","Producer Prices","068","Bolivia (Plurinational State of)","5532","Producer Price (USD/tonne)","0141","Soya beans","2004","2004","7021","Annual value","USD","186.2","A","Official value"
"PP","Producer Prices","068","Bolivia (Plurinational State of)","5532","Producer Price (USD/tonne)","0141","Soya beans","2005","2005","7021","Annual value","USD","165.6","A","Official value"
"PP","Producer Prices","068","Bolivia (Plurinational State of)","5532","Producer Price (USD/tonne)","0141","Soya beans","2006","2006","7021","Annual value","USD","162","A","Official value"
"PP","Producer Prices","068","Bolivia (Plurinational State of)","5532","Producer Price (USD/tonne)","0141","Soya beans","2007","2007","7021","Annual value","USD","213.9","A","Official value"
"PP","Producer Prices","068","Bolivia (Plurinational State of)","5532","Producer Price (USD/tonne)","0141","Soya beans","2008","2008","7021","Annual value","USD","331.5","A","Official value"
"PP","Producer Prices","068","Bolivia (Plurinational State of)","5532","Producer Price (USD/tonne)","0141","Soya beans","2009","2009","7021","Annual value","USD","372.9","A","Official value"
"PP","Producer Prices","068","Bolivia (Plurinational State of)","5532","Producer Price (USD/tonne)","0141","Soya beans","2010","2010","7021","Annual value","USD","287.2","A","Official value"
"PP","Producer Prices","068","Bolivia (Plurinational State of)","5532","Producer Price (USD/tonne)","0141","Soya beans","2011","2011","7021","Annual value","USD","302.1","A","Official value"
"PP","Producer Prices","068","Bolivia (Plurinational State of)","5532","Producer Price (USD/tonne)","0141","Soya beans","2012","2012","7021","Annual value","USD","314.6","A","Official value"
"PP","Producer Prices","068","Bolivia (Plurinational State of)","5532","Producer Price (USD/tonne)","0141","Soya beans","2013","2013","7021","Annual value","USD","320.7","A","Official value"
"PP","Producer Prices","068","Bolivia (Plurinational State of)","5532","Producer Price (USD/tonne)","0141","Soya beans","2014","2014","7021","Annual value","USD","362.5","A","Official value"
"PP","Producer Prices","068","Bolivia (Plurinational State of)","5532","Producer Price (USD/tonne)","0141","Soya beans","2015","2015","7021","Annual value","USD","293","A","Official value"
"PP","Producer Prices","068","Bolivia (Plurinational State of)","5532","Producer Price (USD/tonne)","0141","Soya beans","2016","2016","7021","Annual value","USD","268.2","A","Official value"
"PP","Producer Prices","068","Bolivia (Plurinational State of)","5532","Producer Price (USD/tonne)","0141","Soya beans","2017","2017","7021","Annual value","USD","284.5","A","Official value"
"PP","Producer Prices","068","Bolivia (Plurinational State of)","5532","Producer Price (USD/tonne)","0141","Soya beans","2018","2018","7021","Annual value","USD","322.7","A","Official value"
"PP","Producer Prices","068","Bolivia (Plurinational State of)","5532","Producer Price (USD/tonne)","0141","Soya beans","2022","2022","7021","Annual value","USD","426","A","Official value"
"PP","Producer Prices","068","Bolivia (Plurinational State of)","5532","Producer Price (USD/tonne)","0141","Soya beans","2023","2023","7021","Annual value","USD","396","A","Official value"
"PP","Producer Prices","068","Bolivia (Plurinational State of)","5532","Producer Price (USD/tonne)","0141","Soya beans","2024","2024","7021","Annual value","USD","415.7","A","Official value"
"PP","Producer Prices","070","Bosnia and Herzegovina","5532","Producer Price (USD/tonne)","21111.01","Meat of cattle with the bone, fresh or chilled","1998","1998","7021","Annual value","USD","1652","A","Official value"
"PP","Producer Prices","070","Bosnia and Herzegovina","5532","Producer Price (USD/tonne)","21111.01","Meat of cattle with the bone, fresh or chilled","1999","1999","7021","Annual value","USD","1502.3","A","Official value"
"PP","Producer Prices","070","Bosnia and Herzegovina","5532","Producer Price (USD/tonne)","21111.01","Meat of cattle with the bone, fresh or chilled","2000","2000","7021","Annual value","USD","1286","A","Official value"
"PP","Producer Prices","070","Bosnia and Herzegovina","5532","Producer Price (USD/tonne)","21111.01","Meat of cattle with the bone, fresh or chilled","2001","2001","7021","Annual value","USD","1427","A","Official value"
"PP","Producer Prices","070","Bosnia and Herzegovina","5532","Producer Price (USD/tonne)","21111.01","Meat of cattle with the bone, fresh or chilled","2002","2002","7021","Annual value","USD","1674.5","A","Official value"
"PP","Producer Prices","070","Bosnia and Herzegovina","5532","Producer Price (USD/tonne)","21111.01","Meat of cattle with the bone, fresh or chilled","2003","2003","7021","Annual value","USD","2017.4","A","Official value"
"PP","Producer Prices","070","Bosnia and Herzegovina","5532","Producer Price (USD/tonne)","21111.01","Meat of cattle with the bone, fresh or chilled","2004","2004","7021","Annual value","USD","2213.1","A","Official value"
"PP","Producer Prices","070","Bosnia and Herzegovina","5532","Producer Price (USD/tonne)","21111.01","Meat of cattle with the bone, fresh or chilled","2005","2005","7021","Annual value","USD","2481.7","A","Official value"
"PP","Producer Prices","070","Bosnia and Herzegovina","5532","Producer Price (USD/tonne)","21111.01","Meat of cattle with the bone, fresh or chilled","2006","2006","7021","Annual value","USD","2514.3","A","Official value"
"PP","Producer Prices","070","Bosnia and Herzegovina","5532","Producer Price (USD/tonne)","21111.01","Meat of cattle with the bone, fresh or chilled","2010","2010","7021","Annual value","USD","2548.2","A","Official value"
"PP","Producer Prices","070","Bosnia and Herzegovina","5532","Producer Price (USD/tonne)","21111.01","Meat of cattle with the bone, fresh or chilled","2011","2011","7021","Annual value","USD","3032.1","A","Official value"
"PP","Producer Prices","070","Bosnia and Herzegovina","5532","Producer Price (USD/tonne)","21111.01","Meat of cattle with the bone, fresh or chilled","2012","2012","7021","Annual value","USD","2874.8","A","Official value"
"PP","Producer Prices","070","Bosnia and Herzegovina","5532","Producer Price (USD/tonne)","21111.01","Meat of cattle with the bone, fresh or chilled","2013","2013","7021","Annual value","USD","2989.7","A","Official value"
"PP","Producer Prices","070","Bosnia and Herzegovina","5532","Producer Price (USD/tonne)","21111.01","Meat of cattle with the bone, fresh or chilled","2014","2014","7021","Annual value","USD","2763.6","A","Official value"
"PP","Producer Prices","070","Bosnia and Herzegovina","5532","Producer Price (USD/tonne)","21111.01","Meat of cattle with the bone, fresh or chilled","2015","2015","7021","Annual value","USD","1998.9","A","Official value"
"PP","Producer Prices","070","Bosnia and Herzegovina","5532","Producer Price (USD/tonne)","21111.01","Meat of cattle with the bone, fresh or chilled","2016","2016","7021","Annual value","USD","2170.1","A","Official value"
"PP","Producer Prices","070","Bosnia and Herzegovina","5532","Producer Price (USD/tonne)","21111.01","Meat of cattle with the bone, fresh or chilled","2017","2017","7021","Annual value","USD","2286","A","Official value"
"PP","Producer Prices","070","Bosnia and Herzegovina","5532","Producer Price (USD/tonne)","21111.01","Meat of cattle with the bone, fresh or chilled","2018","2018","7021","Annual value","USD","2312","A","Official value"
"PP","Producer Prices","070","Bosnia and Herzegovina","5532","Producer Price (USD/tonne)","21111.01","Meat of cattle with the bone, fresh or chilled","2019","2019","7021","Annual value","USD","2308.4","A","Official value"
"PP","Producer Prices","070","Bosnia and Herzegovina","5532","Producer Price (USD/tonne)","21111.01","Meat of cattle with the bone, fresh or chilled","2020","2020","7021","Annual value","USD","2281.3","A","Official value"
"PP","Producer Prices","070","Bosnia and Herzegovina","5532","Producer Price (USD/tonne)","21111.01","Meat of cattle with the bone, fresh or chilled","2021","2021","7021","Annual value","USD","2441.3","A","Official value"
"PP","Producer Prices","070","Bosnia and Herzegovina","5532","Producer Price (USD/tonne)","21111.01","Meat of cattle with the bone, fresh or chilled","2022","2022","7021","Annual value","USD","2953.8","A","Official value"
"PP","Producer Prices","070","Bosnia and Herzegovina","5532","Producer Price (USD/tonne)","21111.01","Meat of cattle with the bone, fresh or chilled","2023","2023","7021","Annual value","USD","3031.2","A","Official value"
"PP","Producer Prices","070","Bosnia and Herzegovina","5532","Producer Price (USD/tonne)","21111.01","Meat of cattle with the bone, fresh or chilled","2024","2024","7021","Annual value","USD","3196","A","Official value"
"PP","Producer Prices","070","Bosnia and Herzegovina","5532","Producer Price (USD/tonne)","0141","Soya beans","1998","1998","7021","Annual value","USD","193.2","A","Official value"
"PP","Producer Prices","070","Bosnia and Herzegovina","5532","Producer Price (USD/tonne)","0141","Soya beans","1999","1999","7021","Annual value","USD","212.4","A","Official value"
"PP","Producer Prices","070","Bosnia and Herzegovina","5532","Producer Price (USD/tonne)","0141","Soya beans","2000","2000","7021","Annual value","USD","207.3","A","Official value"
"PP","Producer Prices","070","Bosnia and Herzegovina","5532","Producer Price (USD/tonne)","0141","Soya beans","2001","2001","7021","Annual value","USD","194.4","A","Official value"
"PP","Producer Prices","070","Bosnia and Herzegovina","5532","Producer Price (USD/tonne)","0141","Soya beans","2002","2002","7021","Annual value","USD","221.3","A","Official value"
"PP","Producer Prices","070","Bosnia and Herzegovina","5532","Producer Price (USD/tonne)","0141","Soya beans","2003","2003","7021","Annual value","USD","265.4","A","Official value"
"PP","Producer Prices","070","Bosnia and Herzegovina","5532","Producer Price (USD/tonne)","0141","Soya beans","2004","2004","7021","Annual value","USD","311.1","A","Official value"
"PP","Producer Prices","070","Bosnia and Herzegovina","5532","Producer Price (USD/tonne)","0141","Soya beans","2005","2005","7021","Annual value","USD","267.1","A","Official value"
"PP","Producer Prices","070","Bosnia and Herzegovina","5532","Producer Price (USD/tonne)","0141","Soya beans","2006","2006","7021","Annual value","USD","269.4","A","Official value"
"PP","Producer Prices","070","Bosnia and Herzegovina","5532","Producer Price (USD/tonne)","0141","Soya beans","2007","2007","7021","Annual value","USD","398.9","A","Official value"
"PP","Producer Prices","070","Bosnia and Herzegovina","5532","Producer Price (USD/tonne)","0141","Soya beans","2008","2008","7021","Annual value","USD","530.3","A","Official value"
"PP","Producer Prices","070","Bosnia and Herzegovina","5532","Producer Price (USD/tonne)","0141","Soya beans","2009","2009","7021","Annual value","USD","355.9","A","Official value"
"PP","Producer Prices","070","Bosnia and Herzegovina","5532","Producer Price (USD/tonne)","0141","Soya beans","2010","2010","7021","Annual value","USD","409.7","A","Official value"
"PP","Producer Prices","070","Bosnia and Herzegovina","5532","Producer Price (USD/tonne)","0141","Soya beans","2011","2011","7021","Annual value","USD","464.8","A","Official value"
"PP","Producer Prices","070","Bosnia and Herzegovina","5532","Producer Price (USD/tonne)","0141","Soya beans","2012","2012","7021","Annual value","USD","672","A","Official value"
"PP","Producer Prices","070","Bosnia and Herzegovina","5532","Producer Price (USD/tonne)","0141","Soya beans","2013","2013","7021","Annual value","USD","502.4","A","Official value"
"PP","Producer Prices","070","Bosnia and Herzegovina","5532","Producer Price (USD/tonne)","0141","Soya beans","2014","2014","7021","Annual value","USD","443.6","A","Official value"
"PP","Producer Prices","070","Bosnia and Herzegovina","5532","Producer Price (USD/tonne)","0141","Soya beans","2015","2015","7021","Annual value","USD","338.5","A","Official value"
"PP","Producer Prices","070","Bosnia and Herzegovina","5532","Producer Price (USD/tonne)","0141","Soya beans","2016","2016","7021","Annual value","USD","319.5","A","Official value"
"PP","Producer Prices","070","Bosnia and Herzegovina","5532","Producer Price (USD/tonne)","0141","Soya beans","2017","2017","7021","Annual value","USD","374","A","Official value"
"PP","Producer Prices","070","Bosnia and Herzegovina","5532","Producer Price (USD/tonne)","0141","Soya beans","2018","2018","7021","Annual value","USD","351.8","A","Official value"
"PP","Producer Prices","070","Bosnia and Herzegovina","5532","Producer Price (USD/tonne)","0141","Soya beans","2019","2019","7021","Annual value","USD","324.5","A","Official value"
"PP","Producer Prices","070","Bosnia and Herzegovina","5532","Producer Price (USD/tonne)","0141","Soya beans","2020","2020","7021","Annual value","USD","366.9","A","Official value"
"PP","Producer Prices","070","Bosnia and Herzegovina","5532","Producer Price (USD/tonne)","0141","Soya beans","2021","2021","7021","Annual value","USD","552.1","A","Official value"
"PP","Producer Prices","070","Bosnia and Herzegovina","5532","Producer Price (USD/tonne)","0141","Soya beans","2022","2022","7021","Annual value","USD","559.3","A","Official value"
"PP","Producer Prices","070","Bosnia and Herzegovina","5532","Producer Price (USD/tonne)","0141","Soya beans","2023","2023","7021","Annual value","USD","395.8","A","Official value"
"PP","Producer Prices","070","Bosnia and Herzegovina","5532","Producer Price (USD/tonne)","0141","Soya beans","2024","2024","7021","Annual value","USD","465.8","A","Official value"
"PP","Producer Prices","076","Brazil","5532","Producer Price (USD/tonne)","21111.01","Meat of cattle with the bone, fresh or chilled","1994","1994","7021","Annual value","USD","1733.1","A","Official value"
"PP","Producer Prices","076","Brazil","5532","Producer Price (USD/tonne)","21111.01","Meat of cattle with the bone, fresh or chilled","1995","1995","7021","Annual value","USD","1676","A","Official value"
"PP","Producer Prices","076","Brazil","5532","Producer Price (USD/tonne)","21111.01","Meat of cattle with the bone, fresh or chilled","1996","1996","7021","Annual value","USD","1454.6","A","Official value"
"PP","Producer Prices","076","Brazil","5532","Producer Price (USD/tonne)","21111.01","Meat of cattle with the bone, fresh or chilled","1997","1997","7021","Annual value","USD","1481.5","A","Official value"
"PP","Producer Prices","076","Brazil","5532","Producer Price (USD/tonne)","21111.01","Meat of cattle with the bone, fresh or chilled","1998","1998","7021","Annual value","USD","1476.9","A","Official value"
"PP","Producer Prices","076","Brazil","5532","Producer Price (USD/tonne)","21111.01","Meat of cattle with the bone, fresh or chilled","1999","1999","7021","Annual value","USD","1131.8","A","Official value"
"PP","Producer Prices","076","Brazil","5532","Producer Price (USD/tonne)","21111.01","Meat of cattle with the bone, fresh or chilled","2000","2000","7021","Annual value","USD","1331","A","Official value"
"PP","Producer Prices","076","Brazil","5532","Producer Price (USD/tonne)","21111.01","Meat of cattle with the bone, fresh or chilled","2001","2001","7021","Annual value","USD","1142.3","A","Official value"
"PP","Producer Prices","076","Brazil","5532","Producer Price (USD/tonne)","21111.01","Meat of cattle with the bone, fresh or chilled","2002","2002","7021","Annual value","USD","1020.1","A","Official value"
"PP","Producer Prices","076","Brazil","5532","Producer Price (USD/tonne)","21111.01","Meat of cattle with the bone, fresh or chilled","2003","2003","7021","Annual value","USD","1132.8","A","Official value"
"PP","Producer Prices","076","Brazil","5532","Producer Price (USD/tonne)","21111.01","Meat of cattle with the bone, fresh or chilled","2004","2004","7021","Annual value","USD","1236.3","A","Official value"
"PP","Producer Prices","076","Brazil","5532","Producer Price (USD/tonne)","21111.01","Meat of cattle with the bone, fresh or chilled","2005","2005","7021","Annual value","USD","1422.4","A","Official value"
"PP","Producer Prices","076","Brazil","5532","Producer Price (USD/tonne)","21111.01","Meat of cattle with the bone, fresh or chilled","2006","2006","7021","Annual value","USD","1549.1","A","Official value"
"PP","Producer Prices","076","Brazil","5532","Producer Price (USD/tonne)","01491.01","Oil palm fruit","1991","1991","7021","Annual value","USD","33.7","X","Value from external organization"
"PP","Producer Prices","076","Brazil","5532","Producer Price (USD/tonne)","01491.01","Oil palm fruit","1992","1992","7021","Annual value","USD","50.2","X","Value from external organization"
"PP","Producer Prices","076","Brazil","5532","Producer Price (USD/tonne)","01491.01","Oil palm fruit","1993","1993","7021","Annual value","USD","70.3","X","Value from external organization"
"PP","Producer Prices","076","Brazil","5532","Producer Price (USD/tonne)","01491.01","Oil palm fruit","1994","1994","7021","Annual value","USD","147.4","X","Value from external organization"
"PP","Producer Prices","076","Brazil","5532","Producer Price (USD/tonne)","01491.01","Oil palm fruit","1995","1995","7021","Annual value","USD","114.4","X","Value from external organization"
"PP","Producer Prices","076","Brazil","5532","Producer Price (USD/tonne)","01491.01","Oil palm fruit","1996","1996","7021","Annual value","USD","111.4","X","Value from external organization"
"PP","Producer Prices","076","Brazil","5532","Producer Price (USD/tonne)","01491.01","Oil palm fruit","1997","1997","7021","Annual value","USD","64.9","X","Value from external organization"
"PP","Producer Prices","076","Brazil","5532","Producer Price (USD/tonne)","01491.01","Oil palm fruit","1998","1998","7021","Annual value","USD","60.3","X","Value from external organization"
"PP","Producer Prices","076","Brazil","5532","Producer Price (USD/tonne)","01491.01","Oil palm fruit","1999","1999","7021","Annual value","USD","34.7","X","Value from external organization"
"PP","Producer Prices","076","Brazil","5532","Producer Price (USD/tonne)","01491.01","Oil palm fruit","2000","2000","7021","Annual value","USD","34.4","X","Value from external organization"
"PP","Producer Prices","076","Brazil","5532","Producer Price (USD/tonne)","01491.01","Oil palm fruit","2001","2001","7021","Annual value","USD","26.4","X","Value from external organization"
"PP","Producer Prices","076","Brazil","5532","Producer Price (USD/tonne)","01491.01","Oil palm fruit","2018","2018","7021","Annual value","USD","67.9","A","Official value"
"PP","Producer Prices","076","Brazil","5532","Producer Price (USD/tonne)","01491.01","Oil palm fruit","2019","2019","7021","Annual value","USD","63.1","A","Official value"
"PP","Producer Prices","076","Brazil","5532","Producer Price (USD/tonne)","01491.01","Oil palm fruit","2020","2020","7021","Annual value","USD","55.1","A","Official value"
"PP","Producer Prices","076","Brazil","5532","Producer Price (USD/tonne)","01491.01","Oil palm fruit","2021","2021","7021","Annual value","USD","65.8","A","Official value"
"PP","Producer Prices","076","Brazil","5532","Producer Price (USD/tonne)","01491.01","Oil palm fruit","2022","2022","7021","Annual value","USD","80.3","A","Official value"
"PP","Producer Prices","076","Brazil","5532","Producer Price (USD/tonne)","01491.01","Oil palm fruit","2023","2023","7021","Annual value","USD","125.1","A","Official value"
"PP","Producer Prices","076","Brazil","5532","Producer Price (USD/tonne)","01491.01","Oil palm fruit","2024","2024","7021","Annual value","USD","130.9","A","Official value"
"PP","Producer Prices","076","Brazil","5532","Producer Price (USD/tonne)","0141","Soya beans","1991","1991","7021","Annual value","USD","136.5","A","Official value"
"PP","Producer Prices","076","Brazil","5532","Producer Price (USD/tonne)","0141","Soya beans","1992","1992","7021","Annual value","USD","142.5","A","Official value"
"PP","Producer Prices","076","Brazil","5532","Producer Price (USD/tonne)","0141","Soya beans","1993","1993","7021","Annual value","USD","157.2","A","Official value"
"PP","Producer Prices","076","Brazil","5532","Producer Price (USD/tonne)","0141","Soya beans","1994","1994","7021","Annual value","USD","183.5","A","Official value"
"PP","Producer Prices","076","Brazil","5532","Producer Price (USD/tonne)","0141","Soya beans","1995","1995","7021","Annual value","USD","176.5","A","Official value"
"PP","Producer Prices","076","Brazil","5532","Producer Price (USD/tonne)","0141","Soya beans","1996","1996","7021","Annual value","USD","231.8","A","Official value"
"PP","Producer Prices","076","Brazil","5532","Producer Price (USD/tonne)","0141","Soya beans","1997","1997","7021","Annual value","USD","248.6","A","Official value"
"PP","Producer Prices","076","Brazil","5532","Producer Price (USD/tonne)","0141","Soya beans","1998","1998","7021","Annual value","USD","193.9","A","Official value"
"PP","Producer Prices","076","Brazil","5532","Producer Price (USD/tonne)","0141","Soya beans","1999","1999","7021","Annual value","USD","145","A","Official value"
"PP","Producer Prices","076","Brazil","5532","Producer Price (USD/tonne)","0141","Soya beans","2000","2000","7021","Annual value","USD","156.3","A","Official value"
"PP","Producer Prices","076","Brazil","5532","Producer Price (USD/tonne)","0141","Soya beans","2001","2001","7021","Annual value","USD","150.7","A","Official value"
"PP","Producer Prices","076","Brazil","5532","Producer Price (USD/tonne)","0141","Soya beans","2002","2002","7021","Annual value","USD","171.8","A","Official value"
"PP","Producer Prices","076","Brazil","5532","Producer Price (USD/tonne)","0141","Soya beans","2003","2003","7021","Annual value","USD","200.4","A","Official value"
"PP","Producer Prices","076","Brazil","5532","Producer Price (USD/tonne)","0141","Soya beans","2004","2004","7021","Annual value","USD","225.9","A","Official value"
"PP","Producer Prices","076","Brazil","5532","Producer Price (USD/tonne)","0141","Soya beans","2005","2005","7021","Annual value","USD","198.9","A","Official value"
"PP","Producer Prices","076","Brazil","5532","Producer Price (USD/tonne)","0141","Soya beans","2006","2006","7021","Annual value","USD","193.1","A","Official value"
"PP","Producer Prices","076","Brazil","5532","Producer Price (USD/tonne)","0141","Soya beans","2007","2007","7021","Annual value","USD","260.6","A","Official value"
"PP","Producer Prices","076","Brazil","5532","Producer Price (USD/tonne)","0141","Soya beans","2008","2008","7021","Annual value","USD","388.5","A","Official value"
"PP","Producer Prices","076","Brazil","5532","Producer Price (USD/tonne)","0141","Soya beans","2009","2009","7021","Annual value","USD","367.2","A","Official value"
"PP","Producer Prices","076","Brazil","5532","Producer Price (USD/tonne)","0141","Soya beans","2010","2010","7021","Annual value","USD","360","A","Official value"
"PP","Producer Prices","076","Brazil","5532","Producer Price (USD/tonne)","0141","Soya beans","2011","2011","7021","Annual value","USD","425.4","A","Official value"
"PP","Producer Prices","076","Brazil","5532","Producer Price (USD/tonne)","0141","Soya beans","2012","2012","7021","Annual value","USD","507.7","A","Official value"
"PP","Producer Prices","076","Brazil","5532","Producer Price (USD/tonne)","0141","Soya beans","2013","2013","7021","Annual value","USD","465.3","A","Official value"
"PP","Producer Prices","076","Brazil","5532","Producer Price (USD/tonne)","0141","Soya beans","2014","2014","7021","Annual value","USD","428.5","A","Official value"
"PP","Producer Prices","076","Brazil","5532","Producer Price (USD/tonne)","0141","Soya beans","2015","2015","7021","Annual value","USD","317.1","A","Official value"
"PP","Producer Prices","076","Brazil","5532","Producer Price (USD/tonne)","0141","Soya beans","2016","2016","7021","Annual value","USD","343.7","A","Official value"
"PP","Producer Prices","076","Brazil","5532","Producer Price (USD/tonne)","0141","Soya beans","2018","2018","7021","Annual value","USD","296.9","A","Official value"
"PP","Producer Prices","076","Brazil","5532","Producer Price (USD/tonne)","0141","Soya beans","2019","2019","7021","Annual value","USD","277.8","A","Official value"
"PP","Producer Prices","076","Brazil","5532","Producer Price (USD/tonne)","0141","Soya beans","2020","2020","7021","Annual value","USD","269.3","A","Official value"
"PP","Producer Prices","076","Brazil","5532","Producer Price (USD/tonne)","0141","Soya beans","2021","2021","7021","Annual value","USD","468.7","A","Official value"
"PP","Producer Prices","076","Brazil","5532","Producer Price (USD/tonne)","0141","Soya beans","2022","2022","7021","Annual value","USD","554.4","A","Official value"
"PP","Producer Prices","076","Brazil","5532","Producer Price (USD/tonne)","0141","Soya beans","2023","2023","7021","Annual value","USD","458.9","A","Official value"
"PP","Producer Prices","076","Brazil","5532","Producer Price (USD/tonne)","0141","Soya beans","2024","2024","7021","Annual value","USD","334.2","A","Official value"
"PP","Producer Prices","096","Brunei Darussalam","5532","Producer Price (USD/tonne)","21111.01","Meat of cattle with the bone, fresh or chilled","1997","1997","7021","Annual value","USD","7913.5","A","Official value"
"PP","Producer Prices","096","Brunei Darussalam","5532","Producer Price (USD/tonne)","21111.01","Meat of cattle with the bone, fresh or chilled","1999","1999","7021","Annual value","USD","6855.6","A","Official value"
"PP","Producer Prices","096","Brunei Darussalam","5532","Producer Price (USD/tonne)","21111.01","Meat of cattle with the bone, fresh or chilled","2001","2001","7021","Annual value","USD","6373.8","A","Official value"
"PP","Producer Prices","096","Brunei Darussalam","5532","Producer Price (USD/tonne)","21111.01","Meat of cattle with the bone, fresh or chilled","2016","2016","7021","Annual value","USD","12755.7","A","Official value"
"PP","Producer Prices","096","Brunei Darussalam","5532","Producer Price (USD/tonne)","21111.01","Meat of cattle with the bone, fresh or chilled","2017","2017","7021","Annual value","USD","10028.3","A","Official value"
"PP","Producer Prices","096","Brunei Darussalam","5532","Producer Price (USD/tonne)","21111.01","Meat of cattle with the bone, fresh or chilled","2018","2018","7021","Annual value","USD","10370.5","A","Official value"
"PP","Producer Prices","096","Brunei Darussalam","5532","Producer Price (USD/tonne)","21111.01","Meat of cattle with the bone, fresh or chilled","2019","2019","7021","Annual value","USD","12234.1","A","Official value"
"PP","Producer Prices","096","Brunei Darussalam","5532","Producer Price (USD/tonne)","21111.01","Meat of cattle with the bone, fresh or chilled","2020","2020","7021","Annual value","USD","11464.8","A","Official value"
"PP","Producer Prices","096","Brunei Darussalam","5532","Producer Price (USD/tonne)","21111.01","Meat of cattle with the bone, fresh or chilled","2021","2021","7021","Annual value","USD","13839.1","A","Official value"
"PP","Producer Prices","096","Brunei Darussalam","5532","Producer Price (USD/tonne)","21111.01","Meat of cattle with the bone, fresh or chilled","2022","2022","7021","Annual value","USD","15362.8","A","Official value"
"PP","Producer Prices","096","Brunei Darussalam","5532","Producer Price (USD/tonne)","21111.01","Meat of cattle with the bone, fresh or chilled","2023","2023","7021","Annual value","USD","16913","A","Official value"
"PP","Producer Prices","096","Brunei Darussalam","5532","Producer Price (USD/tonne)","21111.01","Meat of cattle with the bone, fresh or chilled","2024","2024","7021","Annual value","USD","16596.8","A","Official value"
"PP","Producer Prices","100","Bulgaria","5532","Producer Price (USD/tonne)","0141","Soya beans","1998","1998","7021","Annual value","USD","234.2","A","Official value"
"PP","Producer Prices","100","Bulgaria","5532","Producer Price (USD/tonne)","0141","Soya beans","1999","1999","7021","Annual value","USD","200.4","A","Official value"
"PP","Producer Prices","100","Bulgaria","5532","Producer Price (USD/tonne)","0141","Soya beans","2000","2000","7021","Annual value","USD","191.2","A","Official value"
"PP","Producer Prices","100","Bulgaria","5532","Producer Price (USD/tonne)","0141","Soya beans","2001","2001","7021","Annual value","USD","192.7","A","Official value"
"PP","Producer Prices","100","Bulgaria","5532","Producer Price (USD/tonne)","0141","Soya beans","2002","2002","7021","Annual value","USD","207","A","Official value"
"PP","Producer Prices","100","Bulgaria","5532","Producer Price (USD/tonne)","0141","Soya beans","2003","2003","7021","Annual value","USD","234.9","A","Official value"
"PP","Producer Prices","100","Bulgaria","5532","Producer Price (USD/tonne)","0141","Soya beans","2004","2004","7021","Annual value","USD","274.3","A","Official value"
"PP","Producer Prices","100","Bulgaria","5532","Producer Price (USD/tonne)","0141","Soya beans","2005","2005","7021","Annual value","USD","255.4","A","Official value"
"PP","Producer Prices","100","Bulgaria","5532","Producer Price (USD/tonne)","0141","Soya beans","2006","2006","7021","Annual value","USD","300.8","A","Official value"
"PP","Producer Prices","100","Bulgaria","5532","Producer Price (USD/tonne)","0141","Soya beans","2007","2007","7021","Annual value","USD","335.9","A","Official value"
"PP","Producer Prices","100","Bulgaria","5532","Producer Price (USD/tonne)","0141","Soya beans","2008","2008","7021","Annual value","USD","524.3","A","Official value"
"PP","Producer Prices","100","Bulgaria","5532","Producer Price (USD/tonne)","0141","Soya beans","2009","2009","7021","Annual value","USD","583.6","A","Official value"
"PP","Producer Prices","100","Bulgaria","5532","Producer Price (USD/tonne)","0141","Soya beans","2010","2010","7021","Annual value","USD","486","A","Official value"
"PP","Producer Prices","100","Bulgaria","5532","Producer Price (USD/tonne)","0141","Soya beans","2011","2011","7021","Annual value","USD","437.8","A","Official value"
"PP","Producer Prices","100","Bulgaria","5532","Producer Price (USD/tonne)","0141","Soya beans","2012","2012","7021","Annual value","USD","646.5","A","Official value"
"PP","Producer Prices","100","Bulgaria","5532","Producer Price (USD/tonne)","0141","Soya beans","2013","2013","7021","Annual value","USD","867.3","A","Official value"
"PP","Producer Prices","100","Bulgaria","5532","Producer Price (USD/tonne)","0141","Soya beans","2014","2014","7021","Annual value","USD","818.8","A","Official value"
"PP","Producer Prices","100","Bulgaria","5532","Producer Price (USD/tonne)","0141","Soya beans","2015","2015","7021","Annual value","USD","536.9","A","Official value"
"PP","Producer Prices","100","Bulgaria","5532","Producer Price (USD/tonne)","0141","Soya beans","2016","2016","7021","Annual value","USD","406.1","A","Official value"
"PP","Producer Prices","100","Bulgaria","5532","Producer Price (USD/tonne)","0141","Soya beans","2017","2017","7021","Annual value","USD","364.9","A","Official value"
"PP","Producer Prices","100","Bulgaria","5532","Producer Price (USD/tonne)","0141","Soya beans","2018","2018","7021","Annual value","USD","392.7","A","Official value"
"PP","Producer Prices","100","Bulgaria","5532","Producer Price (USD/tonne)","0141","Soya beans","2019","2019","7021","Annual value","USD","332.5","A","Official value"
"PP","Producer Prices","100","Bulgaria","5532","Producer Price (USD/tonne)","0141","Soya beans","2020","2020","7021","Annual value","USD","390.1","A","Official value"
"PP","Producer Prices","100","Bulgaria","5532","Producer Price (USD/tonne)","0141","Soya beans","2021","2021","7021","Annual value","USD","551.5","A","Official value"
"PP","Producer Prices","100","Bulgaria","5532","Producer Price (USD/tonne)","0141","Soya beans","2022","2022","7021","Annual value","USD","696","A","Official value"
"PP","Producer Prices","100","Bulgaria","5532","Producer Price (USD/tonne)","0141","Soya beans","2023","2023","7021","Annual value","USD","595.5","A","Official value"
"PP","Producer Prices","100","Bulgaria","5532","Producer Price (USD/tonne)","0141","Soya beans","2024","2024","7021","Annual value","USD","553.1","A","Official value"
"PP","Producer Prices","854","Burkina Faso","5532","Producer Price (USD/tonne)","0141","Soya beans","1997","1997","7021","Annual value","USD","127.3","A","Official value"
"PP","Producer Prices","854","Burkina Faso","5532","Producer Price (USD/tonne)","0141","Soya beans","1998","1998","7021","Annual value","USD","143.6","A","Official value"
"PP","Producer Prices","854","Burkina Faso","5532","Producer Price (USD/tonne)","0141","Soya beans","1999","1999","7021","Annual value","USD","120.6","A","Official value"
"PP","Producer Prices","854","Burkina Faso","5532","Producer Price (USD/tonne)","0141","Soya beans","2000","2000","7021","Annual value","USD","77.2","A","Official value"
"PP","Producer Prices","854","Burkina Faso","5532","Producer Price (USD/tonne)","0141","Soya beans","2001","2001","7021","Annual value","USD","82.5","A","Official value"
"PP","Producer Prices","854","Burkina Faso","5532","Producer Price (USD/tonne)","0141","Soya beans","2002","2002","7021","Annual value","USD","91.1","A","Official value"
"PP","Producer Prices","854","Burkina Faso","5532","Producer Price (USD/tonne)","0141","Soya beans","2003","2003","7021","Annual value","USD","139.9","A","Official value"
"PP","Producer Prices","854","Burkina Faso","5532","Producer Price (USD/tonne)","0141","Soya beans","2004","2004","7021","Annual value","USD","119.6","A","Official value"
"PP","Producer Prices","854","Burkina Faso","5532","Producer Price (USD/tonne)","0141","Soya beans","2005","2005","7021","Annual value","USD","115.6","A","Official value"
"PP","Producer Prices","854","Burkina Faso","5532","Producer Price (USD/tonne)","0141","Soya beans","2006","2006","7021","Annual value","USD","276.6","A","Official value"
"PP","Producer Prices","854","Burkina Faso","5532","Producer Price (USD/tonne)","0141","Soya beans","2007","2007","7021","Annual value","USD","242","A","Official value"
"PP","Producer Prices","108","Burundi","5532","Producer Price (USD/tonne)","21111.01","Meat of cattle with the bone, fresh or chilled","1991","1991","7021","Annual value","USD","2754.6","A","Official value"
"PP","Producer Prices","108","Burundi","5532","Producer Price (USD/tonne)","21111.01","Meat of cattle with the bone, fresh or chilled","1992","1992","7021","Annual value","USD","2496.4","A","Official value"
"PP","Producer Prices","108","Burundi","5532","Producer Price (USD/tonne)","21111.01","Meat of cattle with the bone, fresh or chilled","1993","1993","7021","Annual value","USD","2508.4","A","Official value"
"PP","Producer Prices","108","Burundi","5532","Producer Price (USD/tonne)","21111.01","Meat of cattle with the bone, fresh or chilled","1994","1994","7021","Annual value","USD","2869.4","A","Official value"
"PP","Producer Prices","108","Burundi","5532","Producer Price (USD/tonne)","21111.01","Meat of cattle with the bone, fresh or chilled","1995","1995","7021","Annual value","USD","3403.3","A","Official value"
"PP","Producer Prices","108","Burundi","5532","Producer Price (USD/tonne)","21111.01","Meat of cattle with the bone, fresh or chilled","1999","1999","7021","Annual value","USD","3044.2","A","Official value"
"PP","Producer Prices","108","Burundi","5532","Producer Price (USD/tonne)","21111.01","Meat of cattle with the bone, fresh or chilled","2000","2000","7021","Annual value","USD","2818.6","A","Official value"
"PP","Producer Prices","108","Burundi","5532","Producer Price (USD/tonne)","21111.01","Meat of cattle with the bone, fresh or chilled","2001","2001","7021","Annual value","USD","2529","A","Official value"
"PP","Producer Prices","108","Burundi","5532","Producer Price (USD/tonne)","21111.01","Meat of cattle with the bone, fresh or chilled","2002","2002","7021","Annual value","USD","2434.8","A","Official value"
"PP","Producer Prices","108","Burundi","5532","Producer Price (USD/tonne)","21111.01","Meat of cattle with the bone, fresh or chilled","2004","2004","7021","Annual value","USD","3315.5","A","Official value"
"PP","Producer Prices","108","Burundi","5532","Producer Price (USD/tonne)","21111.01","Meat of cattle with the bone, fresh or chilled","2005","2005","7021","Annual value","USD","3374.7","A","Official value"
"PP","Producer Prices","108","Burundi","5532","Producer Price (USD/tonne)","21111.01","Meat of cattle with the bone, fresh or chilled","2006","2006","7021","Annual value","USD","3548.2","A","Official value"
"PP","Producer Prices","108","Burundi","5532","Producer Price (USD/tonne)","21111.01","Meat of cattle with the bone, fresh or chilled","2007","2007","7021","Annual value","USD","3373.8","A","Official value"
"PP","Producer Prices","108","Burundi","5532","Producer Price (USD/tonne)","01491.01","Oil palm fruit","2017","2017","7021","Annual value","USD","977.4","A","Official value"
"PP","Producer Prices","108","Burundi","5532","Producer Price (USD/tonne)","01491.01","Oil palm fruit","2018","2018","7021","Annual value","USD","1034.3","A","Official value"
"PP","Producer Prices","108","Burundi","5532","Producer Price (USD/tonne)","01491.01","Oil palm fruit","2019","2019","7021","Annual value","USD","999.1","A","Official value"
"PP","Producer Prices","108","Burundi","5532","Producer Price (USD/tonne)","0141","Soya beans","2013","2013","7021","Annual value","USD","482.3","A","Official value"
"PP","Producer Prices","108","Burundi","5532","Producer Price (USD/tonne)","0141","Soya beans","2014","2014","7021","Annual value","USD","484.9","A","Official value"
"PP","Producer Prices","132","Cabo Verde","5532","Producer Price (USD/tonne)","21111.01","Meat of cattle with the bone, fresh or chilled","1998","1998","7021","Annual value","USD","8113","A","Official value"
"PP","Producer Prices","132","Cabo Verde","5532","Producer Price (USD/tonne)","21111.01","Meat of cattle with the bone, fresh or chilled","1999","1999","7021","Annual value","USD","7945.7","A","Official value"
"PP","Producer Prices","132","Cabo Verde","5532","Producer Price (USD/tonne)","21111.01","Meat of cattle with the bone, fresh or chilled","2000","2000","7021","Annual value","USD","7479.2","A","Official value"
"PP","Producer Prices","132","Cabo Verde","5532","Producer Price (USD/tonne)","21111.01","Meat of cattle with the bone, fresh or chilled","2001","2001","7021","Annual value","USD","7303.5","A","Official value"
"PP","Producer Prices","132","Cabo Verde","5532","Producer Price (USD/tonne)","21111.01","Meat of cattle with the bone, fresh or chilled","2002","2002","7021","Annual value","USD","7681.3","A","Official value"
"PP","Producer Prices","132","Cabo Verde","5532","Producer Price (USD/tonne)","21111.01","Meat of cattle with the bone, fresh or chilled","2003","2003","7021","Annual value","USD","9211.6","A","Official value"
"PP","Producer Prices","132","Cabo Verde","5532","Producer Price (USD/tonne)","21111.01","Meat of cattle with the bone, fresh or chilled","2004","2004","7021","Annual value","USD","10122.5","A","Official value"
"PP","Producer Prices","132","Cabo Verde","5532","Producer Price (USD/tonne)","21111.01","Meat of cattle with the bone, fresh or chilled","2005","2005","7021","Annual value","USD","10009","A","Official value"
"PP","Producer Prices","132","Cabo Verde","5532","Producer Price (USD/tonne)","21111.01","Meat of cattle with the bone, fresh or chilled","2006","2006","7021","Annual value","USD","10135.7","A","Official value"
"PP","Producer Prices","132","Cabo Verde","5532","Producer Price (USD/tonne)","21111.01","Meat of cattle with the bone, fresh or chilled","2007","2007","7021","Annual value","USD","10709.2","A","Official value"
"PP","Producer Prices","132","Cabo Verde","5532","Producer Price (USD/tonne)","21111.01","Meat of cattle with the bone, fresh or chilled","2008","2008","7021","Annual value","USD","11700.3","A","Official value"
"PP","Producer Prices","132","Cabo Verde","5532","Producer Price (USD/tonne)","21111.01","Meat of cattle with the bone, fresh or chilled","2009","2009","7021","Annual value","USD","11081.2","A","Official value"
"PP","Producer Prices","132","Cabo Verde","5532","Producer Price (USD/tonne)","21111.01","Meat of cattle with the bone, fresh or chilled","2010","2010","7021","Annual value","USD","10642","A","Official value"
"PP","Producer Prices","132","Cabo Verde","5532","Producer Price (USD/tonne)","21111.01","Meat of cattle with the bone, fresh or chilled","2011","2011","7021","Annual value","USD","11170","A","Official value"
"PP","Producer Prices","132","Cabo Verde","5532","Producer Price (USD/tonne)","21111.01","Meat of cattle with the bone, fresh or chilled","2012","2012","7021","Annual value","USD","10265.7","A","Official value"
"PP","Producer Prices","132","Cabo Verde","5532","Producer Price (USD/tonne)","21111.01","Meat of cattle with the bone, fresh or chilled","2013","2013","7021","Annual value","USD","10704.8","A","Official value"
"PP","Producer Prices","132","Cabo Verde","5532","Producer Price (USD/tonne)","21111.01","Meat of cattle with the bone, fresh or chilled","2014","2014","7021","Annual value","USD","10808.7","A","Official value"
"PP","Producer Prices","132","Cabo Verde","5532","Producer Price (USD/tonne)","21111.01","Meat of cattle with the bone, fresh or chilled","2015","2015","7021","Annual value","USD","9025.4","A","Official value"
"PP","Producer Prices","132","Cabo Verde","5532","Producer Price (USD/tonne)","21111.01","Meat of cattle with the bone, fresh or chilled","2016","2016","7021","Annual value","USD","9001.7","A","Official value"
"PP","Producer Prices","132","Cabo Verde","5532","Producer Price (USD/tonne)","21111.01","Meat of cattle with the bone, fresh or chilled","2017","2017","7021","Annual value","USD","9062.3","A","Official value"
"PP","Producer Prices","132","Cabo Verde","5532","Producer Price (USD/tonne)","21111.01","Meat of cattle with the bone, fresh or chilled","2018","2018","7021","Annual value","USD","9145.9","A","Official value"
"PP","Producer Prices","132","Cabo Verde","5532","Producer Price (USD/tonne)","21111.01","Meat of cattle with the bone, fresh or chilled","2019","2019","7021","Annual value","USD","9122","A","Official value"
"PP","Producer Prices","132","Cabo Verde","5532","Producer Price (USD/tonne)","21111.01","Meat of cattle with the bone, fresh or chilled","2020","2020","7021","Annual value","USD","9198.3","A","Official value"
"PP","Producer Prices","132","Cabo Verde","5532","Producer Price (USD/tonne)","21111.01","Meat of cattle with the bone, fresh or chilled","2021","2021","7021","Annual value","USD","9165.1","A","Official value"
"PP","Producer Prices","132","Cabo Verde","5532","Producer Price (USD/tonne)","21111.01","Meat of cattle with the bone, fresh or chilled","2022","2022","7021","Annual value","USD","10066.1","A","Official value"
"PP","Producer Prices","132","Cabo Verde","5532","Producer Price (USD/tonne)","21111.01","Meat of cattle with the bone, fresh or chilled","2023","2023","7021","Annual value","USD","10584.6","A","Official value"
"PP","Producer Prices","132","Cabo Verde","5532","Producer Price (USD/tonne)","21111.01","Meat of cattle with the bone, fresh or chilled","2024","2024","7021","Annual value","USD","12863.2","A","Official value"
"PP","Producer Prices","116","Cambodia","5532","Producer Price (USD/tonne)","21111.01","Meat of cattle with the bone, fresh or chilled","1992","1992","7021","Annual value","USD","1579.1","A","Official value"
"PP","Producer Prices","116","Cambodia","5532","Producer Price (USD/tonne)","21111.01","Meat of cattle with the bone, fresh or chilled","1993","1993","7021","Annual value","USD","1863.1","A","Official value"
"PP","Producer Prices","116","Cambodia","5532","Producer Price (USD/tonne)","21111.01","Meat of cattle with the bone, fresh or chilled","1994","1994","7021","Annual value","USD","1744.4","A","Official value"
"PP","Producer Prices","116","Cambodia","5532","Producer Price (USD/tonne)","21111.01","Meat of cattle with the bone, fresh or chilled","1995","1995","7021","Annual value","USD","1807.5","A","Official value"
"PP","Producer Prices","116","Cambodia","5532","Producer Price (USD/tonne)","21111.01","Meat of cattle with the bone, fresh or chilled","1996","1996","7021","Annual value","USD","1775.9","A","Official value"
"PP","Producer Prices","116","Cambodia","5532","Producer Price (USD/tonne)","21111.01","Meat of cattle with the bone, fresh or chilled","1997","1997","7021","Annual value","USD","2311.4","A","Official value"
"PP","Producer Prices","116","Cambodia","5532","Producer Price (USD/tonne)","21111.01","Meat of cattle with the bone, fresh or chilled","1998","1998","7021","Annual value","USD","1388.7","A","Official value"
"PP","Producer Prices","116","Cambodia","5532","Producer Price (USD/tonne)","0141","Soya beans","1992","1992","7021","Annual value","USD","347.4","A","Official value"
"PP","Producer Prices","116","Cambodia","5532","Producer Price (USD/tonne)","0141","Soya beans","1993","1993","7021","Annual value","USD","342.1","A","Official value"
"PP","Producer Prices","116","Cambodia","5532","Producer Price (USD/tonne)","0141","Soya beans","1994","1994","7021","Annual value","USD","373.2","A","Official value"
"PP","Producer Prices","116","Cambodia","5532","Producer Price (USD/tonne)","0141","Soya beans","1995","1995","7021","Annual value","USD","367.2","A","Official value"
"PP","Producer Prices","116","Cambodia","5532","Producer Price (USD/tonne)","0141","Soya beans","1996","1996","7021","Annual value","USD","381.1","A","Official value"
"PP","Producer Prices","116","Cambodia","5532","Producer Price (USD/tonne)","0141","Soya beans","1997","1997","7021","Annual value","USD","356.4","A","Official value"
"PP","Producer Prices","116","Cambodia","5532","Producer Price (USD/tonne)","0141","Soya beans","1998","1998","7021","Annual value","USD","288.4","A","Official value"
"PP","Producer Prices","116","Cambodia","5532","Producer Price (USD/tonne)","0141","Soya beans","1999","1999","7021","Annual value","USD","206.2","A","Official value"
"PP","Producer Prices","116","Cambodia","5532","Producer Price (USD/tonne)","0141","Soya beans","2000","2000","7021","Annual value","USD","308.5","A","Official value"
"PP","Producer Prices","116","Cambodia","5532","Producer Price (USD/tonne)","0141","Soya beans","2001","2001","7021","Annual value","USD","247.2","A","Official value"
"PP","Producer Prices","116","Cambodia","5532","Producer Price (USD/tonne)","0141","Soya beans","2002","2002","7021","Annual value","USD","434.6","A","Official value"
"PP","Producer Prices","116","Cambodia","5532","Producer Price (USD/tonne)","0141","Soya beans","2003","2003","7021","Annual value","USD","324.2","A","Official value"
"PP","Producer Prices","116","Cambodia","5532","Producer Price (USD/tonne)","0141","Soya beans","2004","2004","7021","Annual value","USD","352.8","A","Official value"
"PP","Producer Prices","116","Cambodia","5532","Producer Price (USD/tonne)","0141","Soya beans","2005","2005","7021","Annual value","USD","307.9","A","Official value"
"PP","Producer Prices","116","Cambodia","5532","Producer Price (USD/tonne)","0141","Soya beans","2006","2006","7021","Annual value","USD","304.6","A","Official value"
"PP","Producer Prices","116","Cambodia","5532","Producer Price (USD/tonne)","0141","Soya beans","2007","2007","7021","Annual value","USD","468.4","A","Official value"
"PP","Producer Prices","116","Cambodia","5532","Producer Price (USD/tonne)","0141","Soya beans","2008","2008","7021","Annual value","USD","750.6","A","Official value"
"PP","Producer Prices","116","Cambodia","5532","Producer Price (USD/tonne)","0141","Soya beans","2009","2009","7021","Annual value","USD","572.8","A","Official value"
"PP","Producer Prices","116","Cambodia","5532","Producer Price (USD/tonne)","0141","Soya beans","2010","2010","7021","Annual value","USD","595","A","Official value"
"PP","Producer Prices","116","Cambodia","5532","Producer Price (USD/tonne)","0141","Soya beans","2011","2011","7021","Annual value","USD","716","A","Official value"
"PP","Producer Prices","116","Cambodia","5532","Producer Price (USD/tonne)","0141","Soya beans","2012","2012","7021","Annual value","USD","710.6","A","Official value"
"PP","Producer Prices","124","Canada","5532","Producer Price (USD/tonne)","0141","Soya beans","1991","1991","7021","Annual value","USD","193.8","A","Official value"
"PP","Producer Prices","124","Canada","5532","Producer Price (USD/tonne)","0141","Soya beans","1992","1992","7021","Annual value","USD","192.8","A","Official value"
"PP","Producer Prices","124","Canada","5532","Producer Price (USD/tonne)","0141","Soya beans","1993","1993","7021","Annual value","USD","213.9","A","Official value"
"PP","Producer Prices","124","Canada","5532","Producer Price (USD/tonne)","0141","Soya beans","1994","1994","7021","Annual value","USD","210.2","A","Official value"
"PP","Producer Prices","124","Canada","5532","Producer Price (USD/tonne)","0141","Soya beans","1995","1995","7021","Annual value","USD","210.6","A","Official value"
"PP","Producer Prices","124","Canada","5532","Producer Price (USD/tonne)","0141","Soya beans","1996","1996","7021","Annual value","USD","254.5","A","Official value"
"PP","Producer Prices","124","Canada","5532","Producer Price (USD/tonne)","0141","Soya beans","1997","1997","7021","Annual value","USD","262.2","A","Official value"
"PP","Producer Prices","124","Canada","5532","Producer Price (USD/tonne)","0141","Soya beans","1998","1998","7021","Annual value","USD","211","A","Official value"
"PP","Producer Prices","124","Canada","5532","Producer Price (USD/tonne)","0141","Soya beans","1999","1999","7021","Annual value","USD","177","A","Official value"
"PP","Producer Prices","124","Canada","5532","Producer Price (USD/tonne)","0141","Soya beans","2000","2000","7021","Annual value","USD","177.1","A","Official value"
"PP","Producer Prices","124","Canada","5532","Producer Price (USD/tonne)","0141","Soya beans","2001","2001","7021","Annual value","USD","167.9","A","Official value"
"PP","Producer Prices","124","Canada","5532","Producer Price (USD/tonne)","0141","Soya beans","2002","2002","7021","Annual value","USD","187.3","A","Official value"
"PP","Producer Prices","124","Canada","5532","Producer Price (USD/tonne)","0141","Soya beans","2003","2003","7021","Annual value","USD","233.4","A","Official value"
"PP","Producer Prices","124","Canada","5532","Producer Price (USD/tonne)","0141","Soya beans","2004","2004","7021","Annual value","USD","265.9","A","Official value"
"PP","Producer Prices","124","Canada","5532","Producer Price (USD/tonne)","0141","Soya beans","2005","2005","7021","Annual value","USD","226.9","A","Official value"
"PP","Producer Prices","124","Canada","5532","Producer Price (USD/tonne)","0141","Soya beans","2006","2006","7021","Annual value","USD","268.2","A","Official value"
"PP","Producer Prices","124","Canada","5532","Producer Price (USD/tonne)","0141","Soya beans","2007","2007","7021","Annual value","USD","283.2","A","Official value"
"PP","Producer Prices","124","Canada","5532","Producer Price (USD/tonne)","0141","Soya beans","2008","2008","7021","Annual value","USD","389.5","A","Official value"
"PP","Producer Prices","124","Canada","5532","Producer Price (USD/tonne)","0141","Soya beans","2009","2009","7021","Annual value","USD","359.3","A","Official value"
"PP","Producer Prices","124","Canada","5532","Producer Price (USD/tonne)","0141","Soya beans","2010","2010","7021","Annual value","USD","372.8","A","Official value"
"PP","Producer Prices","124","Canada","5532","Producer Price (USD/tonne)","0141","Soya beans","2011","2011","7021","Annual value","USD","446.5","A","Official value"
"PP","Producer Prices","124","Canada","5532","Producer Price (USD/tonne)","0141","Soya beans","2012","2012","7021","Annual value","USD","494.9","A","Official value"
"PP","Producer Prices","124","Canada","5532","Producer Price (USD/tonne)","0141","Soya beans","2013","2013","7021","Annual value","USD","486.2","A","Official value"
"PP","Producer Prices","124","Canada","5532","Producer Price (USD/tonne)","0141","Soya beans","2014","2014","7021","Annual value","USD","414.2","A","Official value"
"PP","Producer Prices","124","Canada","5532","Producer Price (USD/tonne)","0141","Soya beans","2015","2015","7021","Annual value","USD","329.6","A","Official value"
"PP","Producer Prices","124","Canada","5532","Producer Price (USD/tonne)","0141","Soya beans","2016","2016","7021","Annual value","USD","341.7","A","Official value"
"PP","Producer Prices","124","Canada","5532","Producer Price (USD/tonne)","0141","Soya beans","2017","2017","7021","Annual value","USD","344.1","A","Official value"
"PP","Producer Prices","124","Canada","5532","Producer Price (USD/tonne)","0141","Soya beans","2018","2018","7021","Annual value","USD","342","A","Official value"
"PP","Producer Prices","124","Canada","5532","Producer Price (USD/tonne)","0141","Soya beans","2019","2019","7021","Annual value","USD","319.1","A","Official value"
"PP","Producer Prices","124","Canada","5532","Producer Price (USD/tonne)","0141","Soya beans","2020","2020","7021","Annual value","USD","342.4","A","Official value"
"PP","Producer Prices","124","Canada","5532","Producer Price (USD/tonne)","0141","Soya beans","2021","2021","7021","Annual value","USD","444.7","A","Official value"
"PP","Producer Prices","124","Canada","5532","Producer Price (USD/tonne)","0141","Soya beans","2022","2022","7021","Annual value","USD","524.4","A","Official value"
"PP","Producer Prices","124","Canada","5532","Producer Price (USD/tonne)","0141","Soya beans","2023","2023","7021","Annual value","USD","494.1","A","Official value"
"PP","Producer Prices","124","Canada","5532","Producer Price (USD/tonne)","0141","Soya beans","2024","2024","7021","Annual value","USD","389.5","A","Official value"
"PP","Producer Prices","148","Chad","5532","Producer Price (USD/tonne)","21111.01","Meat of cattle with the bone, fresh or chilled","2007","2007","7021","Annual value","USD","2516.3","A","Official value"
"PP","Producer Prices","148","Chad","5532","Producer Price (USD/tonne)","21111.01","Meat of cattle with the bone, fresh or chilled","2008","2008","7021","Annual value","USD","2746.7","A","Official value"
"PP","Producer Prices","148","Chad","5532","Producer Price (USD/tonne)","21111.01","Meat of cattle with the bone, fresh or chilled","2009","2009","7021","Annual value","USD","3310.1","A","Official value"
"PP","Producer Prices","148","Chad","5532","Producer Price (USD/tonne)","21111.01","Meat of cattle with the bone, fresh or chilled","2010","2010","7021","Annual value","USD","2750","A","Official value"
"PP","Producer Prices","148","Chad","5532","Producer Price (USD/tonne)","21111.01","Meat of cattle with the bone, fresh or chilled","2011","2011","7021","Annual value","USD","2964.8","A","Official value"
"PP","Producer Prices","152","Chile","5532","Producer Price (USD/tonne)","21111.01","Meat of cattle with the bone, fresh or chilled","1991","1991","7021","Annual value","USD","1969.5","A","Official value"
"PP","Producer Prices","152","Chile","5532","Producer Price (USD/tonne)","21111.01","Meat of cattle with the bone, fresh or chilled","1992","1992","7021","Annual value","USD","2330.1","A","Official value"
"PP","Producer Prices","152","Chile","5532","Producer Price (USD/tonne)","21111.01","Meat of cattle with the bone, fresh or chilled","1993","1993","7021","Annual value","USD","2120.1","A","Official value"
"PP","Producer Prices","152","Chile","5532","Producer Price (USD/tonne)","21111.01","Meat of cattle with the bone, fresh or chilled","1994","1994","7021","Annual value","USD","2128.1","A","Official value"
"PP","Producer Prices","152","Chile","5532","Producer Price (USD/tonne)","21111.01","Meat of cattle with the bone, fresh or chilled","1995","1995","7021","Annual value","USD","2343.9","A","Official value"
"PP","Producer Prices","152","Chile","5532","Producer Price (USD/tonne)","21111.01","Meat of cattle with the bone, fresh or chilled","1996","1996","7021","Annual value","USD","2205.5","A","Official value"
"PP","Producer Prices","152","Chile","5532","Producer Price (USD/tonne)","21111.01","Meat of cattle with the bone, fresh or chilled","1997","1997","7021","Annual value","USD","2271.8","A","Official value"
"PP","Producer Prices","152","Chile","5532","Producer Price (USD/tonne)","21111.01","Meat of cattle with the bone, fresh or chilled","1998","1998","7021","Annual value","USD","2194.7","A","Official value"
"PP","Producer Prices","152","Chile","5532","Producer Price (USD/tonne)","21111.01","Meat of cattle with the bone, fresh or chilled","1999","1999","7021","Annual value","USD","1991.3","A","Official value"
"PP","Producer Prices","152","Chile","5532","Producer Price (USD/tonne)","21111.01","Meat of cattle with the bone, fresh or chilled","2000","2000","7021","Annual value","USD","1813.5","A","Official value"
"PP","Producer Prices","152","Chile","5532","Producer Price (USD/tonne)","21111.01","Meat of cattle with the bone, fresh or chilled","2001","2001","7021","Annual value","USD","1617.6","A","Official value"
"PP","Producer Prices","152","Chile","5532","Producer Price (USD/tonne)","21111.01","Meat of cattle with the bone, fresh or chilled","2002","2002","7021","Annual value","USD","1640.8","A","Official value"
"PP","Producer Prices","152","Chile","5532","Producer Price (USD/tonne)","21111.01","Meat of cattle with the bone, fresh or chilled","2003","2003","7021","Annual value","USD","1568.1","A","Official value"
"PP","Producer Prices","152","Chile","5532","Producer Price (USD/tonne)","21111.01","Meat of cattle with the bone, fresh or chilled","2004","2004","7021","Annual value","USD","1783.5","A","Official value"
"PP","Producer Prices","152","Chile","5532","Producer Price (USD/tonne)","21111.01","Meat of cattle with the bone, fresh or chilled","2005","2005","7021","Annual value","USD","2169.8","A","Official value"
"PP","Producer Prices","152","Chile","5532","Producer Price (USD/tonne)","21111.01","Meat of cattle with the bone, fresh or chilled","2006","2006","7021","Annual value","USD","2454.7","A","Official value"
"PP","Producer Prices","152","Chile","5532","Producer Price (USD/tonne)","21111.01","Meat of cattle with the bone, fresh or chilled","2007","2007","7021","Annual value","USD","2460.4","A","Official value"
"PP","Producer Prices","152","Chile","5532","Producer Price (USD/tonne)","21111.01","Meat of cattle with the bone, fresh or chilled","2012","2012","7021","Annual value","USD","4778.8","A","Official value"
"PP","Producer Prices","152","Chile","5532","Producer Price (USD/tonne)","21111.01","Meat of cattle with the bone, fresh or chilled","2013","2013","7021","Annual value","USD","4564","A","Official value"
"PP","Producer Prices","152","Chile","5532","Producer Price (USD/tonne)","21111.01","Meat of cattle with the bone, fresh or chilled","2014","2014","7021","Annual value","USD","4177.9","A","Official value"
"PP","Producer Prices","152","Chile","5532","Producer Price (USD/tonne)","21111.01","Meat of cattle with the bone, fresh or chilled","2015","2015","7021","Annual value","USD","3926.3","A","Official value"
"PP","Producer Prices","152","Chile","5532","Producer Price (USD/tonne)","21111.01","Meat of cattle with the bone, fresh or chilled","2016","2016","7021","Annual value","USD","4121.8","A","Official value"
"PP","Producer Prices","152","Chile","5532","Producer Price (USD/tonne)","21111.01","Meat of cattle with the bone, fresh or chilled","2017","2017","7021","Annual value","USD","4291.9","A","Official value"
"PP","Producer Prices","152","Chile","5532","Producer Price (USD/tonne)","21111.01","Meat of cattle with the bone, fresh or chilled","2018","2018","7021","Annual value","USD","4267.7","A","Official value"
"PP","Producer Prices","152","Chile","5532","Producer Price (USD/tonne)","21111.01","Meat of cattle with the bone, fresh or chilled","2019","2019","7021","Annual value","USD","3950.6","A","Official value"
"PP","Producer Prices","152","Chile","5532","Producer Price (USD/tonne)","21111.01","Meat of cattle with the bone, fresh or chilled","2020","2020","7021","Annual value","USD","4146.1","A","Official value"
"PP","Producer Prices","152","Chile","5532","Producer Price (USD/tonne)","21111.01","Meat of cattle with the bone, fresh or chilled","2021","2021","7021","Annual value","USD","5625.1","A","Official value"
"PP","Producer Prices","152","Chile","5532","Producer Price (USD/tonne)","21111.01","Meat of cattle with the bone, fresh or chilled","2022","2022","7021","Annual value","USD","5561.5","A","Official value"
"PP","Producer Prices","156","China, mainland","5532","Producer Price (USD/tonne)","21111.01","Meat of cattle with the bone, fresh or chilled","1998","1998","7021","Annual value","USD","1546.1","A","Official value"
"PP","Producer Prices","156","China, mainland","5532","Producer Price (USD/tonne)","21111.01","Meat of cattle with the bone, fresh or chilled","1999","1999","7021","Annual value","USD","1467.7","A","Official value"
"PP","Producer Prices","156","China, mainland","5532","Producer Price (USD/tonne)","21111.01","Meat of cattle with the bone, fresh or chilled","2000","2000","7021","Annual value","USD","1391.6","A","Official value"
"PP","Producer Prices","156","China, mainland","5532","Producer Price (USD/tonne)","21111.01","Meat of cattle with the bone, fresh or chilled","2001","2001","7021","Annual value","USD","1575.4","A","Official value"
"PP","Producer Prices","156","China, mainland","5532","Producer Price (USD/tonne)","21111.01","Meat of cattle with the bone, fresh or chilled","2002","2002","7021","Annual value","USD","1684.2","A","Official value"
"PP","Producer Prices","156","China, mainland","5532","Producer Price (USD/tonne)","21111.01","Meat of cattle with the bone, fresh or chilled","2003","2003","7021","Annual value","USD","1778.4","A","Official value"
"PP","Producer Prices","156","China, mainland","5532","Producer Price (USD/tonne)","21111.01","Meat of cattle with the bone, fresh or chilled","2004","2004","7021","Annual value","USD","1825.6","A","Official value"
"PP","Producer Prices","156","China, mainland","5532","Producer Price (USD/tonne)","21111.01","Meat of cattle with the bone, fresh or chilled","2005","2005","7021","Annual value","USD","1964.8","A","Official value"
"PP","Producer Prices","156","China, mainland","5532","Producer Price (USD/tonne)","21111.01","Meat of cattle with the bone, fresh or chilled","2006","2006","7021","Annual value","USD","2064.4","A","Official value"
"PP","Producer Prices","156","China, mainland","5532","Producer Price (USD/tonne)","21111.01","Meat of cattle with the bone, fresh or chilled","2007","2007","7021","Annual value","USD","2589.5","A","Official value"
"PP","Producer Prices","156","China, mainland","5532","Producer Price (USD/tonne)","21111.01","Meat of cattle with the bone, fresh or chilled","2008","2008","7021","Annual value","USD","4038.2","A","Official value"
"PP","Producer Prices","156","China, mainland","5532","Producer Price (USD/tonne)","21111.01","Meat of cattle with the bone, fresh or chilled","2009","2009","7021","Annual value","USD","4258.3","A","Official value"
"PP","Producer Prices","156","China, mainland","5532","Producer Price (USD/tonne)","21111.01","Meat of cattle with the bone, fresh or chilled","2010","2010","7021","Annual value","USD","4397.2","A","Official value"
"PP","Producer Prices","156","China, mainland","5532","Producer Price (USD/tonne)","21111.01","Meat of cattle with the bone, fresh or chilled","2011","2011","7021","Annual value","USD","5172.2","A","Official value"
"PP","Producer Prices","156","China, mainland","5532","Producer Price (USD/tonne)","21111.01","Meat of cattle with the bone, fresh or chilled","2012","2012","7021","Annual value","USD","6227.5","A","Official value"
"PP","Producer Prices","156","China, mainland","5532","Producer Price (USD/tonne)","21111.01","Meat of cattle with the bone, fresh or chilled","2013","2013","7021","Annual value","USD","8346","A","Official value"
"PP","Producer Prices","156","China, mainland","5532","Producer Price (USD/tonne)","21111.01","Meat of cattle with the bone, fresh or chilled","2014","2014","7021","Annual value","USD","7075","A","Official value"
"PP","Producer Prices","156","China, mainland","5532","Producer Price (USD/tonne)","21111.01","Meat of cattle with the bone, fresh or chilled","2015","2015","7021","Annual value","USD","6931.8","A","Official value"
"PP","Producer Prices","156","China, mainland","5532","Producer Price (USD/tonne)","21111.01","Meat of cattle with the bone, fresh or chilled","2016","2016","7021","Annual value","USD","6604","A","Official value"
"PP","Producer Prices","156","China, mainland","5532","Producer Price (USD/tonne)","21111.01","Meat of cattle with the bone, fresh or chilled","2022","2022","7021","Annual value","USD","11486.7","A","Official value"
"PP","Producer Prices","156","China, mainland","5532","Producer Price (USD/tonne)","21111.01","Meat of cattle with the bone, fresh or chilled","2023","2023","7021","Annual value","USD","11898.4","A","Official value"
"PP","Producer Prices","156","China, mainland","5532","Producer Price (USD/tonne)","21111.01","Meat of cattle with the bone, fresh or chilled","2024","2024","7021","Annual value","USD","9702.1","A","Official value"
"PP","Producer Prices","156","China, mainland","5532","Producer Price (USD/tonne)","0141","Soya beans","1991","1991","7021","Annual value","USD","201.2","A","Official value"
"PP","Producer Prices","156","China, mainland","5532","Producer Price (USD/tonne)","0141","Soya beans","1992","1992","7021","Annual value","USD","238.1","A","Official value"
"PP","Producer Prices","156","China, mainland","5532","Producer Price (USD/tonne)","0141","Soya beans","1993","1993","7021","Annual value","USD","279.8","A","Official value"
"PP","Producer Prices","156","China, mainland","5532","Producer Price (USD/tonne)","0141","Soya beans","1994","1994","7021","Annual value","USD","211.6","A","Official value"
"PP","Producer Prices","156","China, mainland","5532","Producer Price (USD/tonne)","0141","Soya beans","1995","1995","7021","Annual value","USD","247","X","Value from external organization"
"PP","Producer Prices","156","China, mainland","5532","Producer Price (USD/tonne)","0141","Soya beans","1996","1996","7021","Annual value","USD","478.7","A","Official value"
"PP","Producer Prices","156","China, mainland","5532","Producer Price (USD/tonne)","0141","Soya beans","1997","1997","7021","Annual value","USD","422.2","A","Official value"
"PP","Producer Prices","156","China, mainland","5532","Producer Price (USD/tonne)","0141","Soya beans","1998","1998","7021","Annual value","USD","362.4","A","Official value"
"PP","Producer Prices","156","China, mainland","5532","Producer Price (USD/tonne)","0141","Soya beans","1999","1999","7021","Annual value","USD","283.9","A","Official value"
"PP","Producer Prices","156","China, mainland","5532","Producer Price (USD/tonne)","0141","Soya beans","2000","2000","7021","Annual value","USD","287.5","A","Official value"
"PP","Producer Prices","156","China, mainland","5532","Producer Price (USD/tonne)","0141","Soya beans","2001","2001","7021","Annual value","USD","237.8","A","Official value"
"PP","Producer Prices","156","China, mainland","5532","Producer Price (USD/tonne)","0141","Soya beans","2002","2002","7021","Annual value","USD","267","A","Official value"
"PP","Producer Prices","156","China, mainland","5532","Producer Price (USD/tonne)","0141","Soya beans","2003","2003","7021","Annual value","USD","364.9","A","Official value"
"PP","Producer Prices","156","China, mainland","5532","Producer Price (USD/tonne)","0141","Soya beans","2004","2004","7021","Annual value","USD","453.1","A","Official value"
"PP","Producer Prices","156","China, mainland","5532","Producer Price (USD/tonne)","0141","Soya beans","2005","2005","7021","Annual value","USD","401.5","A","Official value"
"PP","Producer Prices","156","China, mainland","5532","Producer Price (USD/tonne)","0141","Soya beans","2006","2006","7021","Annual value","USD","412.6","A","Official value"
"PP","Producer Prices","156","China, mainland","5532","Producer Price (USD/tonne)","0141","Soya beans","2007","2007","7021","Annual value","USD","552.1","A","Official value"
"PP","Producer Prices","156","China, mainland","5532","Producer Price (USD/tonne)","0141","Soya beans","2008","2008","7021","Annual value","USD","500.8","A","Official value"
"PP","Producer Prices","156","China, mainland","5532","Producer Price (USD/tonne)","0141","Soya beans","2009","2009","7021","Annual value","USD","582.6","A","Official value"
"PP","Producer Prices","156","China, mainland","5532","Producer Price (USD/tonne)","0141","Soya beans","2010","2010","7021","Annual value","USD","738.5","A","Official value"
"PP","Producer Prices","156","China, mainland","5532","Producer Price (USD/tonne)","0141","Soya beans","2011","2011","7021","Annual value","USD","803.2","A","Official value"
"PP","Producer Prices","156","China, mainland","5532","Producer Price (USD/tonne)","0141","Soya beans","2012","2012","7021","Annual value","USD","841.2","A","Official value"
"PP","Producer Prices","156","China, mainland","5532","Producer Price (USD/tonne)","0141","Soya beans","2013","2013","7021","Annual value","USD","677.9","A","Official value"
"PP","Producer Prices","156","China, mainland","5532","Producer Price (USD/tonne)","0141","Soya beans","2014","2014","7021","Annual value","USD","869.7","A","Official value"
"PP","Producer Prices","156","China, mainland","5532","Producer Price (USD/tonne)","0141","Soya beans","2015","2015","7021","Annual value","USD","808.2","A","Official value"
"PP","Producer Prices","156","China, mainland","5532","Producer Price (USD/tonne)","0141","Soya beans","2016","2016","7021","Annual value","USD","581.5","A","Official value"
"PP","Producer Prices","156","China, mainland","5532","Producer Price (USD/tonne)","0141","Soya beans","2017","2017","7021","Annual value","USD","596.5","A","Official value"
"PP","Producer Prices","156","China, mainland","5532","Producer Price (USD/tonne)","0141","Soya beans","2018","2018","7021","Annual value","USD","596.8","A","Official value"
"PP","Producer Prices","156","China, mainland","5532","Producer Price (USD/tonne)","0141","Soya beans","2019","2019","7021","Annual value","USD","594.2","A","Official value"
"PP","Producer Prices","156","China, mainland","5532","Producer Price (USD/tonne)","0141","Soya beans","2020","2020","7021","Annual value","USD","769.2","A","Official value"
"PP","Producer Prices","156","China, mainland","5532","Producer Price (USD/tonne)","0141","Soya beans","2021","2021","7021","Annual value","USD","1333","A","Official value"
"PP","Producer Prices","156","China, mainland","5532","Producer Price (USD/tonne)","0141","Soya beans","2022","2022","7021","Annual value","USD","917.7","A","Official value"
"PP","Producer Prices","156","China, mainland","5532","Producer Price (USD/tonne)","0141","Soya beans","2023","2023","7021","Annual value","USD","766.3","A","Official value"
"PP","Producer Prices","156","China, mainland","5532","Producer Price (USD/tonne)","0141","Soya beans","2024","2024","7021","Annual value","USD","1035.1","A","Official value"
"PP","Producer Prices","170","Colombia","5532","Producer Price (USD/tonne)","21111.01","Meat of cattle with the bone, fresh or chilled","1991","1991","7021","Annual value","USD","1517.3","A","Official value"
"PP","Producer Prices","170","Colombia","5532","Producer Price (USD/tonne)","21111.01","Meat of cattle with the bone, fresh or chilled","1992","1992","7021","Annual value","USD","1768.8","A","Official value"
"PP","Producer Prices","170","Colombia","5532","Producer Price (USD/tonne)","21111.01","Meat of cattle with the bone, fresh or chilled","1993","1993","7021","Annual value","USD","1675.2","A","Official value"
"PP","Producer Prices","170","Colombia","5532","Producer Price (USD/tonne)","21111.01","Meat of cattle with the bone, fresh or chilled","1994","1994","7021","Annual value","USD","1960.6","A","Official value"
"PP","Producer Prices","170","Colombia","5532","Producer Price (USD/tonne)","21111.01","Meat of cattle with the bone, fresh or chilled","1995","1995","7021","Annual value","USD","2047.9","A","Official value"
"PP","Producer Prices","170","Colombia","5532","Producer Price (USD/tonne)","21111.01","Meat of cattle with the bone, fresh or chilled","1996","1996","7021","Annual value","USD","1897.5","A","Official value"
"PP","Producer Prices","170","Colombia","5532","Producer Price (USD/tonne)","21111.01","Meat of cattle with the bone, fresh or chilled","1997","1997","7021","Annual value","USD","1897.5","A","Official value"
"PP","Producer Prices","170","Colombia","5532","Producer Price (USD/tonne)","21111.01","Meat of cattle with the bone, fresh or chilled","1998","1998","7021","Annual value","USD","1935","A","Official value"
"PP","Producer Prices","170","Colombia","5532","Producer Price (USD/tonne)","21111.01","Meat of cattle with the bone, fresh or chilled","1999","1999","7021","Annual value","USD","1733.2","A","Official value"
"PP","Producer Prices","170","Colombia","5532","Producer Price (USD/tonne)","21111.01","Meat of cattle with the bone, fresh or chilled","2000","2000","7021","Annual value","USD","1476.5","A","Official value"
"PP","Producer Prices","170","Colombia","5532","Producer Price (USD/tonne)","21111.01","Meat of cattle with the bone, fresh or chilled","2001","2001","7021","Annual value","USD","1628","A","Official value"
"PP","Producer Prices","170","Colombia","5532","Producer Price (USD/tonne)","21111.01","Meat of cattle with the bone, fresh or chilled","2002","2002","7021","Annual value","USD","1729.8","A","Official value"
"PP","Producer Prices","170","Colombia","5532","Producer Price (USD/tonne)","21111.01","Meat of cattle with the bone, fresh or chilled","2003","2003","7021","Annual value","USD","1552.4","A","Official value"
"PP","Producer Prices","170","Colombia","5532","Producer Price (USD/tonne)","21111.01","Meat of cattle with the bone, fresh or chilled","2004","2004","7021","Annual value","USD","1722.8","A","Official value"
"PP","Producer Prices","170","Colombia","5532","Producer Price (USD/tonne)","21111.01","Meat of cattle with the bone, fresh or chilled","2005","2005","7021","Annual value","USD","2102.9","A","Official value"
"PP","Producer Prices","170","Colombia","5532","Producer Price (USD/tonne)","21111.01","Meat of cattle with the bone, fresh or chilled","2006","2006","7021","Annual value","USD","2062.5","A","Official value"
"PP","Producer Prices","170","Colombia","5532","Producer Price (USD/tonne)","21111.01","Meat of cattle with the bone, fresh or chilled","2007","2007","7021","Annual value","USD","2669.9","A","Official value"
"PP","Producer Prices","170","Colombia","5532","Producer Price (USD/tonne)","21111.01","Meat of cattle with the bone, fresh or chilled","2008","2008","7021","Annual value","USD","3000.4","A","Official value"
"PP","Producer Prices","170","Colombia","5532","Producer Price (USD/tonne)","21111.01","Meat of cattle with the bone, fresh or chilled","2009","2009","7021","Annual value","USD","2898.7","A","Official value"
"PP","Producer Prices","170","Colombia","5532","Producer Price (USD/tonne)","21111.01","Meat of cattle with the bone, fresh or chilled","2010","2010","7021","Annual value","USD","2781","A","Official value"
"PP","Producer Prices","170","Colombia","5532","Producer Price (USD/tonne)","21111.01","Meat of cattle with the bone, fresh or chilled","2011","2011","7021","Annual value","USD","3111.2","A","Official value"
"PP","Producer Prices","170","Colombia","5532","Producer Price (USD/tonne)","21111.01","Meat of cattle with the bone, fresh or chilled","2012","2012","7021","Annual value","USD","3320.5","A","Official value"
"PP","Producer Prices","170","Colombia","5532","Producer Price (USD/tonne)","21111.01","Meat of cattle with the bone, fresh or chilled","2013","2013","7021","Annual value","USD","3265.4","A","Official value"
"PP","Producer Prices","170","Colombia","5532","Producer Price (USD/tonne)","21111.01","Meat of cattle with the bone, fresh or chilled","2014","2014","7021","Annual value","USD","3183.9","A","Official value"
"PP","Producer Prices","170","Colombia","5532","Producer Price (USD/tonne)","21111.01","Meat of cattle with the bone, fresh or chilled","2015","2015","7021","Annual value","USD","2440.8","A","Official value"
"PP","Producer Prices","170","Colombia","5532","Producer Price (USD/tonne)","21111.01","Meat of cattle with the bone, fresh or chilled","2018","2018","7021","Annual value","USD","7982.6","A","Official value"
"PP","Producer Prices","170","Colombia","5532","Producer Price (USD/tonne)","21111.01","Meat of cattle with the bone, fresh or chilled","2019","2019","7021","Annual value","USD","7406.6","A","Official value"
"PP","Producer Prices","170","Colombia","5532","Producer Price (USD/tonne)","21111.01","Meat of cattle with the bone, fresh or chilled","2020","2020","7021","Annual value","USD","6446.3","A","Official value"
"PP","Producer Prices","170","Colombia","5532","Producer Price (USD/tonne)","21111.01","Meat of cattle with the bone, fresh or chilled","2021","2021","7021","Annual value","USD","7833.5","A","Official value"
"PP","Producer Prices","170","Colombia","5532","Producer Price (USD/tonne)","21111.01","Meat of cattle with the bone, fresh or chilled","2022","2022","7021","Annual value","USD","9256.7","A","Official value"
"PP","Producer Prices","170","Colombia","5532","Producer Price (USD/tonne)","21111.01","Meat of cattle with the bone, fresh or chilled","2023","2023","7021","Annual value","USD","9637.2","A","Official value"
"PP","Producer Prices","170","Colombia","5532","Producer Price (USD/tonne)","21111.01","Meat of cattle with the bone, fresh or chilled","2024","2024","7021","Annual value","USD","10391","A","Official value"
"PP","Producer Prices","170","Colombia","5532","Producer Price (USD/tonne)","01491.01","Oil palm fruit","2019","2019","7021","Annual value","USD","586","A","Official value"
"PP","Producer Prices","170","Colombia","5532","Producer Price (USD/tonne)","01491.01","Oil palm fruit","2020","2020","7021","Annual value","USD","668.2","A","Official value"
"PP","Producer Prices","170","Colombia","5532","Producer Price (USD/tonne)","01491.01","Oil palm fruit","2021","2021","7021","Annual value","USD","1078.5","A","Official value"
"PP","Producer Prices","170","Colombia","5532","Producer Price (USD/tonne)","0141","Soya beans","1991","1991","7021","Annual value","USD","351.1","A","Official value"
"PP","Producer Prices","170","Colombia","5532","Producer Price (USD/tonne)","0141","Soya beans","1992","1992","7021","Annual value","USD","292.7","A","Official value"
"PP","Producer Prices","170","Colombia","5532","Producer Price (USD/tonne)","0141","Soya beans","1993","1993","7021","Annual value","USD","278.8","A","Official value"
"PP","Producer Prices","170","Colombia","5532","Producer Price (USD/tonne)","0141","Soya beans","1994","1994","7021","Annual value","USD","336.8","A","Official value"
"PP","Producer Prices","170","Colombia","5532","Producer Price (USD/tonne)","0141","Soya beans","1995","1995","7021","Annual value","USD","317","A","Official value"
"PP","Producer Prices","170","Colombia","5532","Producer Price (USD/tonne)","0141","Soya beans","1996","1996","7021","Annual value","USD","361.9","A","Official value"
"PP","Producer Prices","170","Colombia","5532","Producer Price (USD/tonne)","0141","Soya beans","1997","1997","7021","Annual value","USD","360.3","A","Official value"
"PP","Producer Prices","170","Colombia","5532","Producer Price (USD/tonne)","0141","Soya beans","1998","1998","7021","Annual value","USD","336.1","A","Official value"
"PP","Producer Prices","170","Colombia","5532","Producer Price (USD/tonne)","0141","Soya beans","1999","1999","7021","Annual value","USD","316.9","A","Official value"
"PP","Producer Prices","170","Colombia","5532","Producer Price (USD/tonne)","0141","Soya beans","2000","2000","7021","Annual value","USD","309","A","Official value"
"PP","Producer Prices","170","Colombia","5532","Producer Price (USD/tonne)","0141","Soya beans","2001","2001","7021","Annual value","USD","297.4","A","Official value"
"PP","Producer Prices","170","Colombia","5532","Producer Price (USD/tonne)","0141","Soya beans","2002","2002","7021","Annual value","USD","289.6","A","Official value"
"PP","Producer Prices","170","Colombia","5532","Producer Price (USD/tonne)","0141","Soya beans","2003","2003","7021","Annual value","USD","299.8","A","Official value"
"PP","Producer Prices","170","Colombia","5532","Producer Price (USD/tonne)","0141","Soya beans","2004","2004","7021","Annual value","USD","366.3","A","Official value"
"PP","Producer Prices","170","Colombia","5532","Producer Price (USD/tonne)","0141","Soya beans","2005","2005","7021","Annual value","USD","356.8","A","Official value"
"PP","Producer Prices","170","Colombia","5532","Producer Price (USD/tonne)","0141","Soya beans","2006","2006","7021","Annual value","USD","362","A","Official value"
"PP","Producer Prices","170","Colombia","5532","Producer Price (USD/tonne)","0141","Soya beans","2007","2007","7021","Annual value","USD","473","A","Official value"
"PP","Producer Prices","170","Colombia","5532","Producer Price (USD/tonne)","0141","Soya beans","2008","2008","7021","Annual value","USD","603.3","A","Official value"
"PP","Producer Prices","170","Colombia","5532","Producer Price (USD/tonne)","0141","Soya beans","2009","2009","7021","Annual value","USD","499.6","A","Official value"
"PP","Producer Prices","170","Colombia","5532","Producer Price (USD/tonne)","0141","Soya beans","2010","2010","7021","Annual value","USD","533.7","A","Official value"
"PP","Producer Prices","170","Colombia","5532","Producer Price (USD/tonne)","0141","Soya beans","2011","2011","7021","Annual value","USD","631.6","A","Official value"
"PP","Producer Prices","170","Colombia","5532","Producer Price (USD/tonne)","0141","Soya beans","2012","2012","7021","Annual value","USD","668.6","A","Official value"
"PP","Producer Prices","170","Colombia","5532","Producer Price (USD/tonne)","0141","Soya beans","2013","2013","7021","Annual value","USD","634.2","A","Official value"
"PP","Producer Prices","170","Colombia","5532","Producer Price (USD/tonne)","0141","Soya beans","2014","2014","7021","Annual value","USD","597.5","A","Official value"
"PP","Producer Prices","170","Colombia","5532","Producer Price (USD/tonne)","0141","Soya beans","2015","2015","7021","Annual value","USD","462.3","A","Official value"
"PP","Producer Prices","170","Colombia","5532","Producer Price (USD/tonne)","0141","Soya beans","2017","2017","7021","Annual value","USD","305.9","A","Official value"
"PP","Producer Prices","170","Colombia","5532","Producer Price (USD/tonne)","0141","Soya beans","2019","2019","7021","Annual value","USD","313","A","Official value"
"PP","Producer Prices","178","Congo","5532","Producer Price (USD/tonne)","21111.01","Meat of cattle with the bone, fresh or chilled","1991","1991","7021","Annual value","USD","4253.7","A","Official value"
"PP","Producer Prices","178","Congo","5532","Producer Price (USD/tonne)","21111.01","Meat of cattle with the bone, fresh or chilled","1992","1992","7021","Annual value","USD","4042.4","A","Official value"
"PP","Producer Prices","178","Congo","5532","Producer Price (USD/tonne)","21111.01","Meat of cattle with the bone, fresh or chilled","1993","1993","7021","Annual value","USD","3778.7","A","Official value"
"PP","Producer Prices","178","Congo","5532","Producer Price (USD/tonne)","21111.01","Meat of cattle with the bone, fresh or chilled","1994","1994","7021","Annual value","USD","1927.2","A","Official value"
"PP","Producer Prices","178","Congo","5532","Producer Price (USD/tonne)","21111.01","Meat of cattle with the bone, fresh or chilled","1995","1995","7021","Annual value","USD","2143.7","A","Official value"
"PP","Producer Prices","178","Congo","5532","Producer Price (USD/tonne)","21111.01","Meat of cattle with the bone, fresh or chilled","1998","1998","7021","Annual value","USD","4407.1","A","Official value"
"PP","Producer Prices","178","Congo","5532","Producer Price (USD/tonne)","21111.01","Meat of cattle with the bone, fresh or chilled","1999","1999","7021","Annual value","USD","3182.7","A","Official value"
"PP","Producer Prices","178","Congo","5532","Producer Price (USD/tonne)","21111.01","Meat of cattle with the bone, fresh or chilled","2000","2000","7021","Annual value","USD","2887.2","A","Official value"
"PP","Producer Prices","178","Congo","5532","Producer Price (USD/tonne)","21111.01","Meat of cattle with the bone, fresh or chilled","2001","2001","7021","Annual value","USD","2916.2","A","Official value"
"PP","Producer Prices","178","Congo","5532","Producer Price (USD/tonne)","21111.01","Meat of cattle with the bone, fresh or chilled","2002","2002","7021","Annual value","USD","3220.6","A","Official value"
"PP","Producer Prices","178","Congo","5532","Producer Price (USD/tonne)","21111.01","Meat of cattle with the bone, fresh or chilled","2003","2003","7021","Annual value","USD","3862.2","A","Official value"
"PP","Producer Prices","178","Congo","5532","Producer Price (USD/tonne)","21111.01","Meat of cattle with the bone, fresh or chilled","2009","2009","7021","Annual value","USD","6353.4","A","Official value"
"PP","Producer Prices","178","Congo","5532","Producer Price (USD/tonne)","21111.01","Meat of cattle with the bone, fresh or chilled","2010","2010","7021","Annual value","USD","6057.2","A","Official value"
"PP","Producer Prices","178","Congo","5532","Producer Price (USD/tonne)","21111.01","Meat of cattle with the bone, fresh or chilled","2011","2011","7021","Annual value","USD","6357.7","A","Official value"
"PP","Producer Prices","178","Congo","5532","Producer Price (USD/tonne)","21111.01","Meat of cattle with the bone, fresh or chilled","2012","2012","7021","Annual value","USD","5876.3","A","Official value"
"PP","Producer Prices","178","Congo","5532","Producer Price (USD/tonne)","21111.01","Meat of cattle with the bone, fresh or chilled","2013","2013","7021","Annual value","USD","6072.4","A","Official value"
"PP","Producer Prices","184","Cook Islands","5532","Producer Price (USD/tonne)","21111.01","Meat of cattle with the bone, fresh or chilled","1993","1993","7021","Annual value","USD","1621.2","A","Official value"
"PP","Producer Prices","184","Cook Islands","5532","Producer Price (USD/tonne)","21111.01","Meat of cattle with the bone, fresh or chilled","1994","1994","7021","Annual value","USD","1778.8","A","Official value"
"PP","Producer Prices","184","Cook Islands","5532","Producer Price (USD/tonne)","21111.01","Meat of cattle with the bone, fresh or chilled","1995","1995","7021","Annual value","USD","1968.7","A","Official value"
"PP","Producer Prices","184","Cook Islands","5532","Producer Price (USD/tonne)","21111.01","Meat of cattle with the bone, fresh or chilled","1996","1996","7021","Annual value","USD","2062.1","A","Official value"
"PP","Producer Prices","184","Cook Islands","5532","Producer Price (USD/tonne)","21111.01","Meat of cattle with the bone, fresh or chilled","1997","1997","7021","Annual value","USD","2644.8","A","Official value"
"PP","Producer Prices","184","Cook Islands","5532","Producer Price (USD/tonne)","21111.01","Meat of cattle with the bone, fresh or chilled","1998","1998","7021","Annual value","USD","2141","A","Official value"
"PP","Producer Prices","184","Cook Islands","5532","Producer Price (USD/tonne)","21111.01","Meat of cattle with the bone, fresh or chilled","1999","1999","7021","Annual value","USD","2116.8","A","Official value"
"PP","Producer Prices","184","Cook Islands","5532","Producer Price (USD/tonne)","21111.01","Meat of cattle with the bone, fresh or chilled","2000","2000","7021","Annual value","USD","1817.2","A","Official value"
"PP","Producer Prices","184","Cook Islands","5532","Producer Price (USD/tonne)","21111.01","Meat of cattle with the bone, fresh or chilled","2001","2001","7021","Annual value","USD","2101.9","A","Official value"
"PP","Producer Prices","184","Cook Islands","5532","Producer Price (USD/tonne)","21111.01","Meat of cattle with the bone, fresh or chilled","2002","2002","7021","Annual value","USD","2312.5","A","Official value"
"PP","Producer Prices","184","Cook Islands","5532","Producer Price (USD/tonne)","21111.01","Meat of cattle with the bone, fresh or chilled","2003","2003","7021","Annual value","USD","2903.4","A","Official value"
"PP","Producer Prices","188","Costa Rica","5532","Producer Price (USD/tonne)","01491.01","Oil palm fruit","2021","2021","7021","Annual value","USD","180.1","A","Official value"
"PP","Producer Prices","188","Costa Rica","5532","Producer Price (USD/tonne)","01491.01","Oil palm fruit","2022","2022","7021","Annual value","USD","207.4","A","Official value"
"PP","Producer Prices","188","Costa Rica","5532","Producer Price (USD/tonne)","01491.01","Oil palm fruit","2023","2023","7021","Annual value","USD","148.5","A","Official value"
"PP","Producer Prices","188","Costa Rica","5532","Producer Price (USD/tonne)","01491.01","Oil palm fruit","2024","2024","7021","Annual value","USD","162.2","A","Official value"
"PP","Producer Prices","384","Côte d'Ivoire","5532","Producer Price (USD/tonne)","21111.01","Meat of cattle with the bone, fresh or chilled","1991","1991","7021","Annual value","USD","992.5","A","Official value"
"PP","Producer Prices","384","Côte d'Ivoire","5532","Producer Price (USD/tonne)","21111.01","Meat of cattle with the bone, fresh or chilled","1992","1992","7021","Annual value","USD","944.5","A","Official value"
"PP","Producer Prices","384","Côte d'Ivoire","5532","Producer Price (USD/tonne)","21111.01","Meat of cattle with the bone, fresh or chilled","1993","1993","7021","Annual value","USD","882.9","A","Official value"
"PP","Producer Prices","384","Côte d'Ivoire","5532","Producer Price (USD/tonne)","21111.01","Meat of cattle with the bone, fresh or chilled","1994","1994","7021","Annual value","USD","630.4","A","Official value"
"PP","Producer Prices","384","Côte d'Ivoire","5532","Producer Price (USD/tonne)","21111.01","Meat of cattle with the bone, fresh or chilled","1995","1995","7021","Annual value","USD","881.5","A","Official value"
"PP","Producer Prices","384","Côte d'Ivoire","5532","Producer Price (USD/tonne)","01491.01","Oil palm fruit","1997","1997","7021","Annual value","USD","53.1","A","Official value"
"PP","Producer Prices","384","Côte d'Ivoire","5532","Producer Price (USD/tonne)","01491.01","Oil palm fruit","1998","1998","7021","Annual value","USD","50.9","A","Official value"
"PP","Producer Prices","384","Côte d'Ivoire","5532","Producer Price (USD/tonne)","01491.01","Oil palm fruit","1999","1999","7021","Annual value","USD","38.2","A","Official value"
"PP","Producer Prices","384","Côte d'Ivoire","5532","Producer Price (USD/tonne)","01491.01","Oil palm fruit","2021","2021","7021","Annual value","USD","133.8","A","Official value"
"PP","Producer Prices","384","Côte d'Ivoire","5532","Producer Price (USD/tonne)","01491.01","Oil palm fruit","2022","2022","7021","Annual value","USD","128.3","A","Official value"
"PP","Producer Prices","384","Côte d'Ivoire","5532","Producer Price (USD/tonne)","01491.01","Oil palm fruit","2023","2023","7021","Annual value","USD","121.7","A","Official value"
"PP","Producer Prices","384","Côte d'Ivoire","5532","Producer Price (USD/tonne)","01491.01","Oil palm fruit","2024","2024","7021","Annual value","USD","102.3","A","Official value"
"PP","Producer Prices","384","Côte d'Ivoire","5532","Producer Price (USD/tonne)","0141","Soya beans","2021","2021","7021","Annual value","USD","613.1","A","Official value"
"PP","Producer Prices","384","Côte d'Ivoire","5532","Producer Price (USD/tonne)","0141","Soya beans","2022","2022","7021","Annual value","USD","694.2","A","Official value"
"PP","Producer Prices","191","Croatia","5532","Producer Price (USD/tonne)","21111.01","Meat of cattle with the bone, fresh or chilled","1996","1996","7021","Annual value","USD","2268.6","A","Official value"
"PP","Producer Prices","191","Croatia","5532","Producer Price (USD/tonne)","0141","Soya beans","1994","1994","7021","Annual value","USD","316.8","A","Official value"
"PP","Producer Prices","191","Croatia","5532","Producer Price (USD/tonne)","0141","Soya beans","1995","1995","7021","Annual value","USD","325","A","Official value"
"PP","Producer Prices","191","Croatia","5532","Producer Price (USD/tonne)","0141","Soya beans","1996","1996","7021","Annual value","USD","333.8","A","Official value"
"PP","Producer Prices","191","Croatia","5532","Producer Price (USD/tonne)","0141","Soya beans","1997","1997","7021","Annual value","USD","308.9","A","Official value"
"PP","Producer Prices","191","Croatia","5532","Producer Price (USD/tonne)","0141","Soya beans","1998","1998","7021","Annual value","USD","302.4","A","Official value"
"PP","Producer Prices","191","Croatia","5532","Producer Price (USD/tonne)","0141","Soya beans","1999","1999","7021","Annual value","USD","240.9","A","Official value"
"PP","Producer Prices","191","Croatia","5532","Producer Price (USD/tonne)","0141","Soya beans","2000","2000","7021","Annual value","USD","191.2","A","Official value"
"PP","Producer Prices","191","Croatia","5532","Producer Price (USD/tonne)","0141","Soya beans","2001","2001","7021","Annual value","USD","189.3","A","Official value"
"PP","Producer Prices","191","Croatia","5532","Producer Price (USD/tonne)","0141","Soya beans","2002","2002","7021","Annual value","USD","195","A","Official value"
"PP","Producer Prices","191","Croatia","5532","Producer Price (USD/tonne)","0141","Soya beans","2003","2003","7021","Annual value","USD","238","A","Official value"
"PP","Producer Prices","191","Croatia","5532","Producer Price (USD/tonne)","0141","Soya beans","2004","2004","7021","Annual value","USD","266.3","A","Official value"
"PP","Producer Prices","191","Croatia","5532","Producer Price (USD/tonne)","0141","Soya beans","2005","2005","7021","Annual value","USD","260","A","Official value"
"PP","Producer Prices","191","Croatia","5532","Producer Price (USD/tonne)","0141","Soya beans","2006","2006","7021","Annual value","USD","264","A","Official value"
"PP","Producer Prices","191","Croatia","5532","Producer Price (USD/tonne)","0141","Soya beans","2007","2007","7021","Annual value","USD","451.7","A","Official value"
"PP","Producer Prices","191","Croatia","5532","Producer Price (USD/tonne)","0141","Soya beans","2008","2008","7021","Annual value","USD","520.2","A","Official value"
"PP","Producer Prices","191","Croatia","5532","Producer Price (USD/tonne)","0141","Soya beans","2009","2009","7021","Annual value","USD","384.2","A","Official value"
"PP","Producer Prices","191","Croatia","5532","Producer Price (USD/tonne)","0141","Soya beans","2010","2010","7021","Annual value","USD","417.1","A","Official value"
"PP","Producer Prices","191","Croatia","5532","Producer Price (USD/tonne)","0141","Soya beans","2011","2011","7021","Annual value","USD","455.7","A","Official value"
"PP","Producer Prices","191","Croatia","5532","Producer Price (USD/tonne)","0141","Soya beans","2012","2012","7021","Annual value","USD","604.2","A","Official value"
"PP","Producer Prices","191","Croatia","5532","Producer Price (USD/tonne)","0141","Soya beans","2013","2013","7021","Annual value","USD","529.8","A","Official value"
"PP","Producer Prices","191","Croatia","5532","Producer Price (USD/tonne)","0141","Soya beans","2014","2014","7021","Annual value","USD","407.4","A","Official value"
"PP","Producer Prices","191","Croatia","5532","Producer Price (USD/tonne)","0141","Soya beans","2015","2015","7021","Annual value","USD","350.8","A","Official value"
"PP","Producer Prices","191","Croatia","5532","Producer Price (USD/tonne)","0141","Soya beans","2016","2016","7021","Annual value","USD","341.9","A","Official value"
"PP","Producer Prices","191","Croatia","5532","Producer Price (USD/tonne)","0141","Soya beans","2017","2017","7021","Annual value","USD","403.9","A","Official value"
"PP","Producer Prices","191","Croatia","5532","Producer Price (USD/tonne)","0141","Soya beans","2018","2018","7021","Annual value","USD","358.4","A","Official value"
"PP","Producer Prices","191","Croatia","5532","Producer Price (USD/tonne)","0141","Soya beans","2019","2019","7021","Annual value","USD","328.5","A","Official value"
"PP","Producer Prices","191","Croatia","5532","Producer Price (USD/tonne)","0141","Soya beans","2020","2020","7021","Annual value","USD","384.5","A","Official value"
"PP","Producer Prices","191","Croatia","5532","Producer Price (USD/tonne)","0141","Soya beans","2021","2021","7021","Annual value","USD","660.2","A","Official value"
"PP","Producer Prices","191","Croatia","5532","Producer Price (USD/tonne)","0141","Soya beans","2022","2022","7021","Annual value","USD","634.3","A","Official value"
"PP","Producer Prices","191","Croatia","5532","Producer Price (USD/tonne)","0141","Soya beans","2023","2023","7021","Annual value","USD","436.2","B","Time series break"
"PP","Producer Prices","191","Croatia","5532","Producer Price (USD/tonne)","0141","Soya beans","2024","2024","7021","Annual value","USD","466","A","Official value"
"PP","Producer Prices","196","Cyprus","5532","Producer Price (USD/tonne)","21111.01","Meat of cattle with the bone, fresh or chilled","1991","1991","7021","Annual value","USD","2799.1","A","Official value"
"PP","Producer Prices","196","Cyprus","5532","Producer Price (USD/tonne)","21111.01","Meat of cattle with the bone, fresh or chilled","1992","1992","7021","Annual value","USD","2780.6","A","Official value"
"PP","Producer Prices","196","Cyprus","5532","Producer Price (USD/tonne)","21111.01","Meat of cattle with the bone, fresh or chilled","1993","1993","7021","Annual value","USD","2452.7","A","Official value"
"PP","Producer Prices","196","Cyprus","5532","Producer Price (USD/tonne)","21111.01","Meat of cattle with the bone, fresh or chilled","1994","1994","7021","Annual value","USD","2560","A","Official value"
"PP","Producer Prices","196","Cyprus","5532","Producer Price (USD/tonne)","21111.01","Meat of cattle with the bone, fresh or chilled","1995","1995","7021","Annual value","USD","2718.7","A","Official value"
"PP","Producer Prices","196","Cyprus","5532","Producer Price (USD/tonne)","21111.01","Meat of cattle with the bone, fresh or chilled","1996","1996","7021","Annual value","USD","2358.9","A","Official value"
"PP","Producer Prices","196","Cyprus","5532","Producer Price (USD/tonne)","21111.01","Meat of cattle with the bone, fresh or chilled","1997","1997","7021","Annual value","USD","2286.4","A","Official value"
"PP","Producer Prices","196","Cyprus","5532","Producer Price (USD/tonne)","21111.01","Meat of cattle with the bone, fresh or chilled","1998","1998","7021","Annual value","USD","2481.5","A","Official value"
"PP","Producer Prices","196","Cyprus","5532","Producer Price (USD/tonne)","21111.01","Meat of cattle with the bone, fresh or chilled","1999","1999","7021","Annual value","USD","2504.8","A","Official value"
"PP","Producer Prices","196","Cyprus","5532","Producer Price (USD/tonne)","21111.01","Meat of cattle with the bone, fresh or chilled","2000","2000","7021","Annual value","USD","2242.9","A","Official value"
"PP","Producer Prices","196","Cyprus","5532","Producer Price (USD/tonne)","21111.01","Meat of cattle with the bone, fresh or chilled","2001","2001","7021","Annual value","USD","2170.7","A","Official value"
"PP","Producer Prices","196","Cyprus","5532","Producer Price (USD/tonne)","21111.01","Meat of cattle with the bone, fresh or chilled","2002","2002","7021","Annual value","USD","2433.4","A","Official value"
"PP","Producer Prices","196","Cyprus","5532","Producer Price (USD/tonne)","21111.01","Meat of cattle with the bone, fresh or chilled","2003","2003","7021","Annual value","USD","3072.8","A","Official value"
"PP","Producer Prices","196","Cyprus","5532","Producer Price (USD/tonne)","21111.01","Meat of cattle with the bone, fresh or chilled","2004","2004","7021","Annual value","USD","3478.4","A","Official value"
"PP","Producer Prices","196","Cyprus","5532","Producer Price (USD/tonne)","21111.01","Meat of cattle with the bone, fresh or chilled","2005","2005","7021","Annual value","USD","3706.3","A","Official value"
"PP","Producer Prices","196","Cyprus","5532","Producer Price (USD/tonne)","21111.01","Meat of cattle with the bone, fresh or chilled","2006","2006","7021","Annual value","USD","3726.2","A","Official value"
"PP","Producer Prices","196","Cyprus","5532","Producer Price (USD/tonne)","21111.01","Meat of cattle with the bone, fresh or chilled","2007","2007","7021","Annual value","USD","3872.1","A","Official value"
"PP","Producer Prices","196","Cyprus","5532","Producer Price (USD/tonne)","21111.01","Meat of cattle with the bone, fresh or chilled","2008","2008","7021","Annual value","USD","4209.9","A","Official value"
"PP","Producer Prices","196","Cyprus","5532","Producer Price (USD/tonne)","21111.01","Meat of cattle with the bone, fresh or chilled","2009","2009","7021","Annual value","USD","3945.3","A","Official value"
"PP","Producer Prices","196","Cyprus","5532","Producer Price (USD/tonne)","21111.01","Meat of cattle with the bone, fresh or chilled","2010","2010","7021","Annual value","USD","3807.7","A","Official value"
"PP","Producer Prices","196","Cyprus","5532","Producer Price (USD/tonne)","21111.01","Meat of cattle with the bone, fresh or chilled","2011","2011","7021","Annual value","USD","4046.7","A","Official value"
"PP","Producer Prices","196","Cyprus","5532","Producer Price (USD/tonne)","21111.01","Meat of cattle with the bone, fresh or chilled","2012","2012","7021","Annual value","USD","3777.5","A","Official value"
"PP","Producer Prices","196","Cyprus","5532","Producer Price (USD/tonne)","21111.01","Meat of cattle with the bone, fresh or chilled","2013","2013","7021","Annual value","USD","3890.3","A","Official value"
"PP","Producer Prices","196","Cyprus","5532","Producer Price (USD/tonne)","21111.01","Meat of cattle with the bone, fresh or chilled","2014","2014","7021","Annual value","USD","3890","A","Official value"
"PP","Producer Prices","196","Cyprus","5532","Producer Price (USD/tonne)","21111.01","Meat of cattle with the bone, fresh or chilled","2015","2015","7021","Annual value","USD","3204.1","A","Official value"
"PP","Producer Prices","196","Cyprus","5532","Producer Price (USD/tonne)","21111.01","Meat of cattle with the bone, fresh or chilled","2016","2016","7021","Annual value","USD","3116","A","Official value"
"PP","Producer Prices","196","Cyprus","5532","Producer Price (USD/tonne)","21111.01","Meat of cattle with the bone, fresh or chilled","2017","2017","7021","Annual value","USD","3176.7","A","Official value"
"PP","Producer Prices","196","Cyprus","5532","Producer Price (USD/tonne)","21111.01","Meat of cattle with the bone, fresh or chilled","2018","2018","7021","Annual value","USD","3370","A","Official value"
"PP","Producer Prices","196","Cyprus","5532","Producer Price (USD/tonne)","21111.01","Meat of cattle with the bone, fresh or chilled","2019","2019","7021","Annual value","USD","2834.1","A","Official value"
"PP","Producer Prices","196","Cyprus","5532","Producer Price (USD/tonne)","21111.01","Meat of cattle with the bone, fresh or chilled","2020","2020","7021","Annual value","USD","2909.5","A","Official value"
"PP","Producer Prices","196","Cyprus","5532","Producer Price (USD/tonne)","21111.01","Meat of cattle with the bone, fresh or chilled","2021","2021","7021","Annual value","USD","2768.4","A","Official value"
"PP","Producer Prices","196","Cyprus","5532","Producer Price (USD/tonne)","21111.01","Meat of cattle with the bone, fresh or chilled","2022","2022","7021","Annual value","USD","2732.2","A","Official value"
"PP","Producer Prices","196","Cyprus","5532","Producer Price (USD/tonne)","21111.01","Meat of cattle with the bone, fresh or chilled","2023","2023","7021","Annual value","USD","3108.1","A","Official value"
"PP","Producer Prices","196","Cyprus","5532","Producer Price (USD/tonne)","21111.01","Meat of cattle with the bone, fresh or chilled","2024","2024","7021","Annual value","USD","3423","A","Official value"
"PP","Producer Prices","203","Czechia","5532","Producer Price (USD/tonne)","21111.01","Meat of cattle with the bone, fresh or chilled","1993","1993","7021","Annual value","USD","1690.1","A","Official value"
"PP","Producer Prices","203","Czechia","5532","Producer Price (USD/tonne)","21111.01","Meat of cattle with the bone, fresh or chilled","1994","1994","7021","Annual value","USD","2060.4","A","Official value"
"PP","Producer Prices","203","Czechia","5532","Producer Price (USD/tonne)","21111.01","Meat of cattle with the bone, fresh or chilled","1995","1995","7021","Annual value","USD","2429.1","A","Official value"
"PP","Producer Prices","203","Czechia","5532","Producer Price (USD/tonne)","21111.01","Meat of cattle with the bone, fresh or chilled","1996","1996","7021","Annual value","USD","2392","A","Official value"
"PP","Producer Prices","203","Czechia","5532","Producer Price (USD/tonne)","21111.01","Meat of cattle with the bone, fresh or chilled","1997","1997","7021","Annual value","USD","2037.6","A","Official value"
"PP","Producer Prices","203","Czechia","5532","Producer Price (USD/tonne)","21111.01","Meat of cattle with the bone, fresh or chilled","1998","1998","7021","Annual value","USD","2221.1","A","Official value"
"PP","Producer Prices","203","Czechia","5532","Producer Price (USD/tonne)","21111.01","Meat of cattle with the bone, fresh or chilled","1999","1999","7021","Annual value","USD","2000.6","A","Official value"
"PP","Producer Prices","203","Czechia","5532","Producer Price (USD/tonne)","21111.01","Meat of cattle with the bone, fresh or chilled","2000","2000","7021","Annual value","USD","1898.7","A","Official value"
"PP","Producer Prices","203","Czechia","5532","Producer Price (USD/tonne)","21111.01","Meat of cattle with the bone, fresh or chilled","2001","2001","7021","Annual value","USD","1610.9","A","Official value"
"PP","Producer Prices","203","Czechia","5532","Producer Price (USD/tonne)","21111.01","Meat of cattle with the bone, fresh or chilled","2002","2002","7021","Annual value","USD","2054.6","A","Official value"
"PP","Producer Prices","203","Czechia","5532","Producer Price (USD/tonne)","21111.01","Meat of cattle with the bone, fresh or chilled","2003","2003","7021","Annual value","USD","2368.7","A","Official value"
"PP","Producer Prices","203","Czechia","5532","Producer Price (USD/tonne)","21111.01","Meat of cattle with the bone, fresh or chilled","2004","2004","7021","Annual value","USD","2680.3","A","Official value"
"PP","Producer Prices","203","Czechia","5532","Producer Price (USD/tonne)","21111.01","Meat of cattle with the bone, fresh or chilled","2005","2005","7021","Annual value","USD","3116.7","A","Official value"
"PP","Producer Prices","203","Czechia","5532","Producer Price (USD/tonne)","21111.01","Meat of cattle with the bone, fresh or chilled","2006","2006","7021","Annual value","USD","3413.2","A","Official value"
"PP","Producer Prices","203","Czechia","5532","Producer Price (USD/tonne)","21111.01","Meat of cattle with the bone, fresh or chilled","2007","2007","7021","Annual value","USD","3056.6","A","Official value"
"PP","Producer Prices","203","Czechia","5532","Producer Price (USD/tonne)","21111.01","Meat of cattle with the bone, fresh or chilled","2008","2008","7021","Annual value","USD","3576.2","A","Official value"
"PP","Producer Prices","203","Czechia","5532","Producer Price (USD/tonne)","21111.01","Meat of cattle with the bone, fresh or chilled","2009","2009","7021","Annual value","USD","3204.5","A","Official value"
"PP","Producer Prices","203","Czechia","5532","Producer Price (USD/tonne)","21111.01","Meat of cattle with the bone, fresh or chilled","2010","2010","7021","Annual value","USD","3143.8","A","Official value"
"PP","Producer Prices","203","Czechia","5532","Producer Price (USD/tonne)","21111.01","Meat of cattle with the bone, fresh or chilled","2011","2011","7021","Annual value","USD","3553.6","A","Official value"
"PP","Producer Prices","203","Czechia","5532","Producer Price (USD/tonne)","21111.01","Meat of cattle with the bone, fresh or chilled","2012","2012","7021","Annual value","USD","3541.6","A","Official value"
"PP","Producer Prices","203","Czechia","5532","Producer Price (USD/tonne)","21111.01","Meat of cattle with the bone, fresh or chilled","2013","2013","7021","Annual value","USD","3753.2","A","Official value"
"PP","Producer Prices","203","Czechia","5532","Producer Price (USD/tonne)","21111.01","Meat of cattle with the bone, fresh or chilled","2014","2014","7021","Annual value","USD","3513.6","A","Official value"
"PP","Producer Prices","203","Czechia","5532","Producer Price (USD/tonne)","21111.01","Meat of cattle with the bone, fresh or chilled","2015","2015","7021","Annual value","USD","2983.4","A","Official value"
"PP","Producer Prices","203","Czechia","5532","Producer Price (USD/tonne)","21111.01","Meat of cattle with the bone, fresh or chilled","2016","2016","7021","Annual value","USD","3010.7","A","Official value"
"PP","Producer Prices","203","Czechia","5532","Producer Price (USD/tonne)","0141","Soya beans","2021","2021","7021","Annual value","USD","492","A","Official value"
"PP","Producer Prices","203","Czechia","5532","Producer Price (USD/tonne)","0141","Soya beans","2022","2022","7021","Annual value","USD","637.1","A","Official value"
"PP","Producer Prices","203","Czechia","5532","Producer Price (USD/tonne)","0141","Soya beans","2023","2023","7021","Annual value","USD","572.4","A","Official value"
"PP","Producer Prices","203","Czechia","5532","Producer Price (USD/tonne)","0141","Soya beans","2024","2024","7021","Annual value","USD","468.8","A","Official value"
"PP","Producer Prices","200","Czechoslovakia","5532","Producer Price (USD/tonne)","21111.01","Meat of cattle with the bone, fresh or chilled","1991","1991","7021","Annual value","USD","1507.5","A","Official value"
"PP","Producer Prices","208","Denmark","5532","Producer Price (USD/tonne)","21111.01","Meat of cattle with the bone, fresh or chilled","1991","1991","7021","Annual value","USD","3185.2","A","Official value"
"PP","Producer Prices","208","Denmark","5532","Producer Price (USD/tonne)","21111.01","Meat of cattle with the bone, fresh or chilled","1992","1992","7021","Annual value","USD","3292.5","A","Official value"
"PP","Producer Prices","208","Denmark","5532","Producer Price (USD/tonne)","21111.01","Meat of cattle with the bone, fresh or chilled","1993","1993","7021","Annual value","USD","3084.4","A","Official value"
"PP","Producer Prices","208","Denmark","5532","Producer Price (USD/tonne)","21111.01","Meat of cattle with the bone, fresh or chilled","1994","1994","7021","Annual value","USD","2977.4","A","Official value"
"PP","Producer Prices","208","Denmark","5532","Producer Price (USD/tonne)","21111.01","Meat of cattle with the bone, fresh or chilled","1995","1995","7021","Annual value","USD","3005.5","A","Official value"
"PP","Producer Prices","208","Denmark","5532","Producer Price (USD/tonne)","21111.01","Meat of cattle with the bone, fresh or chilled","1996","1996","7021","Annual value","USD","2793.9","A","Official value"
"PP","Producer Prices","208","Denmark","5532","Producer Price (USD/tonne)","21111.01","Meat of cattle with the bone, fresh or chilled","1997","1997","7021","Annual value","USD","2596.1","A","Official value"
"PP","Producer Prices","208","Denmark","5532","Producer Price (USD/tonne)","21111.01","Meat of cattle with the bone, fresh or chilled","1998","1998","7021","Annual value","USD","2363.9","A","Official value"
"PP","Producer Prices","208","Denmark","5532","Producer Price (USD/tonne)","21111.01","Meat of cattle with the bone, fresh or chilled","1999","1999","7021","Annual value","USD","2403.4","A","Official value"
"PP","Producer Prices","208","Denmark","5532","Producer Price (USD/tonne)","21111.01","Meat of cattle with the bone, fresh or chilled","2000","2000","7021","Annual value","USD","2074.3","A","Official value"
"PP","Producer Prices","208","Denmark","5532","Producer Price (USD/tonne)","21111.01","Meat of cattle with the bone, fresh or chilled","2001","2001","7021","Annual value","USD","1661.9","A","Official value"
"PP","Producer Prices","208","Denmark","5532","Producer Price (USD/tonne)","21111.01","Meat of cattle with the bone, fresh or chilled","2002","2002","7021","Annual value","USD","1763.1","A","Official value"
"PP","Producer Prices","208","Denmark","5532","Producer Price (USD/tonne)","21111.01","Meat of cattle with the bone, fresh or chilled","2003","2003","7021","Annual value","USD","2090.3","A","Official value"
"PP","Producer Prices","208","Denmark","5532","Producer Price (USD/tonne)","21111.01","Meat of cattle with the bone, fresh or chilled","2004","2004","7021","Annual value","USD","2398.7","A","Official value"
"PP","Producer Prices","208","Denmark","5532","Producer Price (USD/tonne)","21111.01","Meat of cattle with the bone, fresh or chilled","2005","2005","7021","Annual value","USD","2728.9","A","Official value"
"PP","Producer Prices","208","Denmark","5532","Producer Price (USD/tonne)","21111.01","Meat of cattle with the bone, fresh or chilled","2006","2006","7021","Annual value","USD","2965.5","A","Official value"
"PP","Producer Prices","208","Denmark","5532","Producer Price (USD/tonne)","21111.01","Meat of cattle with the bone, fresh or chilled","2007","2007","7021","Annual value","USD","3146.4","A","Official value"
"PP","Producer Prices","208","Denmark","5532","Producer Price (USD/tonne)","21111.01","Meat of cattle with the bone, fresh or chilled","2008","2008","7021","Annual value","USD","3605.5","A","Official value"
"PP","Producer Prices","208","Denmark","5532","Producer Price (USD/tonne)","21111.01","Meat of cattle with the bone, fresh or chilled","2009","2009","7021","Annual value","USD","3142","A","Official value"
"PP","Producer Prices","208","Denmark","5532","Producer Price (USD/tonne)","21111.01","Meat of cattle with the bone, fresh or chilled","2010","2010","7021","Annual value","USD","3179.6","A","Official value"
"PP","Producer Prices","208","Denmark","5532","Producer Price (USD/tonne)","21111.01","Meat of cattle with the bone, fresh or chilled","2011","2011","7021","Annual value","USD","3807.7","A","Official value"
"PP","Producer Prices","208","Denmark","5532","Producer Price (USD/tonne)","21111.01","Meat of cattle with the bone, fresh or chilled","2012","2012","7021","Annual value","USD","3898.8","A","Official value"
"PP","Producer Prices","208","Denmark","5532","Producer Price (USD/tonne)","21111.01","Meat of cattle with the bone, fresh or chilled","2013","2013","7021","Annual value","USD","4053.8","A","Official value"
"PP","Producer Prices","208","Denmark","5532","Producer Price (USD/tonne)","21111.01","Meat of cattle with the bone, fresh or chilled","2014","2014","7021","Annual value","USD","3729.7","A","Official value"
"PP","Producer Prices","208","Denmark","5532","Producer Price (USD/tonne)","21111.01","Meat of cattle with the bone, fresh or chilled","2015","2015","7021","Annual value","USD","3264.6","A","Official value"
"PP","Producer Prices","208","Denmark","5532","Producer Price (USD/tonne)","21111.01","Meat of cattle with the bone, fresh or chilled","2016","2016","7021","Annual value","USD","3070.1","A","Official value"
"PP","Producer Prices","208","Denmark","5532","Producer Price (USD/tonne)","21111.01","Meat of cattle with the bone, fresh or chilled","2017","2017","7021","Annual value","USD","3305.8","A","Official value"
"PP","Producer Prices","208","Denmark","5532","Producer Price (USD/tonne)","21111.01","Meat of cattle with the bone, fresh or chilled","2018","2018","7021","Annual value","USD","3480","A","Official value"
"PP","Producer Prices","208","Denmark","5532","Producer Price (USD/tonne)","21111.01","Meat of cattle with the bone, fresh or chilled","2019","2019","7021","Annual value","USD","3091.6","A","Official value"
"PP","Producer Prices","208","Denmark","5532","Producer Price (USD/tonne)","21111.01","Meat of cattle with the bone, fresh or chilled","2020","2020","7021","Annual value","USD","3103.1","A","Official value"
"PP","Producer Prices","208","Denmark","5532","Producer Price (USD/tonne)","21111.01","Meat of cattle with the bone, fresh or chilled","2021","2021","7021","Annual value","USD","3531","A","Official value"
"PP","Producer Prices","208","Denmark","5532","Producer Price (USD/tonne)","21111.01","Meat of cattle with the bone, fresh or chilled","2022","2022","7021","Annual value","USD","4339.9","A","Official value"
"PP","Producer Prices","208","Denmark","5532","Producer Price (USD/tonne)","21111.01","Meat of cattle with the bone, fresh or chilled","2023","2023","7021","Annual value","USD","4210.1","A","Official value"
"PP","Producer Prices","208","Denmark","5532","Producer Price (USD/tonne)","21111.01","Meat of cattle with the bone, fresh or chilled","2024","2024","7021","Annual value","USD","4078","A","Official value"
"PP","Producer Prices","214","Dominican Republic","5532","Producer Price (USD/tonne)","21111.01","Meat of cattle with the bone, fresh or chilled","1991","1991","7021","Annual value","USD","2423.6","A","Official value"
"PP","Producer Prices","214","Dominican Republic","5532","Producer Price (USD/tonne)","21111.01","Meat of cattle with the bone, fresh or chilled","1992","1992","7021","Annual value","USD","2408.1","A","Official value"
"PP","Producer Prices","214","Dominican Republic","5532","Producer Price (USD/tonne)","21111.01","Meat of cattle with the bone, fresh or chilled","1999","1999","7021","Annual value","USD","2296.3","A","Official value"
"PP","Producer Prices","214","Dominican Republic","5532","Producer Price (USD/tonne)","21111.01","Meat of cattle with the bone, fresh or chilled","2000","2000","7021","Annual value","USD","2159.6","A","Official value"
"PP","Producer Prices","214","Dominican Republic","5532","Producer Price (USD/tonne)","21111.01","Meat of cattle with the bone, fresh or chilled","2001","2001","7021","Annual value","USD","2197.9","A","Official value"
"PP","Producer Prices","214","Dominican Republic","5532","Producer Price (USD/tonne)","21111.01","Meat of cattle with the bone, fresh or chilled","2002","2002","7021","Annual value","USD","1670.6","A","Official value"
"PP","Producer Prices","214","Dominican Republic","5532","Producer Price (USD/tonne)","21111.01","Meat of cattle with the bone, fresh or chilled","2003","2003","7021","Annual value","USD","1323.7","A","Official value"
"PP","Producer Prices","214","Dominican Republic","5532","Producer Price (USD/tonne)","21111.01","Meat of cattle with the bone, fresh or chilled","2006","2006","7021","Annual value","USD","1175.3","A","Official value"
"PP","Producer Prices","214","Dominican Republic","5532","Producer Price (USD/tonne)","21111.01","Meat of cattle with the bone, fresh or chilled","2007","2007","7021","Annual value","USD","1383.8","A","Official value"
"PP","Producer Prices","214","Dominican Republic","5532","Producer Price (USD/tonne)","21111.01","Meat of cattle with the bone, fresh or chilled","2008","2008","7021","Annual value","USD","1264.6","A","Official value"
"PP","Producer Prices","214","Dominican Republic","5532","Producer Price (USD/tonne)","21111.01","Meat of cattle with the bone, fresh or chilled","2009","2009","7021","Annual value","USD","1248.7","A","Official value"
"PP","Producer Prices","214","Dominican Republic","5532","Producer Price (USD/tonne)","21111.01","Meat of cattle with the bone, fresh or chilled","2010","2010","7021","Annual value","USD","1208.5","A","Official value"
"PP","Producer Prices","214","Dominican Republic","5532","Producer Price (USD/tonne)","21111.01","Meat of cattle with the bone, fresh or chilled","2011","2011","7021","Annual value","USD","1276.7","A","Official value"
"PP","Producer Prices","214","Dominican Republic","5532","Producer Price (USD/tonne)","21111.01","Meat of cattle with the bone, fresh or chilled","2012","2012","7021","Annual value","USD","3126.1","A","Official value"
"PP","Producer Prices","214","Dominican Republic","5532","Producer Price (USD/tonne)","21111.01","Meat of cattle with the bone, fresh or chilled","2014","2014","7021","Annual value","USD","2298","A","Official value"
"PP","Producer Prices","214","Dominican Republic","5532","Producer Price (USD/tonne)","21111.01","Meat of cattle with the bone, fresh or chilled","2015","2015","7021","Annual value","USD","2003.6","A","Official value"
"PP","Producer Prices","218","Ecuador","5532","Producer Price (USD/tonne)","01491.01","Oil palm fruit","1991","1991","7021","Annual value","USD","72.7","A","Official value"
"PP","Producer Prices","218","Ecuador","5532","Producer Price (USD/tonne)","01491.01","Oil palm fruit","1992","1992","7021","Annual value","USD","59.6","A","Official value"
"PP","Producer Prices","218","Ecuador","5532","Producer Price (USD/tonne)","01491.01","Oil palm fruit","1993","1993","7021","Annual value","USD","57.4","A","Official value"
"PP","Producer Prices","218","Ecuador","5532","Producer Price (USD/tonne)","01491.01","Oil palm fruit","1994","1994","7021","Annual value","USD","70.3","A","Official value"
"PP","Producer Prices","218","Ecuador","5532","Producer Price (USD/tonne)","01491.01","Oil palm fruit","1995","1995","7021","Annual value","USD","106.5","A","Official value"
"PP","Producer Prices","218","Ecuador","5532","Producer Price (USD/tonne)","01491.01","Oil palm fruit","1996","1996","7021","Annual value","USD","94.4","A","Official value"
"PP","Producer Prices","218","Ecuador","5532","Producer Price (USD/tonne)","01491.01","Oil palm fruit","1997","1997","7021","Annual value","USD","92.5","A","Official value"
"PP","Producer Prices","218","Ecuador","5532","Producer Price (USD/tonne)","01491.01","Oil palm fruit","1998","1998","7021","Annual value","USD","94","A","Official value"
"PP","Producer Prices","218","Ecuador","5532","Producer Price (USD/tonne)","01491.01","Oil palm fruit","1999","1999","7021","Annual value","USD","65.5","A","Official value"
"PP","Producer Prices","218","Ecuador","5532","Producer Price (USD/tonne)","01491.01","Oil palm fruit","2001","2001","7021","Annual value","USD","63.7","A","Official value"
"PP","Producer Prices","218","Ecuador","5532","Producer Price (USD/tonne)","01491.01","Oil palm fruit","2002","2002","7021","Annual value","USD","70","A","Official value"
"PP","Producer Prices","218","Ecuador","5532","Producer Price (USD/tonne)","01491.01","Oil palm fruit","2003","2003","7021","Annual value","USD","79.9","A","Official value"
"PP","Producer Prices","218","Ecuador","5532","Producer Price (USD/tonne)","01491.01","Oil palm fruit","2004","2004","7021","Annual value","USD","81.5","A","Official value"
"PP","Producer Prices","218","Ecuador","5532","Producer Price (USD/tonne)","01491.01","Oil palm fruit","2005","2005","7021","Annual value","USD","74.1","A","Official value"
"PP","Producer Prices","218","Ecuador","5532","Producer Price (USD/tonne)","01491.01","Oil palm fruit","2006","2006","7021","Annual value","USD","76","A","Official value"
"PP","Producer Prices","218","Ecuador","5532","Producer Price (USD/tonne)","01491.01","Oil palm fruit","2007","2007","7021","Annual value","USD","111.9","A","Official value"
"PP","Producer Prices","218","Ecuador","5532","Producer Price (USD/tonne)","01491.01","Oil palm fruit","2008","2008","7021","Annual value","USD","150","A","Official value"
"PP","Producer Prices","218","Ecuador","5532","Producer Price (USD/tonne)","01491.01","Oil palm fruit","2009","2009","7021","Annual value","USD","110","A","Official value"
"PP","Producer Prices","218","Ecuador","5532","Producer Price (USD/tonne)","01491.01","Oil palm fruit","2010","2010","7021","Annual value","USD","130","A","Official value"
"PP","Producer Prices","218","Ecuador","5532","Producer Price (USD/tonne)","01491.01","Oil palm fruit","2011","2011","7021","Annual value","USD","180","A","Official value"
"PP","Producer Prices","218","Ecuador","5532","Producer Price (USD/tonne)","01491.01","Oil palm fruit","2012","2012","7021","Annual value","USD","172.5","A","Official value"
"PP","Producer Prices","218","Ecuador","5532","Producer Price (USD/tonne)","01491.01","Oil palm fruit","2013","2013","7021","Annual value","USD","142.3","A","Official value"
"PP","Producer Prices","218","Ecuador","5532","Producer Price (USD/tonne)","01491.01","Oil palm fruit","2014","2014","7021","Annual value","USD","153.8","A","Official value"
"PP","Producer Prices","218","Ecuador","5532","Producer Price (USD/tonne)","01491.01","Oil palm fruit","2015","2015","7021","Annual value","USD","117.1","A","Official value"
"PP","Producer Prices","218","Ecuador","5532","Producer Price (USD/tonne)","01491.01","Oil palm fruit","2016","2016","7021","Annual value","USD","115.4","A","Official value"
"PP","Producer Prices","218","Ecuador","5532","Producer Price (USD/tonne)","01491.01","Oil palm fruit","2017","2017","7021","Annual value","USD","119.7","A","Official value"
"PP","Producer Prices","218","Ecuador","5532","Producer Price (USD/tonne)","01491.01","Oil palm fruit","2018","2018","7021","Annual value","USD","193.1","A","Official value"
"PP","Producer Prices","218","Ecuador","5532","Producer Price (USD/tonne)","01491.01","Oil palm fruit","2019","2019","7021","Annual value","USD","196.5","A","Official value"
"PP","Producer Prices","218","Ecuador","5532","Producer Price (USD/tonne)","01491.01","Oil palm fruit","2020","2020","7021","Annual value","USD","198.8","A","Official value"
"PP","Producer Prices","218","Ecuador","5532","Producer Price (USD/tonne)","01491.01","Oil palm fruit","2021","2021","7021","Annual value","USD","214.2","A","Official value"
"PP","Producer Prices","218","Ecuador","5532","Producer Price (USD/tonne)","01491.01","Oil palm fruit","2022","2022","7021","Annual value","USD","228.3","A","Official value"
"PP","Producer Prices","218","Ecuador","5532","Producer Price (USD/tonne)","01491.01","Oil palm fruit","2023","2023","7021","Annual value","USD","211.4","A","Official value"
"PP","Producer Prices","218","Ecuador","5532","Producer Price (USD/tonne)","01491.01","Oil palm fruit","2024","2024","7021","Annual value","USD","175.1","A","Official value"
"PP","Producer Prices","218","Ecuador","5532","Producer Price (USD/tonne)","0141","Soya beans","1991","1991","7021","Annual value","USD","341.2","A","Official value"
"PP","Producer Prices","218","Ecuador","5532","Producer Price (USD/tonne)","0141","Soya beans","1992","1992","7021","Annual value","USD","315","A","Official value"
"PP","Producer Prices","218","Ecuador","5532","Producer Price (USD/tonne)","0141","Soya beans","1993","1993","7021","Annual value","USD","280.9","A","Official value"
"PP","Producer Prices","218","Ecuador","5532","Producer Price (USD/tonne)","0141","Soya beans","1994","1994","7021","Annual value","USD","264.8","A","Official value"
"PP","Producer Prices","218","Ecuador","5532","Producer Price (USD/tonne)","0141","Soya beans","1995","1995","7021","Annual value","USD","280.8","A","Official value"
"PP","Producer Prices","218","Ecuador","5532","Producer Price (USD/tonne)","0141","Soya beans","1996","1996","7021","Annual value","USD","294.1","A","Official value"
"PP","Producer Prices","218","Ecuador","5532","Producer Price (USD/tonne)","0141","Soya beans","1997","1997","7021","Annual value","USD","221.6","A","Official value"
"PP","Producer Prices","218","Ecuador","5532","Producer Price (USD/tonne)","0141","Soya beans","1998","1998","7021","Annual value","USD","281.5","A","Official value"
"PP","Producer Prices","218","Ecuador","5532","Producer Price (USD/tonne)","0141","Soya beans","1999","1999","7021","Annual value","USD","238.2","A","Official value"
"PP","Producer Prices","218","Ecuador","5532","Producer Price (USD/tonne)","0141","Soya beans","2000","2000","7021","Annual value","USD","190","A","Official value"
"PP","Producer Prices","218","Ecuador","5532","Producer Price (USD/tonne)","0141","Soya beans","2001","2001","7021","Annual value","USD","227","A","Official value"
"PP","Producer Prices","218","Ecuador","5532","Producer Price (USD/tonne)","0141","Soya beans","2002","2002","7021","Annual value","USD","256","A","Official value"
"PP","Producer Prices","218","Ecuador","5532","Producer Price (USD/tonne)","0141","Soya beans","2003","2003","7021","Annual value","USD","229","A","Official value"
"PP","Producer Prices","218","Ecuador","5532","Producer Price (USD/tonne)","0141","Soya beans","2004","2004","7021","Annual value","USD","242","A","Official value"
"PP","Producer Prices","218","Ecuador","5532","Producer Price (USD/tonne)","0141","Soya beans","2005","2005","7021","Annual value","USD","188","A","Official value"
"PP","Producer Prices","218","Ecuador","5532","Producer Price (USD/tonne)","0141","Soya beans","2006","2006","7021","Annual value","USD","271.9","A","Official value"
"PP","Producer Prices","218","Ecuador","5532","Producer Price (USD/tonne)","0141","Soya beans","2007","2007","7021","Annual value","USD","358.7","A","Official value"
"PP","Producer Prices","218","Ecuador","5532","Producer Price (USD/tonne)","0141","Soya beans","2008","2008","7021","Annual value","USD","469.3","A","Official value"
"PP","Producer Prices","218","Ecuador","5532","Producer Price (USD/tonne)","0141","Soya beans","2009","2009","7021","Annual value","USD","488.3","A","Official value"
"PP","Producer Prices","218","Ecuador","5532","Producer Price (USD/tonne)","0141","Soya beans","2010","2010","7021","Annual value","USD","505.6","A","Official value"
"PP","Producer Prices","218","Ecuador","5532","Producer Price (USD/tonne)","0141","Soya beans","2011","2011","7021","Annual value","USD","498.8","A","Official value"
"PP","Producer Prices","218","Ecuador","5532","Producer Price (USD/tonne)","0141","Soya beans","2012","2012","7021","Annual value","USD","582.7","A","Official value"
"PP","Producer Prices","218","Ecuador","5532","Producer Price (USD/tonne)","0141","Soya beans","2013","2013","7021","Annual value","USD","574.2","A","Official value"
"PP","Producer Prices","218","Ecuador","5532","Producer Price (USD/tonne)","0141","Soya beans","2014","2014","7021","Annual value","USD","579","A","Official value"
"PP","Producer Prices","218","Ecuador","5532","Producer Price (USD/tonne)","0141","Soya beans","2015","2015","7021","Annual value","USD","598.4","A","Official value"
"PP","Producer Prices","218","Ecuador","5532","Producer Price (USD/tonne)","0141","Soya beans","2016","2016","7021","Annual value","USD","592.8","A","Official value"
"PP","Producer Prices","218","Ecuador","5532","Producer Price (USD/tonne)","0141","Soya beans","2017","2017","7021","Annual value","USD","577.1","A","Official value"
"PP","Producer Prices","218","Ecuador","5532","Producer Price (USD/tonne)","0141","Soya beans","2018","2018","7021","Annual value","USD","628","A","Official value"
"PP","Producer Prices","218","Ecuador","5532","Producer Price (USD/tonne)","0141","Soya beans","2019","2019","7021","Annual value","USD","588","A","Official value"
"PP","Producer Prices","218","Ecuador","5532","Producer Price (USD/tonne)","0141","Soya beans","2020","2020","7021","Annual value","USD","507.7","A","Official value"
"PP","Producer Prices","218","Ecuador","5532","Producer Price (USD/tonne)","0141","Soya beans","2021","2021","7021","Annual value","USD","542.3","A","Official value"
"PP","Producer Prices","218","Ecuador","5532","Producer Price (USD/tonne)","0141","Soya beans","2022","2022","7021","Annual value","USD","644.7","A","Official value"
"PP","Producer Prices","218","Ecuador","5532","Producer Price (USD/tonne)","0141","Soya beans","2023","2023","7021","Annual value","USD","558.6","A","Official value"
"PP","Producer Prices","218","Ecuador","5532","Producer Price (USD/tonne)","0141","Soya beans","2024","2024","7021","Annual value","USD","566.9","A","Official value"
"PP","Producer Prices","818","Egypt","5532","Producer Price (USD/tonne)","21111.01","Meat of cattle with the bone, fresh or chilled","1991","1991","7021","Annual value","USD","2333.3","A","Official value"
"PP","Producer Prices","818","Egypt","5532","Producer Price (USD/tonne)","21111.01","Meat of cattle with the bone, fresh or chilled","1992","1992","7021","Annual value","USD","2257.8","A","Official value"
"PP","Producer Prices","818","Egypt","5532","Producer Price (USD/tonne)","21111.01","Meat of cattle with the bone, fresh or chilled","1993","1993","7021","Annual value","USD","2350.2","A","Official value"
"PP","Producer Prices","818","Egypt","5532","Producer Price (USD/tonne)","21111.01","Meat of cattle with the bone, fresh or chilled","1994","1994","7021","Annual value","USD","2384","A","Official value"
"PP","Producer Prices","818","Egypt","5532","Producer Price (USD/tonne)","21111.01","Meat of cattle with the bone, fresh or chilled","1995","1995","7021","Annual value","USD","2626.6","A","Official value"
"PP","Producer Prices","818","Egypt","5532","Producer Price (USD/tonne)","21111.01","Meat of cattle with the bone, fresh or chilled","1996","1996","7021","Annual value","USD","2703.8","A","Official value"
"PP","Producer Prices","818","Egypt","5532","Producer Price (USD/tonne)","21111.01","Meat of cattle with the bone, fresh or chilled","1997","1997","7021","Annual value","USD","2773.9","A","Official value"
"PP","Producer Prices","818","Egypt","5532","Producer Price (USD/tonne)","21111.01","Meat of cattle with the bone, fresh or chilled","1998","1998","7021","Annual value","USD","3461.6","A","Official value"
"PP","Producer Prices","818","Egypt","5532","Producer Price (USD/tonne)","21111.01","Meat of cattle with the bone, fresh or chilled","1999","1999","7021","Annual value","USD","3533.8","A","Official value"
"PP","Producer Prices","818","Egypt","5532","Producer Price (USD/tonne)","21111.01","Meat of cattle with the bone, fresh or chilled","2000","2000","7021","Annual value","USD","3584.3","A","Official value"
"PP","Producer Prices","818","Egypt","5532","Producer Price (USD/tonne)","21111.01","Meat of cattle with the bone, fresh or chilled","2001","2001","7021","Annual value","USD","3243.4","A","Official value"
"PP","Producer Prices","818","Egypt","5532","Producer Price (USD/tonne)","21111.01","Meat of cattle with the bone, fresh or chilled","2002","2002","7021","Annual value","USD","3052.4","A","Official value"
"PP","Producer Prices","818","Egypt","5532","Producer Price (USD/tonne)","21111.01","Meat of cattle with the bone, fresh or chilled","2003","2003","7021","Annual value","USD","2612.6","A","Official value"
"PP","Producer Prices","818","Egypt","5532","Producer Price (USD/tonne)","21111.01","Meat of cattle with the bone, fresh or chilled","2004","2004","7021","Annual value","USD","3009.4","A","Official value"
"PP","Producer Prices","818","Egypt","5532","Producer Price (USD/tonne)","21111.01","Meat of cattle with the bone, fresh or chilled","2005","2005","7021","Annual value","USD","3718.6","A","Official value"
"PP","Producer Prices","818","Egypt","5532","Producer Price (USD/tonne)","21111.01","Meat of cattle with the bone, fresh or chilled","2006","2006","7021","Annual value","USD","3875","A","Official value"
"PP","Producer Prices","818","Egypt","5532","Producer Price (USD/tonne)","21111.01","Meat of cattle with the bone, fresh or chilled","2007","2007","7021","Annual value","USD","3953.7","A","Official value"
"PP","Producer Prices","818","Egypt","5532","Producer Price (USD/tonne)","21111.01","Meat of cattle with the bone, fresh or chilled","2008","2008","7021","Annual value","USD","4483","A","Official value"
"PP","Producer Prices","818","Egypt","5532","Producer Price (USD/tonne)","21111.01","Meat of cattle with the bone, fresh or chilled","2009","2009","7021","Annual value","USD","4797.1","A","Official value"
"PP","Producer Prices","818","Egypt","5532","Producer Price (USD/tonne)","21111.01","Meat of cattle with the bone, fresh or chilled","2010","2010","7021","Annual value","USD","5502.4","A","Official value"
"PP","Producer Prices","818","Egypt","5532","Producer Price (USD/tonne)","21111.01","Meat of cattle with the bone, fresh or chilled","2011","2011","7021","Annual value","USD","5352.6","A","Official value"
"PP","Producer Prices","818","Egypt","5532","Producer Price (USD/tonne)","21111.01","Meat of cattle with the bone, fresh or chilled","2012","2012","7021","Annual value","USD","5575.4","A","Official value"
"PP","Producer Prices","818","Egypt","5532","Producer Price (USD/tonne)","21111.01","Meat of cattle with the bone, fresh or chilled","2013","2013","7021","Annual value","USD","5424.8","A","Official value"
"PP","Producer Prices","818","Egypt","5532","Producer Price (USD/tonne)","21111.01","Meat of cattle with the bone, fresh or chilled","2014","2014","7021","Annual value","USD","5392.9","A","Official value"
"PP","Producer Prices","818","Egypt","5532","Producer Price (USD/tonne)","21111.01","Meat of cattle with the bone, fresh or chilled","2015","2015","7021","Annual value","USD","6172.6","A","Official value"
"PP","Producer Prices","818","Egypt","5532","Producer Price (USD/tonne)","21111.01","Meat of cattle with the bone, fresh or chilled","2016","2016","7021","Annual value","USD","5628.3","A","Official value"
"PP","Producer Prices","818","Egypt","5532","Producer Price (USD/tonne)","21111.01","Meat of cattle with the bone, fresh or chilled","2017","2017","7021","Annual value","USD","4125","A","Official value"
"PP","Producer Prices","818","Egypt","5532","Producer Price (USD/tonne)","21111.01","Meat of cattle with the bone, fresh or chilled","2018","2018","7021","Annual value","USD","4649.7","A","Official value"
"PP","Producer Prices","818","Egypt","5532","Producer Price (USD/tonne)","21111.01","Meat of cattle with the bone, fresh or chilled","2022","2022","7021","Annual value","USD","5763.9","A","Official value"
"PP","Producer Prices","818","Egypt","5532","Producer Price (USD/tonne)","21111.01","Meat of cattle with the bone, fresh or chilled","2023","2023","7021","Annual value","USD","6227.6","A","Official value"
"PP","Producer Prices","818","Egypt","5532","Producer Price (USD/tonne)","0141","Soya beans","1991","1991","7021","Annual value","USD","270.9","A","Official value"
"PP","Producer Prices","818","Egypt","5532","Producer Price (USD/tonne)","0141","Soya beans","1992","1992","7021","Annual value","USD","244.1","A","Official value"
"PP","Producer Prices","818","Egypt","5532","Producer Price (USD/tonne)","0141","Soya beans","1993","1993","7021","Annual value","USD","238.6","A","Official value"
"PP","Producer Prices","818","Egypt","5532","Producer Price (USD/tonne)","0141","Soya beans","1994","1994","7021","Annual value","USD","258.5","A","Official value"
"PP","Producer Prices","818","Egypt","5532","Producer Price (USD/tonne)","0141","Soya beans","1995","1995","7021","Annual value","USD","309.5","A","Official value"
"PP","Producer Prices","818","Egypt","5532","Producer Price (USD/tonne)","0141","Soya beans","1996","1996","7021","Annual value","USD","309.6","A","Official value"
"PP","Producer Prices","818","Egypt","5532","Producer Price (USD/tonne)","0141","Soya beans","1997","1997","7021","Annual value","USD","309.8","A","Official value"
"PP","Producer Prices","818","Egypt","5532","Producer Price (USD/tonne)","0141","Soya beans","1998","1998","7021","Annual value","USD","309.9","A","Official value"
"PP","Producer Prices","818","Egypt","5532","Producer Price (USD/tonne)","0141","Soya beans","1999","1999","7021","Annual value","USD","254.8","A","Official value"
"PP","Producer Prices","818","Egypt","5532","Producer Price (USD/tonne)","0141","Soya beans","2000","2000","7021","Annual value","USD","302.4","A","Official value"
"PP","Producer Prices","818","Egypt","5532","Producer Price (USD/tonne)","0141","Soya beans","2001","2001","7021","Annual value","USD","276.9","A","Official value"
"PP","Producer Prices","818","Egypt","5532","Producer Price (USD/tonne)","0141","Soya beans","2002","2002","7021","Annual value","USD","255.6","A","Official value"
"PP","Producer Prices","818","Egypt","5532","Producer Price (USD/tonne)","0141","Soya beans","2003","2003","7021","Annual value","USD","196.6","A","Official value"
"PP","Producer Prices","818","Egypt","5532","Producer Price (USD/tonne)","0141","Soya beans","2004","2004","7021","Annual value","USD","298.6","A","Official value"
"PP","Producer Prices","818","Egypt","5532","Producer Price (USD/tonne)","0141","Soya beans","2005","2005","7021","Annual value","USD","320.1","A","Official value"
"PP","Producer Prices","818","Egypt","5532","Producer Price (USD/tonne)","0141","Soya beans","2006","2006","7021","Annual value","USD","332.8","A","Official value"
"PP","Producer Prices","818","Egypt","5532","Producer Price (USD/tonne)","0141","Soya beans","2007","2007","7021","Annual value","USD","346.6","A","Official value"
"PP","Producer Prices","818","Egypt","5532","Producer Price (USD/tonne)","0141","Soya beans","2008","2008","7021","Annual value","USD","397.8","A","Official value"
"PP","Producer Prices","818","Egypt","5532","Producer Price (USD/tonne)","0141","Soya beans","2009","2009","7021","Annual value","USD","399.7","A","Official value"
"PP","Producer Prices","818","Egypt","5532","Producer Price (USD/tonne)","0141","Soya beans","2010","2010","7021","Annual value","USD","412.5","A","Official value"
"PP","Producer Prices","818","Egypt","5532","Producer Price (USD/tonne)","0141","Soya beans","2011","2011","7021","Annual value","USD","483.2","A","Official value"
"PP","Producer Prices","818","Egypt","5532","Producer Price (USD/tonne)","0141","Soya beans","2012","2012","7021","Annual value","USD","680.1","A","Official value"
"PP","Producer Prices","818","Egypt","5532","Producer Price (USD/tonne)","0141","Soya beans","2013","2013","7021","Annual value","USD","613.4","A","Official value"
"PP","Producer Prices","818","Egypt","5532","Producer Price (USD/tonne)","0141","Soya beans","2014","2014","7021","Annual value","USD","602.2","A","Official value"
"PP","Producer Prices","818","Egypt","5532","Producer Price (USD/tonne)","0141","Soya beans","2015","2015","7021","Annual value","USD","568.3","A","Official value"
"PP","Producer Prices","818","Egypt","5532","Producer Price (USD/tonne)","0141","Soya beans","2016","2016","7021","Annual value","USD","440.9","A","Official value"
"PP","Producer Prices","818","Egypt","5532","Producer Price (USD/tonne)","0141","Soya beans","2017","2017","7021","Annual value","USD","301.3","A","Official value"
"PP","Producer Prices","818","Egypt","5532","Producer Price (USD/tonne)","0141","Soya beans","2018","2018","7021","Annual value","USD","316.3","A","Official value"
"PP","Producer Prices","818","Egypt","5532","Producer Price (USD/tonne)","0141","Soya beans","2022","2022","7021","Annual value","USD","1146.2","A","Official value"
"PP","Producer Prices","818","Egypt","5532","Producer Price (USD/tonne)","0141","Soya beans","2023","2023","7021","Annual value","USD","870.4","A","Official value"
"PP","Producer Prices","222","El Salvador","5532","Producer Price (USD/tonne)","21111.01","Meat of cattle with the bone, fresh or chilled","2005","2005","7021","Annual value","USD","2513.3","A","Official value"
"PP","Producer Prices","222","El Salvador","5532","Producer Price (USD/tonne)","21111.01","Meat of cattle with the bone, fresh or chilled","2006","2006","7021","Annual value","USD","2645.5","A","Official value"
"PP","Producer Prices","233","Estonia","5532","Producer Price (USD/tonne)","21111.01","Meat of cattle with the bone, fresh or chilled","1992","1992","7021","Annual value","USD","1145.4","A","Official value"
"PP","Producer Prices","233","Estonia","5532","Producer Price (USD/tonne)","21111.01","Meat of cattle with the bone, fresh or chilled","1993","1993","7021","Annual value","USD","1123.7","A","Official value"
"PP","Producer Prices","233","Estonia","5532","Producer Price (USD/tonne)","21111.01","Meat of cattle with the bone, fresh or chilled","1994","1994","7021","Annual value","USD","1250.2","A","Official value"
"PP","Producer Prices","233","Estonia","5532","Producer Price (USD/tonne)","21111.01","Meat of cattle with the bone, fresh or chilled","1995","1995","7021","Annual value","USD","1370.2","A","Official value"
"PP","Producer Prices","233","Estonia","5532","Producer Price (USD/tonne)","21111.01","Meat of cattle with the bone, fresh or chilled","1996","1996","7021","Annual value","USD","1567","A","Official value"
"PP","Producer Prices","233","Estonia","5532","Producer Price (USD/tonne)","21111.01","Meat of cattle with the bone, fresh or chilled","1997","1997","7021","Annual value","USD","1362.8","A","Official value"
"PP","Producer Prices","233","Estonia","5532","Producer Price (USD/tonne)","21111.01","Meat of cattle with the bone, fresh or chilled","1998","1998","7021","Annual value","USD","1048.1","A","Official value"
"PP","Producer Prices","233","Estonia","5532","Producer Price (USD/tonne)","21111.01","Meat of cattle with the bone, fresh or chilled","1999","1999","7021","Annual value","USD","1051.8","A","Official value"
"PP","Producer Prices","233","Estonia","5532","Producer Price (USD/tonne)","21111.01","Meat of cattle with the bone, fresh or chilled","2000","2000","7021","Annual value","USD","1025.5","A","Official value"
"PP","Producer Prices","233","Estonia","5532","Producer Price (USD/tonne)","21111.01","Meat of cattle with the bone, fresh or chilled","2001","2001","7021","Annual value","USD","1563.6","A","Official value"
"PP","Producer Prices","233","Estonia","5532","Producer Price (USD/tonne)","21111.01","Meat of cattle with the bone, fresh or chilled","2002","2002","7021","Annual value","USD","1570.3","A","Official value"
"PP","Producer Prices","233","Estonia","5532","Producer Price (USD/tonne)","21111.01","Meat of cattle with the bone, fresh or chilled","2003","2003","7021","Annual value","USD","915.7","A","Official value"
"PP","Producer Prices","233","Estonia","5532","Producer Price (USD/tonne)","21111.01","Meat of cattle with the bone, fresh or chilled","2004","2004","7021","Annual value","USD","2217.2","A","Official value"
"PP","Producer Prices","233","Estonia","5532","Producer Price (USD/tonne)","21111.01","Meat of cattle with the bone, fresh or chilled","2005","2005","7021","Annual value","USD","2303.6","A","Official value"
"PP","Producer Prices","233","Estonia","5532","Producer Price (USD/tonne)","21111.01","Meat of cattle with the bone, fresh or chilled","2006","2006","7021","Annual value","USD","2304.6","A","Official value"
"PP","Producer Prices","233","Estonia","5532","Producer Price (USD/tonne)","21111.01","Meat of cattle with the bone, fresh or chilled","2007","2007","7021","Annual value","USD","2509","A","Official value"
"PP","Producer Prices","233","Estonia","5532","Producer Price (USD/tonne)","21111.01","Meat of cattle with the bone, fresh or chilled","2008","2008","7021","Annual value","USD","3266.4","A","Official value"
"PP","Producer Prices","233","Estonia","5532","Producer Price (USD/tonne)","21111.01","Meat of cattle with the bone, fresh or chilled","2009","2009","7021","Annual value","USD","3116.6","A","Official value"
"PP","Producer Prices","233","Estonia","5532","Producer Price (USD/tonne)","21111.01","Meat of cattle with the bone, fresh or chilled","2010","2010","7021","Annual value","USD","2730.3","A","Official value"
"PP","Producer Prices","233","Estonia","5532","Producer Price (USD/tonne)","21111.01","Meat of cattle with the bone, fresh or chilled","2011","2011","7021","Annual value","USD","3897.7","A","Official value"
"PP","Producer Prices","233","Estonia","5532","Producer Price (USD/tonne)","21111.01","Meat of cattle with the bone, fresh or chilled","2012","2012","7021","Annual value","USD","2690.1","A","Official value"
"PP","Producer Prices","233","Estonia","5532","Producer Price (USD/tonne)","21111.01","Meat of cattle with the bone, fresh or chilled","2013","2013","7021","Annual value","USD","2897.2","A","Official value"
"PP","Producer Prices","233","Estonia","5532","Producer Price (USD/tonne)","21111.01","Meat of cattle with the bone, fresh or chilled","2014","2014","7021","Annual value","USD","2640.9","A","Official value"
"PP","Producer Prices","233","Estonia","5532","Producer Price (USD/tonne)","21111.01","Meat of cattle with the bone, fresh or chilled","2015","2015","7021","Annual value","USD","2190.7","A","Official value"
"PP","Producer Prices","233","Estonia","5532","Producer Price (USD/tonne)","21111.01","Meat of cattle with the bone, fresh or chilled","2016","2016","7021","Annual value","USD","2163.9","A","Official value"
"PP","Producer Prices","233","Estonia","5532","Producer Price (USD/tonne)","21111.01","Meat of cattle with the bone, fresh or chilled","2017","2017","7021","Annual value","USD","2444.5","A","Official value"
"PP","Producer Prices","233","Estonia","5532","Producer Price (USD/tonne)","21111.01","Meat of cattle with the bone, fresh or chilled","2018","2018","7021","Annual value","USD","2651.1","A","Official value"
"PP","Producer Prices","233","Estonia","5532","Producer Price (USD/tonne)","21111.01","Meat of cattle with the bone, fresh or chilled","2019","2019","7021","Annual value","USD","2362.4","A","Official value"
"PP","Producer Prices","233","Estonia","5532","Producer Price (USD/tonne)","21111.01","Meat of cattle with the bone, fresh or chilled","2020","2020","7021","Annual value","USD","2339.6","A","Official value"
"PP","Producer Prices","233","Estonia","5532","Producer Price (USD/tonne)","21111.01","Meat of cattle with the bone, fresh or chilled","2021","2021","7021","Annual value","USD","2574.6","A","Official value"
"PP","Producer Prices","233","Estonia","5532","Producer Price (USD/tonne)","21111.01","Meat of cattle with the bone, fresh or chilled","2022","2022","7021","Annual value","USD","3320.2","A","Official value"
"PP","Producer Prices","233","Estonia","5532","Producer Price (USD/tonne)","21111.01","Meat of cattle with the bone, fresh or chilled","2023","2023","7021","Annual value","USD","3212","A","Official value"
"PP","Producer Prices","233","Estonia","5532","Producer Price (USD/tonne)","21111.01","Meat of cattle with the bone, fresh or chilled","2024","2024","7021","Annual value","USD","3300.6","A","Official value"
"PP","Producer Prices","231","Ethiopia","5532","Producer Price (USD/tonne)","0141","Soya beans","1994","1994","7021","Annual value","USD","389.8","A","Official value"
"PP","Producer Prices","231","Ethiopia","5532","Producer Price (USD/tonne)","0141","Soya beans","1995","1995","7021","Annual value","USD","308.5","A","Official value"
"PP","Producer Prices","231","Ethiopia","5532","Producer Price (USD/tonne)","0141","Soya beans","1996","1996","7021","Annual value","USD","354.2","A","Official value"
"PP","Producer Prices","231","Ethiopia","5532","Producer Price (USD/tonne)","0141","Soya beans","1997","1997","7021","Annual value","USD","265.3","A","Official value"
"PP","Producer Prices","231","Ethiopia","5532","Producer Price (USD/tonne)","0141","Soya beans","1998","1998","7021","Annual value","USD","240.3","A","Official value"
"PP","Producer Prices","231","Ethiopia","5532","Producer Price (USD/tonne)","0141","Soya beans","1999","1999","7021","Annual value","USD","185.1","A","Official value"
"PP","Producer Prices","231","Ethiopia","5532","Producer Price (USD/tonne)","0141","Soya beans","2000","2000","7021","Annual value","USD","158.2","A","Official value"
"PP","Producer Prices","231","Ethiopia","5532","Producer Price (USD/tonne)","0141","Soya beans","2001","2001","7021","Annual value","USD","131.2","A","Official value"
"PP","Producer Prices","231","Ethiopia","5532","Producer Price (USD/tonne)","0141","Soya beans","2002","2002","7021","Annual value","USD","176.2","A","Official value"
"PP","Producer Prices","231","Ethiopia","5532","Producer Price (USD/tonne)","0141","Soya beans","2003","2003","7021","Annual value","USD","171.9","A","Official value"
"PP","Producer Prices","231","Ethiopia","5532","Producer Price (USD/tonne)","0141","Soya beans","2004","2004","7021","Annual value","USD","191.4","A","Official value"
"PP","Producer Prices","231","Ethiopia","5532","Producer Price (USD/tonne)","0141","Soya beans","2005","2005","7021","Annual value","USD","171.9","A","Official value"
"PP","Producer Prices","231","Ethiopia","5532","Producer Price (USD/tonne)","0141","Soya beans","2006","2006","7021","Annual value","USD","333.4","A","Official value"
"PP","Producer Prices","231","Ethiopia","5532","Producer Price (USD/tonne)","0141","Soya beans","2007","2007","7021","Annual value","USD","316.8","A","Official value"
"PP","Producer Prices","231","Ethiopia","5532","Producer Price (USD/tonne)","0141","Soya beans","2008","2008","7021","Annual value","USD","464.6","A","Official value"
"PP","Producer Prices","231","Ethiopia","5532","Producer Price (USD/tonne)","0141","Soya beans","2010","2010","7021","Annual value","USD","262.3","A","Official value"
"PP","Producer Prices","231","Ethiopia","5532","Producer Price (USD/tonne)","0141","Soya beans","2011","2011","7021","Annual value","USD","379.9","A","Official value"
"PP","Producer Prices","231","Ethiopia","5532","Producer Price (USD/tonne)","0141","Soya beans","2012","2012","7021","Annual value","USD","890.7","A","Official value"
"PP","Producer Prices","231","Ethiopia","5532","Producer Price (USD/tonne)","0141","Soya beans","2013","2013","7021","Annual value","USD","431.6","A","Official value"
"PP","Producer Prices","231","Ethiopia","5532","Producer Price (USD/tonne)","0141","Soya beans","2014","2014","7021","Annual value","USD","399.8","A","Official value"
"PP","Producer Prices","231","Ethiopia","5532","Producer Price (USD/tonne)","0141","Soya beans","2015","2015","7021","Annual value","USD","417","A","Official value"
"PP","Producer Prices","231","Ethiopia","5532","Producer Price (USD/tonne)","0141","Soya beans","2016","2016","7021","Annual value","USD","386.1","A","Official value"
"PP","Producer Prices","231","Ethiopia","5532","Producer Price (USD/tonne)","0141","Soya beans","2017","2017","7021","Annual value","USD","421.9","A","Official value"
"PP","Producer Prices","231","Ethiopia","5532","Producer Price (USD/tonne)","0141","Soya beans","2018","2018","7021","Annual value","USD","375.1","A","Official value"
"PP","Producer Prices","230","Ethiopia PDR","5532","Producer Price (USD/tonne)","0141","Soya beans","1991","1991","7021","Annual value","USD","468.7","A","Official value"
"PP","Producer Prices","230","Ethiopia PDR","5532","Producer Price (USD/tonne)","0141","Soya beans","1992","1992","7021","Annual value","USD","318.1","A","Official value"
"PP","Producer Prices","242","Fiji","5532","Producer Price (USD/tonne)","21111.01","Meat of cattle with the bone, fresh or chilled","1998","1998","7021","Annual value","USD","805.3","A","Official value"
"PP","Producer Prices","242","Fiji","5532","Producer Price (USD/tonne)","21111.01","Meat of cattle with the bone, fresh or chilled","1999","1999","7021","Annual value","USD","812.3","A","Official value"
"PP","Producer Prices","242","Fiji","5532","Producer Price (USD/tonne)","21111.01","Meat of cattle with the bone, fresh or chilled","2000","2000","7021","Annual value","USD","751.7","A","Official value"
"PP","Producer Prices","242","Fiji","5532","Producer Price (USD/tonne)","21111.01","Meat of cattle with the bone, fresh or chilled","2001","2001","7021","Annual value","USD","878.5","A","Official value"
"PP","Producer Prices","242","Fiji","5532","Producer Price (USD/tonne)","21111.01","Meat of cattle with the bone, fresh or chilled","2002","2002","7021","Annual value","USD","914.6","A","Official value"
"PP","Producer Prices","242","Fiji","5532","Producer Price (USD/tonne)","21111.01","Meat of cattle with the bone, fresh or chilled","2003","2003","7021","Annual value","USD","1318.8","A","Official value"
"PP","Producer Prices","242","Fiji","5532","Producer Price (USD/tonne)","21111.01","Meat of cattle with the bone, fresh or chilled","2004","2004","7021","Annual value","USD","1442.6","A","Official value"
"PP","Producer Prices","242","Fiji","5532","Producer Price (USD/tonne)","21111.01","Meat of cattle with the bone, fresh or chilled","2005","2005","7021","Annual value","USD","1655.9","A","Official value"
"PP","Producer Prices","242","Fiji","5532","Producer Price (USD/tonne)","21111.01","Meat of cattle with the bone, fresh or chilled","2006","2006","7021","Annual value","USD","1617.4","A","Official value"
"PP","Producer Prices","242","Fiji","5532","Producer Price (USD/tonne)","21111.01","Meat of cattle with the bone, fresh or chilled","2007","2007","7021","Annual value","USD","1863","A","Official value"
"PP","Producer Prices","242","Fiji","5532","Producer Price (USD/tonne)","21111.01","Meat of cattle with the bone, fresh or chilled","2008","2008","7021","Annual value","USD","1882.4","A","Official value"
"PP","Producer Prices","242","Fiji","5532","Producer Price (USD/tonne)","21111.01","Meat of cattle with the bone, fresh or chilled","2009","2009","7021","Annual value","USD","2164.6","A","Official value"
"PP","Producer Prices","242","Fiji","5532","Producer Price (USD/tonne)","21111.01","Meat of cattle with the bone, fresh or chilled","2010","2010","7021","Annual value","USD","2206.8","A","Official value"
"PP","Producer Prices","242","Fiji","5532","Producer Price (USD/tonne)","21111.01","Meat of cattle with the bone, fresh or chilled","2011","2011","7021","Annual value","USD","2360.8","A","Official value"
"PP","Producer Prices","242","Fiji","5532","Producer Price (USD/tonne)","21111.01","Meat of cattle with the bone, fresh or chilled","2012","2012","7021","Annual value","USD","2365.1","A","Official value"
"PP","Producer Prices","242","Fiji","5532","Producer Price (USD/tonne)","21111.01","Meat of cattle with the bone, fresh or chilled","2013","2013","7021","Annual value","USD","2299","A","Official value"
"PP","Producer Prices","242","Fiji","5532","Producer Price (USD/tonne)","21111.01","Meat of cattle with the bone, fresh or chilled","2014","2014","7021","Annual value","USD","2243","A","Official value"
"PP","Producer Prices","242","Fiji","5532","Producer Price (USD/tonne)","21111.01","Meat of cattle with the bone, fresh or chilled","2015","2015","7021","Annual value","USD","1906.9","A","Official value"
"PP","Producer Prices","242","Fiji","5532","Producer Price (USD/tonne)","21111.01","Meat of cattle with the bone, fresh or chilled","2016","2016","7021","Annual value","USD","2387","A","Official value"
"PP","Producer Prices","242","Fiji","5532","Producer Price (USD/tonne)","21111.01","Meat of cattle with the bone, fresh or chilled","2017","2017","7021","Annual value","USD","2419.1","A","Official value"
"PP","Producer Prices","242","Fiji","5532","Producer Price (USD/tonne)","21111.01","Meat of cattle with the bone, fresh or chilled","2018","2018","7021","Annual value","USD","2395.3","A","Official value"
"PP","Producer Prices","242","Fiji","5532","Producer Price (USD/tonne)","21111.01","Meat of cattle with the bone, fresh or chilled","2019","2019","7021","Annual value","USD","2314.4","A","Official value"
"PP","Producer Prices","242","Fiji","5532","Producer Price (USD/tonne)","21111.01","Meat of cattle with the bone, fresh or chilled","2020","2020","7021","Annual value","USD","2305.4","A","Official value"
"PP","Producer Prices","242","Fiji","5532","Producer Price (USD/tonne)","21111.01","Meat of cattle with the bone, fresh or chilled","2021","2021","7021","Annual value","USD","2414.7","A","Official value"
"PP","Producer Prices","242","Fiji","5532","Producer Price (USD/tonne)","21111.01","Meat of cattle with the bone, fresh or chilled","2022","2022","7021","Annual value","USD","2271.3","A","Official value"
"PP","Producer Prices","242","Fiji","5532","Producer Price (USD/tonne)","21111.01","Meat of cattle with the bone, fresh or chilled","2023","2023","7021","Annual value","USD","2222.1","A","Official value"
"PP","Producer Prices","242","Fiji","5532","Producer Price (USD/tonne)","21111.01","Meat of cattle with the bone, fresh or chilled","2024","2024","7021","Annual value","USD","2204.3","A","Official value"
"PP","Producer Prices","246","Finland","5532","Producer Price (USD/tonne)","21111.01","Meat of cattle with the bone, fresh or chilled","1991","1991","7021","Annual value","USD","7279.9","A","Official value"
"PP","Producer Prices","246","Finland","5532","Producer Price (USD/tonne)","21111.01","Meat of cattle with the bone, fresh or chilled","1992","1992","7021","Annual value","USD","6706.2","A","Official value"
"PP","Producer Prices","246","Finland","5532","Producer Price (USD/tonne)","21111.01","Meat of cattle with the bone, fresh or chilled","1993","1993","7021","Annual value","USD","4113.9","A","Official value"
"PP","Producer Prices","246","Finland","5532","Producer Price (USD/tonne)","21111.01","Meat of cattle with the bone, fresh or chilled","1994","1994","7021","Annual value","USD","4671.2","A","Official value"
"PP","Producer Prices","246","Finland","5532","Producer Price (USD/tonne)","21111.01","Meat of cattle with the bone, fresh or chilled","1995","1995","7021","Annual value","USD","3302.3","A","Official value"
"PP","Producer Prices","246","Finland","5532","Producer Price (USD/tonne)","21111.01","Meat of cattle with the bone, fresh or chilled","1996","1996","7021","Annual value","USD","2884.5","A","Official value"
"PP","Producer Prices","246","Finland","5532","Producer Price (USD/tonne)","21111.01","Meat of cattle with the bone, fresh or chilled","1997","1997","7021","Annual value","USD","2396.2","A","Official value"
"PP","Producer Prices","246","Finland","5532","Producer Price (USD/tonne)","21111.01","Meat of cattle with the bone, fresh or chilled","1998","1998","7021","Annual value","USD","2488.7","A","Official value"
"PP","Producer Prices","246","Finland","5532","Producer Price (USD/tonne)","21111.01","Meat of cattle with the bone, fresh or chilled","1999","1999","7021","Annual value","USD","2300.8","A","Official value"
"PP","Producer Prices","246","Finland","5532","Producer Price (USD/tonne)","21111.01","Meat of cattle with the bone, fresh or chilled","2000","2000","7021","Annual value","USD","1898.2","A","Official value"
"PP","Producer Prices","246","Finland","5532","Producer Price (USD/tonne)","21111.01","Meat of cattle with the bone, fresh or chilled","2001","2001","7021","Annual value","USD","1863.2","A","Official value"
"PP","Producer Prices","246","Finland","5532","Producer Price (USD/tonne)","21111.01","Meat of cattle with the bone, fresh or chilled","2002","2002","7021","Annual value","USD","1788.1","A","Official value"
"PP","Producer Prices","246","Finland","5532","Producer Price (USD/tonne)","21111.01","Meat of cattle with the bone, fresh or chilled","2003","2003","7021","Annual value","USD","2099.2","A","Official value"
"PP","Producer Prices","246","Finland","5532","Producer Price (USD/tonne)","21111.01","Meat of cattle with the bone, fresh or chilled","2004","2004","7021","Annual value","USD","2359.2","A","Official value"
"PP","Producer Prices","246","Finland","5532","Producer Price (USD/tonne)","21111.01","Meat of cattle with the bone, fresh or chilled","2005","2005","7021","Annual value","USD","2549.4","A","Official value"
"PP","Producer Prices","246","Finland","5532","Producer Price (USD/tonne)","21111.01","Meat of cattle with the bone, fresh or chilled","2006","2006","7021","Annual value","USD","2659.5","A","Official value"
"PP","Producer Prices","246","Finland","5532","Producer Price (USD/tonne)","21111.01","Meat of cattle with the bone, fresh or chilled","2007","2007","7021","Annual value","USD","3024.8","A","Official value"
"PP","Producer Prices","246","Finland","5532","Producer Price (USD/tonne)","21111.01","Meat of cattle with the bone, fresh or chilled","2008","2008","7021","Annual value","USD","3530.2","A","Official value"
"PP","Producer Prices","246","Finland","5532","Producer Price (USD/tonne)","21111.01","Meat of cattle with the bone, fresh or chilled","2009","2009","7021","Annual value","USD","3431.3","A","Official value"
"PP","Producer Prices","246","Finland","5532","Producer Price (USD/tonne)","21111.01","Meat of cattle with the bone, fresh or chilled","2010","2010","7021","Annual value","USD","3178.6","A","Official value"
"PP","Producer Prices","246","Finland","5532","Producer Price (USD/tonne)","21111.01","Meat of cattle with the bone, fresh or chilled","2011","2011","7021","Annual value","USD","3517","A","Official value"
"PP","Producer Prices","246","Finland","5532","Producer Price (USD/tonne)","21111.01","Meat of cattle with the bone, fresh or chilled","2012","2012","7021","Annual value","USD","3610.5","A","Official value"
"PP","Producer Prices","246","Finland","5532","Producer Price (USD/tonne)","21111.01","Meat of cattle with the bone, fresh or chilled","2013","2013","7021","Annual value","USD","4122.6","A","Official value"
"PP","Producer Prices","246","Finland","5532","Producer Price (USD/tonne)","21111.01","Meat of cattle with the bone, fresh or chilled","2014","2014","7021","Annual value","USD","4021.3","A","Official value"
"PP","Producer Prices","246","Finland","5532","Producer Price (USD/tonne)","21111.01","Meat of cattle with the bone, fresh or chilled","2015","2015","7021","Annual value","USD","3215.2","A","Official value"
"PP","Producer Prices","246","Finland","5532","Producer Price (USD/tonne)","21111.01","Meat of cattle with the bone, fresh or chilled","2016","2016","7021","Annual value","USD","3147","A","Official value"
"PP","Producer Prices","246","Finland","5532","Producer Price (USD/tonne)","21111.01","Meat of cattle with the bone, fresh or chilled","2017","2017","7021","Annual value","USD","3368.7","A","Official value"
"PP","Producer Prices","246","Finland","5532","Producer Price (USD/tonne)","21111.01","Meat of cattle with the bone, fresh or chilled","2018","2018","7021","Annual value","USD","3683.4","A","Official value"
"PP","Producer Prices","246","Finland","5532","Producer Price (USD/tonne)","21111.01","Meat of cattle with the bone, fresh or chilled","2019","2019","7021","Annual value","USD","3543.1","A","Official value"
"PP","Producer Prices","246","Finland","5532","Producer Price (USD/tonne)","21111.01","Meat of cattle with the bone, fresh or chilled","2020","2020","7021","Annual value","USD","3604.8","A","Official value"
"PP","Producer Prices","246","Finland","5532","Producer Price (USD/tonne)","21111.01","Meat of cattle with the bone, fresh or chilled","2021","2021","7021","Annual value","USD","3793","A","Official value"
"PP","Producer Prices","246","Finland","5532","Producer Price (USD/tonne)","21111.01","Meat of cattle with the bone, fresh or chilled","2022","2022","7021","Annual value","USD","4047.9","A","Official value"
"PP","Producer Prices","246","Finland","5532","Producer Price (USD/tonne)","21111.01","Meat of cattle with the bone, fresh or chilled","2023","2023","7021","Annual value","USD","4514.3","A","Official value"
"PP","Producer Prices","246","Finland","5532","Producer Price (USD/tonne)","21111.01","Meat of cattle with the bone, fresh or chilled","2024","2024","7021","Annual value","USD","4343.5","A","Official value"
"PP","Producer Prices","250","France","5532","Producer Price (USD/tonne)","21111.01","Meat of cattle with the bone, fresh or chilled","1991","1991","7021","Annual value","USD","3773.4","A","Official value"
"PP","Producer Prices","250","France","5532","Producer Price (USD/tonne)","21111.01","Meat of cattle with the bone, fresh or chilled","1992","1992","7021","Annual value","USD","3983.9","A","Official value"
"PP","Producer Prices","250","France","5532","Producer Price (USD/tonne)","21111.01","Meat of cattle with the bone, fresh or chilled","1993","1993","7021","Annual value","USD","3784.1","A","Official value"
"PP","Producer Prices","250","France","5532","Producer Price (USD/tonne)","21111.01","Meat of cattle with the bone, fresh or chilled","1994","1994","7021","Annual value","USD","3928.3","A","Official value"
"PP","Producer Prices","250","France","5532","Producer Price (USD/tonne)","21111.01","Meat of cattle with the bone, fresh or chilled","1995","1995","7021","Annual value","USD","4004.2","A","Official value"
"PP","Producer Prices","250","France","5532","Producer Price (USD/tonne)","21111.01","Meat of cattle with the bone, fresh or chilled","1996","1996","7021","Annual value","USD","3745.9","A","Official value"
"PP","Producer Prices","250","France","5532","Producer Price (USD/tonne)","21111.01","Meat of cattle with the bone, fresh or chilled","1997","1997","7021","Annual value","USD","3444.3","A","Official value"
"PP","Producer Prices","250","France","5532","Producer Price (USD/tonne)","21111.01","Meat of cattle with the bone, fresh or chilled","1998","1998","7021","Annual value","USD","3608.6","A","Official value"
"PP","Producer Prices","250","France","5532","Producer Price (USD/tonne)","21111.01","Meat of cattle with the bone, fresh or chilled","1999","1999","7021","Annual value","USD","3384.1","A","Official value"
"PP","Producer Prices","250","France","5532","Producer Price (USD/tonne)","21111.01","Meat of cattle with the bone, fresh or chilled","2000","2000","7021","Annual value","USD","2933.8","A","Official value"
"PP","Producer Prices","250","France","5532","Producer Price (USD/tonne)","21111.01","Meat of cattle with the bone, fresh or chilled","2001","2001","7021","Annual value","USD","2551.2","A","Official value"
"PP","Producer Prices","250","France","5532","Producer Price (USD/tonne)","21111.01","Meat of cattle with the bone, fresh or chilled","2002","2002","7021","Annual value","USD","2716","A","Official value"
"PP","Producer Prices","250","France","5532","Producer Price (USD/tonne)","21111.01","Meat of cattle with the bone, fresh or chilled","2003","2003","7021","Annual value","USD","3399.6","A","Official value"
"PP","Producer Prices","250","France","5532","Producer Price (USD/tonne)","21111.01","Meat of cattle with the bone, fresh or chilled","2004","2004","7021","Annual value","USD","3997.9","A","Official value"
"PP","Producer Prices","250","France","5532","Producer Price (USD/tonne)","21111.01","Meat of cattle with the bone, fresh or chilled","2005","2005","7021","Annual value","USD","4156.1","A","Official value"
"PP","Producer Prices","250","France","5532","Producer Price (USD/tonne)","21111.01","Meat of cattle with the bone, fresh or chilled","2006","2006","7021","Annual value","USD","4473.2","A","Official value"
"PP","Producer Prices","250","France","5532","Producer Price (USD/tonne)","21111.01","Meat of cattle with the bone, fresh or chilled","2007","2007","7021","Annual value","USD","4737.9","A","Official value"
"PP","Producer Prices","250","France","5532","Producer Price (USD/tonne)","21111.01","Meat of cattle with the bone, fresh or chilled","2008","2008","7021","Annual value","USD","5161.4","A","Official value"
"PP","Producer Prices","250","France","5532","Producer Price (USD/tonne)","21111.01","Meat of cattle with the bone, fresh or chilled","2009","2009","7021","Annual value","USD","4691.8","A","Official value"
"PP","Producer Prices","250","France","5532","Producer Price (USD/tonne)","21111.01","Meat of cattle with the bone, fresh or chilled","2010","2010","7021","Annual value","USD","4543.9","A","Official value"
"PP","Producer Prices","250","France","5532","Producer Price (USD/tonne)","21111.01","Meat of cattle with the bone, fresh or chilled","2011","2011","7021","Annual value","USD","4975.1","A","Official value"
"PP","Producer Prices","250","France","5532","Producer Price (USD/tonne)","21111.01","Meat of cattle with the bone, fresh or chilled","2012","2012","7021","Annual value","USD","5136.5","A","Official value"
"PP","Producer Prices","250","France","5532","Producer Price (USD/tonne)","21111.01","Meat of cattle with the bone, fresh or chilled","2013","2013","7021","Annual value","USD","5605.3","A","Official value"
"PP","Producer Prices","250","France","5532","Producer Price (USD/tonne)","21111.01","Meat of cattle with the bone, fresh or chilled","2014","2014","7021","Annual value","USD","5321.8","A","Official value"
"PP","Producer Prices","250","France","5532","Producer Price (USD/tonne)","21111.01","Meat of cattle with the bone, fresh or chilled","2015","2015","7021","Annual value","USD","4358","A","Official value"
"PP","Producer Prices","250","France","5532","Producer Price (USD/tonne)","21111.01","Meat of cattle with the bone, fresh or chilled","2016","2016","7021","Annual value","USD","4159.7","A","Official value"
"PP","Producer Prices","250","France","5532","Producer Price (USD/tonne)","21111.01","Meat of cattle with the bone, fresh or chilled","2017","2017","7021","Annual value","USD","4445.9","A","Official value"
"PP","Producer Prices","250","France","5532","Producer Price (USD/tonne)","21111.01","Meat of cattle with the bone, fresh or chilled","2018","2018","7021","Annual value","USD","4551.8","A","Official value"
"PP","Producer Prices","250","France","5532","Producer Price (USD/tonne)","21111.01","Meat of cattle with the bone, fresh or chilled","2019","2019","7021","Annual value","USD","4301.6","A","Official value"
"PP","Producer Prices","250","France","5532","Producer Price (USD/tonne)","21111.01","Meat of cattle with the bone, fresh or chilled","2020","2020","7021","Annual value","USD","4344","A","Official value"
"PP","Producer Prices","250","France","5532","Producer Price (USD/tonne)","21111.01","Meat of cattle with the bone, fresh or chilled","2021","2021","7021","Annual value","USD","4795.6","A","Official value"
"PP","Producer Prices","250","France","5532","Producer Price (USD/tonne)","21111.01","Meat of cattle with the bone, fresh or chilled","2022","2022","7021","Annual value","USD","5203.1","A","Official value"
"PP","Producer Prices","250","France","5532","Producer Price (USD/tonne)","21111.01","Meat of cattle with the bone, fresh or chilled","2023","2023","7021","Annual value","USD","5555.3","A","Official value"
"PP","Producer Prices","250","France","5532","Producer Price (USD/tonne)","21111.01","Meat of cattle with the bone, fresh or chilled","2024","2024","7021","Annual value","USD","5549.7","A","Official value"
"PP","Producer Prices","250","France","5532","Producer Price (USD/tonne)","0141","Soya beans","1991","1991","7021","Annual value","USD","509.4","A","Official value"
"PP","Producer Prices","250","France","5532","Producer Price (USD/tonne)","0141","Soya beans","1992","1992","7021","Annual value","USD","184.4","A","Official value"
"PP","Producer Prices","250","France","5532","Producer Price (USD/tonne)","0141","Soya beans","1993","1993","7021","Annual value","USD","221.1","A","Official value"
"PP","Producer Prices","250","France","5532","Producer Price (USD/tonne)","0141","Soya beans","1994","1994","7021","Annual value","USD","177.8","A","Official value"
"PP","Producer Prices","250","France","5532","Producer Price (USD/tonne)","0141","Soya beans","1995","1995","7021","Annual value","USD","226.8","A","Official value"
"PP","Producer Prices","250","France","5532","Producer Price (USD/tonne)","0141","Soya beans","1996","1996","7021","Annual value","USD","251.4","A","Official value"
"PP","Producer Prices","250","France","5532","Producer Price (USD/tonne)","0141","Soya beans","1997","1997","7021","Annual value","USD","231.5","A","Official value"
"PP","Producer Prices","250","France","5532","Producer Price (USD/tonne)","0141","Soya beans","1998","1998","7021","Annual value","USD","182.3","A","Official value"
"PP","Producer Prices","250","France","5532","Producer Price (USD/tonne)","0141","Soya beans","1999","1999","7021","Annual value","USD","181.7","A","Official value"
"PP","Producer Prices","250","France","5532","Producer Price (USD/tonne)","0141","Soya beans","2000","2000","7021","Annual value","USD","190.7","A","Official value"
"PP","Producer Prices","250","France","5532","Producer Price (USD/tonne)","0141","Soya beans","2001","2001","7021","Annual value","USD","210.6","A","Official value"
"PP","Producer Prices","250","France","5532","Producer Price (USD/tonne)","0141","Soya beans","2002","2002","7021","Annual value","USD","190.9","A","Official value"
"PP","Producer Prices","250","France","5532","Producer Price (USD/tonne)","0141","Soya beans","2003","2003","7021","Annual value","USD","249.7","A","Official value"
"PP","Producer Prices","250","France","5532","Producer Price (USD/tonne)","0141","Soya beans","2004","2004","7021","Annual value","USD","258.3","A","Official value"
"PP","Producer Prices","250","France","5532","Producer Price (USD/tonne)","0141","Soya beans","2005","2005","7021","Annual value","USD","262.6","A","Official value"
"PP","Producer Prices","250","France","5532","Producer Price (USD/tonne)","0141","Soya beans","2006","2006","7021","Annual value","USD","270.3","A","Official value"
"PP","Producer Prices","250","France","5532","Producer Price (USD/tonne)","0141","Soya beans","2007","2007","7021","Annual value","USD","475.6","A","Official value"
"PP","Producer Prices","250","France","5532","Producer Price (USD/tonne)","0141","Soya beans","2008","2008","7021","Annual value","USD","568.7","A","Official value"
"PP","Producer Prices","250","France","5532","Producer Price (USD/tonne)","0141","Soya beans","2009","2009","7021","Annual value","USD","447.2","A","Official value"
"PP","Producer Prices","250","France","5532","Producer Price (USD/tonne)","0141","Soya beans","2010","2010","7021","Annual value","USD","552.1","A","Official value"
"PP","Producer Prices","250","France","5532","Producer Price (USD/tonne)","0141","Soya beans","2011","2011","7021","Annual value","USD","504.9","A","Official value"
"PP","Producer Prices","250","France","5532","Producer Price (USD/tonne)","0141","Soya beans","2012","2012","7021","Annual value","USD","595.9","A","Official value"
"PP","Producer Prices","250","France","5532","Producer Price (USD/tonne)","0141","Soya beans","2013","2013","7021","Annual value","USD","590.9","A","Official value"
"PP","Producer Prices","250","France","5532","Producer Price (USD/tonne)","0141","Soya beans","2014","2014","7021","Annual value","USD","475.7","A","Official value"
"PP","Producer Prices","250","France","5532","Producer Price (USD/tonne)","0141","Soya beans","2015","2015","7021","Annual value","USD","385.3","A","Official value"
"PP","Producer Prices","250","France","5532","Producer Price (USD/tonne)","0141","Soya beans","2016","2016","7021","Annual value","USD","380.2","A","Official value"
"PP","Producer Prices","250","France","5532","Producer Price (USD/tonne)","0141","Soya beans","2017","2017","7021","Annual value","USD","391.9","A","Official value"
"PP","Producer Prices","250","France","5532","Producer Price (USD/tonne)","0141","Soya beans","2018","2018","7021","Annual value","USD","383.9","A","Official value"
"PP","Producer Prices","250","France","5532","Producer Price (USD/tonne)","0141","Soya beans","2019","2019","7021","Annual value","USD","361.6","A","Official value"
"PP","Producer Prices","250","France","5532","Producer Price (USD/tonne)","0141","Soya beans","2020","2020","7021","Annual value","USD","397.3","A","Official value"
"PP","Producer Prices","250","France","5532","Producer Price (USD/tonne)","0141","Soya beans","2021","2021","7021","Annual value","USD","574.6","A","Official value"
"PP","Producer Prices","250","France","5532","Producer Price (USD/tonne)","0141","Soya beans","2022","2022","7021","Annual value","USD","660.3","A","Official value"
"PP","Producer Prices","250","France","5532","Producer Price (USD/tonne)","0141","Soya beans","2023","2023","7021","Annual value","USD","562.4","A","Official value"
"PP","Producer Prices","270","Gambia","5532","Producer Price (USD/tonne)","21111.01","Meat of cattle with the bone, fresh or chilled","1996","1996","7021","Annual value","USD","2449.7","A","Official value"
"PP","Producer Prices","270","Gambia","5532","Producer Price (USD/tonne)","21111.01","Meat of cattle with the bone, fresh or chilled","1997","1997","7021","Annual value","USD","2450.9","A","Official value"
"PP","Producer Prices","270","Gambia","5532","Producer Price (USD/tonne)","21111.01","Meat of cattle with the bone, fresh or chilled","1998","1998","7021","Annual value","USD","2818.7","A","Official value"
"PP","Producer Prices","270","Gambia","5532","Producer Price (USD/tonne)","21111.01","Meat of cattle with the bone, fresh or chilled","1999","1999","7021","Annual value","USD","2632.7","A","Official value"
"PP","Producer Prices","270","Gambia","5532","Producer Price (USD/tonne)","21111.01","Meat of cattle with the bone, fresh or chilled","2000","2000","7021","Annual value","USD","2737","A","Official value"
"PP","Producer Prices","270","Gambia","5532","Producer Price (USD/tonne)","21111.01","Meat of cattle with the bone, fresh or chilled","2001","2001","7021","Annual value","USD","2549.9","A","Official value"
"PP","Producer Prices","270","Gambia","5532","Producer Price (USD/tonne)","21111.01","Meat of cattle with the bone, fresh or chilled","2002","2002","7021","Annual value","USD","2761.3","A","Official value"
"PP","Producer Prices","270","Gambia","5532","Producer Price (USD/tonne)","21111.01","Meat of cattle with the bone, fresh or chilled","2003","2003","7021","Annual value","USD","2628.8","A","Official value"
"PP","Producer Prices","270","Gambia","5532","Producer Price (USD/tonne)","21111.01","Meat of cattle with the bone, fresh or chilled","2004","2004","7021","Annual value","USD","2664","A","Official value"
"PP","Producer Prices","270","Gambia","5532","Producer Price (USD/tonne)","21111.01","Meat of cattle with the bone, fresh or chilled","2005","2005","7021","Annual value","USD","2817.1","A","Official value"
"PP","Producer Prices","270","Gambia","5532","Producer Price (USD/tonne)","21111.01","Meat of cattle with the bone, fresh or chilled","2006","2006","7021","Annual value","USD","3206.8","A","Official value"
"PP","Producer Prices","270","Gambia","5532","Producer Price (USD/tonne)","21111.01","Meat of cattle with the bone, fresh or chilled","2019","2019","7021","Annual value","USD","4694.1","A","Official value"
"PP","Producer Prices","270","Gambia","5532","Producer Price (USD/tonne)","21111.01","Meat of cattle with the bone, fresh or chilled","2023","2023","7021","Annual value","USD","5654.3","A","Official value"
"PP","Producer Prices","270","Gambia","5532","Producer Price (USD/tonne)","21111.01","Meat of cattle with the bone, fresh or chilled","2024","2024","7021","Annual value","USD","5419.4","A","Official value"
"PP","Producer Prices","268","Georgia","5532","Producer Price (USD/tonne)","21111.01","Meat of cattle with the bone, fresh or chilled","1997","1997","7021","Annual value","USD","2016.2","A","Official value"
"PP","Producer Prices","268","Georgia","5532","Producer Price (USD/tonne)","21111.01","Meat of cattle with the bone, fresh or chilled","1998","1998","7021","Annual value","USD","1957.1","A","Official value"
"PP","Producer Prices","268","Georgia","5532","Producer Price (USD/tonne)","21111.01","Meat of cattle with the bone, fresh or chilled","1999","1999","7021","Annual value","USD","1509.5","A","Official value"
"PP","Producer Prices","268","Georgia","5532","Producer Price (USD/tonne)","21111.01","Meat of cattle with the bone, fresh or chilled","2000","2000","7021","Annual value","USD","1501.9","A","Official value"
"PP","Producer Prices","268","Georgia","5532","Producer Price (USD/tonne)","21111.01","Meat of cattle with the bone, fresh or chilled","2001","2001","7021","Annual value","USD","1505.1","A","Official value"
"PP","Producer Prices","268","Georgia","5532","Producer Price (USD/tonne)","21111.01","Meat of cattle with the bone, fresh or chilled","2002","2002","7021","Annual value","USD","1617.7","A","Official value"
"PP","Producer Prices","268","Georgia","5532","Producer Price (USD/tonne)","21111.01","Meat of cattle with the bone, fresh or chilled","2003","2003","7021","Annual value","USD","1875.4","A","Official value"
"PP","Producer Prices","268","Georgia","5532","Producer Price (USD/tonne)","21111.01","Meat of cattle with the bone, fresh or chilled","2006","2006","7021","Annual value","USD","2586.4","A","Official value"
"PP","Producer Prices","268","Georgia","5532","Producer Price (USD/tonne)","21111.01","Meat of cattle with the bone, fresh or chilled","2007","2007","7021","Annual value","USD","3280.2","A","Official value"
"PP","Producer Prices","268","Georgia","5532","Producer Price (USD/tonne)","21111.01","Meat of cattle with the bone, fresh or chilled","2008","2008","7021","Annual value","USD","3504.6","A","Official value"
"PP","Producer Prices","268","Georgia","5532","Producer Price (USD/tonne)","21111.01","Meat of cattle with the bone, fresh or chilled","2009","2009","7021","Annual value","USD","3581.6","A","Official value"
"PP","Producer Prices","268","Georgia","5532","Producer Price (USD/tonne)","21111.01","Meat of cattle with the bone, fresh or chilled","2010","2010","7021","Annual value","USD","3039.7","A","Official value"
"PP","Producer Prices","268","Georgia","5532","Producer Price (USD/tonne)","21111.01","Meat of cattle with the bone, fresh or chilled","2011","2011","7021","Annual value","USD","4884.6","A","Official value"
"PP","Producer Prices","268","Georgia","5532","Producer Price (USD/tonne)","21111.01","Meat of cattle with the bone, fresh or chilled","2012","2012","7021","Annual value","USD","5747.6","A","Official value"
"PP","Producer Prices","268","Georgia","5532","Producer Price (USD/tonne)","21111.01","Meat of cattle with the bone, fresh or chilled","2013","2013","7021","Annual value","USD","5913","A","Official value"
"PP","Producer Prices","268","Georgia","5532","Producer Price (USD/tonne)","21111.01","Meat of cattle with the bone, fresh or chilled","2014","2014","7021","Annual value","USD","4954.3","A","Official value"
"PP","Producer Prices","268","Georgia","5532","Producer Price (USD/tonne)","21111.01","Meat of cattle with the bone, fresh or chilled","2015","2015","7021","Annual value","USD","4229.8","A","Official value"
"PP","Producer Prices","268","Georgia","5532","Producer Price (USD/tonne)","21111.01","Meat of cattle with the bone, fresh or chilled","2016","2016","7021","Annual value","USD","4427.8","A","Official value"
"PP","Producer Prices","268","Georgia","5532","Producer Price (USD/tonne)","21111.01","Meat of cattle with the bone, fresh or chilled","2017","2017","7021","Annual value","USD","4506.6","A","Official value"
"PP","Producer Prices","268","Georgia","5532","Producer Price (USD/tonne)","21111.01","Meat of cattle with the bone, fresh or chilled","2018","2018","7021","Annual value","USD","4977.2","A","Official value"
"PP","Producer Prices","268","Georgia","5532","Producer Price (USD/tonne)","21111.01","Meat of cattle with the bone, fresh or chilled","2019","2019","7021","Annual value","USD","5100.8","A","Official value"
"PP","Producer Prices","268","Georgia","5532","Producer Price (USD/tonne)","21111.01","Meat of cattle with the bone, fresh or chilled","2020","2020","7021","Annual value","USD","5416.9","A","Official value"
"PP","Producer Prices","268","Georgia","5532","Producer Price (USD/tonne)","21111.01","Meat of cattle with the bone, fresh or chilled","2021","2021","7021","Annual value","USD","5015","A","Official value"
"PP","Producer Prices","268","Georgia","5532","Producer Price (USD/tonne)","21111.01","Meat of cattle with the bone, fresh or chilled","2022","2022","7021","Annual value","USD","6224.6","A","Official value"
"PP","Producer Prices","268","Georgia","5532","Producer Price (USD/tonne)","21111.01","Meat of cattle with the bone, fresh or chilled","2023","2023","7021","Annual value","USD","6883.7","A","Official value"
"PP","Producer Prices","268","Georgia","5532","Producer Price (USD/tonne)","21111.01","Meat of cattle with the bone, fresh or chilled","2024","2024","7021","Annual value","USD","7546.1","A","Official value"
"PP","Producer Prices","268","Georgia","5532","Producer Price (USD/tonne)","0141","Soya beans","2006","2006","7021","Annual value","USD","321.8","A","Official value"
"PP","Producer Prices","268","Georgia","5532","Producer Price (USD/tonne)","0141","Soya beans","2007","2007","7021","Annual value","USD","484.6","A","Official value"
"PP","Producer Prices","268","Georgia","5532","Producer Price (USD/tonne)","0141","Soya beans","2008","2008","7021","Annual value","USD","468.5","A","Official value"
"PP","Producer Prices","268","Georgia","5532","Producer Price (USD/tonne)","0141","Soya beans","2009","2009","7021","Annual value","USD","476.7","A","Official value"
"PP","Producer Prices","268","Georgia","5532","Producer Price (USD/tonne)","0141","Soya beans","2010","2010","7021","Annual value","USD","444.4","A","Official value"
"PP","Producer Prices","276","Germany","5532","Producer Price (USD/tonne)","21111.01","Meat of cattle with the bone, fresh or chilled","1991","1991","7021","Annual value","USD","2751.3","A","Official value"
"PP","Producer Prices","276","Germany","5532","Producer Price (USD/tonne)","21111.01","Meat of cattle with the bone, fresh or chilled","1992","1992","7021","Annual value","USD","3261.9","A","Official value"
"PP","Producer Prices","276","Germany","5532","Producer Price (USD/tonne)","21111.01","Meat of cattle with the bone, fresh or chilled","1993","1993","7021","Annual value","USD","3217.7","A","Official value"
"PP","Producer Prices","276","Germany","5532","Producer Price (USD/tonne)","21111.01","Meat of cattle with the bone, fresh or chilled","1994","1994","7021","Annual value","USD","3253.6","A","Official value"
"PP","Producer Prices","276","Germany","5532","Producer Price (USD/tonne)","21111.01","Meat of cattle with the bone, fresh or chilled","2012","2012","7021","Annual value","USD","4445.6","A","Official value"
"PP","Producer Prices","276","Germany","5532","Producer Price (USD/tonne)","21111.01","Meat of cattle with the bone, fresh or chilled","2013","2013","7021","Annual value","USD","4434.7","A","Official value"
"PP","Producer Prices","276","Germany","5532","Producer Price (USD/tonne)","21111.01","Meat of cattle with the bone, fresh or chilled","2014","2014","7021","Annual value","USD","4126.1","A","Official value"
"PP","Producer Prices","276","Germany","5532","Producer Price (USD/tonne)","21111.01","Meat of cattle with the bone, fresh or chilled","2015","2015","7021","Annual value","USD","3656.6","A","Official value"
"PP","Producer Prices","276","Germany","5532","Producer Price (USD/tonne)","21111.01","Meat of cattle with the bone, fresh or chilled","2016","2016","7021","Annual value","USD","3432.4","A","Official value"
"PP","Producer Prices","276","Germany","5532","Producer Price (USD/tonne)","21111.01","Meat of cattle with the bone, fresh or chilled","2017","2017","7021","Annual value","USD","3633.4","A","Official value"
"PP","Producer Prices","276","Germany","5532","Producer Price (USD/tonne)","21111.01","Meat of cattle with the bone, fresh or chilled","2018","2018","7021","Annual value","USD","4035.3","A","Official value"
"PP","Producer Prices","276","Germany","5532","Producer Price (USD/tonne)","21111.01","Meat of cattle with the bone, fresh or chilled","2019","2019","7021","Annual value","USD","3631.6","A","Official value"
"PP","Producer Prices","276","Germany","5532","Producer Price (USD/tonne)","21111.01","Meat of cattle with the bone, fresh or chilled","2020","2020","7021","Annual value","USD","3613.9","A","Official value"
"PP","Producer Prices","276","Germany","5532","Producer Price (USD/tonne)","21111.01","Meat of cattle with the bone, fresh or chilled","2021","2021","7021","Annual value","USD","4382.1","A","Official value"
"PP","Producer Prices","276","Germany","5532","Producer Price (USD/tonne)","21111.01","Meat of cattle with the bone, fresh or chilled","2022","2022","7021","Annual value","USD","5018.5","A","Official value"
"PP","Producer Prices","276","Germany","5532","Producer Price (USD/tonne)","21111.01","Meat of cattle with the bone, fresh or chilled","2023","2023","7021","Annual value","USD","4784.3","A","Official value"
"PP","Producer Prices","276","Germany","5532","Producer Price (USD/tonne)","21111.01","Meat of cattle with the bone, fresh or chilled","2024","2024","7021","Annual value","USD","5036.5","A","Official value"
"PP","Producer Prices","276","Germany","5532","Producer Price (USD/tonne)","0141","Soya beans","2017","2017","7021","Annual value","USD","367.1","A","Official value"
"PP","Producer Prices","276","Germany","5532","Producer Price (USD/tonne)","0141","Soya beans","2018","2018","7021","Annual value","USD","383.8","A","Official value"
"PP","Producer Prices","276","Germany","5532","Producer Price (USD/tonne)","0141","Soya beans","2019","2019","7021","Annual value","USD","364.4","A","Official value"
"PP","Producer Prices","276","Germany","5532","Producer Price (USD/tonne)","0141","Soya beans","2020","2020","7021","Annual value","USD","404.2","A","Official value"
"PP","Producer Prices","276","Germany","5532","Producer Price (USD/tonne)","0141","Soya beans","2021","2021","7021","Annual value","USD","646.9","A","Official value"
"PP","Producer Prices","276","Germany","5532","Producer Price (USD/tonne)","0141","Soya beans","2022","2022","7021","Annual value","USD","628.6","A","Official value"
"PP","Producer Prices","276","Germany","5532","Producer Price (USD/tonne)","0141","Soya beans","2023","2023","7021","Annual value","USD","476.8","A","Official value"
"PP","Producer Prices","276","Germany","5532","Producer Price (USD/tonne)","0141","Soya beans","2024","2024","7021","Annual value","USD","455.6","A","Official value"
"PP","Producer Prices","288","Ghana","5532","Producer Price (USD/tonne)","21111.01","Meat of cattle with the bone, fresh or chilled","1991","1991","7021","Annual value","USD","2611.3","A","Official value"
"PP","Producer Prices","288","Ghana","5532","Producer Price (USD/tonne)","21111.01","Meat of cattle with the bone, fresh or chilled","1992","1992","7021","Annual value","USD","2563.8","A","Official value"
"PP","Producer Prices","288","Ghana","5532","Producer Price (USD/tonne)","21111.01","Meat of cattle with the bone, fresh or chilled","1993","1993","7021","Annual value","USD","1880.7","A","Official value"
"PP","Producer Prices","288","Ghana","5532","Producer Price (USD/tonne)","21111.01","Meat of cattle with the bone, fresh or chilled","1994","1994","7021","Annual value","USD","1339.4","A","Official value"
"PP","Producer Prices","288","Ghana","5532","Producer Price (USD/tonne)","21111.01","Meat of cattle with the bone, fresh or chilled","1995","1995","7021","Annual value","USD","1225.9","A","Official value"
"PP","Producer Prices","288","Ghana","5532","Producer Price (USD/tonne)","21111.01","Meat of cattle with the bone, fresh or chilled","1996","1996","7021","Annual value","USD","941.6","A","Official value"
"PP","Producer Prices","288","Ghana","5532","Producer Price (USD/tonne)","21111.01","Meat of cattle with the bone, fresh or chilled","1997","1997","7021","Annual value","USD","1015.6","A","Official value"
"PP","Producer Prices","288","Ghana","5532","Producer Price (USD/tonne)","21111.01","Meat of cattle with the bone, fresh or chilled","1998","1998","7021","Annual value","USD","943","A","Official value"
"PP","Producer Prices","288","Ghana","5532","Producer Price (USD/tonne)","21111.01","Meat of cattle with the bone, fresh or chilled","1999","1999","7021","Annual value","USD","1010.7","A","Official value"
"PP","Producer Prices","288","Ghana","5532","Producer Price (USD/tonne)","21111.01","Meat of cattle with the bone, fresh or chilled","2000","2000","7021","Annual value","USD","719.4","A","Official value"
"PP","Producer Prices","288","Ghana","5532","Producer Price (USD/tonne)","21111.01","Meat of cattle with the bone, fresh or chilled","2001","2001","7021","Annual value","USD","820.9","A","Official value"
"PP","Producer Prices","288","Ghana","5532","Producer Price (USD/tonne)","21111.01","Meat of cattle with the bone, fresh or chilled","2002","2002","7021","Annual value","USD","1051.2","A","Official value"
"PP","Producer Prices","288","Ghana","5532","Producer Price (USD/tonne)","01491.01","Oil palm fruit","1996","1996","7021","Annual value","USD","39.7","X","Value from external organization"
"PP","Producer Prices","288","Ghana","5532","Producer Price (USD/tonne)","01491.01","Oil palm fruit","2017","2017","7021","Annual value","USD","213.1","A","Official value"
"PP","Producer Prices","288","Ghana","5532","Producer Price (USD/tonne)","01491.01","Oil palm fruit","2018","2018","7021","Annual value","USD","270.8","A","Official value"
"PP","Producer Prices","288","Ghana","5532","Producer Price (USD/tonne)","01491.01","Oil palm fruit","2019","2019","7021","Annual value","USD","295.1","A","Official value"
"PP","Producer Prices","288","Ghana","5532","Producer Price (USD/tonne)","01491.01","Oil palm fruit","2020","2020","7021","Annual value","USD","289.8","A","Official value"
"PP","Producer Prices","288","Ghana","5532","Producer Price (USD/tonne)","01491.01","Oil palm fruit","2021","2021","7021","Annual value","USD","397.2","A","Official value"
"PP","Producer Prices","288","Ghana","5532","Producer Price (USD/tonne)","01491.01","Oil palm fruit","2022","2022","7021","Annual value","USD","319.4","A","Official value"
"PP","Producer Prices","300","Greece","5532","Producer Price (USD/tonne)","21111.01","Meat of cattle with the bone, fresh or chilled","1995","1995","7021","Annual value","USD","4669.7","A","Official value"
"PP","Producer Prices","300","Greece","5532","Producer Price (USD/tonne)","21111.01","Meat of cattle with the bone, fresh or chilled","1996","1996","7021","Annual value","USD","4386.7","A","Official value"
"PP","Producer Prices","300","Greece","5532","Producer Price (USD/tonne)","21111.01","Meat of cattle with the bone, fresh or chilled","1997","1997","7021","Annual value","USD","4129.4","A","Official value"
"PP","Producer Prices","300","Greece","5532","Producer Price (USD/tonne)","21111.01","Meat of cattle with the bone, fresh or chilled","1998","1998","7021","Annual value","USD","3896.7","A","Official value"
"PP","Producer Prices","300","Greece","5532","Producer Price (USD/tonne)","21111.01","Meat of cattle with the bone, fresh or chilled","1999","1999","7021","Annual value","USD","3883.6","A","Official value"
"PP","Producer Prices","300","Greece","5532","Producer Price (USD/tonne)","21111.01","Meat of cattle with the bone, fresh or chilled","2000","2000","7021","Annual value","USD","3254.6","A","Official value"
"PP","Producer Prices","300","Greece","5532","Producer Price (USD/tonne)","21111.01","Meat of cattle with the bone, fresh or chilled","2001","2001","7021","Annual value","USD","3239.4","A","Official value"
"PP","Producer Prices","300","Greece","5532","Producer Price (USD/tonne)","21111.01","Meat of cattle with the bone, fresh or chilled","2002","2002","7021","Annual value","USD","3312.8","A","Official value"
"PP","Producer Prices","300","Greece","5532","Producer Price (USD/tonne)","21111.01","Meat of cattle with the bone, fresh or chilled","2003","2003","7021","Annual value","USD","3950.2","A","Official value"
"PP","Producer Prices","300","Greece","5532","Producer Price (USD/tonne)","21111.01","Meat of cattle with the bone, fresh or chilled","2004","2004","7021","Annual value","USD","4420.4","A","Official value"
"PP","Producer Prices","300","Greece","5532","Producer Price (USD/tonne)","21111.01","Meat of cattle with the bone, fresh or chilled","2005","2005","7021","Annual value","USD","4389.9","A","Official value"
"PP","Producer Prices","300","Greece","5532","Producer Price (USD/tonne)","21111.01","Meat of cattle with the bone, fresh or chilled","2006","2006","7021","Annual value","USD","4616.5","A","Official value"
"PP","Producer Prices","300","Greece","5532","Producer Price (USD/tonne)","21111.01","Meat of cattle with the bone, fresh or chilled","2007","2007","7021","Annual value","USD","4913.5","A","Official value"
"PP","Producer Prices","300","Greece","5532","Producer Price (USD/tonne)","21111.01","Meat of cattle with the bone, fresh or chilled","2008","2008","7021","Annual value","USD","5200.1","A","Official value"
"PP","Producer Prices","300","Greece","5532","Producer Price (USD/tonne)","21111.01","Meat of cattle with the bone, fresh or chilled","2009","2009","7021","Annual value","USD","5001.1","A","Official value"
"PP","Producer Prices","300","Greece","5532","Producer Price (USD/tonne)","21111.01","Meat of cattle with the bone, fresh or chilled","2010","2010","7021","Annual value","USD","4860.6","A","Official value"
"PP","Producer Prices","300","Greece","5532","Producer Price (USD/tonne)","21111.01","Meat of cattle with the bone, fresh or chilled","2011","2011","7021","Annual value","USD","5713.4","A","Official value"
"PP","Producer Prices","300","Greece","5532","Producer Price (USD/tonne)","21111.01","Meat of cattle with the bone, fresh or chilled","2012","2012","7021","Annual value","USD","4625.5","A","Official value"
"PP","Producer Prices","300","Greece","5532","Producer Price (USD/tonne)","21111.01","Meat of cattle with the bone, fresh or chilled","2013","2013","7021","Annual value","USD","5164.9","A","Official value"
"PP","Producer Prices","300","Greece","5532","Producer Price (USD/tonne)","21111.01","Meat of cattle with the bone, fresh or chilled","2014","2014","7021","Annual value","USD","4721.8","A","Official value"
"PP","Producer Prices","300","Greece","5532","Producer Price (USD/tonne)","21111.01","Meat of cattle with the bone, fresh or chilled","2015","2015","7021","Annual value","USD","4314.3","A","Official value"
"PP","Producer Prices","300","Greece","5532","Producer Price (USD/tonne)","21111.01","Meat of cattle with the bone, fresh or chilled","2016","2016","7021","Annual value","USD","4314","A","Official value"
"PP","Producer Prices","300","Greece","5532","Producer Price (USD/tonne)","21111.01","Meat of cattle with the bone, fresh or chilled","2017","2017","7021","Annual value","USD","4394.5","A","Official value"
"PP","Producer Prices","300","Greece","5532","Producer Price (USD/tonne)","21111.01","Meat of cattle with the bone, fresh or chilled","2018","2018","7021","Annual value","USD","5066.3","A","Official value"
"PP","Producer Prices","300","Greece","5532","Producer Price (USD/tonne)","21111.01","Meat of cattle with the bone, fresh or chilled","2019","2019","7021","Annual value","USD","4332.4","A","Official value"
"PP","Producer Prices","300","Greece","5532","Producer Price (USD/tonne)","21111.01","Meat of cattle with the bone, fresh or chilled","2020","2020","7021","Annual value","USD","4180.4","A","Official value"
"PP","Producer Prices","300","Greece","5532","Producer Price (USD/tonne)","21111.01","Meat of cattle with the bone, fresh or chilled","2021","2021","7021","Annual value","USD","4388","A","Official value"
"PP","Producer Prices","300","Greece","5532","Producer Price (USD/tonne)","21111.01","Meat of cattle with the bone, fresh or chilled","2022","2022","7021","Annual value","USD","3317.1","A","Official value"
"PP","Producer Prices","300","Greece","5532","Producer Price (USD/tonne)","21111.01","Meat of cattle with the bone, fresh or chilled","2023","2023","7021","Annual value","USD","3622.2","A","Official value"
"PP","Producer Prices","308","Grenada","5532","Producer Price (USD/tonne)","21111.01","Meat of cattle with the bone, fresh or chilled","2010","2010","7021","Annual value","USD","5715.7","A","Official value"
"PP","Producer Prices","308","Grenada","5532","Producer Price (USD/tonne)","21111.01","Meat of cattle with the bone, fresh or chilled","2011","2011","7021","Annual value","USD","5715.7","A","Official value"
"PP","Producer Prices","308","Grenada","5532","Producer Price (USD/tonne)","21111.01","Meat of cattle with the bone, fresh or chilled","2012","2012","7021","Annual value","USD","5715.7","A","Official value"
"PP","Producer Prices","308","Grenada","5532","Producer Price (USD/tonne)","21111.01","Meat of cattle with the bone, fresh or chilled","2013","2013","7021","Annual value","USD","5715.7","A","Official value"
"PP","Producer Prices","308","Grenada","5532","Producer Price (USD/tonne)","21111.01","Meat of cattle with the bone, fresh or chilled","2014","2014","7021","Annual value","USD","5715.7","A","Official value"
"PP","Producer Prices","308","Grenada","5532","Producer Price (USD/tonne)","21111.01","Meat of cattle with the bone, fresh or chilled","2015","2015","7021","Annual value","USD","5715.7","A","Official value"
"PP","Producer Prices","308","Grenada","5532","Producer Price (USD/tonne)","21111.01","Meat of cattle with the bone, fresh or chilled","2016","2016","7021","Annual value","USD","7070.2","A","Official value"
"PP","Producer Prices","308","Grenada","5532","Producer Price (USD/tonne)","21111.01","Meat of cattle with the bone, fresh or chilled","2017","2017","7021","Annual value","USD","6526.4","A","Official value"
"PP","Producer Prices","308","Grenada","5532","Producer Price (USD/tonne)","21111.01","Meat of cattle with the bone, fresh or chilled","2018","2018","7021","Annual value","USD","6526.4","A","Official value"
"PP","Producer Prices","308","Grenada","5532","Producer Price (USD/tonne)","21111.01","Meat of cattle with the bone, fresh or chilled","2019","2019","7021","Annual value","USD","6526.4","A","Official value"
"PP","Producer Prices","308","Grenada","5532","Producer Price (USD/tonne)","21111.01","Meat of cattle with the bone, fresh or chilled","2020","2020","7021","Annual value","USD","7342.1","A","Official value"
"PP","Producer Prices","308","Grenada","5532","Producer Price (USD/tonne)","21111.01","Meat of cattle with the bone, fresh or chilled","2021","2021","7021","Annual value","USD","7342.1","A","Official value"
"PP","Producer Prices","308","Grenada","5532","Producer Price (USD/tonne)","21111.01","Meat of cattle with the bone, fresh or chilled","2022","2022","7021","Annual value","USD","8157.9","A","Official value"
"PP","Producer Prices","308","Grenada","5532","Producer Price (USD/tonne)","21111.01","Meat of cattle with the bone, fresh or chilled","2023","2023","7021","Annual value","USD","9381.6","A","Official value"
"PP","Producer Prices","308","Grenada","5532","Producer Price (USD/tonne)","21111.01","Meat of cattle with the bone, fresh or chilled","2024","2024","7021","Annual value","USD","9789.5","A","Official value"
"PP","Producer Prices","324","Guinea","5532","Producer Price (USD/tonne)","21111.01","Meat of cattle with the bone, fresh or chilled","1995","1995","7021","Annual value","USD","1786.3","A","Official value"
"PP","Producer Prices","324","Guinea","5532","Producer Price (USD/tonne)","21111.01","Meat of cattle with the bone, fresh or chilled","1996","1996","7021","Annual value","USD","1772.9","A","Official value"
"PP","Producer Prices","324","Guinea","5532","Producer Price (USD/tonne)","21111.01","Meat of cattle with the bone, fresh or chilled","1997","1997","7021","Annual value","USD","2344.5","A","Official value"
"PP","Producer Prices","324","Guinea","5532","Producer Price (USD/tonne)","21111.01","Meat of cattle with the bone, fresh or chilled","1998","1998","7021","Annual value","USD","1575.8","A","Official value"
"PP","Producer Prices","324","Guinea","5532","Producer Price (USD/tonne)","21111.01","Meat of cattle with the bone, fresh or chilled","1999","1999","7021","Annual value","USD","1561.9","A","Official value"
"PP","Producer Prices","324","Guinea","5532","Producer Price (USD/tonne)","21111.01","Meat of cattle with the bone, fresh or chilled","2000","2000","7021","Annual value","USD","1238.8","A","Official value"
"PP","Producer Prices","324","Guinea","5532","Producer Price (USD/tonne)","21111.01","Meat of cattle with the bone, fresh or chilled","2001","2001","7021","Annual value","USD","1202.2","A","Official value"
"PP","Producer Prices","324","Guinea","5532","Producer Price (USD/tonne)","21111.01","Meat of cattle with the bone, fresh or chilled","2002","2002","7021","Annual value","USD","1292.6","A","Official value"
"PP","Producer Prices","324","Guinea","5532","Producer Price (USD/tonne)","21111.01","Meat of cattle with the bone, fresh or chilled","2003","2003","7021","Annual value","USD","1432.3","A","Official value"
"PP","Producer Prices","324","Guinea","5532","Producer Price (USD/tonne)","21111.01","Meat of cattle with the bone, fresh or chilled","2004","2004","7021","Annual value","USD","1849.4","A","Official value"
"PP","Producer Prices","324","Guinea","5532","Producer Price (USD/tonne)","21111.01","Meat of cattle with the bone, fresh or chilled","2005","2005","7021","Annual value","USD","1603.3","A","Official value"
"PP","Producer Prices","324","Guinea","5532","Producer Price (USD/tonne)","21111.01","Meat of cattle with the bone, fresh or chilled","2017","2017","7021","Annual value","USD","3057.1","A","Official value"
"PP","Producer Prices","324","Guinea","5532","Producer Price (USD/tonne)","21111.01","Meat of cattle with the bone, fresh or chilled","2018","2018","7021","Annual value","USD","3183.6","A","Official value"
"PP","Producer Prices","324","Guinea","5532","Producer Price (USD/tonne)","21111.01","Meat of cattle with the bone, fresh or chilled","2019","2019","7021","Annual value","USD","2955.6","A","Official value"
"PP","Producer Prices","324","Guinea","5532","Producer Price (USD/tonne)","01491.01","Oil palm fruit","2003","2003","7021","Annual value","USD","406.8","A","Official value"
"PP","Producer Prices","324","Guinea","5532","Producer Price (USD/tonne)","01491.01","Oil palm fruit","2004","2004","7021","Annual value","USD","507.5","A","Official value"
"PP","Producer Prices","324","Guinea","5532","Producer Price (USD/tonne)","01491.01","Oil palm fruit","2005","2005","7021","Annual value","USD","357.5","A","Official value"
"PP","Producer Prices","324","Guinea","5532","Producer Price (USD/tonne)","01491.01","Oil palm fruit","2006","2006","7021","Annual value","USD","374.4","A","Official value"
"PP","Producer Prices","324","Guinea","5532","Producer Price (USD/tonne)","01491.01","Oil palm fruit","2007","2007","7021","Annual value","USD","549.9","A","Official value"
"PP","Producer Prices","624","Guinea-Bissau","5532","Producer Price (USD/tonne)","21111.01","Meat of cattle with the bone, fresh or chilled","2007","2007","7021","Annual value","USD","6259.6","A","Official value"
"PP","Producer Prices","624","Guinea-Bissau","5532","Producer Price (USD/tonne)","21111.01","Meat of cattle with the bone, fresh or chilled","2008","2008","7021","Annual value","USD","6699.3","A","Official value"
"PP","Producer Prices","340","Honduras","5532","Producer Price (USD/tonne)","21111.01","Meat of cattle with the bone, fresh or chilled","2022","2022","7021","Annual value","USD","4218","A","Official value"
"PP","Producer Prices","340","Honduras","5532","Producer Price (USD/tonne)","21111.01","Meat of cattle with the bone, fresh or chilled","2023","2023","7021","Annual value","USD","4620.1","A","Official value"
"PP","Producer Prices","340","Honduras","5532","Producer Price (USD/tonne)","21111.01","Meat of cattle with the bone, fresh or chilled","2024","2024","7021","Annual value","USD","4602.1","A","Official value"
"PP","Producer Prices","340","Honduras","5532","Producer Price (USD/tonne)","01491.01","Oil palm fruit","1991","1991","7021","Annual value","USD","35.7","A","Official value"
"PP","Producer Prices","340","Honduras","5532","Producer Price (USD/tonne)","01491.01","Oil palm fruit","1992","1992","7021","Annual value","USD","41.1","A","Official value"
"PP","Producer Prices","340","Honduras","5532","Producer Price (USD/tonne)","01491.01","Oil palm fruit","1993","1993","7021","Annual value","USD","48.5","A","Official value"
"PP","Producer Prices","340","Honduras","5532","Producer Price (USD/tonne)","01491.01","Oil palm fruit","1994","1994","7021","Annual value","USD","39.8","A","Official value"
"PP","Producer Prices","340","Honduras","5532","Producer Price (USD/tonne)","01491.01","Oil palm fruit","1995","1995","7021","Annual value","USD","61.3","A","Official value"
"PP","Producer Prices","340","Honduras","5532","Producer Price (USD/tonne)","01491.01","Oil palm fruit","1996","1996","7021","Annual value","USD","61.5","A","Official value"
"PP","Producer Prices","340","Honduras","5532","Producer Price (USD/tonne)","01491.01","Oil palm fruit","1997","1997","7021","Annual value","USD","72.1","A","Official value"
"PP","Producer Prices","340","Honduras","5532","Producer Price (USD/tonne)","01491.01","Oil palm fruit","1998","1998","7021","Annual value","USD","81","A","Official value"
"PP","Producer Prices","340","Honduras","5532","Producer Price (USD/tonne)","01491.01","Oil palm fruit","1999","1999","7021","Annual value","USD","86.6","A","Official value"
"PP","Producer Prices","340","Honduras","5532","Producer Price (USD/tonne)","01491.01","Oil palm fruit","2000","2000","7021","Annual value","USD","92.9","A","Official value"
"PP","Producer Prices","340","Honduras","5532","Producer Price (USD/tonne)","01491.01","Oil palm fruit","2001","2001","7021","Annual value","USD","98.6","A","Official value"
"PP","Producer Prices","340","Honduras","5532","Producer Price (USD/tonne)","01491.01","Oil palm fruit","2002","2002","7021","Annual value","USD","101.7","A","Official value"
"PP","Producer Prices","340","Honduras","5532","Producer Price (USD/tonne)","01491.01","Oil palm fruit","2003","2003","7021","Annual value","USD","104.9","A","Official value"
"PP","Producer Prices","340","Honduras","5532","Producer Price (USD/tonne)","01491.01","Oil palm fruit","2004","2004","7021","Annual value","USD","108","A","Official value"
"PP","Producer Prices","340","Honduras","5532","Producer Price (USD/tonne)","01491.01","Oil palm fruit","2005","2005","7021","Annual value","USD","112.2","A","Official value"
"PP","Producer Prices","340","Honduras","5532","Producer Price (USD/tonne)","01491.01","Oil palm fruit","2006","2006","7021","Annual value","USD","116.4","A","Official value"
"PP","Producer Prices","340","Honduras","5532","Producer Price (USD/tonne)","01491.01","Oil palm fruit","2007","2007","7021","Annual value","USD","116.4","A","Official value"
"PP","Producer Prices","340","Honduras","5532","Producer Price (USD/tonne)","01491.01","Oil palm fruit","2008","2008","7021","Annual value","USD","134.9","A","Official value"
"PP","Producer Prices","340","Honduras","5532","Producer Price (USD/tonne)","01491.01","Oil palm fruit","2022","2022","7021","Annual value","USD","199.9","A","Official value"
"PP","Producer Prices","340","Honduras","5532","Producer Price (USD/tonne)","01491.01","Oil palm fruit","2023","2023","7021","Annual value","USD","134.4","A","Official value"
"PP","Producer Prices","340","Honduras","5532","Producer Price (USD/tonne)","01491.01","Oil palm fruit","2024","2024","7021","Annual value","USD","153.9","A","Official value"
"PP","Producer Prices","348","Hungary","5532","Producer Price (USD/tonne)","21111.01","Meat of cattle with the bone, fresh or chilled","1991","1991","7021","Annual value","USD","1654.1","A","Official value"
"PP","Producer Prices","348","Hungary","5532","Producer Price (USD/tonne)","21111.01","Meat of cattle with the bone, fresh or chilled","1992","1992","7021","Annual value","USD","1679","A","Official value"
"PP","Producer Prices","348","Hungary","5532","Producer Price (USD/tonne)","21111.01","Meat of cattle with the bone, fresh or chilled","1993","1993","7021","Annual value","USD","1694.7","A","Official value"
"PP","Producer Prices","348","Hungary","5532","Producer Price (USD/tonne)","21111.01","Meat of cattle with the bone, fresh or chilled","1994","1994","7021","Annual value","USD","2010.9","A","Official value"
"PP","Producer Prices","348","Hungary","5532","Producer Price (USD/tonne)","21111.01","Meat of cattle with the bone, fresh or chilled","1995","1995","7021","Annual value","USD","2287.3","A","Official value"
"PP","Producer Prices","348","Hungary","5532","Producer Price (USD/tonne)","21111.01","Meat of cattle with the bone, fresh or chilled","1996","1996","7021","Annual value","USD","1941.7","A","Official value"
"PP","Producer Prices","348","Hungary","5532","Producer Price (USD/tonne)","0141","Soya beans","1991","1991","7021","Annual value","USD","218.6","A","Official value"
"PP","Producer Prices","348","Hungary","5532","Producer Price (USD/tonne)","0141","Soya beans","1992","1992","7021","Annual value","USD","207.5","A","Official value"
"PP","Producer Prices","348","Hungary","5532","Producer Price (USD/tonne)","0141","Soya beans","1993","1993","7021","Annual value","USD","201.2","A","Official value"
"PP","Producer Prices","348","Hungary","5532","Producer Price (USD/tonne)","0141","Soya beans","1994","1994","7021","Annual value","USD","310.7","A","Official value"
"PP","Producer Prices","348","Hungary","5532","Producer Price (USD/tonne)","0141","Soya beans","1995","1995","7021","Annual value","USD","237.7","A","Official value"
"PP","Producer Prices","348","Hungary","5532","Producer Price (USD/tonne)","0141","Soya beans","1996","1996","7021","Annual value","USD","365.5","A","Official value"
"PP","Producer Prices","348","Hungary","5532","Producer Price (USD/tonne)","0141","Soya beans","1997","1997","7021","Annual value","USD","308.8","A","Official value"
"PP","Producer Prices","348","Hungary","5532","Producer Price (USD/tonne)","0141","Soya beans","1998","1998","7021","Annual value","USD","293","A","Official value"
"PP","Producer Prices","348","Hungary","5532","Producer Price (USD/tonne)","0141","Soya beans","1999","1999","7021","Annual value","USD","191.4","A","Official value"
"PP","Producer Prices","348","Hungary","5532","Producer Price (USD/tonne)","0141","Soya beans","2000","2000","7021","Annual value","USD","177","A","Official value"
"PP","Producer Prices","348","Hungary","5532","Producer Price (USD/tonne)","0141","Soya beans","2001","2001","7021","Annual value","USD","229","A","Official value"
"PP","Producer Prices","348","Hungary","5532","Producer Price (USD/tonne)","0141","Soya beans","2002","2002","7021","Annual value","USD","242.9","A","Official value"
"PP","Producer Prices","348","Hungary","5532","Producer Price (USD/tonne)","0141","Soya beans","2003","2003","7021","Annual value","USD","281.8","A","Official value"
"PP","Producer Prices","348","Hungary","5532","Producer Price (USD/tonne)","0141","Soya beans","2004","2004","7021","Annual value","USD","309.6","A","Official value"
"PP","Producer Prices","348","Hungary","5532","Producer Price (USD/tonne)","0141","Soya beans","2005","2005","7021","Annual value","USD","265.4","A","Official value"
"PP","Producer Prices","348","Hungary","5532","Producer Price (USD/tonne)","0141","Soya beans","2006","2006","7021","Annual value","USD","246.4","A","Official value"
"PP","Producer Prices","348","Hungary","5532","Producer Price (USD/tonne)","0141","Soya beans","2007","2007","7021","Annual value","USD","371.7","A","Official value"
"PP","Producer Prices","348","Hungary","5532","Producer Price (USD/tonne)","0141","Soya beans","2008","2008","7021","Annual value","USD","437.7","A","Official value"
"PP","Producer Prices","348","Hungary","5532","Producer Price (USD/tonne)","0141","Soya beans","2009","2009","7021","Annual value","USD","366.2","A","Official value"
"PP","Producer Prices","348","Hungary","5532","Producer Price (USD/tonne)","0141","Soya beans","2010","2010","7021","Annual value","USD","422.7","A","Official value"
"PP","Producer Prices","348","Hungary","5532","Producer Price (USD/tonne)","0141","Soya beans","2011","2011","7021","Annual value","USD","476.9","A","Official value"
"PP","Producer Prices","348","Hungary","5532","Producer Price (USD/tonne)","0141","Soya beans","2012","2012","7021","Annual value","USD","575.9","A","Official value"
"PP","Producer Prices","348","Hungary","5532","Producer Price (USD/tonne)","0141","Soya beans","2013","2013","7021","Annual value","USD","568.8","A","Official value"
"PP","Producer Prices","348","Hungary","5532","Producer Price (USD/tonne)","0141","Soya beans","2014","2014","7021","Annual value","USD","463.6","A","Official value"
"PP","Producer Prices","348","Hungary","5532","Producer Price (USD/tonne)","0141","Soya beans","2015","2015","7021","Annual value","USD","365.6","A","Official value"
"PP","Producer Prices","348","Hungary","5532","Producer Price (USD/tonne)","0141","Soya beans","2016","2016","7021","Annual value","USD","374","A","Official value"
"PP","Producer Prices","348","Hungary","5532","Producer Price (USD/tonne)","0141","Soya beans","2017","2017","7021","Annual value","USD","405.9","A","Official value"
"PP","Producer Prices","348","Hungary","5532","Producer Price (USD/tonne)","0141","Soya beans","2018","2018","7021","Annual value","USD","399","A","Official value"
"PP","Producer Prices","348","Hungary","5532","Producer Price (USD/tonne)","0141","Soya beans","2019","2019","7021","Annual value","USD","356.6","A","Official value"
"PP","Producer Prices","348","Hungary","5532","Producer Price (USD/tonne)","0141","Soya beans","2020","2020","7021","Annual value","USD","398.7","A","Official value"
"PP","Producer Prices","348","Hungary","5532","Producer Price (USD/tonne)","0141","Soya beans","2021","2021","7021","Annual value","USD","568.2","A","Official value"
"PP","Producer Prices","348","Hungary","5532","Producer Price (USD/tonne)","0141","Soya beans","2022","2022","7021","Annual value","USD","574.7","A","Official value"
"PP","Producer Prices","348","Hungary","5532","Producer Price (USD/tonne)","0141","Soya beans","2023","2023","7021","Annual value","USD","494.7","A","Official value"
"PP","Producer Prices","348","Hungary","5532","Producer Price (USD/tonne)","0141","Soya beans","2024","2024","7021","Annual value","USD","475.3","A","Official value"
"PP","Producer Prices","352","Iceland","5532","Producer Price (USD/tonne)","21111.01","Meat of cattle with the bone, fresh or chilled","1998","1998","7021","Annual value","USD","2269.4","A","Official value"
"PP","Producer Prices","352","Iceland","5532","Producer Price (USD/tonne)","21111.01","Meat of cattle with the bone, fresh or chilled","1999","1999","7021","Annual value","USD","3780.2","A","Official value"
"PP","Producer Prices","352","Iceland","5532","Producer Price (USD/tonne)","21111.01","Meat of cattle with the bone, fresh or chilled","2000","2000","7021","Annual value","USD","3336.3","A","Official value"
"PP","Producer Prices","352","Iceland","5532","Producer Price (USD/tonne)","21111.01","Meat of cattle with the bone, fresh or chilled","2001","2001","7021","Annual value","USD","2543","A","Official value"
"PP","Producer Prices","352","Iceland","5532","Producer Price (USD/tonne)","21111.01","Meat of cattle with the bone, fresh or chilled","2002","2002","7021","Annual value","USD","2566.8","A","Official value"
"PP","Producer Prices","352","Iceland","5532","Producer Price (USD/tonne)","21111.01","Meat of cattle with the bone, fresh or chilled","2003","2003","7021","Annual value","USD","3058.7","A","Official value"
"PP","Producer Prices","352","Iceland","5532","Producer Price (USD/tonne)","21111.01","Meat of cattle with the bone, fresh or chilled","2004","2004","7021","Annual value","USD","3670.2","A","Official value"
"PP","Producer Prices","352","Iceland","5532","Producer Price (USD/tonne)","21111.01","Meat of cattle with the bone, fresh or chilled","2005","2005","7021","Annual value","USD","4906.5","A","Official value"
"PP","Producer Prices","352","Iceland","5532","Producer Price (USD/tonne)","21111.01","Meat of cattle with the bone, fresh or chilled","2006","2006","7021","Annual value","USD","5101.2","A","Official value"
"PP","Producer Prices","352","Iceland","5532","Producer Price (USD/tonne)","21111.01","Meat of cattle with the bone, fresh or chilled","2007","2007","7021","Annual value","USD","5620.2","A","Official value"
"PP","Producer Prices","352","Iceland","5532","Producer Price (USD/tonne)","21111.01","Meat of cattle with the bone, fresh or chilled","2008","2008","7021","Annual value","USD","4590.3","A","Official value"
"PP","Producer Prices","352","Iceland","5532","Producer Price (USD/tonne)","21111.01","Meat of cattle with the bone, fresh or chilled","2009","2009","7021","Annual value","USD","3270.7","A","Official value"
"PP","Producer Prices","352","Iceland","5532","Producer Price (USD/tonne)","21111.01","Meat of cattle with the bone, fresh or chilled","2010","2010","7021","Annual value","USD","4435.2","A","Official value"
"PP","Producer Prices","352","Iceland","5532","Producer Price (USD/tonne)","21111.01","Meat of cattle with the bone, fresh or chilled","2011","2011","7021","Annual value","USD","4210.5","A","Official value"
"PP","Producer Prices","352","Iceland","5532","Producer Price (USD/tonne)","21111.01","Meat of cattle with the bone, fresh or chilled","2012","2012","7021","Annual value","USD","4151","A","Official value"
"PP","Producer Prices","352","Iceland","5532","Producer Price (USD/tonne)","21111.01","Meat of cattle with the bone, fresh or chilled","2013","2013","7021","Annual value","USD","4294.7","A","Official value"
"PP","Producer Prices","352","Iceland","5532","Producer Price (USD/tonne)","21111.01","Meat of cattle with the bone, fresh or chilled","2014","2014","7021","Annual value","USD","4618.6","A","Official value"
"PP","Producer Prices","352","Iceland","5532","Producer Price (USD/tonne)","21111.01","Meat of cattle with the bone, fresh or chilled","2015","2015","7021","Annual value","USD","4022.2","A","Official value"
"PP","Producer Prices","352","Iceland","5532","Producer Price (USD/tonne)","21111.01","Meat of cattle with the bone, fresh or chilled","2016","2016","7021","Annual value","USD","5648.8","A","Official value"
"PP","Producer Prices","352","Iceland","5532","Producer Price (USD/tonne)","21111.01","Meat of cattle with the bone, fresh or chilled","2017","2017","7021","Annual value","USD","6459.9","A","Official value"
"PP","Producer Prices","352","Iceland","5532","Producer Price (USD/tonne)","21111.01","Meat of cattle with the bone, fresh or chilled","2018","2018","7021","Annual value","USD","5964.9","A","Official value"
"PP","Producer Prices","352","Iceland","5532","Producer Price (USD/tonne)","21111.01","Meat of cattle with the bone, fresh or chilled","2019","2019","7021","Annual value","USD","5043","A","Official value"
"PP","Producer Prices","352","Iceland","5532","Producer Price (USD/tonne)","21111.01","Meat of cattle with the bone, fresh or chilled","2020","2020","7021","Annual value","USD","4293.3","A","Official value"
"PP","Producer Prices","352","Iceland","5532","Producer Price (USD/tonne)","21111.01","Meat of cattle with the bone, fresh or chilled","2021","2021","7021","Annual value","USD","4635.2","A","Official value"
"PP","Producer Prices","352","Iceland","5532","Producer Price (USD/tonne)","21111.01","Meat of cattle with the bone, fresh or chilled","2022","2022","7021","Annual value","USD","4686.3","A","Official value"
"PP","Producer Prices","352","Iceland","5532","Producer Price (USD/tonne)","21111.01","Meat of cattle with the bone, fresh or chilled","2023","2023","7021","Annual value","USD","5638.6","A","Official value"
"PP","Producer Prices","352","Iceland","5532","Producer Price (USD/tonne)","21111.01","Meat of cattle with the bone, fresh or chilled","2024","2024","7021","Annual value","USD","5682.9","A","Official value"
"PP","Producer Prices","356","India","5532","Producer Price (USD/tonne)","21111.01","Meat of cattle with the bone, fresh or chilled","1991","1991","7021","Annual value","USD","596.1","X","Value from external organization"
"PP","Producer Prices","356","India","5532","Producer Price (USD/tonne)","0141","Soya beans","1998","1998","7021","Annual value","USD","192.7","A","Official value"
"PP","Producer Prices","356","India","5532","Producer Price (USD/tonne)","0141","Soya beans","1999","1999","7021","Annual value","USD","196.3","A","Official value"
"PP","Producer Prices","356","India","5532","Producer Price (USD/tonne)","0141","Soya beans","2000","2000","7021","Annual value","USD","192.5","A","Official value"
"PP","Producer Prices","356","India","5532","Producer Price (USD/tonne)","0141","Soya beans","2001","2001","7021","Annual value","USD","187.6","A","Official value"
"PP","Producer Prices","356","India","5532","Producer Price (USD/tonne)","0141","Soya beans","2002","2002","7021","Annual value","USD","182.1","A","Official value"
"PP","Producer Prices","356","India","5532","Producer Price (USD/tonne)","0141","Soya beans","2003","2003","7021","Annual value","USD","199.6","A","Official value"
"PP","Producer Prices","356","India","5532","Producer Price (USD/tonne)","0141","Soya beans","2004","2004","7021","Annual value","USD","220.7","A","Official value"
"PP","Producer Prices","356","India","5532","Producer Price (USD/tonne)","0141","Soya beans","2005","2005","7021","Annual value","USD","229","A","Official value"
"PP","Producer Prices","356","India","5532","Producer Price (USD/tonne)","0141","Soya beans","2006","2006","7021","Annual value","USD","225.1","A","Official value"
"PP","Producer Prices","356","India","5532","Producer Price (USD/tonne)","0141","Soya beans","2007","2007","7021","Annual value","USD","259.8","A","Official value"
"PP","Producer Prices","356","India","5532","Producer Price (USD/tonne)","0141","Soya beans","2008","2008","7021","Annual value","USD","319.5","A","Official value"
"PP","Producer Prices","360","Indonesia","5532","Producer Price (USD/tonne)","21111.01","Meat of cattle with the bone, fresh or chilled","2011","2011","7021","Annual value","USD","7837.8","A","Official value"
"PP","Producer Prices","360","Indonesia","5532","Producer Price (USD/tonne)","21111.01","Meat of cattle with the bone, fresh or chilled","2012","2012","7021","Annual value","USD","7878.7","A","Official value"
"PP","Producer Prices","360","Indonesia","5532","Producer Price (USD/tonne)","01491.01","Oil palm fruit","2004","2004","7021","Annual value","USD","64.1","A","Official value"
"PP","Producer Prices","360","Indonesia","5532","Producer Price (USD/tonne)","01491.01","Oil palm fruit","2011","2011","7021","Annual value","USD","137.7","A","Official value"
"PP","Producer Prices","360","Indonesia","5532","Producer Price (USD/tonne)","01491.01","Oil palm fruit","2012","2012","7021","Annual value","USD","133.2","A","Official value"
"PP","Producer Prices","360","Indonesia","5532","Producer Price (USD/tonne)","01491.01","Oil palm fruit","2013","2013","7021","Annual value","USD","122.9","A","Official value"
"PP","Producer Prices","360","Indonesia","5532","Producer Price (USD/tonne)","01491.01","Oil palm fruit","2014","2014","7021","Annual value","USD","123.4","A","Official value"
"PP","Producer Prices","360","Indonesia","5532","Producer Price (USD/tonne)","01491.01","Oil palm fruit","2015","2015","7021","Annual value","USD","101.3","A","Official value"
"PP","Producer Prices","360","Indonesia","5532","Producer Price (USD/tonne)","01491.01","Oil palm fruit","2016","2016","7021","Annual value","USD","111","A","Official value"
"PP","Producer Prices","360","Indonesia","5532","Producer Price (USD/tonne)","01491.01","Oil palm fruit","2017","2017","7021","Annual value","USD","92.2","A","Official value"
"PP","Producer Prices","360","Indonesia","5532","Producer Price (USD/tonne)","01491.01","Oil palm fruit","2018","2018","7021","Annual value","USD","76.5","A","Official value"
"PP","Producer Prices","360","Indonesia","5532","Producer Price (USD/tonne)","01491.01","Oil palm fruit","2019","2019","7021","Annual value","USD","69.8","A","Official value"
"PP","Producer Prices","360","Indonesia","5532","Producer Price (USD/tonne)","01491.01","Oil palm fruit","2020","2020","7021","Annual value","USD","80.2","A","Official value"
"PP","Producer Prices","360","Indonesia","5532","Producer Price (USD/tonne)","01491.01","Oil palm fruit","2021","2021","7021","Annual value","USD","110.7","A","Official value"
"PP","Producer Prices","360","Indonesia","5532","Producer Price (USD/tonne)","01491.01","Oil palm fruit","2022","2022","7021","Annual value","USD","140.7","A","Official value"
"PP","Producer Prices","360","Indonesia","5532","Producer Price (USD/tonne)","01491.01","Oil palm fruit","2023","2023","7021","Annual value","USD","153.7","A","Official value"
"PP","Producer Prices","360","Indonesia","5532","Producer Price (USD/tonne)","01491.01","Oil palm fruit","2024","2024","7021","Annual value","USD","132.7","A","Official value"
"PP","Producer Prices","360","Indonesia","5532","Producer Price (USD/tonne)","0141","Soya beans","1991","1991","7021","Annual value","USD","473.7","A","Official value"
"PP","Producer Prices","360","Indonesia","5532","Producer Price (USD/tonne)","0141","Soya beans","1992","1992","7021","Annual value","USD","440.3","A","Official value"
"PP","Producer Prices","360","Indonesia","5532","Producer Price (USD/tonne)","0141","Soya beans","1993","1993","7021","Annual value","USD","474.7","A","Official value"
"PP","Producer Prices","360","Indonesia","5532","Producer Price (USD/tonne)","0141","Soya beans","1994","1994","7021","Annual value","USD","513.4","A","Official value"
"PP","Producer Prices","360","Indonesia","5532","Producer Price (USD/tonne)","0141","Soya beans","1995","1995","7021","Annual value","USD","503.3","A","Official value"
"PP","Producer Prices","360","Indonesia","5532","Producer Price (USD/tonne)","0141","Soya beans","1996","1996","7021","Annual value","USD","525.9","A","Official value"
"PP","Producer Prices","360","Indonesia","5532","Producer Price (USD/tonne)","0141","Soya beans","1997","1997","7021","Annual value","USD","470.1","A","Official value"
"PP","Producer Prices","360","Indonesia","5532","Producer Price (USD/tonne)","0141","Soya beans","1998","1998","7021","Annual value","USD","245.1","A","Official value"
"PP","Producer Prices","360","Indonesia","5532","Producer Price (USD/tonne)","0141","Soya beans","1999","1999","7021","Annual value","USD","332","A","Official value"
"PP","Producer Prices","360","Indonesia","5532","Producer Price (USD/tonne)","0141","Soya beans","2000","2000","7021","Annual value","USD","269.3","A","Official value"
"PP","Producer Prices","360","Indonesia","5532","Producer Price (USD/tonne)","0141","Soya beans","2001","2001","7021","Annual value","USD","259.5","A","Official value"
"PP","Producer Prices","360","Indonesia","5532","Producer Price (USD/tonne)","0141","Soya beans","2002","2002","7021","Annual value","USD","334","A","Official value"
"PP","Producer Prices","360","Indonesia","5532","Producer Price (USD/tonne)","0141","Soya beans","2003","2003","7021","Annual value","USD","382.2","A","Official value"
"PP","Producer Prices","360","Indonesia","5532","Producer Price (USD/tonne)","0141","Soya beans","2004","2004","7021","Annual value","USD","391.5","A","Official value"
"PP","Producer Prices","360","Indonesia","5532","Producer Price (USD/tonne)","0141","Soya beans","2005","2005","7021","Annual value","USD","401.2","A","Official value"
"PP","Producer Prices","360","Indonesia","5532","Producer Price (USD/tonne)","0141","Soya beans","2006","2006","7021","Annual value","USD","407.3","A","Official value"
"PP","Producer Prices","360","Indonesia","5532","Producer Price (USD/tonne)","0141","Soya beans","2007","2007","7021","Annual value","USD","470.4","A","Official value"
"PP","Producer Prices","360","Indonesia","5532","Producer Price (USD/tonne)","0141","Soya beans","2008","2008","7021","Annual value","USD","640.5","A","Official value"
"PP","Producer Prices","360","Indonesia","5532","Producer Price (USD/tonne)","0141","Soya beans","2009","2009","7021","Annual value","USD","634.1","A","Official value"
"PP","Producer Prices","360","Indonesia","5532","Producer Price (USD/tonne)","0141","Soya beans","2010","2010","7021","Annual value","USD","738.4","A","Official value"
"PP","Producer Prices","360","Indonesia","5532","Producer Price (USD/tonne)","0141","Soya beans","2011","2011","7021","Annual value","USD","827","A","Official value"
"PP","Producer Prices","360","Indonesia","5532","Producer Price (USD/tonne)","0141","Soya beans","2012","2012","7021","Annual value","USD","800.5","A","Official value"
"PP","Producer Prices","360","Indonesia","5532","Producer Price (USD/tonne)","0141","Soya beans","2013","2013","7021","Annual value","USD","738.4","A","Official value"
"PP","Producer Prices","360","Indonesia","5532","Producer Price (USD/tonne)","0141","Soya beans","2014","2014","7021","Annual value","USD","701.7","A","Official value"
"PP","Producer Prices","360","Indonesia","5532","Producer Price (USD/tonne)","0141","Soya beans","2015","2015","7021","Annual value","USD","621.9","A","Official value"
"PP","Producer Prices","360","Indonesia","5532","Producer Price (USD/tonne)","0141","Soya beans","2016","2016","7021","Annual value","USD","622.5","A","Official value"
"PP","Producer Prices","360","Indonesia","5532","Producer Price (USD/tonne)","0141","Soya beans","2017","2017","7021","Annual value","USD","579.9","A","Official value"
"PP","Producer Prices","360","Indonesia","5532","Producer Price (USD/tonne)","0141","Soya beans","2018","2018","7021","Annual value","USD","579.3","A","Official value"
"PP","Producer Prices","360","Indonesia","5532","Producer Price (USD/tonne)","0141","Soya beans","2019","2019","7021","Annual value","USD","572.2","A","Official value"
"PP","Producer Prices","360","Indonesia","5532","Producer Price (USD/tonne)","0141","Soya beans","2020","2020","7021","Annual value","USD","615.4","A","Official value"
"PP","Producer Prices","360","Indonesia","5532","Producer Price (USD/tonne)","0141","Soya beans","2021","2021","7021","Annual value","USD","651","A","Official value"
"PP","Producer Prices","360","Indonesia","5532","Producer Price (USD/tonne)","0141","Soya beans","2022","2022","7021","Annual value","USD","666.6","A","Official value"
"PP","Producer Prices","360","Indonesia","5532","Producer Price (USD/tonne)","0141","Soya beans","2023","2023","7021","Annual value","USD","673.6","A","Official value"
"PP","Producer Prices","360","Indonesia","5532","Producer Price (USD/tonne)","0141","Soya beans","2024","2024","7021","Annual value","USD","774.5","A","Official value"
"PP","Producer Prices","364","Iran (Islamic Republic of)","5532","Producer Price (USD/tonne)","0141","Soya beans","1991","1991","7021","Annual value","USD","492.9","A","Official value"
"PP","Producer Prices","364","Iran (Islamic Republic of)","5532","Producer Price (USD/tonne)","0141","Soya beans","1992","1992","7021","Annual value","USD","407.6","A","Official value"
"PP","Producer Prices","364","Iran (Islamic Republic of)","5532","Producer Price (USD/tonne)","0141","Soya beans","1993","1993","7021","Annual value","USD","435.8","A","Official value"
"PP","Producer Prices","364","Iran (Islamic Republic of)","5532","Producer Price (USD/tonne)","0141","Soya beans","1994","1994","7021","Annual value","USD","382.1","A","Official value"
"PP","Producer Prices","364","Iran (Islamic Republic of)","5532","Producer Price (USD/tonne)","0141","Soya beans","1995","1995","7021","Annual value","USD","325.2","A","Official value"
"PP","Producer Prices","364","Iran (Islamic Republic of)","5532","Producer Price (USD/tonne)","0141","Soya beans","1996","1996","7021","Annual value","USD","465.2","A","Official value"
"PP","Producer Prices","364","Iran (Islamic Republic of)","5532","Producer Price (USD/tonne)","0141","Soya beans","1997","1997","7021","Annual value","USD","394","A","Official value"
"PP","Producer Prices","364","Iran (Islamic Republic of)","5532","Producer Price (USD/tonne)","0141","Soya beans","1998","1998","7021","Annual value","USD","353.5","A","Official value"
"PP","Producer Prices","364","Iran (Islamic Republic of)","5532","Producer Price (USD/tonne)","0141","Soya beans","1999","1999","7021","Annual value","USD","347.4","A","Official value"
"PP","Producer Prices","364","Iran (Islamic Republic of)","5532","Producer Price (USD/tonne)","0141","Soya beans","2000","2000","7021","Annual value","USD","313.5","A","Official value"
"PP","Producer Prices","364","Iran (Islamic Republic of)","5532","Producer Price (USD/tonne)","0141","Soya beans","2001","2001","7021","Annual value","USD","306.7","A","Official value"
"PP","Producer Prices","364","Iran (Islamic Republic of)","5532","Producer Price (USD/tonne)","0141","Soya beans","2002","2002","7021","Annual value","USD","325.3","A","Official value"
"PP","Producer Prices","364","Iran (Islamic Republic of)","5532","Producer Price (USD/tonne)","0141","Soya beans","2003","2003","7021","Annual value","USD","283.7","A","Official value"
"PP","Producer Prices","364","Iran (Islamic Republic of)","5532","Producer Price (USD/tonne)","0141","Soya beans","2004","2004","7021","Annual value","USD","282.3","A","Official value"
"PP","Producer Prices","364","Iran (Islamic Republic of)","5532","Producer Price (USD/tonne)","0141","Soya beans","2005","2005","7021","Annual value","USD","289.7","A","Official value"
"PP","Producer Prices","364","Iran (Islamic Republic of)","5532","Producer Price (USD/tonne)","0141","Soya beans","2006","2006","7021","Annual value","USD","317.5","A","Official value"
"PP","Producer Prices","364","Iran (Islamic Republic of)","5532","Producer Price (USD/tonne)","0141","Soya beans","2007","2007","7021","Annual value","USD","470.7","A","Official value"
"PP","Producer Prices","364","Iran (Islamic Republic of)","5532","Producer Price (USD/tonne)","0141","Soya beans","2008","2008","7021","Annual value","USD","435.4","A","Official value"
"PP","Producer Prices","364","Iran (Islamic Republic of)","5532","Producer Price (USD/tonne)","0141","Soya beans","2009","2009","7021","Annual value","USD","514","A","Official value"
"PP","Producer Prices","364","Iran (Islamic Republic of)","5532","Producer Price (USD/tonne)","0141","Soya beans","2010","2010","7021","Annual value","USD","528.5","A","Official value"
"PP","Producer Prices","364","Iran (Islamic Republic of)","5532","Producer Price (USD/tonne)","0141","Soya beans","2011","2011","7021","Annual value","USD","533.4","A","Official value"
"PP","Producer Prices","364","Iran (Islamic Republic of)","5532","Producer Price (USD/tonne)","0141","Soya beans","2012","2012","7021","Annual value","USD","842.3","A","Official value"
"PP","Producer Prices","364","Iran (Islamic Republic of)","5532","Producer Price (USD/tonne)","0141","Soya beans","2013","2013","7021","Annual value","USD","885.2","A","Official value"
"PP","Producer Prices","364","Iran (Islamic Republic of)","5532","Producer Price (USD/tonne)","0141","Soya beans","2014","2014","7021","Annual value","USD","651.4","A","Official value"
"PP","Producer Prices","364","Iran (Islamic Republic of)","5532","Producer Price (USD/tonne)","0141","Soya beans","2015","2015","7021","Annual value","USD","645","A","Official value"
"PP","Producer Prices","364","Iran (Islamic Republic of)","5532","Producer Price (USD/tonne)","0141","Soya beans","2016","2016","7021","Annual value","USD","712.1","A","Official value"
"PP","Producer Prices","364","Iran (Islamic Republic of)","5532","Producer Price (USD/tonne)","0141","Soya beans","2017","2017","7021","Annual value","USD","694.3","A","Official value"
"PP","Producer Prices","364","Iran (Islamic Republic of)","5532","Producer Price (USD/tonne)","0141","Soya beans","2018","2018","7021","Annual value","USD","358.8","A","Official value"
"PP","Producer Prices","364","Iran (Islamic Republic of)","5532","Producer Price (USD/tonne)","0141","Soya beans","2019","2019","7021","Annual value","USD","327","A","Official value"
"PP","Producer Prices","364","Iran (Islamic Republic of)","5532","Producer Price (USD/tonne)","0141","Soya beans","2020","2020","7021","Annual value","USD","920.5","A","Official value"
"PP","Producer Prices","364","Iran (Islamic Republic of)","5532","Producer Price (USD/tonne)","0141","Soya beans","2021","2021","7021","Annual value","USD","642.8","A","Official value"
"PP","Producer Prices","364","Iran (Islamic Republic of)","5532","Producer Price (USD/tonne)","0141","Soya beans","2022","2022","7021","Annual value","USD","676.1","A","Official value"
"PP","Producer Prices","364","Iran (Islamic Republic of)","5532","Producer Price (USD/tonne)","0141","Soya beans","2023","2023","7021","Annual value","USD","844.9","A","Official value"
"PP","Producer Prices","372","Ireland","5532","Producer Price (USD/tonne)","21111.01","Meat of cattle with the bone, fresh or chilled","1991","1991","7021","Annual value","USD","3718.2","A","Official value"
"PP","Producer Prices","372","Ireland","5532","Producer Price (USD/tonne)","21111.01","Meat of cattle with the bone, fresh or chilled","1992","1992","7021","Annual value","USD","3913.6","A","Official value"
"PP","Producer Prices","372","Ireland","5532","Producer Price (USD/tonne)","21111.01","Meat of cattle with the bone, fresh or chilled","1993","1993","7021","Annual value","USD","3676.8","A","Official value"
"PP","Producer Prices","372","Ireland","5532","Producer Price (USD/tonne)","21111.01","Meat of cattle with the bone, fresh or chilled","1994","1994","7021","Annual value","USD","3828.9","A","Official value"
"PP","Producer Prices","372","Ireland","5532","Producer Price (USD/tonne)","21111.01","Meat of cattle with the bone, fresh or chilled","1995","1995","7021","Annual value","USD","4030.8","A","Official value"
"PP","Producer Prices","372","Ireland","5532","Producer Price (USD/tonne)","21111.01","Meat of cattle with the bone, fresh or chilled","1996","1996","7021","Annual value","USD","3436.8","A","Official value"
"PP","Producer Prices","372","Ireland","5532","Producer Price (USD/tonne)","21111.01","Meat of cattle with the bone, fresh or chilled","1997","1997","7021","Annual value","USD","3180.7","A","Official value"
"PP","Producer Prices","372","Ireland","5532","Producer Price (USD/tonne)","21111.01","Meat of cattle with the bone, fresh or chilled","1998","1998","7021","Annual value","USD","2799.6","A","Official value"
"PP","Producer Prices","380","Italy","5532","Producer Price (USD/tonne)","21111.01","Meat of cattle with the bone, fresh or chilled","1991","1991","7021","Annual value","USD","5142.5","A","Official value"
"PP","Producer Prices","380","Italy","5532","Producer Price (USD/tonne)","21111.01","Meat of cattle with the bone, fresh or chilled","1992","1992","7021","Annual value","USD","5448.4","A","Official value"
"PP","Producer Prices","380","Italy","5532","Producer Price (USD/tonne)","21111.01","Meat of cattle with the bone, fresh or chilled","1993","1993","7021","Annual value","USD","4662.8","A","Official value"
"PP","Producer Prices","380","Italy","5532","Producer Price (USD/tonne)","21111.01","Meat of cattle with the bone, fresh or chilled","1994","1994","7021","Annual value","USD","4693.7","A","Official value"
"PP","Producer Prices","380","Italy","5532","Producer Price (USD/tonne)","21111.01","Meat of cattle with the bone, fresh or chilled","1995","1995","7021","Annual value","USD","4898.5","A","Official value"
"PP","Producer Prices","380","Italy","5532","Producer Price (USD/tonne)","0141","Soya beans","1991","1991","7021","Annual value","USD","499.8","A","Official value"
"PP","Producer Prices","380","Italy","5532","Producer Price (USD/tonne)","0141","Soya beans","1992","1992","7021","Annual value","USD","227.9","A","Official value"
"PP","Producer Prices","380","Italy","5532","Producer Price (USD/tonne)","0141","Soya beans","1993","1993","7021","Annual value","USD","223.7","A","Official value"
"PP","Producer Prices","380","Italy","5532","Producer Price (USD/tonne)","0141","Soya beans","1994","1994","7021","Annual value","USD","229.5","A","Official value"
"PP","Producer Prices","380","Italy","5532","Producer Price (USD/tonne)","0141","Soya beans","1995","1995","7021","Annual value","USD","233.8","A","Official value"
"PP","Producer Prices","380","Italy","5532","Producer Price (USD/tonne)","0141","Soya beans","1996","1996","7021","Annual value","USD","297.8","A","Official value"
"PP","Producer Prices","380","Italy","5532","Producer Price (USD/tonne)","0141","Soya beans","1997","1997","7021","Annual value","USD","258.2","A","Official value"
"PP","Producer Prices","380","Italy","5532","Producer Price (USD/tonne)","0141","Soya beans","1998","1998","7021","Annual value","USD","244.8","A","Official value"
"PP","Producer Prices","380","Italy","5532","Producer Price (USD/tonne)","0141","Soya beans","1999","1999","7021","Annual value","USD","183.3","A","Official value"
"PP","Producer Prices","380","Italy","5532","Producer Price (USD/tonne)","0141","Soya beans","2002","2002","7021","Annual value","USD","209.9","A","Official value"
"PP","Producer Prices","380","Italy","5532","Producer Price (USD/tonne)","0141","Soya beans","2003","2003","7021","Annual value","USD","295.7","A","Official value"
"PP","Producer Prices","380","Italy","5532","Producer Price (USD/tonne)","0141","Soya beans","2004","2004","7021","Annual value","USD","257","A","Official value"
"PP","Producer Prices","380","Italy","5532","Producer Price (USD/tonne)","0141","Soya beans","2005","2005","7021","Annual value","USD","218.9","A","Official value"
"PP","Producer Prices","380","Italy","5532","Producer Price (USD/tonne)","0141","Soya beans","2006","2006","7021","Annual value","USD","213.9","A","Official value"
"PP","Producer Prices","380","Italy","5532","Producer Price (USD/tonne)","0141","Soya beans","2007","2007","7021","Annual value","USD","291.4","A","Official value"
"PP","Producer Prices","392","Japan","5532","Producer Price (USD/tonne)","0141","Soya beans","1991","1991","7021","Annual value","USD","1776.7","A","Official value"
"PP","Producer Prices","392","Japan","5532","Producer Price (USD/tonne)","0141","Soya beans","1992","1992","7021","Annual value","USD","1895","A","Official value"
"PP","Producer Prices","392","Japan","5532","Producer Price (USD/tonne)","0141","Soya beans","1993","1993","7021","Annual value","USD","2276.7","A","Official value"
"PP","Producer Prices","392","Japan","5532","Producer Price (USD/tonne)","0141","Soya beans","1994","1994","7021","Annual value","USD","2341.6","A","Official value"
"PP","Producer Prices","392","Japan","5532","Producer Price (USD/tonne)","0141","Soya beans","1995","1995","7021","Annual value","USD","2540.9","A","Official value"
"PP","Producer Prices","392","Japan","5532","Producer Price (USD/tonne)","0141","Soya beans","1996","1996","7021","Annual value","USD","2187.9","A","Official value"
"PP","Producer Prices","392","Japan","5532","Producer Price (USD/tonne)","0141","Soya beans","1997","1997","7021","Annual value","USD","2106.2","A","Official value"
"PP","Producer Prices","392","Japan","5532","Producer Price (USD/tonne)","0141","Soya beans","1998","1998","7021","Annual value","USD","1915.5","A","Official value"
"PP","Producer Prices","392","Japan","5532","Producer Price (USD/tonne)","0141","Soya beans","1999","1999","7021","Annual value","USD","2162.6","A","Official value"
"PP","Producer Prices","392","Japan","5532","Producer Price (USD/tonne)","0141","Soya beans","2000","2000","7021","Annual value","USD","2227.1","A","Official value"
"PP","Producer Prices","392","Japan","5532","Producer Price (USD/tonne)","0141","Soya beans","2001","2001","7021","Annual value","USD","1818.5","A","Official value"
"PP","Producer Prices","392","Japan","5532","Producer Price (USD/tonne)","0141","Soya beans","2002","2002","7021","Annual value","USD","1611","A","Official value"
"PP","Producer Prices","392","Japan","5532","Producer Price (USD/tonne)","0141","Soya beans","2003","2003","7021","Annual value","USD","1782.6","A","Official value"
"PP","Producer Prices","392","Japan","5532","Producer Price (USD/tonne)","0141","Soya beans","2004","2004","7021","Annual value","USD","2614.2","A","Official value"
"PP","Producer Prices","392","Japan","5532","Producer Price (USD/tonne)","0141","Soya beans","2005","2005","7021","Annual value","USD","2797.5","A","Official value"
"PP","Producer Prices","392","Japan","5532","Producer Price (USD/tonne)","0141","Soya beans","2006","2006","7021","Annual value","USD","2072.2","A","Official value"
"PP","Producer Prices","392","Japan","5532","Producer Price (USD/tonne)","0141","Soya beans","2007","2007","7021","Annual value","USD","1811.7","A","Official value"
"PP","Producer Prices","392","Japan","5532","Producer Price (USD/tonne)","0141","Soya beans","2008","2008","7021","Annual value","USD","1539.8","A","Official value"
"PP","Producer Prices","392","Japan","5532","Producer Price (USD/tonne)","0141","Soya beans","2009","2009","7021","Annual value","USD","1649.2","A","Official value"
"PP","Producer Prices","392","Japan","5532","Producer Price (USD/tonne)","0141","Soya beans","2010","2010","7021","Annual value","USD","1490.1","A","Official value"
"PP","Producer Prices","392","Japan","5532","Producer Price (USD/tonne)","0141","Soya beans","2011","2011","7021","Annual value","USD","1602.2","A","Official value"
"PP","Producer Prices","392","Japan","5532","Producer Price (USD/tonne)","0141","Soya beans","2012","2012","7021","Annual value","USD","1288.2","A","Official value"
"PP","Producer Prices","392","Japan","5532","Producer Price (USD/tonne)","0141","Soya beans","2013","2013","7021","Annual value","USD","1105.1","A","Official value"
"PP","Producer Prices","392","Japan","5532","Producer Price (USD/tonne)","0141","Soya beans","2014","2014","7021","Annual value","USD","1539.2","A","Official value"
"PP","Producer Prices","392","Japan","5532","Producer Price (USD/tonne)","0141","Soya beans","2015","2015","7021","Annual value","USD","1284.5","A","Official value"
"PP","Producer Prices","392","Japan","5532","Producer Price (USD/tonne)","0141","Soya beans","2016","2016","7021","Annual value","USD","1331.3","A","Official value"
"PP","Producer Prices","392","Japan","5532","Producer Price (USD/tonne)","0141","Soya beans","2017","2017","7021","Annual value","USD","1125.9","A","Official value"
"PP","Producer Prices","392","Japan","5532","Producer Price (USD/tonne)","0141","Soya beans","2018","2018","7021","Annual value","USD","1042.5","A","Official value"
"PP","Producer Prices","392","Japan","5532","Producer Price (USD/tonne)","0141","Soya beans","2019","2019","7021","Annual value","USD","1182.3","A","Official value"
"PP","Producer Prices","392","Japan","5532","Producer Price (USD/tonne)","0141","Soya beans","2020","2020","7021","Annual value","USD","1381.6","A","Official value"
"PP","Producer Prices","392","Japan","5532","Producer Price (USD/tonne)","0141","Soya beans","2021","2021","7021","Annual value","USD","1332.7","A","Official value"
"PP","Producer Prices","392","Japan","5532","Producer Price (USD/tonne)","0141","Soya beans","2022","2022","7021","Annual value","USD","1155.3","A","Official value"
"PP","Producer Prices","392","Japan","5532","Producer Price (USD/tonne)","0141","Soya beans","2023","2023","7021","Annual value","USD","1056.5","A","Official value"
"PP","Producer Prices","392","Japan","5532","Producer Price (USD/tonne)","0141","Soya beans","2024","2024","7021","Annual value","USD","837.5","A","Official value"
"PP","Producer Prices","400","Jordan","5532","Producer Price (USD/tonne)","21111.01","Meat of cattle with the bone, fresh or chilled","1991","1991","7021","Annual value","USD","4699.9","A","Official value"
"PP","Producer Prices","398","Kazakhstan","5532","Producer Price (USD/tonne)","0141","Soya beans","2006","2006","7021","Annual value","USD","242.7","A","Official value"
"PP","Producer Prices","398","Kazakhstan","5532","Producer Price (USD/tonne)","0141","Soya beans","2007","2007","7021","Annual value","USD","257.6","A","Official value"
"PP","Producer Prices","398","Kazakhstan","5532","Producer Price (USD/tonne)","0141","Soya beans","2008","2008","7021","Annual value","USD","322.5","A","Official value"
"PP","Producer Prices","398","Kazakhstan","5532","Producer Price (USD/tonne)","0141","Soya beans","2009","2009","7021","Annual value","USD","307.2","A","Official value"
"PP","Producer Prices","398","Kazakhstan","5532","Producer Price (USD/tonne)","0141","Soya beans","2010","2010","7021","Annual value","USD","313","A","Official value"
"PP","Producer Prices","398","Kazakhstan","5532","Producer Price (USD/tonne)","0141","Soya beans","2011","2011","7021","Annual value","USD","346.1","A","Official value"
"PP","Producer Prices","398","Kazakhstan","5532","Producer Price (USD/tonne)","0141","Soya beans","2012","2012","7021","Annual value","USD","372.3","A","Official value"
"PP","Producer Prices","398","Kazakhstan","5532","Producer Price (USD/tonne)","0141","Soya beans","2013","2013","7021","Annual value","USD","461.9","A","Official value"
"PP","Producer Prices","398","Kazakhstan","5532","Producer Price (USD/tonne)","0141","Soya beans","2014","2014","7021","Annual value","USD","391.5","A","Official value"
"PP","Producer Prices","398","Kazakhstan","5532","Producer Price (USD/tonne)","0141","Soya beans","2015","2015","7021","Annual value","USD","307.4","A","Official value"
"PP","Producer Prices","398","Kazakhstan","5532","Producer Price (USD/tonne)","0141","Soya beans","2016","2016","7021","Annual value","USD","220.1","A","Official value"
"PP","Producer Prices","398","Kazakhstan","5532","Producer Price (USD/tonne)","0141","Soya beans","2017","2017","7021","Annual value","USD","298","A","Official value"
"PP","Producer Prices","398","Kazakhstan","5532","Producer Price (USD/tonne)","0141","Soya beans","2018","2018","7021","Annual value","USD","283.3","A","Official value"
"PP","Producer Prices","398","Kazakhstan","5532","Producer Price (USD/tonne)","0141","Soya beans","2019","2019","7021","Annual value","USD","353.8","A","Official value"
"PP","Producer Prices","398","Kazakhstan","5532","Producer Price (USD/tonne)","0141","Soya beans","2020","2020","7021","Annual value","USD","351.7","A","Official value"
"PP","Producer Prices","398","Kazakhstan","5532","Producer Price (USD/tonne)","0141","Soya beans","2021","2021","7021","Annual value","USD","391.3","A","Official value"
"PP","Producer Prices","398","Kazakhstan","5532","Producer Price (USD/tonne)","0141","Soya beans","2022","2022","7021","Annual value","USD","453.7","A","Official value"
"PP","Producer Prices","398","Kazakhstan","5532","Producer Price (USD/tonne)","0141","Soya beans","2023","2023","7021","Annual value","USD","517.8","A","Official value"
"PP","Producer Prices","404","Kenya","5532","Producer Price (USD/tonne)","21111.01","Meat of cattle with the bone, fresh or chilled","1998","1998","7021","Annual value","USD","1461.8","A","Official value"
"PP","Producer Prices","404","Kenya","5532","Producer Price (USD/tonne)","21111.01","Meat of cattle with the bone, fresh or chilled","1999","1999","7021","Annual value","USD","1518.2","A","Official value"
"PP","Producer Prices","404","Kenya","5532","Producer Price (USD/tonne)","21111.01","Meat of cattle with the bone, fresh or chilled","2000","2000","7021","Annual value","USD","1070.4","A","Official value"
"PP","Producer Prices","404","Kenya","5532","Producer Price (USD/tonne)","21111.01","Meat of cattle with the bone, fresh or chilled","2001","2001","7021","Annual value","USD","1193.3","A","Official value"
"PP","Producer Prices","404","Kenya","5532","Producer Price (USD/tonne)","21111.01","Meat of cattle with the bone, fresh or chilled","2002","2002","7021","Annual value","USD","1545.3","A","Official value"
"PP","Producer Prices","404","Kenya","5532","Producer Price (USD/tonne)","21111.01","Meat of cattle with the bone, fresh or chilled","2003","2003","7021","Annual value","USD","1562.1","A","Official value"
"PP","Producer Prices","404","Kenya","5532","Producer Price (USD/tonne)","21111.01","Meat of cattle with the bone, fresh or chilled","2004","2004","7021","Annual value","USD","1433.7","A","Official value"
"PP","Producer Prices","404","Kenya","5532","Producer Price (USD/tonne)","21111.01","Meat of cattle with the bone, fresh or chilled","2005","2005","7021","Annual value","USD","1580.1","A","Official value"
"PP","Producer Prices","404","Kenya","5532","Producer Price (USD/tonne)","21111.01","Meat of cattle with the bone, fresh or chilled","2006","2006","7021","Annual value","USD","1678.4","A","Official value"
"PP","Producer Prices","404","Kenya","5532","Producer Price (USD/tonne)","21111.01","Meat of cattle with the bone, fresh or chilled","2007","2007","7021","Annual value","USD","2160.8","A","Official value"
"PP","Producer Prices","404","Kenya","5532","Producer Price (USD/tonne)","21111.01","Meat of cattle with the bone, fresh or chilled","2008","2008","7021","Annual value","USD","2216.8","A","Official value"
"PP","Producer Prices","404","Kenya","5532","Producer Price (USD/tonne)","21111.01","Meat of cattle with the bone, fresh or chilled","2009","2009","7021","Annual value","USD","2018","A","Official value"
"PP","Producer Prices","404","Kenya","5532","Producer Price (USD/tonne)","21111.01","Meat of cattle with the bone, fresh or chilled","2010","2010","7021","Annual value","USD","2054.3","A","Official value"
"PP","Producer Prices","404","Kenya","5532","Producer Price (USD/tonne)","21111.01","Meat of cattle with the bone, fresh or chilled","2011","2011","7021","Annual value","USD","2589.8","A","Official value"
"PP","Producer Prices","404","Kenya","5532","Producer Price (USD/tonne)","21111.01","Meat of cattle with the bone, fresh or chilled","2012","2012","7021","Annual value","USD","2481.7","A","Official value"
"PP","Producer Prices","404","Kenya","5532","Producer Price (USD/tonne)","21111.01","Meat of cattle with the bone, fresh or chilled","2013","2013","7021","Annual value","USD","3018.9","A","Official value"
"PP","Producer Prices","404","Kenya","5532","Producer Price (USD/tonne)","21111.01","Meat of cattle with the bone, fresh or chilled","2014","2014","7021","Annual value","USD","3127.8","A","Official value"
"PP","Producer Prices","404","Kenya","5532","Producer Price (USD/tonne)","21111.01","Meat of cattle with the bone, fresh or chilled","2015","2015","7021","Annual value","USD","3107.7","A","Official value"
"PP","Producer Prices","404","Kenya","5532","Producer Price (USD/tonne)","21111.01","Meat of cattle with the bone, fresh or chilled","2016","2016","7021","Annual value","USD","3537.2","A","Official value"
"PP","Producer Prices","404","Kenya","5532","Producer Price (USD/tonne)","21111.01","Meat of cattle with the bone, fresh or chilled","2024","2024","7021","Annual value","USD","4554.1","A","Official value"
"PP","Producer Prices","404","Kenya","5532","Producer Price (USD/tonne)","0141","Soya beans","2022","2022","7021","Annual value","USD","634","A","Official value"
"PP","Producer Prices","404","Kenya","5532","Producer Price (USD/tonne)","0141","Soya beans","2023","2023","7021","Annual value","USD","515.5","A","Official value"
"PP","Producer Prices","404","Kenya","5532","Producer Price (USD/tonne)","0141","Soya beans","2024","2024","7021","Annual value","USD","491.9","A","Official value"
"PP","Producer Prices","418","Lao People's Democratic Republic","5532","Producer Price (USD/tonne)","21111.01","Meat of cattle with the bone, fresh or chilled","1995","1995","7021","Annual value","USD","2130","A","Official value"
"PP","Producer Prices","418","Lao People's Democratic Republic","5532","Producer Price (USD/tonne)","21111.01","Meat of cattle with the bone, fresh or chilled","1996","1996","7021","Annual value","USD","2614.5","A","Official value"
"PP","Producer Prices","418","Lao People's Democratic Republic","5532","Producer Price (USD/tonne)","21111.01","Meat of cattle with the bone, fresh or chilled","1997","1997","7021","Annual value","USD","2777.8","A","Official value"
"PP","Producer Prices","418","Lao People's Democratic Republic","5532","Producer Price (USD/tonne)","21111.01","Meat of cattle with the bone, fresh or chilled","2011","2011","7021","Annual value","USD","5168.1","A","Official value"
"PP","Producer Prices","418","Lao People's Democratic Republic","5532","Producer Price (USD/tonne)","21111.01","Meat of cattle with the bone, fresh or chilled","2012","2012","7021","Annual value","USD","6028.9","A","Official value"
"PP","Producer Prices","418","Lao People's Democratic Republic","5532","Producer Price (USD/tonne)","21111.01","Meat of cattle with the bone, fresh or chilled","2013","2013","7021","Annual value","USD","5861.1","A","Official value"
"PP","Producer Prices","418","Lao People's Democratic Republic","5532","Producer Price (USD/tonne)","0141","Soya beans","1996","1996","7021","Annual value","USD","875.6","A","Official value"
"PP","Producer Prices","418","Lao People's Democratic Republic","5532","Producer Price (USD/tonne)","0141","Soya beans","1997","1997","7021","Annual value","USD","850.8","A","Official value"
"PP","Producer Prices","418","Lao People's Democratic Republic","5532","Producer Price (USD/tonne)","0141","Soya beans","1998","1998","7021","Annual value","USD","814.7","A","Official value"
"PP","Producer Prices","418","Lao People's Democratic Republic","5532","Producer Price (USD/tonne)","0141","Soya beans","1999","1999","7021","Annual value","USD","473.1","A","Official value"
"PP","Producer Prices","418","Lao People's Democratic Republic","5532","Producer Price (USD/tonne)","0141","Soya beans","2000","2000","7021","Annual value","USD","289.1","A","Official value"
"PP","Producer Prices","418","Lao People's Democratic Republic","5532","Producer Price (USD/tonne)","0141","Soya beans","2001","2001","7021","Annual value","USD","354.7","A","Official value"
"PP","Producer Prices","418","Lao People's Democratic Republic","5532","Producer Price (USD/tonne)","0141","Soya beans","2002","2002","7021","Annual value","USD","324.2","A","Official value"
"PP","Producer Prices","418","Lao People's Democratic Republic","5532","Producer Price (USD/tonne)","0141","Soya beans","2011","2011","7021","Annual value","USD","773.6","A","Official value"
"PP","Producer Prices","418","Lao People's Democratic Republic","5532","Producer Price (USD/tonne)","0141","Soya beans","2012","2012","7021","Annual value","USD","865","A","Official value"
"PP","Producer Prices","418","Lao People's Democratic Republic","5532","Producer Price (USD/tonne)","0141","Soya beans","2013","2013","7021","Annual value","USD","959.7","A","Official value"
"PP","Producer Prices","428","Latvia","5532","Producer Price (USD/tonne)","21111.01","Meat of cattle with the bone, fresh or chilled","1992","1992","7021","Annual value","USD","267.5","A","Official value"
"PP","Producer Prices","428","Latvia","5532","Producer Price (USD/tonne)","21111.01","Meat of cattle with the bone, fresh or chilled","1993","1993","7021","Annual value","USD","454.6","A","Official value"
"PP","Producer Prices","428","Latvia","5532","Producer Price (USD/tonne)","21111.01","Meat of cattle with the bone, fresh or chilled","1994","1994","7021","Annual value","USD","979","A","Official value"
"PP","Producer Prices","428","Latvia","5532","Producer Price (USD/tonne)","21111.01","Meat of cattle with the bone, fresh or chilled","1995","1995","7021","Annual value","USD","1326.8","A","Official value"
"PP","Producer Prices","428","Latvia","5532","Producer Price (USD/tonne)","21111.01","Meat of cattle with the bone, fresh or chilled","1996","1996","7021","Annual value","USD","1216.5","A","Official value"
"PP","Producer Prices","428","Latvia","5532","Producer Price (USD/tonne)","21111.01","Meat of cattle with the bone, fresh or chilled","1997","1997","7021","Annual value","USD","1057","A","Official value"
"PP","Producer Prices","428","Latvia","5532","Producer Price (USD/tonne)","21111.01","Meat of cattle with the bone, fresh or chilled","1998","1998","7021","Annual value","USD","1064.7","A","Official value"
"PP","Producer Prices","428","Latvia","5532","Producer Price (USD/tonne)","21111.01","Meat of cattle with the bone, fresh or chilled","1999","1999","7021","Annual value","USD","1051","A","Official value"
"PP","Producer Prices","428","Latvia","5532","Producer Price (USD/tonne)","21111.01","Meat of cattle with the bone, fresh or chilled","2000","2000","7021","Annual value","USD","1000.8","A","Official value"
"PP","Producer Prices","428","Latvia","5532","Producer Price (USD/tonne)","21111.01","Meat of cattle with the bone, fresh or chilled","2001","2001","7021","Annual value","USD","1364.8","A","Official value"
"PP","Producer Prices","428","Latvia","5532","Producer Price (USD/tonne)","21111.01","Meat of cattle with the bone, fresh or chilled","2014","2014","7021","Annual value","USD","2154.6","A","Official value"
"PP","Producer Prices","428","Latvia","5532","Producer Price (USD/tonne)","21111.01","Meat of cattle with the bone, fresh or chilled","2015","2015","7021","Annual value","USD","1822.2","A","Official value"
"PP","Producer Prices","428","Latvia","5532","Producer Price (USD/tonne)","21111.01","Meat of cattle with the bone, fresh or chilled","2016","2016","7021","Annual value","USD","1768.7","A","Official value"
"PP","Producer Prices","428","Latvia","5532","Producer Price (USD/tonne)","21111.01","Meat of cattle with the bone, fresh or chilled","2017","2017","7021","Annual value","USD","2013.1","A","Official value"
"PP","Producer Prices","428","Latvia","5532","Producer Price (USD/tonne)","21111.01","Meat of cattle with the bone, fresh or chilled","2018","2018","7021","Annual value","USD","2291.1","A","Official value"
"PP","Producer Prices","428","Latvia","5532","Producer Price (USD/tonne)","21111.01","Meat of cattle with the bone, fresh or chilled","2019","2019","7021","Annual value","USD","2139.3","A","Official value"
"PP","Producer Prices","428","Latvia","5532","Producer Price (USD/tonne)","21111.01","Meat of cattle with the bone, fresh or chilled","2020","2020","7021","Annual value","USD","2124.5","A","Official value"
"PP","Producer Prices","428","Latvia","5532","Producer Price (USD/tonne)","21111.01","Meat of cattle with the bone, fresh or chilled","2021","2021","7021","Annual value","USD","2539.3","A","Official value"
"PP","Producer Prices","428","Latvia","5532","Producer Price (USD/tonne)","21111.01","Meat of cattle with the bone, fresh or chilled","2022","2022","7021","Annual value","USD","3181.4","A","Official value"
"PP","Producer Prices","428","Latvia","5532","Producer Price (USD/tonne)","21111.01","Meat of cattle with the bone, fresh or chilled","2023","2023","7021","Annual value","USD","2904.5","A","Official value"
"PP","Producer Prices","428","Latvia","5532","Producer Price (USD/tonne)","21111.01","Meat of cattle with the bone, fresh or chilled","2024","2024","7021","Annual value","USD","3153","A","Official value"
"PP","Producer Prices","422","Lebanon","5532","Producer Price (USD/tonne)","21111.01","Meat of cattle with the bone, fresh or chilled","2010","2010","7021","Annual value","USD","3186.7","A","Official value"
"PP","Producer Prices","422","Lebanon","5532","Producer Price (USD/tonne)","21111.01","Meat of cattle with the bone, fresh or chilled","2011","2011","7021","Annual value","USD","3980.1","A","Official value"
"PP","Producer Prices","422","Lebanon","5532","Producer Price (USD/tonne)","21111.01","Meat of cattle with the bone, fresh or chilled","2012","2012","7021","Annual value","USD","4002","A","Official value"
"PP","Producer Prices","422","Lebanon","5532","Producer Price (USD/tonne)","21111.01","Meat of cattle with the bone, fresh or chilled","2014","2014","7021","Annual value","USD","5463.3","A","Official value"
"PP","Producer Prices","422","Lebanon","5532","Producer Price (USD/tonne)","21111.01","Meat of cattle with the bone, fresh or chilled","2015","2015","7021","Annual value","USD","5041.5","A","Official value"
"PP","Producer Prices","422","Lebanon","5532","Producer Price (USD/tonne)","21111.01","Meat of cattle with the bone, fresh or chilled","2016","2016","7021","Annual value","USD","6301.8","A","Official value"
"PP","Producer Prices","422","Lebanon","5532","Producer Price (USD/tonne)","21111.01","Meat of cattle with the bone, fresh or chilled","2017","2017","7021","Annual value","USD","7517.7","A","Official value"
"PP","Producer Prices","422","Lebanon","5532","Producer Price (USD/tonne)","21111.01","Meat of cattle with the bone, fresh or chilled","2018","2018","7021","Annual value","USD","6467.7","A","Official value"
"PP","Producer Prices","422","Lebanon","5532","Producer Price (USD/tonne)","21111.01","Meat of cattle with the bone, fresh or chilled","2019","2019","7021","Annual value","USD","6965.2","A","Official value"
"PP","Producer Prices","442","Luxembourg","5532","Producer Price (USD/tonne)","21111.01","Meat of cattle with the bone, fresh or chilled","2000","2000","7021","Annual value","USD","2698.4","A","Official value"
"PP","Producer Prices","442","Luxembourg","5532","Producer Price (USD/tonne)","21111.01","Meat of cattle with the bone, fresh or chilled","2001","2001","7021","Annual value","USD","2112.9","A","Official value"
"PP","Producer Prices","442","Luxembourg","5532","Producer Price (USD/tonne)","21111.01","Meat of cattle with the bone, fresh or chilled","2002","2002","7021","Annual value","USD","2286.9","A","Official value"
"PP","Producer Prices","442","Luxembourg","5532","Producer Price (USD/tonne)","21111.01","Meat of cattle with the bone, fresh or chilled","2003","2003","7021","Annual value","USD","2934.4","A","Official value"
"PP","Producer Prices","442","Luxembourg","5532","Producer Price (USD/tonne)","21111.01","Meat of cattle with the bone, fresh or chilled","2004","2004","7021","Annual value","USD","3377.4","A","Official value"
"PP","Producer Prices","442","Luxembourg","5532","Producer Price (USD/tonne)","21111.01","Meat of cattle with the bone, fresh or chilled","2005","2005","7021","Annual value","USD","3656.2","A","Official value"
"PP","Producer Prices","442","Luxembourg","5532","Producer Price (USD/tonne)","21111.01","Meat of cattle with the bone, fresh or chilled","2006","2006","7021","Annual value","USD","3926.5","A","Official value"
"PP","Producer Prices","442","Luxembourg","5532","Producer Price (USD/tonne)","21111.01","Meat of cattle with the bone, fresh or chilled","2007","2007","7021","Annual value","USD","4256.6","A","Official value"
"PP","Producer Prices","442","Luxembourg","5532","Producer Price (USD/tonne)","21111.01","Meat of cattle with the bone, fresh or chilled","2008","2008","7021","Annual value","USD","4760.7","A","Official value"
"PP","Producer Prices","442","Luxembourg","5532","Producer Price (USD/tonne)","21111.01","Meat of cattle with the bone, fresh or chilled","2009","2009","7021","Annual value","USD","4514.9","A","Official value"
"PP","Producer Prices","442","Luxembourg","5532","Producer Price (USD/tonne)","21111.01","Meat of cattle with the bone, fresh or chilled","2010","2010","7021","Annual value","USD","4277.9","A","Official value"
"PP","Producer Prices","442","Luxembourg","5532","Producer Price (USD/tonne)","21111.01","Meat of cattle with the bone, fresh or chilled","2011","2011","7021","Annual value","USD","4809.9","A","Official value"
"PP","Producer Prices","442","Luxembourg","5532","Producer Price (USD/tonne)","21111.01","Meat of cattle with the bone, fresh or chilled","2012","2012","7021","Annual value","USD","4818.2","A","Official value"
"PP","Producer Prices","442","Luxembourg","5532","Producer Price (USD/tonne)","21111.01","Meat of cattle with the bone, fresh or chilled","2013","2013","7021","Annual value","USD","5218","A","Official value"
"PP","Producer Prices","442","Luxembourg","5532","Producer Price (USD/tonne)","21111.01","Meat of cattle with the bone, fresh or chilled","2014","2014","7021","Annual value","USD","4948.7","A","Official value"
"PP","Producer Prices","442","Luxembourg","5532","Producer Price (USD/tonne)","21111.01","Meat of cattle with the bone, fresh or chilled","2015","2015","7021","Annual value","USD","4136.8","A","Official value"
"PP","Producer Prices","442","Luxembourg","5532","Producer Price (USD/tonne)","21111.01","Meat of cattle with the bone, fresh or chilled","2016","2016","7021","Annual value","USD","4114.9","A","Official value"
"PP","Producer Prices","442","Luxembourg","5532","Producer Price (USD/tonne)","21111.01","Meat of cattle with the bone, fresh or chilled","2017","2017","7021","Annual value","USD","4247.6","A","Official value"
"PP","Producer Prices","442","Luxembourg","5532","Producer Price (USD/tonne)","21111.01","Meat of cattle with the bone, fresh or chilled","2018","2018","7021","Annual value","USD","4416.8","A","Official value"
"PP","Producer Prices","442","Luxembourg","5532","Producer Price (USD/tonne)","21111.01","Meat of cattle with the bone, fresh or chilled","2019","2019","7021","Annual value","USD","4108.5","A","Official value"
"PP","Producer Prices","442","Luxembourg","5532","Producer Price (USD/tonne)","21111.01","Meat of cattle with the bone, fresh or chilled","2020","2020","7021","Annual value","USD","4146.2","A","Official value"
"PP","Producer Prices","442","Luxembourg","5532","Producer Price (USD/tonne)","21111.01","Meat of cattle with the bone, fresh or chilled","2021","2021","7021","Annual value","USD","4506.2","A","Official value"
"PP","Producer Prices","442","Luxembourg","5532","Producer Price (USD/tonne)","21111.01","Meat of cattle with the bone, fresh or chilled","2022","2022","7021","Annual value","USD","5286.3","A","Official value"
"PP","Producer Prices","442","Luxembourg","5532","Producer Price (USD/tonne)","21111.01","Meat of cattle with the bone, fresh or chilled","2023","2023","7021","Annual value","USD","5406.3","A","Official value"
"PP","Producer Prices","442","Luxembourg","5532","Producer Price (USD/tonne)","21111.01","Meat of cattle with the bone, fresh or chilled","2024","2024","7021","Annual value","USD","5528.1","A","Official value"
"PP","Producer Prices","450","Madagascar","5532","Producer Price (USD/tonne)","21111.01","Meat of cattle with the bone, fresh or chilled","2004","2004","7021","Annual value","USD","1308.8","A","Official value"
"PP","Producer Prices","450","Madagascar","5532","Producer Price (USD/tonne)","21111.01","Meat of cattle with the bone, fresh or chilled","2005","2005","7021","Annual value","USD","1521.7","A","Official value"
"PP","Producer Prices","450","Madagascar","5532","Producer Price (USD/tonne)","21111.01","Meat of cattle with the bone, fresh or chilled","2009","2009","7021","Annual value","USD","3067.2","A","Official value"
"PP","Producer Prices","450","Madagascar","5532","Producer Price (USD/tonne)","21111.01","Meat of cattle with the bone, fresh or chilled","2010","2010","7021","Annual value","USD","2870.9","A","Official value"
"PP","Producer Prices","450","Madagascar","5532","Producer Price (USD/tonne)","21111.01","Meat of cattle with the bone, fresh or chilled","2011","2011","7021","Annual value","USD","2962.8","A","Official value"
"PP","Producer Prices","454","Malawi","5532","Producer Price (USD/tonne)","21111.01","Meat of cattle with the bone, fresh or chilled","1996","1996","7021","Annual value","USD","1226.1","A","Official value"
"PP","Producer Prices","454","Malawi","5532","Producer Price (USD/tonne)","21111.01","Meat of cattle with the bone, fresh or chilled","1997","1997","7021","Annual value","USD","1167.3","A","Official value"
"PP","Producer Prices","454","Malawi","5532","Producer Price (USD/tonne)","21111.01","Meat of cattle with the bone, fresh or chilled","1998","1998","7021","Annual value","USD","1138","A","Official value"
"PP","Producer Prices","454","Malawi","5532","Producer Price (USD/tonne)","21111.01","Meat of cattle with the bone, fresh or chilled","1999","1999","7021","Annual value","USD","1285.2","A","Official value"
"PP","Producer Prices","454","Malawi","5532","Producer Price (USD/tonne)","21111.01","Meat of cattle with the bone, fresh or chilled","2000","2000","7021","Annual value","USD","1232.2","A","Official value"
"PP","Producer Prices","454","Malawi","5532","Producer Price (USD/tonne)","21111.01","Meat of cattle with the bone, fresh or chilled","2001","2001","7021","Annual value","USD","1269.6","A","Official value"
"PP","Producer Prices","454","Malawi","5532","Producer Price (USD/tonne)","21111.01","Meat of cattle with the bone, fresh or chilled","2002","2002","7021","Annual value","USD","1253.8","A","Official value"
"PP","Producer Prices","454","Malawi","5532","Producer Price (USD/tonne)","21111.01","Meat of cattle with the bone, fresh or chilled","2003","2003","7021","Annual value","USD","1301.5","A","Official value"
"PP","Producer Prices","454","Malawi","5532","Producer Price (USD/tonne)","21111.01","Meat of cattle with the bone, fresh or chilled","2004","2004","7021","Annual value","USD","1594.9","A","Official value"
"PP","Producer Prices","454","Malawi","5532","Producer Price (USD/tonne)","21111.01","Meat of cattle with the bone, fresh or chilled","2005","2005","7021","Annual value","USD","1832.5","A","Official value"
"PP","Producer Prices","454","Malawi","5532","Producer Price (USD/tonne)","21111.01","Meat of cattle with the bone, fresh or chilled","2006","2006","7021","Annual value","USD","1823.3","A","Official value"
"PP","Producer Prices","454","Malawi","5532","Producer Price (USD/tonne)","21111.01","Meat of cattle with the bone, fresh or chilled","2007","2007","7021","Annual value","USD","2107.8","A","Official value"
"PP","Producer Prices","454","Malawi","5532","Producer Price (USD/tonne)","21111.01","Meat of cattle with the bone, fresh or chilled","2008","2008","7021","Annual value","USD","2810.9","A","Official value"
"PP","Producer Prices","454","Malawi","5532","Producer Price (USD/tonne)","21111.01","Meat of cattle with the bone, fresh or chilled","2009","2009","7021","Annual value","USD","3344.4","A","Official value"
"PP","Producer Prices","454","Malawi","5532","Producer Price (USD/tonne)","21111.01","Meat of cattle with the bone, fresh or chilled","2010","2010","7021","Annual value","USD","3390.9","A","Official value"
"PP","Producer Prices","454","Malawi","5532","Producer Price (USD/tonne)","21111.01","Meat of cattle with the bone, fresh or chilled","2011","2011","7021","Annual value","USD","3507.6","A","Official value"
"PP","Producer Prices","454","Malawi","5532","Producer Price (USD/tonne)","21111.01","Meat of cattle with the bone, fresh or chilled","2012","2012","7021","Annual value","USD","3067.4","A","Official value"
"PP","Producer Prices","454","Malawi","5532","Producer Price (USD/tonne)","21111.01","Meat of cattle with the bone, fresh or chilled","2013","2013","7021","Annual value","USD","3070.1","A","Official value"
"PP","Producer Prices","454","Malawi","5532","Producer Price (USD/tonne)","21111.01","Meat of cattle with the bone, fresh or chilled","2014","2014","7021","Annual value","USD","3761.6","A","Official value"
"PP","Producer Prices","454","Malawi","5532","Producer Price (USD/tonne)","21111.01","Meat of cattle with the bone, fresh or chilled","2015","2015","7021","Annual value","USD","3009.4","A","Official value"
"PP","Producer Prices","454","Malawi","5532","Producer Price (USD/tonne)","21111.01","Meat of cattle with the bone, fresh or chilled","2016","2016","7021","Annual value","USD","2328.3","A","Official value"
"PP","Producer Prices","454","Malawi","5532","Producer Price (USD/tonne)","21111.01","Meat of cattle with the bone, fresh or chilled","2017","2017","7021","Annual value","USD","3190.5","A","Official value"
"PP","Producer Prices","454","Malawi","5532","Producer Price (USD/tonne)","0141","Soya beans","1996","1996","7021","Annual value","USD","709.6","A","Official value"
"PP","Producer Prices","454","Malawi","5532","Producer Price (USD/tonne)","0141","Soya beans","1997","1997","7021","Annual value","USD","618.8","A","Official value"
"PP","Producer Prices","454","Malawi","5532","Producer Price (USD/tonne)","0141","Soya beans","1998","1998","7021","Annual value","USD","414.5","A","Official value"
"PP","Producer Prices","454","Malawi","5532","Producer Price (USD/tonne)","0141","Soya beans","2000","2000","7021","Annual value","USD","472.9","A","Official value"
"PP","Producer Prices","454","Malawi","5532","Producer Price (USD/tonne)","0141","Soya beans","2001","2001","7021","Annual value","USD","493","A","Official value"
"PP","Producer Prices","454","Malawi","5532","Producer Price (USD/tonne)","0141","Soya beans","2002","2002","7021","Annual value","USD","613.4","A","Official value"
"PP","Producer Prices","454","Malawi","5532","Producer Price (USD/tonne)","0141","Soya beans","2003","2003","7021","Annual value","USD","489.8","A","Official value"
"PP","Producer Prices","454","Malawi","5532","Producer Price (USD/tonne)","0141","Soya beans","2004","2004","7021","Annual value","USD","456.5","A","Official value"
"PP","Producer Prices","454","Malawi","5532","Producer Price (USD/tonne)","0141","Soya beans","2005","2005","7021","Annual value","USD","548.9","A","Official value"
"PP","Producer Prices","454","Malawi","5532","Producer Price (USD/tonne)","0141","Soya beans","2006","2006","7021","Annual value","USD","588.2","A","Official value"
"PP","Producer Prices","454","Malawi","5532","Producer Price (USD/tonne)","0141","Soya beans","2007","2007","7021","Annual value","USD","557.3","A","Official value"
"PP","Producer Prices","454","Malawi","5532","Producer Price (USD/tonne)","0141","Soya beans","2008","2008","7021","Annual value","USD","754.3","A","Official value"
"PP","Producer Prices","454","Malawi","5532","Producer Price (USD/tonne)","0141","Soya beans","2009","2009","7021","Annual value","USD","964.2","A","Official value"
"PP","Producer Prices","454","Malawi","5532","Producer Price (USD/tonne)","0141","Soya beans","2010","2010","7021","Annual value","USD","765.9","A","Official value"
"PP","Producer Prices","454","Malawi","5532","Producer Price (USD/tonne)","0141","Soya beans","2011","2011","7021","Annual value","USD","890.5","A","Official value"
"PP","Producer Prices","454","Malawi","5532","Producer Price (USD/tonne)","0141","Soya beans","2012","2012","7021","Annual value","USD","907.1","A","Official value"
"PP","Producer Prices","454","Malawi","5532","Producer Price (USD/tonne)","0141","Soya beans","2013","2013","7021","Annual value","USD","674.2","A","Official value"
"PP","Producer Prices","454","Malawi","5532","Producer Price (USD/tonne)","0141","Soya beans","2014","2014","7021","Annual value","USD","637.4","A","Official value"
"PP","Producer Prices","454","Malawi","5532","Producer Price (USD/tonne)","0141","Soya beans","2015","2015","7021","Annual value","USD","639.5","A","Official value"
"PP","Producer Prices","454","Malawi","5532","Producer Price (USD/tonne)","0141","Soya beans","2016","2016","7021","Annual value","USD","598.7","A","Official value"
"PP","Producer Prices","454","Malawi","5532","Producer Price (USD/tonne)","0141","Soya beans","2017","2017","7021","Annual value","USD","539.6","A","Official value"
"PP","Producer Prices","458","Malaysia","5532","Producer Price (USD/tonne)","21111.01","Meat of cattle with the bone, fresh or chilled","1993","1993","7021","Annual value","USD","3263.3","A","Official value"
"PP","Producer Prices","458","Malaysia","5532","Producer Price (USD/tonne)","21111.01","Meat of cattle with the bone, fresh or chilled","1994","1994","7021","Annual value","USD","3086.6","A","Official value"
"PP","Producer Prices","458","Malaysia","5532","Producer Price (USD/tonne)","21111.01","Meat of cattle with the bone, fresh or chilled","1995","1995","7021","Annual value","USD","3258.3","A","Official value"
"PP","Producer Prices","458","Malaysia","5532","Producer Price (USD/tonne)","21111.01","Meat of cattle with the bone, fresh or chilled","1996","1996","7021","Annual value","USD","4797.4","A","Official value"
"PP","Producer Prices","458","Malaysia","5532","Producer Price (USD/tonne)","21111.01","Meat of cattle with the bone, fresh or chilled","1997","1997","7021","Annual value","USD","4711.4","A","Official value"
"PP","Producer Prices","458","Malaysia","5532","Producer Price (USD/tonne)","21111.01","Meat of cattle with the bone, fresh or chilled","1998","1998","7021","Annual value","USD","3334.3","A","Official value"
"PP","Producer Prices","458","Malaysia","5532","Producer Price (USD/tonne)","21111.01","Meat of cattle with the bone, fresh or chilled","1999","1999","7021","Annual value","USD","3168.7","A","Official value"
"PP","Producer Prices","458","Malaysia","5532","Producer Price (USD/tonne)","21111.01","Meat of cattle with the bone, fresh or chilled","2000","2000","7021","Annual value","USD","3554.7","A","Official value"
"PP","Producer Prices","458","Malaysia","5532","Producer Price (USD/tonne)","21111.01","Meat of cattle with the bone, fresh or chilled","2001","2001","7021","Annual value","USD","3447.4","A","Official value"
"PP","Producer Prices","458","Malaysia","5532","Producer Price (USD/tonne)","21111.01","Meat of cattle with the bone, fresh or chilled","2002","2002","7021","Annual value","USD","3552.6","A","Official value"
"PP","Producer Prices","458","Malaysia","5532","Producer Price (USD/tonne)","21111.01","Meat of cattle with the bone, fresh or chilled","2003","2003","7021","Annual value","USD","3534.2","A","Official value"
"PP","Producer Prices","458","Malaysia","5532","Producer Price (USD/tonne)","21111.01","Meat of cattle with the bone, fresh or chilled","2004","2004","7021","Annual value","USD","3676.3","A","Official value"
"PP","Producer Prices","458","Malaysia","5532","Producer Price (USD/tonne)","21111.01","Meat of cattle with the bone, fresh or chilled","2005","2005","7021","Annual value","USD","3771.8","A","Official value"
"PP","Producer Prices","458","Malaysia","5532","Producer Price (USD/tonne)","21111.01","Meat of cattle with the bone, fresh or chilled","2006","2006","7021","Annual value","USD","4034.7","A","Official value"
"PP","Producer Prices","458","Malaysia","5532","Producer Price (USD/tonne)","21111.01","Meat of cattle with the bone, fresh or chilled","2007","2007","7021","Annual value","USD","4479.9","A","Official value"
"PP","Producer Prices","458","Malaysia","5532","Producer Price (USD/tonne)","21111.01","Meat of cattle with the bone, fresh or chilled","2008","2008","7021","Annual value","USD","4961.3","A","Official value"
"PP","Producer Prices","458","Malaysia","5532","Producer Price (USD/tonne)","21111.01","Meat of cattle with the bone, fresh or chilled","2009","2009","7021","Annual value","USD","4766.6","A","Official value"
"PP","Producer Prices","458","Malaysia","5532","Producer Price (USD/tonne)","21111.01","Meat of cattle with the bone, fresh or chilled","2010","2010","7021","Annual value","USD","5336.7","A","Official value"
"PP","Producer Prices","458","Malaysia","5532","Producer Price (USD/tonne)","21111.01","Meat of cattle with the bone, fresh or chilled","2011","2011","7021","Annual value","USD","7189.5","A","Official value"
"PP","Producer Prices","458","Malaysia","5532","Producer Price (USD/tonne)","21111.01","Meat of cattle with the bone, fresh or chilled","2012","2012","7021","Annual value","USD","7122.5","A","Official value"
"PP","Producer Prices","458","Malaysia","5532","Producer Price (USD/tonne)","21111.01","Meat of cattle with the bone, fresh or chilled","2013","2013","7021","Annual value","USD","6696.5","A","Official value"
"PP","Producer Prices","458","Malaysia","5532","Producer Price (USD/tonne)","21111.01","Meat of cattle with the bone, fresh or chilled","2014","2014","7021","Annual value","USD","6722","A","Official value"
"PP","Producer Prices","458","Malaysia","5532","Producer Price (USD/tonne)","21111.01","Meat of cattle with the bone, fresh or chilled","2015","2015","7021","Annual value","USD","6145.2","A","Official value"
"PP","Producer Prices","458","Malaysia","5532","Producer Price (USD/tonne)","21111.01","Meat of cattle with the bone, fresh or chilled","2016","2016","7021","Annual value","USD","5966.3","A","Official value"
"PP","Producer Prices","458","Malaysia","5532","Producer Price (USD/tonne)","21111.01","Meat of cattle with the bone, fresh or chilled","2017","2017","7021","Annual value","USD","6511","A","Official value"
"PP","Producer Prices","458","Malaysia","5532","Producer Price (USD/tonne)","21111.01","Meat of cattle with the bone, fresh or chilled","2018","2018","7021","Annual value","USD","7781.7","A","Official value"
"PP","Producer Prices","458","Malaysia","5532","Producer Price (USD/tonne)","21111.01","Meat of cattle with the bone, fresh or chilled","2019","2019","7021","Annual value","USD","7834.4","A","Official value"
"PP","Producer Prices","458","Malaysia","5532","Producer Price (USD/tonne)","01491.01","Oil palm fruit","2001","2001","7021","Annual value","USD","21.3","A","Official value"
"PP","Producer Prices","458","Malaysia","5532","Producer Price (USD/tonne)","01491.01","Oil palm fruit","2002","2002","7021","Annual value","USD","34.7","A","Official value"
"PP","Producer Prices","458","Malaysia","5532","Producer Price (USD/tonne)","01491.01","Oil palm fruit","2003","2003","7021","Annual value","USD","41.1","A","Official value"
"PP","Producer Prices","458","Malaysia","5532","Producer Price (USD/tonne)","01491.01","Oil palm fruit","2004","2004","7021","Annual value","USD","45.5","A","Official value"
"PP","Producer Prices","458","Malaysia","5532","Producer Price (USD/tonne)","01491.01","Oil palm fruit","2005","2005","7021","Annual value","USD","38.6","A","Official value"
"PP","Producer Prices","458","Malaysia","5532","Producer Price (USD/tonne)","01491.01","Oil palm fruit","2009","2009","7021","Annual value","USD","124.9","A","Official value"
"PP","Producer Prices","458","Malaysia","5532","Producer Price (USD/tonne)","01491.01","Oil palm fruit","2010","2010","7021","Annual value","USD","182.2","A","Official value"
"PP","Producer Prices","458","Malaysia","5532","Producer Price (USD/tonne)","01491.01","Oil palm fruit","2011","2011","7021","Annual value","USD","238.1","A","Official value"
"PP","Producer Prices","458","Malaysia","5532","Producer Price (USD/tonne)","01491.01","Oil palm fruit","2012","2012","7021","Annual value","USD","199.1","A","Official value"
"PP","Producer Prices","458","Malaysia","5532","Producer Price (USD/tonne)","01491.01","Oil palm fruit","2013","2013","7021","Annual value","USD","153.9","A","Official value"
"PP","Producer Prices","458","Malaysia","5532","Producer Price (USD/tonne)","01491.01","Oil palm fruit","2014","2014","7021","Annual value","USD","158.6","A","Official value"
"PP","Producer Prices","458","Malaysia","5532","Producer Price (USD/tonne)","01491.01","Oil palm fruit","2015","2015","7021","Annual value","USD","117.5","A","Official value"
"PP","Producer Prices","458","Malaysia","5532","Producer Price (USD/tonne)","01491.01","Oil palm fruit","2016","2016","7021","Annual value","USD","143.2","A","Official value"
"PP","Producer Prices","458","Malaysia","5532","Producer Price (USD/tonne)","01491.01","Oil palm fruit","2017","2017","7021","Annual value","USD","140.9","A","Official value"
"PP","Producer Prices","458","Malaysia","5532","Producer Price (USD/tonne)","01491.01","Oil palm fruit","2018","2018","7021","Annual value","USD","116","A","Official value"
"PP","Producer Prices","458","Malaysia","5532","Producer Price (USD/tonne)","01491.01","Oil palm fruit","2019","2019","7021","Annual value","USD","101.9","A","Official value"
"PP","Producer Prices","458","Malaysia","5532","Producer Price (USD/tonne)","01491.01","Oil palm fruit","2020","2020","7021","Annual value","USD","133.5","A","Official value"
"PP","Producer Prices","458","Malaysia","5532","Producer Price (USD/tonne)","01491.01","Oil palm fruit","2021","2021","7021","Annual value","USD","230.5","A","Official value"
"PP","Producer Prices","458","Malaysia","5532","Producer Price (USD/tonne)","01491.01","Oil palm fruit","2022","2022","7021","Annual value","USD","247","A","Official value"
"PP","Producer Prices","458","Malaysia","5532","Producer Price (USD/tonne)","01491.01","Oil palm fruit","2023","2023","7021","Annual value","USD","170.6","A","Official value"
"PP","Producer Prices","458","Malaysia","5532","Producer Price (USD/tonne)","01491.01","Oil palm fruit","2024","2024","7021","Annual value","USD","191.2","A","Official value"
"PP","Producer Prices","466","Mali","5532","Producer Price (USD/tonne)","21111.01","Meat of cattle with the bone, fresh or chilled","2004","2004","7021","Annual value","USD","2271.5","A","Official value"
"PP","Producer Prices","466","Mali","5532","Producer Price (USD/tonne)","21111.01","Meat of cattle with the bone, fresh or chilled","2005","2005","7021","Annual value","USD","2275","A","Official value"
"PP","Producer Prices","466","Mali","5532","Producer Price (USD/tonne)","21111.01","Meat of cattle with the bone, fresh or chilled","2006","2006","7021","Annual value","USD","2455.6","A","Official value"
"PP","Producer Prices","466","Mali","5532","Producer Price (USD/tonne)","21111.01","Meat of cattle with the bone, fresh or chilled","2007","2007","7021","Annual value","USD","2869","A","Official value"
"PP","Producer Prices","466","Mali","5532","Producer Price (USD/tonne)","21111.01","Meat of cattle with the bone, fresh or chilled","2008","2008","7021","Annual value","USD","3014.7","A","Official value"
"PP","Producer Prices","466","Mali","5532","Producer Price (USD/tonne)","21111.01","Meat of cattle with the bone, fresh or chilled","2009","2009","7021","Annual value","USD","2725.6","A","Official value"
"PP","Producer Prices","466","Mali","5532","Producer Price (USD/tonne)","21111.01","Meat of cattle with the bone, fresh or chilled","2010","2010","7021","Annual value","USD","2762.1","A","Official value"
"PP","Producer Prices","466","Mali","5532","Producer Price (USD/tonne)","21111.01","Meat of cattle with the bone, fresh or chilled","2011","2011","7021","Annual value","USD","3829.5","A","Official value"
"PP","Producer Prices","466","Mali","5532","Producer Price (USD/tonne)","21111.01","Meat of cattle with the bone, fresh or chilled","2012","2012","7021","Annual value","USD","3917.5","A","Official value"
"PP","Producer Prices","466","Mali","5532","Producer Price (USD/tonne)","21111.01","Meat of cattle with the bone, fresh or chilled","2013","2013","7021","Annual value","USD","4655.5","A","Official value"
"PP","Producer Prices","466","Mali","5532","Producer Price (USD/tonne)","21111.01","Meat of cattle with the bone, fresh or chilled","2014","2014","7021","Annual value","USD","4045.2","A","Official value"
"PP","Producer Prices","470","Malta","5532","Producer Price (USD/tonne)","21111.01","Meat of cattle with the bone, fresh or chilled","1997","1997","7021","Annual value","USD","3432.9","A","Official value"
"PP","Producer Prices","470","Malta","5532","Producer Price (USD/tonne)","21111.01","Meat of cattle with the bone, fresh or chilled","1998","1998","7021","Annual value","USD","3369.7","A","Official value"
"PP","Producer Prices","470","Malta","5532","Producer Price (USD/tonne)","21111.01","Meat of cattle with the bone, fresh or chilled","1999","1999","7021","Annual value","USD","2913","A","Official value"
"PP","Producer Prices","470","Malta","5532","Producer Price (USD/tonne)","21111.01","Meat of cattle with the bone, fresh or chilled","2000","2000","7021","Annual value","USD","2980.7","A","Official value"
"PP","Producer Prices","470","Malta","5532","Producer Price (USD/tonne)","21111.01","Meat of cattle with the bone, fresh or chilled","2001","2001","7021","Annual value","USD","2564.2","A","Official value"
"PP","Producer Prices","470","Malta","5532","Producer Price (USD/tonne)","21111.01","Meat of cattle with the bone, fresh or chilled","2002","2002","7021","Annual value","USD","2608.3","A","Official value"
"PP","Producer Prices","470","Malta","5532","Producer Price (USD/tonne)","21111.01","Meat of cattle with the bone, fresh or chilled","2003","2003","7021","Annual value","USD","2796.7","A","Official value"
"PP","Producer Prices","470","Malta","5532","Producer Price (USD/tonne)","21111.01","Meat of cattle with the bone, fresh or chilled","2004","2004","7021","Annual value","USD","3220.5","A","Official value"
"PP","Producer Prices","470","Malta","5532","Producer Price (USD/tonne)","21111.01","Meat of cattle with the bone, fresh or chilled","2005","2005","7021","Annual value","USD","3434.9","A","Official value"
"PP","Producer Prices","470","Malta","5532","Producer Price (USD/tonne)","21111.01","Meat of cattle with the bone, fresh or chilled","2006","2006","7021","Annual value","USD","3840.8","A","Official value"
"PP","Producer Prices","470","Malta","5532","Producer Price (USD/tonne)","21111.01","Meat of cattle with the bone, fresh or chilled","2007","2007","7021","Annual value","USD","4088.6","A","Official value"
"PP","Producer Prices","470","Malta","5532","Producer Price (USD/tonne)","21111.01","Meat of cattle with the bone, fresh or chilled","2008","2008","7021","Annual value","USD","3932.2","A","Official value"
"PP","Producer Prices","470","Malta","5532","Producer Price (USD/tonne)","21111.01","Meat of cattle with the bone, fresh or chilled","2009","2009","7021","Annual value","USD","3517.8","A","Official value"
"PP","Producer Prices","470","Malta","5532","Producer Price (USD/tonne)","21111.01","Meat of cattle with the bone, fresh or chilled","2010","2010","7021","Annual value","USD","3317.7","A","Official value"
"PP","Producer Prices","470","Malta","5532","Producer Price (USD/tonne)","21111.01","Meat of cattle with the bone, fresh or chilled","2011","2011","7021","Annual value","USD","4153.4","A","Official value"
"PP","Producer Prices","470","Malta","5532","Producer Price (USD/tonne)","21111.01","Meat of cattle with the bone, fresh or chilled","2012","2012","7021","Annual value","USD","4112","A","Official value"
"PP","Producer Prices","470","Malta","5532","Producer Price (USD/tonne)","21111.01","Meat of cattle with the bone, fresh or chilled","2013","2013","7021","Annual value","USD","4113.7","A","Official value"
"PP","Producer Prices","470","Malta","5532","Producer Price (USD/tonne)","21111.01","Meat of cattle with the bone, fresh or chilled","2014","2014","7021","Annual value","USD","3748.4","A","Official value"
"PP","Producer Prices","470","Malta","5532","Producer Price (USD/tonne)","21111.01","Meat of cattle with the bone, fresh or chilled","2015","2015","7021","Annual value","USD","3153.9","A","Official value"
"PP","Producer Prices","470","Malta","5532","Producer Price (USD/tonne)","21111.01","Meat of cattle with the bone, fresh or chilled","2016","2016","7021","Annual value","USD","3000.8","A","Official value"
"PP","Producer Prices","470","Malta","5532","Producer Price (USD/tonne)","21111.01","Meat of cattle with the bone, fresh or chilled","2017","2017","7021","Annual value","USD","3103.2","A","Official value"
"PP","Producer Prices","470","Malta","5532","Producer Price (USD/tonne)","21111.01","Meat of cattle with the bone, fresh or chilled","2018","2018","7021","Annual value","USD","3457.1","A","Official value"
"PP","Producer Prices","470","Malta","5532","Producer Price (USD/tonne)","21111.01","Meat of cattle with the bone, fresh or chilled","2019","2019","7021","Annual value","USD","3423.3","A","Official value"
"PP","Producer Prices","470","Malta","5532","Producer Price (USD/tonne)","21111.01","Meat of cattle with the bone, fresh or chilled","2020","2020","7021","Annual value","USD","3413.8","A","Official value"
"PP","Producer Prices","470","Malta","5532","Producer Price (USD/tonne)","21111.01","Meat of cattle with the bone, fresh or chilled","2021","2021","7021","Annual value","USD","3626.1","A","Official value"
"PP","Producer Prices","470","Malta","5532","Producer Price (USD/tonne)","21111.01","Meat of cattle with the bone, fresh or chilled","2022","2022","7021","Annual value","USD","3710.2","A","Official value"
"PP","Producer Prices","470","Malta","5532","Producer Price (USD/tonne)","21111.01","Meat of cattle with the bone, fresh or chilled","2023","2023","7021","Annual value","USD","3920.4","A","Official value"
"PP","Producer Prices","470","Malta","5532","Producer Price (USD/tonne)","21111.01","Meat of cattle with the bone, fresh or chilled","2024","2024","7021","Annual value","USD","3917.8","A","Official value"
"PP","Producer Prices","480","Mauritius","5532","Producer Price (USD/tonne)","21111.01","Meat of cattle with the bone, fresh or chilled","1993","1993","7021","Annual value","USD","5056.5","A","Official value"
"PP","Producer Prices","480","Mauritius","5532","Producer Price (USD/tonne)","21111.01","Meat of cattle with the bone, fresh or chilled","1994","1994","7021","Annual value","USD","4968.5","A","Official value"
"PP","Producer Prices","480","Mauritius","5532","Producer Price (USD/tonne)","21111.01","Meat of cattle with the bone, fresh or chilled","1995","1995","7021","Annual value","USD","6030.8","A","Official value"
"PP","Producer Prices","480","Mauritius","5532","Producer Price (USD/tonne)","21111.01","Meat of cattle with the bone, fresh or chilled","1996","1996","7021","Annual value","USD","5918","A","Official value"
"PP","Producer Prices","480","Mauritius","5532","Producer Price (USD/tonne)","21111.01","Meat of cattle with the bone, fresh or chilled","1997","1997","7021","Annual value","USD","4786.9","A","Official value"
"PP","Producer Prices","480","Mauritius","5532","Producer Price (USD/tonne)","21111.01","Meat of cattle with the bone, fresh or chilled","1998","1998","7021","Annual value","USD","4033.2","A","Official value"
"PP","Producer Prices","480","Mauritius","5532","Producer Price (USD/tonne)","21111.01","Meat of cattle with the bone, fresh or chilled","1999","1999","7021","Annual value","USD","3826.8","A","Official value"
"PP","Producer Prices","480","Mauritius","5532","Producer Price (USD/tonne)","21111.01","Meat of cattle with the bone, fresh or chilled","2000","2000","7021","Annual value","USD","3756.1","A","Official value"
"PP","Producer Prices","480","Mauritius","5532","Producer Price (USD/tonne)","21111.01","Meat of cattle with the bone, fresh or chilled","2001","2001","7021","Annual value","USD","3418.7","A","Official value"
"PP","Producer Prices","480","Mauritius","5532","Producer Price (USD/tonne)","21111.01","Meat of cattle with the bone, fresh or chilled","2002","2002","7021","Annual value","USD","3323.6","A","Official value"
"PP","Producer Prices","480","Mauritius","5532","Producer Price (USD/tonne)","21111.01","Meat of cattle with the bone, fresh or chilled","2003","2003","7021","Annual value","USD","3569.1","A","Official value"
"PP","Producer Prices","480","Mauritius","5532","Producer Price (USD/tonne)","21111.01","Meat of cattle with the bone, fresh or chilled","2004","2004","7021","Annual value","USD","4255.1","A","Official value"
"PP","Producer Prices","480","Mauritius","5532","Producer Price (USD/tonne)","21111.01","Meat of cattle with the bone, fresh or chilled","2005","2005","7021","Annual value","USD","4617.5","A","Official value"
"PP","Producer Prices","480","Mauritius","5532","Producer Price (USD/tonne)","21111.01","Meat of cattle with the bone, fresh or chilled","2006","2006","7021","Annual value","USD","4664.8","A","Official value"
"PP","Producer Prices","480","Mauritius","5532","Producer Price (USD/tonne)","21111.01","Meat of cattle with the bone, fresh or chilled","2007","2007","7021","Annual value","USD","4822.8","A","Official value"
"PP","Producer Prices","480","Mauritius","5532","Producer Price (USD/tonne)","21111.01","Meat of cattle with the bone, fresh or chilled","2008","2008","7021","Annual value","USD","5413.9","A","Official value"
"PP","Producer Prices","480","Mauritius","5532","Producer Price (USD/tonne)","21111.01","Meat of cattle with the bone, fresh or chilled","2009","2009","7021","Annual value","USD","5152.4","A","Official value"
"PP","Producer Prices","480","Mauritius","5532","Producer Price (USD/tonne)","21111.01","Meat of cattle with the bone, fresh or chilled","2010","2010","7021","Annual value","USD","5445.4","A","Official value"
"PP","Producer Prices","480","Mauritius","5532","Producer Price (USD/tonne)","21111.01","Meat of cattle with the bone, fresh or chilled","2011","2011","7021","Annual value","USD","6178.3","A","Official value"
"PP","Producer Prices","480","Mauritius","5532","Producer Price (USD/tonne)","21111.01","Meat of cattle with the bone, fresh or chilled","2012","2012","7021","Annual value","USD","6415.5","A","Official value"
"PP","Producer Prices","480","Mauritius","5532","Producer Price (USD/tonne)","21111.01","Meat of cattle with the bone, fresh or chilled","2013","2013","7021","Annual value","USD","6448.9","A","Official value"
"PP","Producer Prices","480","Mauritius","5532","Producer Price (USD/tonne)","21111.01","Meat of cattle with the bone, fresh or chilled","2014","2014","7021","Annual value","USD","6675","A","Official value"
"PP","Producer Prices","480","Mauritius","5532","Producer Price (USD/tonne)","21111.01","Meat of cattle with the bone, fresh or chilled","2015","2015","7021","Annual value","USD","5982","A","Official value"
"PP","Producer Prices","480","Mauritius","5532","Producer Price (USD/tonne)","21111.01","Meat of cattle with the bone, fresh or chilled","2016","2016","7021","Annual value","USD","6388.6","A","Official value"
"PP","Producer Prices","480","Mauritius","5532","Producer Price (USD/tonne)","21111.01","Meat of cattle with the bone, fresh or chilled","2017","2017","7021","Annual value","USD","7315.5","A","Official value"
"PP","Producer Prices","480","Mauritius","5532","Producer Price (USD/tonne)","21111.01","Meat of cattle with the bone, fresh or chilled","2018","2018","7021","Annual value","USD","7536.6","A","Official value"
"PP","Producer Prices","480","Mauritius","5532","Producer Price (USD/tonne)","21111.01","Meat of cattle with the bone, fresh or chilled","2019","2019","7021","Annual value","USD","7230.6","A","Official value"
"PP","Producer Prices","480","Mauritius","5532","Producer Price (USD/tonne)","21111.01","Meat of cattle with the bone, fresh or chilled","2020","2020","7021","Annual value","USD","6238","A","Official value"
"PP","Producer Prices","480","Mauritius","5532","Producer Price (USD/tonne)","21111.01","Meat of cattle with the bone, fresh or chilled","2021","2021","7021","Annual value","USD","6574.6","A","Official value"
"PP","Producer Prices","480","Mauritius","5532","Producer Price (USD/tonne)","21111.01","Meat of cattle with the bone, fresh or chilled","2022","2022","7021","Annual value","USD","6742.9","A","Official value"
"PP","Producer Prices","480","Mauritius","5532","Producer Price (USD/tonne)","21111.01","Meat of cattle with the bone, fresh or chilled","2023","2023","7021","Annual value","USD","7042.9","A","Official value"
"PP","Producer Prices","480","Mauritius","5532","Producer Price (USD/tonne)","21111.01","Meat of cattle with the bone, fresh or chilled","2024","2024","7021","Annual value","USD","7154.2","A","Official value"
"PP","Producer Prices","484","Mexico","5532","Producer Price (USD/tonne)","21111.01","Meat of cattle with the bone, fresh or chilled","1991","1991","7021","Annual value","USD","2814.1","A","Official value"
"PP","Producer Prices","484","Mexico","5532","Producer Price (USD/tonne)","21111.01","Meat of cattle with the bone, fresh or chilled","1992","1992","7021","Annual value","USD","2642.1","A","Official value"
"PP","Producer Prices","484","Mexico","5532","Producer Price (USD/tonne)","21111.01","Meat of cattle with the bone, fresh or chilled","1993","1993","7021","Annual value","USD","2680","A","Official value"
"PP","Producer Prices","484","Mexico","5532","Producer Price (USD/tonne)","21111.01","Meat of cattle with the bone, fresh or chilled","1994","1994","7021","Annual value","USD","2408.8","A","Official value"
"PP","Producer Prices","484","Mexico","5532","Producer Price (USD/tonne)","21111.01","Meat of cattle with the bone, fresh or chilled","1995","1995","7021","Annual value","USD","1648.1","A","Official value"
"PP","Producer Prices","484","Mexico","5532","Producer Price (USD/tonne)","21111.01","Meat of cattle with the bone, fresh or chilled","1996","1996","7021","Annual value","USD","1748.8","A","Official value"
"PP","Producer Prices","484","Mexico","5532","Producer Price (USD/tonne)","21111.01","Meat of cattle with the bone, fresh or chilled","1997","1997","7021","Annual value","USD","2221.4","A","Official value"
"PP","Producer Prices","484","Mexico","5532","Producer Price (USD/tonne)","21111.01","Meat of cattle with the bone, fresh or chilled","1998","1998","7021","Annual value","USD","2078.6","A","Official value"
"PP","Producer Prices","484","Mexico","5532","Producer Price (USD/tonne)","21111.01","Meat of cattle with the bone, fresh or chilled","1999","1999","7021","Annual value","USD","2209.1","A","Official value"
"PP","Producer Prices","484","Mexico","5532","Producer Price (USD/tonne)","21111.01","Meat of cattle with the bone, fresh or chilled","2000","2000","7021","Annual value","USD","2308.7","A","Official value"
"PP","Producer Prices","484","Mexico","5532","Producer Price (USD/tonne)","21111.01","Meat of cattle with the bone, fresh or chilled","2001","2001","7021","Annual value","USD","2417","A","Official value"
"PP","Producer Prices","484","Mexico","5532","Producer Price (USD/tonne)","21111.01","Meat of cattle with the bone, fresh or chilled","2002","2002","7021","Annual value","USD","2299.1","A","Official value"
"PP","Producer Prices","484","Mexico","5532","Producer Price (USD/tonne)","21111.01","Meat of cattle with the bone, fresh or chilled","2003","2003","7021","Annual value","USD","2193.9","A","Official value"
"PP","Producer Prices","484","Mexico","5532","Producer Price (USD/tonne)","21111.01","Meat of cattle with the bone, fresh or chilled","2004","2004","7021","Annual value","USD","2347.2","A","Official value"
"PP","Producer Prices","484","Mexico","5532","Producer Price (USD/tonne)","21111.01","Meat of cattle with the bone, fresh or chilled","2005","2005","7021","Annual value","USD","2765.7","A","Official value"
"PP","Producer Prices","484","Mexico","5532","Producer Price (USD/tonne)","21111.01","Meat of cattle with the bone, fresh or chilled","2006","2006","7021","Annual value","USD","2797.4","A","Official value"
"PP","Producer Prices","484","Mexico","5532","Producer Price (USD/tonne)","21111.01","Meat of cattle with the bone, fresh or chilled","2007","2007","7021","Annual value","USD","2827.5","A","Official value"
"PP","Producer Prices","484","Mexico","5532","Producer Price (USD/tonne)","21111.01","Meat of cattle with the bone, fresh or chilled","2008","2008","7021","Annual value","USD","2856.4","A","Official value"
"PP","Producer Prices","484","Mexico","5532","Producer Price (USD/tonne)","21111.01","Meat of cattle with the bone, fresh or chilled","2009","2009","7021","Annual value","USD","2386.9","A","Official value"
"PP","Producer Prices","484","Mexico","5532","Producer Price (USD/tonne)","21111.01","Meat of cattle with the bone, fresh or chilled","2010","2010","7021","Annual value","USD","2628.7","A","Official value"
"PP","Producer Prices","484","Mexico","5532","Producer Price (USD/tonne)","21111.01","Meat of cattle with the bone, fresh or chilled","2011","2011","7021","Annual value","USD","2754.3","A","Official value"
"PP","Producer Prices","484","Mexico","5532","Producer Price (USD/tonne)","21111.01","Meat of cattle with the bone, fresh or chilled","2012","2012","7021","Annual value","USD","2785.4","A","Official value"
"PP","Producer Prices","484","Mexico","5532","Producer Price (USD/tonne)","21111.01","Meat of cattle with the bone, fresh or chilled","2013","2013","7021","Annual value","USD","3209","A","Official value"
"PP","Producer Prices","484","Mexico","5532","Producer Price (USD/tonne)","21111.01","Meat of cattle with the bone, fresh or chilled","2014","2014","7021","Annual value","USD","3745.3","A","Official value"
"PP","Producer Prices","484","Mexico","5532","Producer Price (USD/tonne)","21111.01","Meat of cattle with the bone, fresh or chilled","2015","2015","7021","Annual value","USD","3950","A","Official value"
"PP","Producer Prices","484","Mexico","5532","Producer Price (USD/tonne)","21111.01","Meat of cattle with the bone, fresh or chilled","2016","2016","7021","Annual value","USD","3389.5","A","Official value"
"PP","Producer Prices","484","Mexico","5532","Producer Price (USD/tonne)","21111.01","Meat of cattle with the bone, fresh or chilled","2017","2017","7021","Annual value","USD","3492.7","A","Official value"
"PP","Producer Prices","484","Mexico","5532","Producer Price (USD/tonne)","21111.01","Meat of cattle with the bone, fresh or chilled","2018","2018","7021","Annual value","USD","3527.1","A","Official value"
"PP","Producer Prices","484","Mexico","5532","Producer Price (USD/tonne)","21111.01","Meat of cattle with the bone, fresh or chilled","2019","2019","7021","Annual value","USD","3574.3","A","Official value"
"PP","Producer Prices","484","Mexico","5532","Producer Price (USD/tonne)","21111.01","Meat of cattle with the bone, fresh or chilled","2020","2020","7021","Annual value","USD","3243.2","A","Official value"
"PP","Producer Prices","484","Mexico","5532","Producer Price (USD/tonne)","21111.01","Meat of cattle with the bone, fresh or chilled","2021","2021","7021","Annual value","USD","3513.7","A","Official value"
"PP","Producer Prices","484","Mexico","5532","Producer Price (USD/tonne)","21111.01","Meat of cattle with the bone, fresh or chilled","2022","2022","7021","Annual value","USD","3741","A","Official value"
"PP","Producer Prices","484","Mexico","5532","Producer Price (USD/tonne)","21111.01","Meat of cattle with the bone, fresh or chilled","2023","2023","7021","Annual value","USD","4360.2","A","Official value"
"PP","Producer Prices","484","Mexico","5532","Producer Price (USD/tonne)","21111.01","Meat of cattle with the bone, fresh or chilled","2024","2024","7021","Annual value","USD","4429.7","A","Official value"
"PP","Producer Prices","484","Mexico","5532","Producer Price (USD/tonne)","01491.01","Oil palm fruit","1991","1991","7021","Annual value","USD","155.7","A","Official value"
"PP","Producer Prices","484","Mexico","5532","Producer Price (USD/tonne)","01491.01","Oil palm fruit","1992","1992","7021","Annual value","USD","129.2","A","Official value"
"PP","Producer Prices","484","Mexico","5532","Producer Price (USD/tonne)","01491.01","Oil palm fruit","1993","1993","7021","Annual value","USD","112.3","A","Official value"
"PP","Producer Prices","484","Mexico","5532","Producer Price (USD/tonne)","01491.01","Oil palm fruit","1994","1994","7021","Annual value","USD","109.6","A","Official value"
"PP","Producer Prices","484","Mexico","5532","Producer Price (USD/tonne)","01491.01","Oil palm fruit","1995","1995","7021","Annual value","USD","58.4","A","Official value"
"PP","Producer Prices","484","Mexico","5532","Producer Price (USD/tonne)","01491.01","Oil palm fruit","1996","1996","7021","Annual value","USD","56.6","A","Official value"
"PP","Producer Prices","484","Mexico","5532","Producer Price (USD/tonne)","01491.01","Oil palm fruit","1997","1997","7021","Annual value","USD","54.3","A","Official value"
"PP","Producer Prices","484","Mexico","5532","Producer Price (USD/tonne)","01491.01","Oil palm fruit","1998","1998","7021","Annual value","USD","48.1","A","Official value"
"PP","Producer Prices","484","Mexico","5532","Producer Price (USD/tonne)","01491.01","Oil palm fruit","1999","1999","7021","Annual value","USD","50","A","Official value"
"PP","Producer Prices","484","Mexico","5532","Producer Price (USD/tonne)","01491.01","Oil palm fruit","2000","2000","7021","Annual value","USD","50.8","A","Official value"
"PP","Producer Prices","484","Mexico","5532","Producer Price (USD/tonne)","01491.01","Oil palm fruit","2001","2001","7021","Annual value","USD","53.5","A","Official value"
"PP","Producer Prices","484","Mexico","5532","Producer Price (USD/tonne)","01491.01","Oil palm fruit","2002","2002","7021","Annual value","USD","43.5","A","Official value"
"PP","Producer Prices","484","Mexico","5532","Producer Price (USD/tonne)","01491.01","Oil palm fruit","2003","2003","7021","Annual value","USD","67.8","A","Official value"
"PP","Producer Prices","484","Mexico","5532","Producer Price (USD/tonne)","01491.01","Oil palm fruit","2004","2004","7021","Annual value","USD","55.6","A","Official value"
"PP","Producer Prices","484","Mexico","5532","Producer Price (USD/tonne)","01491.01","Oil palm fruit","2005","2005","7021","Annual value","USD","49.8","A","Official value"
"PP","Producer Prices","484","Mexico","5532","Producer Price (USD/tonne)","01491.01","Oil palm fruit","2006","2006","7021","Annual value","USD","58.6","A","Official value"
"PP","Producer Prices","484","Mexico","5532","Producer Price (USD/tonne)","01491.01","Oil palm fruit","2007","2007","7021","Annual value","USD","106.4","A","Official value"
"PP","Producer Prices","484","Mexico","5532","Producer Price (USD/tonne)","01491.01","Oil palm fruit","2008","2008","7021","Annual value","USD","82.1","A","Official value"
"PP","Producer Prices","484","Mexico","5532","Producer Price (USD/tonne)","01491.01","Oil palm fruit","2009","2009","7021","Annual value","USD","81","A","Official value"
"PP","Producer Prices","484","Mexico","5532","Producer Price (USD/tonne)","01491.01","Oil palm fruit","2010","2010","7021","Annual value","USD","121.5","A","Official value"
"PP","Producer Prices","484","Mexico","5532","Producer Price (USD/tonne)","01491.01","Oil palm fruit","2011","2011","7021","Annual value","USD","135","A","Official value"
"PP","Producer Prices","484","Mexico","5532","Producer Price (USD/tonne)","01491.01","Oil palm fruit","2012","2012","7021","Annual value","USD","131.5","A","Official value"
"PP","Producer Prices","484","Mexico","5532","Producer Price (USD/tonne)","01491.01","Oil palm fruit","2013","2013","7021","Annual value","USD","110.6","A","Official value"
"PP","Producer Prices","484","Mexico","5532","Producer Price (USD/tonne)","01491.01","Oil palm fruit","2014","2014","7021","Annual value","USD","103.2","A","Official value"
"PP","Producer Prices","484","Mexico","5532","Producer Price (USD/tonne)","01491.01","Oil palm fruit","2015","2015","7021","Annual value","USD","84.3","A","Official value"
"PP","Producer Prices","484","Mexico","5532","Producer Price (USD/tonne)","01491.01","Oil palm fruit","2016","2016","7021","Annual value","USD","76.9","A","Official value"
"PP","Producer Prices","484","Mexico","5532","Producer Price (USD/tonne)","01491.01","Oil palm fruit","2017","2017","7021","Annual value","USD","80","A","Official value"
"PP","Producer Prices","484","Mexico","5532","Producer Price (USD/tonne)","01491.01","Oil palm fruit","2018","2018","7021","Annual value","USD","79.6","A","Official value"
"PP","Producer Prices","484","Mexico","5532","Producer Price (USD/tonne)","01491.01","Oil palm fruit","2019","2019","7021","Annual value","USD","73.3","A","Official value"
"PP","Producer Prices","484","Mexico","5532","Producer Price (USD/tonne)","01491.01","Oil palm fruit","2020","2020","7021","Annual value","USD","68.5","A","Official value"
"PP","Producer Prices","484","Mexico","5532","Producer Price (USD/tonne)","01491.01","Oil palm fruit","2021","2021","7021","Annual value","USD","72.4","A","Official value"
"PP","Producer Prices","484","Mexico","5532","Producer Price (USD/tonne)","01491.01","Oil palm fruit","2022","2022","7021","Annual value","USD","82.3","A","Official value"
"PP","Producer Prices","484","Mexico","5532","Producer Price (USD/tonne)","01491.01","Oil palm fruit","2023","2023","7021","Annual value","USD","127.4","A","Official value"
"PP","Producer Prices","484","Mexico","5532","Producer Price (USD/tonne)","01491.01","Oil palm fruit","2024","2024","7021","Annual value","USD","133.1","A","Official value"
"PP","Producer Prices","484","Mexico","5532","Producer Price (USD/tonne)","0141","Soya beans","1991","1991","7021","Annual value","USD","420.1","A","Official value"
"PP","Producer Prices","484","Mexico","5532","Producer Price (USD/tonne)","0141","Soya beans","1992","1992","7021","Annual value","USD","330.2","A","Official value"
"PP","Producer Prices","484","Mexico","5532","Producer Price (USD/tonne)","0141","Soya beans","1993","1993","7021","Annual value","USD","319.4","A","Official value"
"PP","Producer Prices","484","Mexico","5532","Producer Price (USD/tonne)","0141","Soya beans","1994","1994","7021","Annual value","USD","253.9","A","Official value"
"PP","Producer Prices","484","Mexico","5532","Producer Price (USD/tonne)","0141","Soya beans","1995","1995","7021","Annual value","USD","229.6","A","Official value"
"PP","Producer Prices","484","Mexico","5532","Producer Price (USD/tonne)","0141","Soya beans","1996","1996","7021","Annual value","USD","279.9","A","Official value"
"PP","Producer Prices","484","Mexico","5532","Producer Price (USD/tonne)","0141","Soya beans","1997","1997","7021","Annual value","USD","281.5","A","Official value"
"PP","Producer Prices","484","Mexico","5532","Producer Price (USD/tonne)","0141","Soya beans","1998","1998","7021","Annual value","USD","250.2","A","Official value"
"PP","Producer Prices","484","Mexico","5532","Producer Price (USD/tonne)","0141","Soya beans","1999","1999","7021","Annual value","USD","257.8","A","Official value"
"PP","Producer Prices","484","Mexico","5532","Producer Price (USD/tonne)","0141","Soya beans","2000","2000","7021","Annual value","USD","190.7","A","Official value"
"PP","Producer Prices","484","Mexico","5532","Producer Price (USD/tonne)","0141","Soya beans","2001","2001","7021","Annual value","USD","197.7","A","Official value"
"PP","Producer Prices","484","Mexico","5532","Producer Price (USD/tonne)","0141","Soya beans","2002","2002","7021","Annual value","USD","210.4","A","Official value"
"PP","Producer Prices","484","Mexico","5532","Producer Price (USD/tonne)","0141","Soya beans","2003","2003","7021","Annual value","USD","277.9","A","Official value"
"PP","Producer Prices","484","Mexico","5532","Producer Price (USD/tonne)","0141","Soya beans","2004","2004","7021","Annual value","USD","240.9","A","Official value"
"PP","Producer Prices","484","Mexico","5532","Producer Price (USD/tonne)","0141","Soya beans","2005","2005","7021","Annual value","USD","210.7","A","Official value"
"PP","Producer Prices","484","Mexico","5532","Producer Price (USD/tonne)","0141","Soya beans","2006","2006","7021","Annual value","USD","239.2","A","Official value"
"PP","Producer Prices","484","Mexico","5532","Producer Price (USD/tonne)","0141","Soya beans","2007","2007","7021","Annual value","USD","333.3","A","Official value"
"PP","Producer Prices","484","Mexico","5532","Producer Price (USD/tonne)","0141","Soya beans","2008","2008","7021","Annual value","USD","409.1","A","Official value"
"PP","Producer Prices","484","Mexico","5532","Producer Price (USD/tonne)","0141","Soya beans","2009","2009","7021","Annual value","USD","364.7","A","Official value"
"PP","Producer Prices","484","Mexico","5532","Producer Price (USD/tonne)","0141","Soya beans","2010","2010","7021","Annual value","USD","433.3","A","Official value"
"PP","Producer Prices","484","Mexico","5532","Producer Price (USD/tonne)","0141","Soya beans","2011","2011","7021","Annual value","USD","505.7","A","Official value"
"PP","Producer Prices","484","Mexico","5532","Producer Price (USD/tonne)","0141","Soya beans","2012","2012","7021","Annual value","USD","535.5","A","Official value"
"PP","Producer Prices","484","Mexico","5532","Producer Price (USD/tonne)","0141","Soya beans","2013","2013","7021","Annual value","USD","493.8","A","Official value"
"PP","Producer Prices","484","Mexico","5532","Producer Price (USD/tonne)","0141","Soya beans","2014","2014","7021","Annual value","USD","406.6","A","Official value"
"PP","Producer Prices","484","Mexico","5532","Producer Price (USD/tonne)","0141","Soya beans","2015","2015","7021","Annual value","USD","366","A","Official value"
"PP","Producer Prices","484","Mexico","5532","Producer Price (USD/tonne)","0141","Soya beans","2016","2016","7021","Annual value","USD","365.5","A","Official value"
"PP","Producer Prices","484","Mexico","5532","Producer Price (USD/tonne)","0141","Soya beans","2017","2017","7021","Annual value","USD","370.6","A","Official value"
"PP","Producer Prices","484","Mexico","5532","Producer Price (USD/tonne)","0141","Soya beans","2018","2018","7021","Annual value","USD","353.1","A","Official value"
"PP","Producer Prices","484","Mexico","5532","Producer Price (USD/tonne)","0141","Soya beans","2019","2019","7021","Annual value","USD","355.8","A","Official value"
"PP","Producer Prices","484","Mexico","5532","Producer Price (USD/tonne)","0141","Soya beans","2020","2020","7021","Annual value","USD","367.9","A","Official value"
"PP","Producer Prices","484","Mexico","5532","Producer Price (USD/tonne)","0141","Soya beans","2021","2021","7021","Annual value","USD","467","A","Official value"
"PP","Producer Prices","484","Mexico","5532","Producer Price (USD/tonne)","0141","Soya beans","2022","2022","7021","Annual value","USD","469.4","A","Official value"
"PP","Producer Prices","484","Mexico","5532","Producer Price (USD/tonne)","0141","Soya beans","2023","2023","7021","Annual value","USD","521.9","A","Official value"
"PP","Producer Prices","484","Mexico","5532","Producer Price (USD/tonne)","0141","Soya beans","2024","2024","7021","Annual value","USD","440.8","A","Official value"
"PP","Producer Prices","496","Mongolia","5532","Producer Price (USD/tonne)","21111.01","Meat of cattle with the bone, fresh or chilled","2022","2022","7021","Annual value","USD","3522.2","A","Official value"
"PP","Producer Prices","496","Mongolia","5532","Producer Price (USD/tonne)","21111.01","Meat of cattle with the bone, fresh or chilled","2023","2023","7021","Annual value","USD","3525.7","A","Official value"
"PP","Producer Prices","496","Mongolia","5532","Producer Price (USD/tonne)","21111.01","Meat of cattle with the bone, fresh or chilled","2024","2024","7021","Annual value","USD","4113.6","A","Official value"
"PP","Producer Prices","504","Morocco","5532","Producer Price (USD/tonne)","21111.01","Meat of cattle with the bone, fresh or chilled","1991","1991","7021","Annual value","USD","4249.7","A","Official value"
"PP","Producer Prices","504","Morocco","5532","Producer Price (USD/tonne)","21111.01","Meat of cattle with the bone, fresh or chilled","1992","1992","7021","Annual value","USD","4567.9","A","Official value"
"PP","Producer Prices","504","Morocco","5532","Producer Price (USD/tonne)","21111.01","Meat of cattle with the bone, fresh or chilled","1993","1993","7021","Annual value","USD","4377","A","Official value"
"PP","Producer Prices","504","Morocco","5532","Producer Price (USD/tonne)","21111.01","Meat of cattle with the bone, fresh or chilled","1994","1994","7021","Annual value","USD","5639.6","A","Official value"
"PP","Producer Prices","504","Morocco","5532","Producer Price (USD/tonne)","21111.01","Meat of cattle with the bone, fresh or chilled","1995","1995","7021","Annual value","USD","5854.6","A","Official value"
"PP","Producer Prices","504","Morocco","5532","Producer Price (USD/tonne)","21111.01","Meat of cattle with the bone, fresh or chilled","1996","1996","7021","Annual value","USD","6539.8","A","Official value"
"PP","Producer Prices","504","Morocco","5532","Producer Price (USD/tonne)","21111.01","Meat of cattle with the bone, fresh or chilled","1997","1997","7021","Annual value","USD","5353.1","A","Official value"
"PP","Producer Prices","504","Morocco","5532","Producer Price (USD/tonne)","21111.01","Meat of cattle with the bone, fresh or chilled","1998","1998","7021","Annual value","USD","5601.6","A","Official value"
"PP","Producer Prices","504","Morocco","5532","Producer Price (USD/tonne)","21111.01","Meat of cattle with the bone, fresh or chilled","1999","1999","7021","Annual value","USD","5487.3","A","Official value"
"PP","Producer Prices","504","Morocco","5532","Producer Price (USD/tonne)","21111.01","Meat of cattle with the bone, fresh or chilled","2000","2000","7021","Annual value","USD","4442.1","A","Official value"
"PP","Producer Prices","504","Morocco","5532","Producer Price (USD/tonne)","21111.01","Meat of cattle with the bone, fresh or chilled","2001","2001","7021","Annual value","USD","4273.2","A","Official value"
"PP","Producer Prices","504","Morocco","5532","Producer Price (USD/tonne)","21111.01","Meat of cattle with the bone, fresh or chilled","2002","2002","7021","Annual value","USD","4890.8","A","Official value"
"PP","Producer Prices","504","Morocco","5532","Producer Price (USD/tonne)","21111.01","Meat of cattle with the bone, fresh or chilled","2003","2003","7021","Annual value","USD","5995.2","A","Official value"
"PP","Producer Prices","504","Morocco","5532","Producer Price (USD/tonne)","21111.01","Meat of cattle with the bone, fresh or chilled","2004","2004","7021","Annual value","USD","6765.9","A","Official value"
"PP","Producer Prices","504","Morocco","5532","Producer Price (USD/tonne)","21111.01","Meat of cattle with the bone, fresh or chilled","2005","2005","7021","Annual value","USD","6063.2","A","Official value"
"PP","Producer Prices","504","Morocco","5532","Producer Price (USD/tonne)","21111.01","Meat of cattle with the bone, fresh or chilled","2006","2006","7021","Annual value","USD","6868.2","A","Official value"
"PP","Producer Prices","504","Morocco","5532","Producer Price (USD/tonne)","21111.01","Meat of cattle with the bone, fresh or chilled","2022","2022","7021","Annual value","USD","6544.9","A","Official value"
"PP","Producer Prices","504","Morocco","5532","Producer Price (USD/tonne)","21111.01","Meat of cattle with the bone, fresh or chilled","2023","2023","7021","Annual value","USD","7698.8","A","Official value"
"PP","Producer Prices","504","Morocco","5532","Producer Price (USD/tonne)","21111.01","Meat of cattle with the bone, fresh or chilled","2024","2024","7021","Annual value","USD","8398.4","A","Official value"
"PP","Producer Prices","504","Morocco","5532","Producer Price (USD/tonne)","0141","Soya beans","1991","1991","7021","Annual value","USD","425","A","Official value"
"PP","Producer Prices","504","Morocco","5532","Producer Price (USD/tonne)","0141","Soya beans","1992","1992","7021","Annual value","USD","433.4","A","Official value"
"PP","Producer Prices","504","Morocco","5532","Producer Price (USD/tonne)","0141","Soya beans","1993","1993","7021","Annual value","USD","397.9","A","Official value"
"PP","Producer Prices","504","Morocco","5532","Producer Price (USD/tonne)","0141","Soya beans","1994","1994","7021","Annual value","USD","347.7","A","Official value"
"PP","Producer Prices","504","Morocco","5532","Producer Price (USD/tonne)","0141","Soya beans","1995","1995","7021","Annual value","USD","374.7","A","Official value"
"PP","Producer Prices","504","Morocco","5532","Producer Price (USD/tonne)","0141","Soya beans","1996","1996","7021","Annual value","USD","367.1","A","Official value"
"PP","Producer Prices","504","Morocco","5532","Producer Price (USD/tonne)","0141","Soya beans","1997","1997","7021","Annual value","USD","335.9","A","Official value"
"PP","Producer Prices","504","Morocco","5532","Producer Price (USD/tonne)","0141","Soya beans","1998","1998","7021","Annual value","USD","333.2","A","Official value"
"PP","Producer Prices","508","Mozambique","5532","Producer Price (USD/tonne)","21111.01","Meat of cattle with the bone, fresh or chilled","1993","1993","7021","Annual value","USD","1100.3","A","Official value"
"PP","Producer Prices","508","Mozambique","5532","Producer Price (USD/tonne)","21111.01","Meat of cattle with the bone, fresh or chilled","1994","1994","7021","Annual value","USD","1021.1","A","Official value"
"PP","Producer Prices","508","Mozambique","5532","Producer Price (USD/tonne)","21111.01","Meat of cattle with the bone, fresh or chilled","1995","1995","7021","Annual value","USD","886.5","A","Official value"
"PP","Producer Prices","508","Mozambique","5532","Producer Price (USD/tonne)","21111.01","Meat of cattle with the bone, fresh or chilled","1996","1996","7021","Annual value","USD","1100.7","A","Official value"
"PP","Producer Prices","508","Mozambique","5532","Producer Price (USD/tonne)","21111.01","Meat of cattle with the bone, fresh or chilled","1997","1997","7021","Annual value","USD","4901.4","A","Official value"
"PP","Producer Prices","508","Mozambique","5532","Producer Price (USD/tonne)","21111.01","Meat of cattle with the bone, fresh or chilled","1998","1998","7021","Annual value","USD","4816.2","A","Official value"
"PP","Producer Prices","508","Mozambique","5532","Producer Price (USD/tonne)","21111.01","Meat of cattle with the bone, fresh or chilled","1999","1999","7021","Annual value","USD","4303.7","A","Official value"
"PP","Producer Prices","508","Mozambique","5532","Producer Price (USD/tonne)","21111.01","Meat of cattle with the bone, fresh or chilled","2000","2000","7021","Annual value","USD","4091.3","A","Official value"
"PP","Producer Prices","508","Mozambique","5532","Producer Price (USD/tonne)","21111.01","Meat of cattle with the bone, fresh or chilled","2001","2001","7021","Annual value","USD","3204.3","A","Official value"
"PP","Producer Prices","508","Mozambique","5532","Producer Price (USD/tonne)","21111.01","Meat of cattle with the bone, fresh or chilled","2002","2002","7021","Annual value","USD","3092.7","A","Official value"
"PP","Producer Prices","508","Mozambique","5532","Producer Price (USD/tonne)","21111.01","Meat of cattle with the bone, fresh or chilled","2003","2003","7021","Annual value","USD","3592.2","A","Official value"
"PP","Producer Prices","508","Mozambique","5532","Producer Price (USD/tonne)","21111.01","Meat of cattle with the bone, fresh or chilled","2004","2004","7021","Annual value","USD","4480.7","A","Official value"
"PP","Producer Prices","508","Mozambique","5532","Producer Price (USD/tonne)","21111.01","Meat of cattle with the bone, fresh or chilled","2005","2005","7021","Annual value","USD","4644.6","A","Official value"
"PP","Producer Prices","508","Mozambique","5532","Producer Price (USD/tonne)","21111.01","Meat of cattle with the bone, fresh or chilled","2006","2006","7021","Annual value","USD","5027.4","A","Official value"
"PP","Producer Prices","508","Mozambique","5532","Producer Price (USD/tonne)","21111.01","Meat of cattle with the bone, fresh or chilled","2007","2007","7021","Annual value","USD","5506.1","A","Official value"
"PP","Producer Prices","508","Mozambique","5532","Producer Price (USD/tonne)","21111.01","Meat of cattle with the bone, fresh or chilled","2013","2013","7021","Annual value","USD","5298.3","A","Official value"
"PP","Producer Prices","508","Mozambique","5532","Producer Price (USD/tonne)","21111.01","Meat of cattle with the bone, fresh or chilled","2014","2014","7021","Annual value","USD","5246.8","A","Official value"
"PP","Producer Prices","508","Mozambique","5532","Producer Price (USD/tonne)","21111.01","Meat of cattle with the bone, fresh or chilled","2015","2015","7021","Annual value","USD","4160.3","A","Official value"
"PP","Producer Prices","508","Mozambique","5532","Producer Price (USD/tonne)","21111.01","Meat of cattle with the bone, fresh or chilled","2016","2016","7021","Annual value","USD","2733.6","A","Official value"
"PP","Producer Prices","508","Mozambique","5532","Producer Price (USD/tonne)","21111.01","Meat of cattle with the bone, fresh or chilled","2017","2017","7021","Annual value","USD","3444.1","A","Official value"
"PP","Producer Prices","508","Mozambique","5532","Producer Price (USD/tonne)","21111.01","Meat of cattle with the bone, fresh or chilled","2022","2022","7021","Annual value","USD","4134.6","A","Official value"
"PP","Producer Prices","508","Mozambique","5532","Producer Price (USD/tonne)","21111.01","Meat of cattle with the bone, fresh or chilled","2023","2023","7021","Annual value","USD","4257.6","A","Official value"
"PP","Producer Prices","516","Namibia","5532","Producer Price (USD/tonne)","21111.01","Meat of cattle with the bone, fresh or chilled","1991","1991","7021","Annual value","USD","1838.3","A","Official value"
"PP","Producer Prices","516","Namibia","5532","Producer Price (USD/tonne)","21111.01","Meat of cattle with the bone, fresh or chilled","1992","1992","7021","Annual value","USD","1382.5","A","Official value"
"PP","Producer Prices","516","Namibia","5532","Producer Price (USD/tonne)","21111.01","Meat of cattle with the bone, fresh or chilled","1993","1993","7021","Annual value","USD","1678.6","A","Official value"
"PP","Producer Prices","516","Namibia","5532","Producer Price (USD/tonne)","21111.01","Meat of cattle with the bone, fresh or chilled","1994","1994","7021","Annual value","USD","1855.9","A","Official value"
"PP","Producer Prices","516","Namibia","5532","Producer Price (USD/tonne)","21111.01","Meat of cattle with the bone, fresh or chilled","1995","1995","7021","Annual value","USD","2106.4","A","Official value"
"PP","Producer Prices","516","Namibia","5532","Producer Price (USD/tonne)","21111.01","Meat of cattle with the bone, fresh or chilled","1999","1999","7021","Annual value","USD","1358.5","A","Official value"
"PP","Producer Prices","516","Namibia","5532","Producer Price (USD/tonne)","21111.01","Meat of cattle with the bone, fresh or chilled","2000","2000","7021","Annual value","USD","1305.5","A","Official value"
"PP","Producer Prices","516","Namibia","5532","Producer Price (USD/tonne)","21111.01","Meat of cattle with the bone, fresh or chilled","2001","2001","7021","Annual value","USD","1145.3","A","Official value"
"PP","Producer Prices","516","Namibia","5532","Producer Price (USD/tonne)","21111.01","Meat of cattle with the bone, fresh or chilled","2002","2002","7021","Annual value","USD","1225.7","A","Official value"
"PP","Producer Prices","516","Namibia","5532","Producer Price (USD/tonne)","21111.01","Meat of cattle with the bone, fresh or chilled","2003","2003","7021","Annual value","USD","1435.6","A","Official value"
"PP","Producer Prices","516","Namibia","5532","Producer Price (USD/tonne)","21111.01","Meat of cattle with the bone, fresh or chilled","2016","2016","7021","Annual value","USD","2004.2","A","Official value"
"PP","Producer Prices","516","Namibia","5532","Producer Price (USD/tonne)","21111.01","Meat of cattle with the bone, fresh or chilled","2017","2017","7021","Annual value","USD","2651.6","A","Official value"
"PP","Producer Prices","516","Namibia","5532","Producer Price (USD/tonne)","21111.01","Meat of cattle with the bone, fresh or chilled","2018","2018","7021","Annual value","USD","3083.7","A","Official value"
"PP","Producer Prices","524","Nepal","5532","Producer Price (USD/tonne)","0141","Soya beans","1997","1997","7021","Annual value","USD","357","A","Official value"
"PP","Producer Prices","524","Nepal","5532","Producer Price (USD/tonne)","0141","Soya beans","1998","1998","7021","Annual value","USD","350.6","A","Official value"
"PP","Producer Prices","524","Nepal","5532","Producer Price (USD/tonne)","0141","Soya beans","1999","1999","7021","Annual value","USD","371.5","A","Official value"
"PP","Producer Prices","524","Nepal","5532","Producer Price (USD/tonne)","0141","Soya beans","2000","2000","7021","Annual value","USD","365.3","A","Official value"
"PP","Producer Prices","524","Nepal","5532","Producer Price (USD/tonne)","0141","Soya beans","2001","2001","7021","Annual value","USD","355.8","A","Official value"
"PP","Producer Prices","524","Nepal","5532","Producer Price (USD/tonne)","0141","Soya beans","2002","2002","7021","Annual value","USD","367.1","A","Official value"
"PP","Producer Prices","524","Nepal","5532","Producer Price (USD/tonne)","0141","Soya beans","2003","2003","7021","Annual value","USD","404","A","Official value"
"PP","Producer Prices","524","Nepal","5532","Producer Price (USD/tonne)","0141","Soya beans","2004","2004","7021","Annual value","USD","420.6","A","Official value"
"PP","Producer Prices","524","Nepal","5532","Producer Price (USD/tonne)","0141","Soya beans","2005","2005","7021","Annual value","USD","432.8","A","Official value"
"PP","Producer Prices","524","Nepal","5532","Producer Price (USD/tonne)","0141","Soya beans","2006","2006","7021","Annual value","USD","453.8","A","Official value"
"PP","Producer Prices","524","Nepal","5532","Producer Price (USD/tonne)","0141","Soya beans","2007","2007","7021","Annual value","USD","521.8","A","Official value"
"PP","Producer Prices","524","Nepal","5532","Producer Price (USD/tonne)","0141","Soya beans","2008","2008","7021","Annual value","USD","523.4","A","Official value"
"PP","Producer Prices","524","Nepal","5532","Producer Price (USD/tonne)","0141","Soya beans","2009","2009","7021","Annual value","USD","602.5","A","Official value"
"PP","Producer Prices","524","Nepal","5532","Producer Price (USD/tonne)","0141","Soya beans","2010","2010","7021","Annual value","USD","726","A","Official value"
"PP","Producer Prices","524","Nepal","5532","Producer Price (USD/tonne)","0141","Soya beans","2011","2011","7021","Annual value","USD","796.6","A","Official value"
"PP","Producer Prices","524","Nepal","5532","Producer Price (USD/tonne)","0141","Soya beans","2012","2012","7021","Annual value","USD","819.3","A","Official value"
"PP","Producer Prices","524","Nepal","5532","Producer Price (USD/tonne)","0141","Soya beans","2013","2013","7021","Annual value","USD","766","A","Official value"
"PP","Producer Prices","524","Nepal","5532","Producer Price (USD/tonne)","0141","Soya beans","2014","2014","7021","Annual value","USD","823","A","Official value"
"PP","Producer Prices","524","Nepal","5532","Producer Price (USD/tonne)","0141","Soya beans","2015","2015","7021","Annual value","USD","919.9","A","Official value"
"PP","Producer Prices","524","Nepal","5532","Producer Price (USD/tonne)","0141","Soya beans","2016","2016","7021","Annual value","USD","911.3","A","Official value"
"PP","Producer Prices","524","Nepal","5532","Producer Price (USD/tonne)","0141","Soya beans","2017","2017","7021","Annual value","USD","968.4","A","Official value"
"PP","Producer Prices","524","Nepal","5532","Producer Price (USD/tonne)","0141","Soya beans","2018","2018","7021","Annual value","USD","1184.2","A","Official value"
"PP","Producer Prices","524","Nepal","5532","Producer Price (USD/tonne)","0141","Soya beans","2019","2019","7021","Annual value","USD","754.4","A","Official value"
"PP","Producer Prices","524","Nepal","5532","Producer Price (USD/tonne)","0141","Soya beans","2020","2020","7021","Annual value","USD","708","A","Official value"
"PP","Producer Prices","524","Nepal","5532","Producer Price (USD/tonne)","0141","Soya beans","2021","2021","7021","Annual value","USD","776.7","A","Official value"
"PP","Producer Prices","524","Nepal","5532","Producer Price (USD/tonne)","0141","Soya beans","2022","2022","7021","Annual value","USD","822.7","A","Official value"
"PP","Producer Prices","524","Nepal","5532","Producer Price (USD/tonne)","0141","Soya beans","2023","2023","7021","Annual value","USD","796.9","A","Official value"
"PP","Producer Prices","524","Nepal","5532","Producer Price (USD/tonne)","0141","Soya beans","2024","2024","7021","Annual value","USD","804.8","A","Official value"
"PP","Producer Prices","554","New Zealand","5532","Producer Price (USD/tonne)","0141","Soya beans","2022","2022","7021","Annual value","USD","219.3","A","Official value"
"PP","Producer Prices","558","Nicaragua","5532","Producer Price (USD/tonne)","21111.01","Meat of cattle with the bone, fresh or chilled","1993","1993","7021","Annual value","USD","1502.4","A","Official value"
"PP","Producer Prices","558","Nicaragua","5532","Producer Price (USD/tonne)","21111.01","Meat of cattle with the bone, fresh or chilled","1994","1994","7021","Annual value","USD","1413.4","A","Official value"
"PP","Producer Prices","558","Nicaragua","5532","Producer Price (USD/tonne)","21111.01","Meat of cattle with the bone, fresh or chilled","1995","1995","7021","Annual value","USD","1577.3","A","Official value"
"PP","Producer Prices","558","Nicaragua","5532","Producer Price (USD/tonne)","21111.01","Meat of cattle with the bone, fresh or chilled","1996","1996","7021","Annual value","USD","1377.7","A","Official value"
"PP","Producer Prices","558","Nicaragua","5532","Producer Price (USD/tonne)","21111.01","Meat of cattle with the bone, fresh or chilled","1997","1997","7021","Annual value","USD","1250.8","A","Official value"
"PP","Producer Prices","558","Nicaragua","5532","Producer Price (USD/tonne)","21111.01","Meat of cattle with the bone, fresh or chilled","1998","1998","7021","Annual value","USD","1521.7","A","Official value"
"PP","Producer Prices","558","Nicaragua","5532","Producer Price (USD/tonne)","21111.01","Meat of cattle with the bone, fresh or chilled","1999","1999","7021","Annual value","USD","1413","A","Official value"
"PP","Producer Prices","558","Nicaragua","5532","Producer Price (USD/tonne)","21111.01","Meat of cattle with the bone, fresh or chilled","2000","2000","7021","Annual value","USD","1355.1","A","Official value"
"PP","Producer Prices","558","Nicaragua","5532","Producer Price (USD/tonne)","21111.01","Meat of cattle with the bone, fresh or chilled","2001","2001","7021","Annual value","USD","1437.3","A","Official value"
"PP","Producer Prices","558","Nicaragua","5532","Producer Price (USD/tonne)","21111.01","Meat of cattle with the bone, fresh or chilled","2002","2002","7021","Annual value","USD","1811.6","A","Official value"
"PP","Producer Prices","558","Nicaragua","5532","Producer Price (USD/tonne)","21111.01","Meat of cattle with the bone, fresh or chilled","2003","2003","7021","Annual value","USD","1889.1","A","Official value"
"PP","Producer Prices","558","Nicaragua","5532","Producer Price (USD/tonne)","21111.01","Meat of cattle with the bone, fresh or chilled","2004","2004","7021","Annual value","USD","1866.7","A","Official value"
"PP","Producer Prices","558","Nicaragua","5532","Producer Price (USD/tonne)","21111.01","Meat of cattle with the bone, fresh or chilled","2005","2005","7021","Annual value","USD","2043.8","A","Official value"
"PP","Producer Prices","558","Nicaragua","5532","Producer Price (USD/tonne)","21111.01","Meat of cattle with the bone, fresh or chilled","2006","2006","7021","Annual value","USD","2094.8","A","Official value"
"PP","Producer Prices","558","Nicaragua","5532","Producer Price (USD/tonne)","0141","Soya beans","1995","1995","7021","Annual value","USD","240.7","A","Official value"
"PP","Producer Prices","558","Nicaragua","5532","Producer Price (USD/tonne)","0141","Soya beans","1996","1996","7021","Annual value","USD","243.5","A","Official value"
"PP","Producer Prices","558","Nicaragua","5532","Producer Price (USD/tonne)","0141","Soya beans","1997","1997","7021","Annual value","USD","232.7","A","Official value"
"PP","Producer Prices","558","Nicaragua","5532","Producer Price (USD/tonne)","0141","Soya beans","1998","1998","7021","Annual value","USD","243.2","A","Official value"
"PP","Producer Prices","558","Nicaragua","5532","Producer Price (USD/tonne)","0141","Soya beans","1999","1999","7021","Annual value","USD","232.4","A","Official value"
"PP","Producer Prices","558","Nicaragua","5532","Producer Price (USD/tonne)","0141","Soya beans","2000","2000","7021","Annual value","USD","226.2","A","Official value"
"PP","Producer Prices","558","Nicaragua","5532","Producer Price (USD/tonne)","0141","Soya beans","2001","2001","7021","Annual value","USD","222.2","A","Official value"
"PP","Producer Prices","558","Nicaragua","5532","Producer Price (USD/tonne)","0141","Soya beans","2002","2002","7021","Annual value","USD","193.9","A","Official value"
"PP","Producer Prices","558","Nicaragua","5532","Producer Price (USD/tonne)","0141","Soya beans","2003","2003","7021","Annual value","USD","183.5","A","Official value"
"PP","Producer Prices","558","Nicaragua","5532","Producer Price (USD/tonne)","0141","Soya beans","2004","2004","7021","Annual value","USD","204.1","A","Official value"
"PP","Producer Prices","558","Nicaragua","5532","Producer Price (USD/tonne)","0141","Soya beans","2005","2005","7021","Annual value","USD","210.4","A","Official value"
"PP","Producer Prices","558","Nicaragua","5532","Producer Price (USD/tonne)","0141","Soya beans","2006","2006","7021","Annual value","USD","279.4","A","Official value"
"PP","Producer Prices","558","Nicaragua","5532","Producer Price (USD/tonne)","0141","Soya beans","2007","2007","7021","Annual value","USD","227.8","A","Official value"
"PP","Producer Prices","558","Nicaragua","5532","Producer Price (USD/tonne)","0141","Soya beans","2008","2008","7021","Annual value","USD","221.5","A","Official value"
"PP","Producer Prices","558","Nicaragua","5532","Producer Price (USD/tonne)","0141","Soya beans","2009","2009","7021","Annual value","USD","213.1","A","Official value"
"PP","Producer Prices","558","Nicaragua","5532","Producer Price (USD/tonne)","0141","Soya beans","2010","2010","7021","Annual value","USD","309","A","Official value"
"PP","Producer Prices","558","Nicaragua","5532","Producer Price (USD/tonne)","0141","Soya beans","2011","2011","7021","Annual value","USD","441.5","A","Official value"
"PP","Producer Prices","558","Nicaragua","5532","Producer Price (USD/tonne)","0141","Soya beans","2012","2012","7021","Annual value","USD","470.5","A","Official value"
"PP","Producer Prices","558","Nicaragua","5532","Producer Price (USD/tonne)","0141","Soya beans","2021","2021","7021","Annual value","USD","1342.9","A","Official value"
"PP","Producer Prices","558","Nicaragua","5532","Producer Price (USD/tonne)","0141","Soya beans","2022","2022","7021","Annual value","USD","1094.1","A","Official value"
"PP","Producer Prices","558","Nicaragua","5532","Producer Price (USD/tonne)","0141","Soya beans","2023","2023","7021","Annual value","USD","762.1","A","Official value"
"PP","Producer Prices","566","Nigeria","5532","Producer Price (USD/tonne)","21111.01","Meat of cattle with the bone, fresh or chilled","1991","1991","7021","Annual value","USD","2580.4","A","Official value"
"PP","Producer Prices","566","Nigeria","5532","Producer Price (USD/tonne)","21111.01","Meat of cattle with the bone, fresh or chilled","1992","1992","7021","Annual value","USD","2049.9","A","Official value"
"PP","Producer Prices","566","Nigeria","5532","Producer Price (USD/tonne)","21111.01","Meat of cattle with the bone, fresh or chilled","1993","1993","7021","Annual value","USD","3134.8","A","Official value"
"PP","Producer Prices","566","Nigeria","5532","Producer Price (USD/tonne)","21111.01","Meat of cattle with the bone, fresh or chilled","1994","1994","7021","Annual value","USD","1781.9","A","Official value"
"PP","Producer Prices","566","Nigeria","5532","Producer Price (USD/tonne)","21111.01","Meat of cattle with the bone, fresh or chilled","1995","1995","7021","Annual value","USD","1914.4","A","Official value"
"PP","Producer Prices","566","Nigeria","5532","Producer Price (USD/tonne)","21111.01","Meat of cattle with the bone, fresh or chilled","1996","1996","7021","Annual value","USD","1779.5","A","Official value"
"PP","Producer Prices","566","Nigeria","5532","Producer Price (USD/tonne)","21111.01","Meat of cattle with the bone, fresh or chilled","1997","1997","7021","Annual value","USD","1829.4","A","Official value"
"PP","Producer Prices","566","Nigeria","5532","Producer Price (USD/tonne)","21111.01","Meat of cattle with the bone, fresh or chilled","1998","1998","7021","Annual value","USD","1718.1","A","Official value"
"PP","Producer Prices","566","Nigeria","5532","Producer Price (USD/tonne)","21111.01","Meat of cattle with the bone, fresh or chilled","1999","1999","7021","Annual value","USD","1526.5","A","Official value"
"PP","Producer Prices","566","Nigeria","5532","Producer Price (USD/tonne)","21111.01","Meat of cattle with the bone, fresh or chilled","2001","2001","7021","Annual value","USD","2039.8","A","Official value"
"PP","Producer Prices","566","Nigeria","5532","Producer Price (USD/tonne)","21111.01","Meat of cattle with the bone, fresh or chilled","2002","2002","7021","Annual value","USD","2404.2","A","Official value"
"PP","Producer Prices","566","Nigeria","5532","Producer Price (USD/tonne)","21111.01","Meat of cattle with the bone, fresh or chilled","2003","2003","7021","Annual value","USD","2371","A","Official value"
"PP","Producer Prices","566","Nigeria","5532","Producer Price (USD/tonne)","21111.01","Meat of cattle with the bone, fresh or chilled","2004","2004","7021","Annual value","USD","2693.3","A","Official value"
"PP","Producer Prices","566","Nigeria","5532","Producer Price (USD/tonne)","21111.01","Meat of cattle with the bone, fresh or chilled","2005","2005","7021","Annual value","USD","2862.9","A","Official value"
"PP","Producer Prices","566","Nigeria","5532","Producer Price (USD/tonne)","21111.01","Meat of cattle with the bone, fresh or chilled","2006","2006","7021","Annual value","USD","3362.4","A","Official value"
"PP","Producer Prices","566","Nigeria","5532","Producer Price (USD/tonne)","21111.01","Meat of cattle with the bone, fresh or chilled","2007","2007","7021","Annual value","USD","3671.7","A","Official value"
"PP","Producer Prices","566","Nigeria","5532","Producer Price (USD/tonne)","21111.01","Meat of cattle with the bone, fresh or chilled","2008","2008","7021","Annual value","USD","4943.4","A","Official value"
"PP","Producer Prices","566","Nigeria","5532","Producer Price (USD/tonne)","0141","Soya beans","1991","1991","7021","Annual value","USD","399.6","A","Official value"
"PP","Producer Prices","566","Nigeria","5532","Producer Price (USD/tonne)","0141","Soya beans","1992","1992","7021","Annual value","USD","304.9","A","Official value"
"PP","Producer Prices","566","Nigeria","5532","Producer Price (USD/tonne)","0141","Soya beans","1993","1993","7021","Annual value","USD","622.7","A","Official value"
"PP","Producer Prices","566","Nigeria","5532","Producer Price (USD/tonne)","0141","Soya beans","1994","1994","7021","Annual value","USD","357","A","Official value"
"PP","Producer Prices","566","Nigeria","5532","Producer Price (USD/tonne)","0141","Soya beans","1995","1995","7021","Annual value","USD","306.7","A","Official value"
"PP","Producer Prices","566","Nigeria","5532","Producer Price (USD/tonne)","0141","Soya beans","1996","1996","7021","Annual value","USD","403.6","A","Official value"
"PP","Producer Prices","566","Nigeria","5532","Producer Price (USD/tonne)","0141","Soya beans","1997","1997","7021","Annual value","USD","358","A","Official value"
"PP","Producer Prices","566","Nigeria","5532","Producer Price (USD/tonne)","0141","Soya beans","1998","1998","7021","Annual value","USD","397.9","A","Official value"
"PP","Producer Prices","566","Nigeria","5532","Producer Price (USD/tonne)","0141","Soya beans","1999","1999","7021","Annual value","USD","431.2","A","Official value"
"PP","Producer Prices","566","Nigeria","5532","Producer Price (USD/tonne)","0141","Soya beans","2000","2000","7021","Annual value","USD","335.5","A","Official value"
"PP","Producer Prices","566","Nigeria","5532","Producer Price (USD/tonne)","0141","Soya beans","2001","2001","7021","Annual value","USD","435","A","Official value"
"PP","Producer Prices","566","Nigeria","5532","Producer Price (USD/tonne)","0141","Soya beans","2002","2002","7021","Annual value","USD","396","A","Official value"
"PP","Producer Prices","566","Nigeria","5532","Producer Price (USD/tonne)","0141","Soya beans","2003","2003","7021","Annual value","USD","406.6","A","Official value"
"PP","Producer Prices","566","Nigeria","5532","Producer Price (USD/tonne)","0141","Soya beans","2004","2004","7021","Annual value","USD","476.6","A","Official value"
"PP","Producer Prices","566","Nigeria","5532","Producer Price (USD/tonne)","0141","Soya beans","2005","2005","7021","Annual value","USD","531.5","A","Official value"
"PP","Producer Prices","566","Nigeria","5532","Producer Price (USD/tonne)","0141","Soya beans","2006","2006","7021","Annual value","USD","520.7","A","Official value"
"PP","Producer Prices","566","Nigeria","5532","Producer Price (USD/tonne)","0141","Soya beans","2007","2007","7021","Annual value","USD","525.5","A","Official value"
"PP","Producer Prices","566","Nigeria","5532","Producer Price (USD/tonne)","0141","Soya beans","2008","2008","7021","Annual value","USD","720.2","A","Official value"
"PP","Producer Prices","566","Nigeria","5532","Producer Price (USD/tonne)","0141","Soya beans","2010","2010","7021","Annual value","USD","425.1","A","Official value"
"PP","Producer Prices","566","Nigeria","5532","Producer Price (USD/tonne)","0141","Soya beans","2011","2011","7021","Annual value","USD","435.5","A","Official value"
"PP","Producer Prices","566","Nigeria","5532","Producer Price (USD/tonne)","0141","Soya beans","2012","2012","7021","Annual value","USD","447.3","A","Official value"
"PP","Producer Prices","566","Nigeria","5532","Producer Price (USD/tonne)","0141","Soya beans","2013","2013","7021","Annual value","USD","445","A","Official value"
"PP","Producer Prices","807","North Macedonia","5532","Producer Price (USD/tonne)","0141","Soya beans","2007","2007","7021","Annual value","USD","429.7","A","Official value"
"PP","Producer Prices","807","North Macedonia","5532","Producer Price (USD/tonne)","0141","Soya beans","2008","2008","7021","Annual value","USD","568.9","A","Official value"
"PP","Producer Prices","807","North Macedonia","5532","Producer Price (USD/tonne)","0141","Soya beans","2010","2010","7021","Annual value","USD","519.5","A","Official value"
"PP","Producer Prices","807","North Macedonia","5532","Producer Price (USD/tonne)","0141","Soya beans","2012","2012","7021","Annual value","USD","814.4","A","Official value"
"PP","Producer Prices","807","North Macedonia","5532","Producer Price (USD/tonne)","0141","Soya beans","2013","2013","7021","Annual value","USD","852.5","A","Official value"
"PP","Producer Prices","807","North Macedonia","5532","Producer Price (USD/tonne)","0141","Soya beans","2014","2014","7021","Annual value","USD","592.7","A","Official value"
"PP","Producer Prices","807","North Macedonia","5532","Producer Price (USD/tonne)","0141","Soya beans","2015","2015","7021","Annual value","USD","316.9","A","Official value"
"PP","Producer Prices","578","Norway","5532","Producer Price (USD/tonne)","21111.01","Meat of cattle with the bone, fresh or chilled","1991","1991","7021","Annual value","USD","5525.3","A","Official value"
"PP","Producer Prices","578","Norway","5532","Producer Price (USD/tonne)","21111.01","Meat of cattle with the bone, fresh or chilled","1992","1992","7021","Annual value","USD","5142.8","A","Official value"
"PP","Producer Prices","578","Norway","5532","Producer Price (USD/tonne)","21111.01","Meat of cattle with the bone, fresh or chilled","1993","1993","7021","Annual value","USD","4506.5","A","Official value"
"PP","Producer Prices","578","Norway","5532","Producer Price (USD/tonne)","21111.01","Meat of cattle with the bone, fresh or chilled","1994","1994","7021","Annual value","USD","4569.6","A","Official value"
"PP","Producer Prices","578","Norway","5532","Producer Price (USD/tonne)","21111.01","Meat of cattle with the bone, fresh or chilled","1995","1995","7021","Annual value","USD","4834.9","A","Official value"
"PP","Producer Prices","578","Norway","5532","Producer Price (USD/tonne)","21111.01","Meat of cattle with the bone, fresh or chilled","1996","1996","7021","Annual value","USD","4690.1","A","Official value"
"PP","Producer Prices","578","Norway","5532","Producer Price (USD/tonne)","21111.01","Meat of cattle with the bone, fresh or chilled","1997","1997","7021","Annual value","USD","4360","A","Official value"
"PP","Producer Prices","578","Norway","5532","Producer Price (USD/tonne)","21111.01","Meat of cattle with the bone, fresh or chilled","1998","1998","7021","Annual value","USD","4019.8","A","Official value"
"PP","Producer Prices","578","Norway","5532","Producer Price (USD/tonne)","21111.01","Meat of cattle with the bone, fresh or chilled","1999","1999","7021","Annual value","USD","3486.3","A","Official value"
"PP","Producer Prices","578","Norway","5532","Producer Price (USD/tonne)","21111.01","Meat of cattle with the bone, fresh or chilled","2000","2000","7021","Annual value","USD","2964.2","A","Official value"
"PP","Producer Prices","578","Norway","5532","Producer Price (USD/tonne)","21111.01","Meat of cattle with the bone, fresh or chilled","2001","2001","7021","Annual value","USD","3129.6","A","Official value"
"PP","Producer Prices","578","Norway","5532","Producer Price (USD/tonne)","21111.01","Meat of cattle with the bone, fresh or chilled","2002","2002","7021","Annual value","USD","3588.5","A","Official value"
"PP","Producer Prices","578","Norway","5532","Producer Price (USD/tonne)","21111.01","Meat of cattle with the bone, fresh or chilled","2003","2003","7021","Annual value","USD","4256.9","A","Official value"
"PP","Producer Prices","578","Norway","5532","Producer Price (USD/tonne)","21111.01","Meat of cattle with the bone, fresh or chilled","2004","2004","7021","Annual value","USD","4671.5","A","Official value"
"PP","Producer Prices","578","Norway","5532","Producer Price (USD/tonne)","21111.01","Meat of cattle with the bone, fresh or chilled","2005","2005","7021","Annual value","USD","5046.2","A","Official value"
"PP","Producer Prices","578","Norway","5532","Producer Price (USD/tonne)","21111.01","Meat of cattle with the bone, fresh or chilled","2006","2006","7021","Annual value","USD","5154.9","A","Official value"
"PP","Producer Prices","578","Norway","5532","Producer Price (USD/tonne)","21111.01","Meat of cattle with the bone, fresh or chilled","2007","2007","7021","Annual value","USD","5901.1","A","Official value"
"PP","Producer Prices","578","Norway","5532","Producer Price (USD/tonne)","21111.01","Meat of cattle with the bone, fresh or chilled","2008","2008","7021","Annual value","USD","6560.3","A","Official value"
"PP","Producer Prices","578","Norway","5532","Producer Price (USD/tonne)","21111.01","Meat of cattle with the bone, fresh or chilled","2009","2009","7021","Annual value","USD","6335.5","A","Official value"
"PP","Producer Prices","578","Norway","5532","Producer Price (USD/tonne)","21111.01","Meat of cattle with the bone, fresh or chilled","2010","2010","7021","Annual value","USD","6624.6","A","Official value"
"PP","Producer Prices","578","Norway","5532","Producer Price (USD/tonne)","21111.01","Meat of cattle with the bone, fresh or chilled","2011","2011","7021","Annual value","USD","7413.5","A","Official value"
"PP","Producer Prices","578","Norway","5532","Producer Price (USD/tonne)","21111.01","Meat of cattle with the bone, fresh or chilled","2012","2012","7021","Annual value","USD","7731.8","A","Official value"
"PP","Producer Prices","578","Norway","5532","Producer Price (USD/tonne)","21111.01","Meat of cattle with the bone, fresh or chilled","2013","2013","7021","Annual value","USD","8081.7","A","Official value"
"PP","Producer Prices","578","Norway","5532","Producer Price (USD/tonne)","21111.01","Meat of cattle with the bone, fresh or chilled","2014","2014","7021","Annual value","USD","7723.4","A","Official value"
"PP","Producer Prices","578","Norway","5532","Producer Price (USD/tonne)","21111.01","Meat of cattle with the bone, fresh or chilled","2015","2015","7021","Annual value","USD","6232.5","A","Official value"
"PP","Producer Prices","578","Norway","5532","Producer Price (USD/tonne)","21111.01","Meat of cattle with the bone, fresh or chilled","2016","2016","7021","Annual value","USD","6138.1","A","Official value"
"PP","Producer Prices","578","Norway","5532","Producer Price (USD/tonne)","21111.01","Meat of cattle with the bone, fresh or chilled","2017","2017","7021","Annual value","USD","6338.5","A","Official value"
"PP","Producer Prices","578","Norway","5532","Producer Price (USD/tonne)","21111.01","Meat of cattle with the bone, fresh or chilled","2018","2018","7021","Annual value","USD","6311.7","A","Official value"
"PP","Producer Prices","578","Norway","5532","Producer Price (USD/tonne)","21111.01","Meat of cattle with the bone, fresh or chilled","2019","2019","7021","Annual value","USD","5696.6","A","Official value"
"PP","Producer Prices","578","Norway","5532","Producer Price (USD/tonne)","21111.01","Meat of cattle with the bone, fresh or chilled","2020","2020","7021","Annual value","USD","5502.4","A","Official value"
"PP","Producer Prices","578","Norway","5532","Producer Price (USD/tonne)","21111.01","Meat of cattle with the bone, fresh or chilled","2021","2021","7021","Annual value","USD","6502.9","A","Official value"
"PP","Producer Prices","578","Norway","5532","Producer Price (USD/tonne)","21111.01","Meat of cattle with the bone, fresh or chilled","2022","2022","7021","Annual value","USD","6486.3","A","Official value"
"PP","Producer Prices","578","Norway","5532","Producer Price (USD/tonne)","21111.01","Meat of cattle with the bone, fresh or chilled","2023","2023","7021","Annual value","USD","6071.9","A","Official value"
"PP","Producer Prices","578","Norway","5532","Producer Price (USD/tonne)","21111.01","Meat of cattle with the bone, fresh or chilled","2024","2024","7021","Annual value","USD","5740.8","A","Official value"
"PP","Producer Prices","586","Pakistan","5532","Producer Price (USD/tonne)","0141","Soya beans","1991","1991","7021","Annual value","USD","241.6","A","Official value"
"PP","Producer Prices","586","Pakistan","5532","Producer Price (USD/tonne)","0141","Soya beans","1992","1992","7021","Annual value","USD","249.2","A","Official value"
"PP","Producer Prices","586","Pakistan","5532","Producer Price (USD/tonne)","0141","Soya beans","1993","1993","7021","Annual value","USD","244.6","A","Official value"
"PP","Producer Prices","586","Pakistan","5532","Producer Price (USD/tonne)","0141","Soya beans","1994","1994","7021","Annual value","USD","224.9","A","Official value"
"PP","Producer Prices","586","Pakistan","5532","Producer Price (USD/tonne)","0141","Soya beans","1995","1995","7021","Annual value","USD","218.1","X","Value from external organization"
"PP","Producer Prices","586","Pakistan","5532","Producer Price (USD/tonne)","0141","Soya beans","1999","1999","7021","Annual value","USD","290.4","A","Official value"
"PP","Producer Prices","586","Pakistan","5532","Producer Price (USD/tonne)","0141","Soya beans","2000","2000","7021","Annual value","USD","277.3","A","Official value"
"PP","Producer Prices","586","Pakistan","5532","Producer Price (USD/tonne)","0141","Soya beans","2002","2002","7021","Annual value","USD","278.4","A","Official value"
"PP","Producer Prices","586","Pakistan","5532","Producer Price (USD/tonne)","0141","Soya beans","2003","2003","7021","Annual value","USD","306.9","A","Official value"
"PP","Producer Prices","586","Pakistan","5532","Producer Price (USD/tonne)","0141","Soya beans","2004","2004","7021","Annual value","USD","309","A","Official value"
"PP","Producer Prices","586","Pakistan","5532","Producer Price (USD/tonne)","0141","Soya beans","2005","2005","7021","Annual value","USD","336.1","A","Official value"
"PP","Producer Prices","586","Pakistan","5532","Producer Price (USD/tonne)","0141","Soya beans","2006","2006","7021","Annual value","USD","398.2","A","Official value"
"PP","Producer Prices","586","Pakistan","5532","Producer Price (USD/tonne)","0141","Soya beans","2007","2007","7021","Annual value","USD","419.8","A","Official value"
"PP","Producer Prices","586","Pakistan","5532","Producer Price (USD/tonne)","0141","Soya beans","2008","2008","7021","Annual value","USD","369.3","A","Official value"
"PP","Producer Prices","586","Pakistan","5532","Producer Price (USD/tonne)","0141","Soya beans","2009","2009","7021","Annual value","USD","392.3","A","Official value"
"PP","Producer Prices","586","Pakistan","5532","Producer Price (USD/tonne)","0141","Soya beans","2010","2010","7021","Annual value","USD","415.9","A","Official value"
"PP","Producer Prices","275","Palestine","5532","Producer Price (USD/tonne)","21111.01","Meat of cattle with the bone, fresh or chilled","1997","1997","7021","Annual value","USD","7131.8","A","Official value"
"PP","Producer Prices","275","Palestine","5532","Producer Price (USD/tonne)","21111.01","Meat of cattle with the bone, fresh or chilled","1998","1998","7021","Annual value","USD","7986.7","A","Official value"
"PP","Producer Prices","275","Palestine","5532","Producer Price (USD/tonne)","21111.01","Meat of cattle with the bone, fresh or chilled","1999","1999","7021","Annual value","USD","7817","A","Official value"
"PP","Producer Prices","275","Palestine","5532","Producer Price (USD/tonne)","21111.01","Meat of cattle with the bone, fresh or chilled","2000","2000","7021","Annual value","USD","6519","A","Official value"
"PP","Producer Prices","275","Palestine","5532","Producer Price (USD/tonne)","21111.01","Meat of cattle with the bone, fresh or chilled","2001","2001","7021","Annual value","USD","6393.8","A","Official value"
"PP","Producer Prices","275","Palestine","5532","Producer Price (USD/tonne)","21111.01","Meat of cattle with the bone, fresh or chilled","2002","2002","7021","Annual value","USD","5656.6","A","Official value"
"PP","Producer Prices","275","Palestine","5532","Producer Price (USD/tonne)","21111.01","Meat of cattle with the bone, fresh or chilled","2003","2003","7021","Annual value","USD","5709.1","A","Official value"
"PP","Producer Prices","275","Palestine","5532","Producer Price (USD/tonne)","21111.01","Meat of cattle with the bone, fresh or chilled","2004","2004","7021","Annual value","USD","5399.4","A","Official value"
"PP","Producer Prices","275","Palestine","5532","Producer Price (USD/tonne)","21111.01","Meat of cattle with the bone, fresh or chilled","2005","2005","7021","Annual value","USD","6814.2","A","Official value"
"PP","Producer Prices","275","Palestine","5532","Producer Price (USD/tonne)","21111.01","Meat of cattle with the bone, fresh or chilled","2006","2006","7021","Annual value","USD","8624.7","A","Official value"
"PP","Producer Prices","275","Palestine","5532","Producer Price (USD/tonne)","21111.01","Meat of cattle with the bone, fresh or chilled","2007","2007","7021","Annual value","USD","8054.9","A","Official value"
"PP","Producer Prices","275","Palestine","5532","Producer Price (USD/tonne)","21111.01","Meat of cattle with the bone, fresh or chilled","2008","2008","7021","Annual value","USD","12865","A","Official value"
"PP","Producer Prices","275","Palestine","5532","Producer Price (USD/tonne)","21111.01","Meat of cattle with the bone, fresh or chilled","2009","2009","7021","Annual value","USD","10978.2","A","Official value"
"PP","Producer Prices","275","Palestine","5532","Producer Price (USD/tonne)","21111.01","Meat of cattle with the bone, fresh or chilled","2010","2010","7021","Annual value","USD","12035.4","A","Official value"
"PP","Producer Prices","275","Palestine","5532","Producer Price (USD/tonne)","21111.01","Meat of cattle with the bone, fresh or chilled","2011","2011","7021","Annual value","USD","13753.9","A","Official value"
"PP","Producer Prices","275","Palestine","5532","Producer Price (USD/tonne)","21111.01","Meat of cattle with the bone, fresh or chilled","2012","2012","7021","Annual value","USD","12646.5","A","Official value"
"PP","Producer Prices","275","Palestine","5532","Producer Price (USD/tonne)","21111.01","Meat of cattle with the bone, fresh or chilled","2013","2013","7021","Annual value","USD","13866.7","A","Official value"
"PP","Producer Prices","275","Palestine","5532","Producer Price (USD/tonne)","21111.01","Meat of cattle with the bone, fresh or chilled","2014","2014","7021","Annual value","USD","13041.2","A","Official value"
"PP","Producer Prices","275","Palestine","5532","Producer Price (USD/tonne)","21111.01","Meat of cattle with the bone, fresh or chilled","2015","2015","7021","Annual value","USD","13737.6","A","Official value"
"PP","Producer Prices","275","Palestine","5532","Producer Price (USD/tonne)","21111.01","Meat of cattle with the bone, fresh or chilled","2016","2016","7021","Annual value","USD","13208.2","A","Official value"
"PP","Producer Prices","275","Palestine","5532","Producer Price (USD/tonne)","21111.01","Meat of cattle with the bone, fresh or chilled","2017","2017","7021","Annual value","USD","12122","A","Official value"
"PP","Producer Prices","275","Palestine","5532","Producer Price (USD/tonne)","21111.01","Meat of cattle with the bone, fresh or chilled","2018","2018","7021","Annual value","USD","13050","A","Official value"
"PP","Producer Prices","275","Palestine","5532","Producer Price (USD/tonne)","21111.01","Meat of cattle with the bone, fresh or chilled","2019","2019","7021","Annual value","USD","13240.4","A","Official value"
"PP","Producer Prices","275","Palestine","5532","Producer Price (USD/tonne)","21111.01","Meat of cattle with the bone, fresh or chilled","2020","2020","7021","Annual value","USD","13672.7","A","Official value"
"PP","Producer Prices","275","Palestine","5532","Producer Price (USD/tonne)","21111.01","Meat of cattle with the bone, fresh or chilled","2021","2021","7021","Annual value","USD","14716.3","A","Official value"
"PP","Producer Prices","275","Palestine","5532","Producer Price (USD/tonne)","21111.01","Meat of cattle with the bone, fresh or chilled","2022","2022","7021","Annual value","USD","14261.3","A","Official value"
"PP","Producer Prices","275","Palestine","5532","Producer Price (USD/tonne)","21111.01","Meat of cattle with the bone, fresh or chilled","2023","2023","7021","Annual value","USD","13711","A","Official value"
"PP","Producer Prices","275","Palestine","5532","Producer Price (USD/tonne)","21111.01","Meat of cattle with the bone, fresh or chilled","2024","2024","7021","Annual value","USD","15416.1","A","Official value"
"PP","Producer Prices","600","Paraguay","5532","Producer Price (USD/tonne)","21111.01","Meat of cattle with the bone, fresh or chilled","1991","1991","7021","Annual value","USD","1069.8","A","Official value"
"PP","Producer Prices","600","Paraguay","5532","Producer Price (USD/tonne)","0141","Soya beans","1991","1991","7021","Annual value","USD","142.6","A","Official value"
"PP","Producer Prices","600","Paraguay","5532","Producer Price (USD/tonne)","0141","Soya beans","1992","1992","7021","Annual value","USD","155.3","A","Official value"
"PP","Producer Prices","600","Paraguay","5532","Producer Price (USD/tonne)","0141","Soya beans","1993","1993","7021","Annual value","USD","178.3","A","Official value"
"PP","Producer Prices","600","Paraguay","5532","Producer Price (USD/tonne)","0141","Soya beans","1994","1994","7021","Annual value","USD","184.3","A","Official value"
"PP","Producer Prices","600","Paraguay","5532","Producer Price (USD/tonne)","0141","Soya beans","1995","1995","7021","Annual value","USD","152.8","A","Official value"
"PP","Producer Prices","600","Paraguay","5532","Producer Price (USD/tonne)","0141","Soya beans","1996","1996","7021","Annual value","USD","207.6","A","Official value"
"PP","Producer Prices","600","Paraguay","5532","Producer Price (USD/tonne)","0141","Soya beans","1997","1997","7021","Annual value","USD","227.3","A","Official value"
"PP","Producer Prices","600","Paraguay","5532","Producer Price (USD/tonne)","0141","Soya beans","1998","1998","7021","Annual value","USD","181.9","A","Official value"
"PP","Producer Prices","600","Paraguay","5532","Producer Price (USD/tonne)","0141","Soya beans","1999","1999","7021","Annual value","USD","109.6","A","Official value"
"PP","Producer Prices","600","Paraguay","5532","Producer Price (USD/tonne)","0141","Soya beans","2000","2000","7021","Annual value","USD","186.4","A","Official value"
"PP","Producer Prices","600","Paraguay","5532","Producer Price (USD/tonne)","0141","Soya beans","2001","2001","7021","Annual value","USD","104","A","Official value"
"PP","Producer Prices","600","Paraguay","5532","Producer Price (USD/tonne)","0141","Soya beans","2002","2002","7021","Annual value","USD","107.1","A","Official value"
"PP","Producer Prices","600","Paraguay","5532","Producer Price (USD/tonne)","0141","Soya beans","2003","2003","7021","Annual value","USD","203.9","A","Official value"
"PP","Producer Prices","600","Paraguay","5532","Producer Price (USD/tonne)","0141","Soya beans","2004","2004","7021","Annual value","USD","220.1","A","Official value"
"PP","Producer Prices","600","Paraguay","5532","Producer Price (USD/tonne)","0141","Soya beans","2005","2005","7021","Annual value","USD","170","A","Official value"
"PP","Producer Prices","600","Paraguay","5532","Producer Price (USD/tonne)","0141","Soya beans","2006","2006","7021","Annual value","USD","175.5","A","Official value"
"PP","Producer Prices","600","Paraguay","5532","Producer Price (USD/tonne)","0141","Soya beans","2007","2007","7021","Annual value","USD","248.8","A","Official value"
"PP","Producer Prices","600","Paraguay","5532","Producer Price (USD/tonne)","0141","Soya beans","2008","2008","7021","Annual value","USD","366","A","Official value"
"PP","Producer Prices","600","Paraguay","5532","Producer Price (USD/tonne)","0141","Soya beans","2009","2009","7021","Annual value","USD","327.5","A","Official value"
"PP","Producer Prices","600","Paraguay","5532","Producer Price (USD/tonne)","0141","Soya beans","2010","2010","7021","Annual value","USD","338.9","A","Official value"
"PP","Producer Prices","600","Paraguay","5532","Producer Price (USD/tonne)","0141","Soya beans","2011","2011","7021","Annual value","USD","413.2","A","Official value"
"PP","Producer Prices","600","Paraguay","5532","Producer Price (USD/tonne)","0141","Soya beans","2012","2012","7021","Annual value","USD","459.7","A","Official value"
"PP","Producer Prices","600","Paraguay","5532","Producer Price (USD/tonne)","0141","Soya beans","2013","2013","7021","Annual value","USD","431","A","Official value"
"PP","Producer Prices","600","Paraguay","5532","Producer Price (USD/tonne)","0141","Soya beans","2014","2014","7021","Annual value","USD","455.6","A","Official value"
"PP","Producer Prices","600","Paraguay","5532","Producer Price (USD/tonne)","0141","Soya beans","2015","2015","7021","Annual value","USD","322.4","A","Official value"
"PP","Producer Prices","600","Paraguay","5532","Producer Price (USD/tonne)","0141","Soya beans","2016","2016","7021","Annual value","USD","329.4","A","Official value"
"PP","Producer Prices","600","Paraguay","5532","Producer Price (USD/tonne)","0141","Soya beans","2017","2017","7021","Annual value","USD","306.5","A","Official value"
"PP","Producer Prices","600","Paraguay","5532","Producer Price (USD/tonne)","0141","Soya beans","2018","2018","7021","Annual value","USD","300.1","A","Official value"
"PP","Producer Prices","600","Paraguay","5532","Producer Price (USD/tonne)","0141","Soya beans","2019","2019","7021","Annual value","USD","278.8","A","Official value"
"PP","Producer Prices","600","Paraguay","5532","Producer Price (USD/tonne)","0141","Soya beans","2020","2020","7021","Annual value","USD","302","A","Official value"
"PP","Producer Prices","600","Paraguay","5532","Producer Price (USD/tonne)","0141","Soya beans","2021","2021","7021","Annual value","USD","289","A","Official value"
"PP","Producer Prices","600","Paraguay","5532","Producer Price (USD/tonne)","0141","Soya beans","2022","2022","7021","Annual value","USD","547.9","A","Official value"
"PP","Producer Prices","600","Paraguay","5532","Producer Price (USD/tonne)","0141","Soya beans","2023","2023","7021","Annual value","USD","445.6","A","Official value"
"PP","Producer Prices","600","Paraguay","5532","Producer Price (USD/tonne)","0141","Soya beans","2024","2024","7021","Annual value","USD","349.6","A","Official value"
"PP","Producer Prices","604","Peru","5532","Producer Price (USD/tonne)","21111.01","Meat of cattle with the bone, fresh or chilled","1992","1992","7021","Annual value","USD","3194.6","A","Official value"
"PP","Producer Prices","604","Peru","5532","Producer Price (USD/tonne)","21111.01","Meat of cattle with the bone, fresh or chilled","1993","1993","7021","Annual value","USD","3155.9","A","Official value"
"PP","Producer Prices","604","Peru","5532","Producer Price (USD/tonne)","21111.01","Meat of cattle with the bone, fresh or chilled","1994","1994","7021","Annual value","USD","3555.4","A","Official value"
"PP","Producer Prices","604","Peru","5532","Producer Price (USD/tonne)","21111.01","Meat of cattle with the bone, fresh or chilled","1995","1995","7021","Annual value","USD","4063.8","A","Official value"
"PP","Producer Prices","604","Peru","5532","Producer Price (USD/tonne)","21111.01","Meat of cattle with the bone, fresh or chilled","1996","1996","7021","Annual value","USD","3868.2","A","Official value"
"PP","Producer Prices","604","Peru","5532","Producer Price (USD/tonne)","21111.01","Meat of cattle with the bone, fresh or chilled","1997","1997","7021","Annual value","USD","3503.2","A","Official value"
"PP","Producer Prices","604","Peru","5532","Producer Price (USD/tonne)","21111.01","Meat of cattle with the bone, fresh or chilled","1998","1998","7021","Annual value","USD","3299.3","A","Official value"
"PP","Producer Prices","604","Peru","5532","Producer Price (USD/tonne)","21111.01","Meat of cattle with the bone, fresh or chilled","1999","1999","7021","Annual value","USD","1958.7","A","Official value"
"PP","Producer Prices","604","Peru","5532","Producer Price (USD/tonne)","21111.01","Meat of cattle with the bone, fresh or chilled","2000","2000","7021","Annual value","USD","1932.7","A","Official value"
"PP","Producer Prices","604","Peru","5532","Producer Price (USD/tonne)","21111.01","Meat of cattle with the bone, fresh or chilled","2001","2001","7021","Annual value","USD","1945.9","A","Official value"
"PP","Producer Prices","604","Peru","5532","Producer Price (USD/tonne)","21111.01","Meat of cattle with the bone, fresh or chilled","2002","2002","7021","Annual value","USD","1862.4","A","Official value"
"PP","Producer Prices","604","Peru","5532","Producer Price (USD/tonne)","21111.01","Meat of cattle with the bone, fresh or chilled","2003","2003","7021","Annual value","USD","1984.2","A","Official value"
"PP","Producer Prices","604","Peru","5532","Producer Price (USD/tonne)","21111.01","Meat of cattle with the bone, fresh or chilled","2004","2004","7021","Annual value","USD","1912.9","A","Official value"
"PP","Producer Prices","604","Peru","5532","Producer Price (USD/tonne)","21111.01","Meat of cattle with the bone, fresh or chilled","2005","2005","7021","Annual value","USD","1998.9","A","Official value"
"PP","Producer Prices","604","Peru","5532","Producer Price (USD/tonne)","21111.01","Meat of cattle with the bone, fresh or chilled","2006","2006","7021","Annual value","USD","2036.3","A","Official value"
"PP","Producer Prices","604","Peru","5532","Producer Price (USD/tonne)","01491.01","Oil palm fruit","1991","1991","7021","Annual value","USD","77.7","A","Official value"
"PP","Producer Prices","604","Peru","5532","Producer Price (USD/tonne)","01491.01","Oil palm fruit","1992","1992","7021","Annual value","USD","80.3","A","Official value"
"PP","Producer Prices","604","Peru","5532","Producer Price (USD/tonne)","01491.01","Oil palm fruit","1993","1993","7021","Annual value","USD","75.4","A","Official value"
"PP","Producer Prices","604","Peru","5532","Producer Price (USD/tonne)","01491.01","Oil palm fruit","1994","1994","7021","Annual value","USD","72.9","A","Official value"
"PP","Producer Prices","604","Peru","5532","Producer Price (USD/tonne)","01491.01","Oil palm fruit","1995","1995","7021","Annual value","USD","75.4","A","Official value"
"PP","Producer Prices","604","Peru","5532","Producer Price (USD/tonne)","01491.01","Oil palm fruit","1996","1996","7021","Annual value","USD","69.3","A","Official value"
"PP","Producer Prices","604","Peru","5532","Producer Price (USD/tonne)","01491.01","Oil palm fruit","1997","1997","7021","Annual value","USD","67.6","A","Official value"
"PP","Producer Prices","604","Peru","5532","Producer Price (USD/tonne)","01491.01","Oil palm fruit","1998","1998","7021","Annual value","USD","81.9","A","Official value"
"PP","Producer Prices","604","Peru","5532","Producer Price (USD/tonne)","01491.01","Oil palm fruit","1999","1999","7021","Annual value","USD","91.6","A","Official value"
"PP","Producer Prices","604","Peru","5532","Producer Price (USD/tonne)","01491.01","Oil palm fruit","2000","2000","7021","Annual value","USD","91.7","A","Official value"
"PP","Producer Prices","604","Peru","5532","Producer Price (USD/tonne)","01491.01","Oil palm fruit","2001","2001","7021","Annual value","USD","57","A","Official value"
"PP","Producer Prices","604","Peru","5532","Producer Price (USD/tonne)","01491.01","Oil palm fruit","2002","2002","7021","Annual value","USD","54","A","Official value"
"PP","Producer Prices","604","Peru","5532","Producer Price (USD/tonne)","01491.01","Oil palm fruit","2003","2003","7021","Annual value","USD","94.9","A","Official value"
"PP","Producer Prices","604","Peru","5532","Producer Price (USD/tonne)","01491.01","Oil palm fruit","2004","2004","7021","Annual value","USD","58.6","A","Official value"
"PP","Producer Prices","604","Peru","5532","Producer Price (USD/tonne)","01491.01","Oil palm fruit","2005","2005","7021","Annual value","USD","60.7","A","Official value"
"PP","Producer Prices","604","Peru","5532","Producer Price (USD/tonne)","01491.01","Oil palm fruit","2006","2006","7021","Annual value","USD","61.1","A","Official value"
"PP","Producer Prices","604","Peru","5532","Producer Price (USD/tonne)","01491.01","Oil palm fruit","2007","2007","7021","Annual value","USD","99.1","A","Official value"
"PP","Producer Prices","604","Peru","5532","Producer Price (USD/tonne)","01491.01","Oil palm fruit","2008","2008","7021","Annual value","USD","109.4","A","Official value"
"PP","Producer Prices","604","Peru","5532","Producer Price (USD/tonne)","01491.01","Oil palm fruit","2009","2009","7021","Annual value","USD","93","A","Official value"
"PP","Producer Prices","604","Peru","5532","Producer Price (USD/tonne)","01491.01","Oil palm fruit","2010","2010","7021","Annual value","USD","109.7","A","Official value"
"PP","Producer Prices","604","Peru","5532","Producer Price (USD/tonne)","01491.01","Oil palm fruit","2011","2011","7021","Annual value","USD","181.5","A","Official value"
"PP","Producer Prices","604","Peru","5532","Producer Price (USD/tonne)","01491.01","Oil palm fruit","2012","2012","7021","Annual value","USD","200.9","A","Official value"
"PP","Producer Prices","604","Peru","5532","Producer Price (USD/tonne)","01491.01","Oil palm fruit","2013","2013","7021","Annual value","USD","148","A","Official value"
"PP","Producer Prices","604","Peru","5532","Producer Price (USD/tonne)","01491.01","Oil palm fruit","2014","2014","7021","Annual value","USD","143","A","Official value"
"PP","Producer Prices","604","Peru","5532","Producer Price (USD/tonne)","01491.01","Oil palm fruit","2015","2015","7021","Annual value","USD","112.4","A","Official value"
"PP","Producer Prices","604","Peru","5532","Producer Price (USD/tonne)","01491.01","Oil palm fruit","2016","2016","7021","Annual value","USD","110.2","A","Official value"
"PP","Producer Prices","604","Peru","5532","Producer Price (USD/tonne)","01491.01","Oil palm fruit","2017","2017","7021","Annual value","USD","113.5","A","Official value"
"PP","Producer Prices","604","Peru","5532","Producer Price (USD/tonne)","01491.01","Oil palm fruit","2018","2018","7021","Annual value","USD","111.1","A","Official value"
"PP","Producer Prices","604","Peru","5532","Producer Price (USD/tonne)","01491.01","Oil palm fruit","2019","2019","7021","Annual value","USD","107.3","A","Official value"
"PP","Producer Prices","604","Peru","5532","Producer Price (USD/tonne)","01491.01","Oil palm fruit","2020","2020","7021","Annual value","USD","107.3","A","Official value"
"PP","Producer Prices","604","Peru","5532","Producer Price (USD/tonne)","01491.01","Oil palm fruit","2021","2021","7021","Annual value","USD","149.5","A","Official value"
"PP","Producer Prices","604","Peru","5532","Producer Price (USD/tonne)","01491.01","Oil palm fruit","2022","2022","7021","Annual value","USD","172.1","A","Official value"
"PP","Producer Prices","604","Peru","5532","Producer Price (USD/tonne)","01491.01","Oil palm fruit","2023","2023","7021","Annual value","USD","152.3","A","Official value"
"PP","Producer Prices","604","Peru","5532","Producer Price (USD/tonne)","01491.01","Oil palm fruit","2024","2024","7021","Annual value","USD","165.1","A","Official value"
"PP","Producer Prices","604","Peru","5532","Producer Price (USD/tonne)","0141","Soya beans","1991","1991","7021","Annual value","USD","336.6","A","Official value"
"PP","Producer Prices","604","Peru","5532","Producer Price (USD/tonne)","0141","Soya beans","1992","1992","7021","Annual value","USD","329.1","A","Official value"
"PP","Producer Prices","604","Peru","5532","Producer Price (USD/tonne)","0141","Soya beans","1993","1993","7021","Annual value","USD","342","A","Official value"
"PP","Producer Prices","604","Peru","5532","Producer Price (USD/tonne)","0141","Soya beans","1994","1994","7021","Annual value","USD","441.9","A","Official value"
"PP","Producer Prices","604","Peru","5532","Producer Price (USD/tonne)","0141","Soya beans","1995","1995","7021","Annual value","USD","421.6","A","Official value"
"PP","Producer Prices","604","Peru","5532","Producer Price (USD/tonne)","0141","Soya beans","1996","1996","7021","Annual value","USD","391.3","A","Official value"
"PP","Producer Prices","604","Peru","5532","Producer Price (USD/tonne)","0141","Soya beans","1997","1997","7021","Annual value","USD","382.9","A","Official value"
"PP","Producer Prices","604","Peru","5532","Producer Price (USD/tonne)","0141","Soya beans","1998","1998","7021","Annual value","USD","406.1","A","Official value"
"PP","Producer Prices","604","Peru","5532","Producer Price (USD/tonne)","0141","Soya beans","1999","1999","7021","Annual value","USD","378.3","A","Official value"
"PP","Producer Prices","604","Peru","5532","Producer Price (USD/tonne)","0141","Soya beans","2000","2000","7021","Annual value","USD","326.6","A","Official value"
"PP","Producer Prices","604","Peru","5532","Producer Price (USD/tonne)","0141","Soya beans","2001","2001","7021","Annual value","USD","313.7","A","Official value"
"PP","Producer Prices","604","Peru","5532","Producer Price (USD/tonne)","0141","Soya beans","2002","2002","7021","Annual value","USD","318.5","A","Official value"
"PP","Producer Prices","604","Peru","5532","Producer Price (USD/tonne)","0141","Soya beans","2003","2003","7021","Annual value","USD","322","A","Official value"
"PP","Producer Prices","604","Peru","5532","Producer Price (USD/tonne)","0141","Soya beans","2004","2004","7021","Annual value","USD","301.8","A","Official value"
"PP","Producer Prices","604","Peru","5532","Producer Price (USD/tonne)","0141","Soya beans","2005","2005","7021","Annual value","USD","376.2","A","Official value"
"PP","Producer Prices","604","Peru","5532","Producer Price (USD/tonne)","0141","Soya beans","2006","2006","7021","Annual value","USD","339","A","Official value"
"PP","Producer Prices","604","Peru","5532","Producer Price (USD/tonne)","0141","Soya beans","2007","2007","7021","Annual value","USD","434.8","A","Official value"
"PP","Producer Prices","604","Peru","5532","Producer Price (USD/tonne)","0141","Soya beans","2008","2008","7021","Annual value","USD","608.7","A","Official value"
"PP","Producer Prices","604","Peru","5532","Producer Price (USD/tonne)","0141","Soya beans","2009","2009","7021","Annual value","USD","554.5","A","Official value"
"PP","Producer Prices","604","Peru","5532","Producer Price (USD/tonne)","0141","Soya beans","2010","2010","7021","Annual value","USD","630.1","A","Official value"
"PP","Producer Prices","604","Peru","5532","Producer Price (USD/tonne)","0141","Soya beans","2011","2011","7021","Annual value","USD","693.5","A","Official value"
"PP","Producer Prices","604","Peru","5532","Producer Price (USD/tonne)","0141","Soya beans","2012","2012","7021","Annual value","USD","856.8","A","Official value"
"PP","Producer Prices","604","Peru","5532","Producer Price (USD/tonne)","0141","Soya beans","2013","2013","7021","Annual value","USD","810.5","A","Official value"
"PP","Producer Prices","604","Peru","5532","Producer Price (USD/tonne)","0141","Soya beans","2014","2014","7021","Annual value","USD","769.3","A","Official value"
"PP","Producer Prices","604","Peru","5532","Producer Price (USD/tonne)","0141","Soya beans","2015","2015","7021","Annual value","USD","763.7","A","Official value"
"PP","Producer Prices","604","Peru","5532","Producer Price (USD/tonne)","0141","Soya beans","2016","2016","7021","Annual value","USD","745.5","A","Official value"
"PP","Producer Prices","604","Peru","5532","Producer Price (USD/tonne)","0141","Soya beans","2017","2017","7021","Annual value","USD","619.5","A","Official value"
"PP","Producer Prices","604","Peru","5532","Producer Price (USD/tonne)","0141","Soya beans","2018","2018","7021","Annual value","USD","644.9","A","Official value"
"PP","Producer Prices","604","Peru","5532","Producer Price (USD/tonne)","0141","Soya beans","2019","2019","7021","Annual value","USD","651.5","A","Official value"
"PP","Producer Prices","604","Peru","5532","Producer Price (USD/tonne)","0141","Soya beans","2020","2020","7021","Annual value","USD","618.9","A","Official value"
"PP","Producer Prices","604","Peru","5532","Producer Price (USD/tonne)","0141","Soya beans","2021","2021","7021","Annual value","USD","628.8","A","Official value"
"PP","Producer Prices","604","Peru","5532","Producer Price (USD/tonne)","0141","Soya beans","2022","2022","7021","Annual value","USD","764","A","Official value"
"PP","Producer Prices","604","Peru","5532","Producer Price (USD/tonne)","0141","Soya beans","2023","2023","7021","Annual value","USD","705.2","A","Official value"
"PP","Producer Prices","604","Peru","5532","Producer Price (USD/tonne)","0141","Soya beans","2024","2024","7021","Annual value","USD","673.5","A","Official value"
"PP","Producer Prices","608","Philippines","5532","Producer Price (USD/tonne)","21111.01","Meat of cattle with the bone, fresh or chilled","1991","1991","7021","Annual value","USD","2519","A","Official value"
"PP","Producer Prices","608","Philippines","5532","Producer Price (USD/tonne)","21111.01","Meat of cattle with the bone, fresh or chilled","1992","1992","7021","Annual value","USD","3064.8","A","Official value"
"PP","Producer Prices","608","Philippines","5532","Producer Price (USD/tonne)","21111.01","Meat of cattle with the bone, fresh or chilled","1993","1993","7021","Annual value","USD","2904.5","A","Official value"
"PP","Producer Prices","608","Philippines","5532","Producer Price (USD/tonne)","21111.01","Meat of cattle with the bone, fresh or chilled","1994","1994","7021","Annual value","USD","3327","A","Official value"
"PP","Producer Prices","608","Philippines","5532","Producer Price (USD/tonne)","21111.01","Meat of cattle with the bone, fresh or chilled","1995","1995","7021","Annual value","USD","3523.3","X","Value from external organization"
"PP","Producer Prices","608","Philippines","5532","Producer Price (USD/tonne)","01491.01","Oil palm fruit","2001","2001","7021","Annual value","USD","26.9","A","Official value"
"PP","Producer Prices","608","Philippines","5532","Producer Price (USD/tonne)","01491.01","Oil palm fruit","2002","2002","7021","Annual value","USD","32.2","A","Official value"
"PP","Producer Prices","608","Philippines","5532","Producer Price (USD/tonne)","01491.01","Oil palm fruit","2003","2003","7021","Annual value","USD","37.5","A","Official value"
"PP","Producer Prices","608","Philippines","5532","Producer Price (USD/tonne)","01491.01","Oil palm fruit","2004","2004","7021","Annual value","USD","60.8","A","Official value"
"PP","Producer Prices","608","Philippines","5532","Producer Price (USD/tonne)","01491.01","Oil palm fruit","2005","2005","7021","Annual value","USD","50.3","A","Official value"
"PP","Producer Prices","608","Philippines","5532","Producer Price (USD/tonne)","01491.01","Oil palm fruit","2006","2006","7021","Annual value","USD","53.4","A","Official value"
"PP","Producer Prices","608","Philippines","5532","Producer Price (USD/tonne)","01491.01","Oil palm fruit","2007","2007","7021","Annual value","USD","85.6","A","Official value"
"PP","Producer Prices","608","Philippines","5532","Producer Price (USD/tonne)","01491.01","Oil palm fruit","2008","2008","7021","Annual value","USD","111.7","A","Official value"
"PP","Producer Prices","608","Philippines","5532","Producer Price (USD/tonne)","01491.01","Oil palm fruit","2009","2009","7021","Annual value","USD","70.9","A","Official value"
"PP","Producer Prices","608","Philippines","5532","Producer Price (USD/tonne)","01491.01","Oil palm fruit","2010","2010","7021","Annual value","USD","97.8","A","Official value"
"PP","Producer Prices","608","Philippines","5532","Producer Price (USD/tonne)","01491.01","Oil palm fruit","2011","2011","7021","Annual value","USD","149.4","A","Official value"
"PP","Producer Prices","608","Philippines","5532","Producer Price (USD/tonne)","01491.01","Oil palm fruit","2012","2012","7021","Annual value","USD","121.7","A","Official value"
"PP","Producer Prices","608","Philippines","5532","Producer Price (USD/tonne)","01491.01","Oil palm fruit","2013","2013","7021","Annual value","USD","90.9","A","Official value"
"PP","Producer Prices","608","Philippines","5532","Producer Price (USD/tonne)","01491.01","Oil palm fruit","2014","2014","7021","Annual value","USD","94.6","A","Official value"
"PP","Producer Prices","608","Philippines","5532","Producer Price (USD/tonne)","01491.01","Oil palm fruit","2015","2015","7021","Annual value","USD","77.4","A","Official value"
"PP","Producer Prices","608","Philippines","5532","Producer Price (USD/tonne)","01491.01","Oil palm fruit","2016","2016","7021","Annual value","USD","79.2","A","Official value"
"PP","Producer Prices","608","Philippines","5532","Producer Price (USD/tonne)","01491.01","Oil palm fruit","2017","2017","7021","Annual value","USD","77.8","A","Official value"
"PP","Producer Prices","608","Philippines","5532","Producer Price (USD/tonne)","01491.01","Oil palm fruit","2018","2018","7021","Annual value","USD","69.9","A","Official value"
"PP","Producer Prices","608","Philippines","5532","Producer Price (USD/tonne)","01491.01","Oil palm fruit","2019","2019","7021","Annual value","USD","55.8","A","Official value"
"PP","Producer Prices","608","Philippines","5532","Producer Price (USD/tonne)","01491.01","Oil palm fruit","2020","2020","7021","Annual value","USD","70.1","A","Official value"
"PP","Producer Prices","608","Philippines","5532","Producer Price (USD/tonne)","01491.01","Oil palm fruit","2021","2021","7021","Annual value","USD","100.1","A","Official value"
"PP","Producer Prices","608","Philippines","5532","Producer Price (USD/tonne)","01491.01","Oil palm fruit","2022","2022","7021","Annual value","USD","127.4","A","Official value"
"PP","Producer Prices","608","Philippines","5532","Producer Price (USD/tonne)","01491.01","Oil palm fruit","2024","2024","7021","Annual value","USD","117.6","A","Official value"
"PP","Producer Prices","608","Philippines","5532","Producer Price (USD/tonne)","0141","Soya beans","1991","1991","7021","Annual value","USD","354.8","A","Official value"
"PP","Producer Prices","608","Philippines","5532","Producer Price (USD/tonne)","0141","Soya beans","1992","1992","7021","Annual value","USD","359.8","A","Official value"
"PP","Producer Prices","608","Philippines","5532","Producer Price (USD/tonne)","0141","Soya beans","1993","1993","7021","Annual value","USD","365.8","A","Official value"
"PP","Producer Prices","608","Philippines","5532","Producer Price (USD/tonne)","0141","Soya beans","1994","1994","7021","Annual value","USD","406.9","A","Official value"
"PP","Producer Prices","608","Philippines","5532","Producer Price (USD/tonne)","0141","Soya beans","1995","1995","7021","Annual value","USD","407.6","A","Official value"
"PP","Producer Prices","608","Philippines","5532","Producer Price (USD/tonne)","0141","Soya beans","1996","1996","7021","Annual value","USD","442.1","A","Official value"
"PP","Producer Prices","608","Philippines","5532","Producer Price (USD/tonne)","0141","Soya beans","1997","1997","7021","Annual value","USD","423.5","A","Official value"
"PP","Producer Prices","608","Philippines","5532","Producer Price (USD/tonne)","0141","Soya beans","1998","1998","7021","Annual value","USD","350.2","A","Official value"
"PP","Producer Prices","608","Philippines","5532","Producer Price (USD/tonne)","0141","Soya beans","1999","1999","7021","Annual value","USD","275.5","A","Official value"
"PP","Producer Prices","608","Philippines","5532","Producer Price (USD/tonne)","0141","Soya beans","2000","2000","7021","Annual value","USD","294.6","A","Official value"
"PP","Producer Prices","608","Philippines","5532","Producer Price (USD/tonne)","0141","Soya beans","2001","2001","7021","Annual value","USD","307.7","A","Official value"
"PP","Producer Prices","608","Philippines","5532","Producer Price (USD/tonne)","0141","Soya beans","2002","2002","7021","Annual value","USD","226.1","A","Official value"
"PP","Producer Prices","608","Philippines","5532","Producer Price (USD/tonne)","0141","Soya beans","2003","2003","7021","Annual value","USD","242.1","A","Official value"
"PP","Producer Prices","608","Philippines","5532","Producer Price (USD/tonne)","0141","Soya beans","2004","2004","7021","Annual value","USD","359.7","A","Official value"
"PP","Producer Prices","608","Philippines","5532","Producer Price (USD/tonne)","0141","Soya beans","2013","2013","7021","Annual value","USD","521.6","A","Official value"
"PP","Producer Prices","608","Philippines","5532","Producer Price (USD/tonne)","0141","Soya beans","2014","2014","7021","Annual value","USD","531.8","A","Official value"
"PP","Producer Prices","608","Philippines","5532","Producer Price (USD/tonne)","0141","Soya beans","2015","2015","7021","Annual value","USD","520.4","A","Official value"
"PP","Producer Prices","608","Philippines","5532","Producer Price (USD/tonne)","0141","Soya beans","2016","2016","7021","Annual value","USD","490.2","A","Official value"
"PP","Producer Prices","608","Philippines","5532","Producer Price (USD/tonne)","0141","Soya beans","2017","2017","7021","Annual value","USD","391.4","A","Official value"
"PP","Producer Prices","608","Philippines","5532","Producer Price (USD/tonne)","0141","Soya beans","2018","2018","7021","Annual value","USD","386.6","A","Official value"
"PP","Producer Prices","608","Philippines","5532","Producer Price (USD/tonne)","0141","Soya beans","2020","2020","7021","Annual value","USD","386.9","A","Official value"
"PP","Producer Prices","608","Philippines","5532","Producer Price (USD/tonne)","0141","Soya beans","2021","2021","7021","Annual value","USD","552.6","A","Official value"
"PP","Producer Prices","608","Philippines","5532","Producer Price (USD/tonne)","0141","Soya beans","2022","2022","7021","Annual value","USD","495.6","A","Official value"
"PP","Producer Prices","608","Philippines","5532","Producer Price (USD/tonne)","0141","Soya beans","2023","2023","7021","Annual value","USD","572","A","Official value"
"PP","Producer Prices","608","Philippines","5532","Producer Price (USD/tonne)","0141","Soya beans","2024","2024","7021","Annual value","USD","716.2","A","Official value"
"PP","Producer Prices","616","Poland","5532","Producer Price (USD/tonne)","21111.01","Meat of cattle with the bone, fresh or chilled","1991","1991","7021","Annual value","USD","1095.9","A","Official value"
"PP","Producer Prices","616","Poland","5532","Producer Price (USD/tonne)","21111.01","Meat of cattle with the bone, fresh or chilled","1992","1992","7021","Annual value","USD","1315.8","A","Official value"
"PP","Producer Prices","616","Poland","5532","Producer Price (USD/tonne)","21111.01","Meat of cattle with the bone, fresh or chilled","1993","1993","7021","Annual value","USD","1395","A","Official value"
"PP","Producer Prices","616","Poland","5532","Producer Price (USD/tonne)","21111.01","Meat of cattle with the bone, fresh or chilled","1994","1994","7021","Annual value","USD","1601.9","A","Official value"
"PP","Producer Prices","616","Poland","5532","Producer Price (USD/tonne)","21111.01","Meat of cattle with the bone, fresh or chilled","1995","1995","7021","Annual value","USD","1913.4","A","Official value"
"PP","Producer Prices","616","Poland","5532","Producer Price (USD/tonne)","21111.01","Meat of cattle with the bone, fresh or chilled","1996","1996","7021","Annual value","USD","1952.1","A","Official value"
"PP","Producer Prices","630","Puerto Rico","5532","Producer Price (USD/tonne)","21111.01","Meat of cattle with the bone, fresh or chilled","1991","1991","7021","Annual value","USD","2405","A","Official value"
"PP","Producer Prices","630","Puerto Rico","5532","Producer Price (USD/tonne)","21111.01","Meat of cattle with the bone, fresh or chilled","1992","1992","7021","Annual value","USD","2371","A","Official value"
"PP","Producer Prices","634","Qatar","5532","Producer Price (USD/tonne)","21111.01","Meat of cattle with the bone, fresh or chilled","1992","1992","7021","Annual value","USD","5140.9","A","Official value"
"PP","Producer Prices","634","Qatar","5532","Producer Price (USD/tonne)","21111.01","Meat of cattle with the bone, fresh or chilled","1993","1993","7021","Annual value","USD","4925.5","A","Official value"
"PP","Producer Prices","634","Qatar","5532","Producer Price (USD/tonne)","21111.01","Meat of cattle with the bone, fresh or chilled","1994","1994","7021","Annual value","USD","4522","A","Official value"
"PP","Producer Prices","634","Qatar","5532","Producer Price (USD/tonne)","21111.01","Meat of cattle with the bone, fresh or chilled","1995","1995","7021","Annual value","USD","4263.5","A","Official value"
"PP","Producer Prices","634","Qatar","5532","Producer Price (USD/tonne)","21111.01","Meat of cattle with the bone, fresh or chilled","1996","1996","7021","Annual value","USD","2775.3","A","Official value"
"PP","Producer Prices","634","Qatar","5532","Producer Price (USD/tonne)","21111.01","Meat of cattle with the bone, fresh or chilled","1997","1997","7021","Annual value","USD","3884.6","A","Official value"
"PP","Producer Prices","634","Qatar","5532","Producer Price (USD/tonne)","21111.01","Meat of cattle with the bone, fresh or chilled","1998","1998","7021","Annual value","USD","4087.1","A","Official value"
"PP","Producer Prices","634","Qatar","5532","Producer Price (USD/tonne)","21111.01","Meat of cattle with the bone, fresh or chilled","1999","1999","7021","Annual value","USD","5445.1","X","Value from external organization"
"PP","Producer Prices","634","Qatar","5532","Producer Price (USD/tonne)","21111.01","Meat of cattle with the bone, fresh or chilled","2000","2000","7021","Annual value","USD","4568.1","A","Official value"
"PP","Producer Prices","634","Qatar","5532","Producer Price (USD/tonne)","21111.01","Meat of cattle with the bone, fresh or chilled","2001","2001","7021","Annual value","USD","5276.9","A","Official value"
"PP","Producer Prices","634","Qatar","5532","Producer Price (USD/tonne)","21111.01","Meat of cattle with the bone, fresh or chilled","2002","2002","7021","Annual value","USD","5288.5","A","Official value"
"PP","Producer Prices","634","Qatar","5532","Producer Price (USD/tonne)","21111.01","Meat of cattle with the bone, fresh or chilled","2003","2003","7021","Annual value","USD","5288.5","A","Official value"
"PP","Producer Prices","634","Qatar","5532","Producer Price (USD/tonne)","21111.01","Meat of cattle with the bone, fresh or chilled","2017","2017","7021","Annual value","USD","5384.6","A","Official value"
"PP","Producer Prices","634","Qatar","5532","Producer Price (USD/tonne)","21111.01","Meat of cattle with the bone, fresh or chilled","2018","2018","7021","Annual value","USD","5384.6","A","Official value"
"PP","Producer Prices","634","Qatar","5532","Producer Price (USD/tonne)","21111.01","Meat of cattle with the bone, fresh or chilled","2020","2020","7021","Annual value","USD","9615.4","A","Official value"
"PP","Producer Prices","634","Qatar","5532","Producer Price (USD/tonne)","21111.01","Meat of cattle with the bone, fresh or chilled","2021","2021","7021","Annual value","USD","10164.8","A","Official value"
"PP","Producer Prices","634","Qatar","5532","Producer Price (USD/tonne)","21111.01","Meat of cattle with the bone, fresh or chilled","2022","2022","7021","Annual value","USD","10164.8","A","Official value"
"PP","Producer Prices","634","Qatar","5532","Producer Price (USD/tonne)","21111.01","Meat of cattle with the bone, fresh or chilled","2023","2023","7021","Annual value","USD","10164.8","A","Official value"
"PP","Producer Prices","410","Republic of Korea","5532","Producer Price (USD/tonne)","21111.01","Meat of cattle with the bone, fresh or chilled","1991","1991","7021","Annual value","USD","9174.7","A","Official value"
"PP","Producer Prices","410","Republic of Korea","5532","Producer Price (USD/tonne)","21111.01","Meat of cattle with the bone, fresh or chilled","1992","1992","7021","Annual value","USD","8944.8","A","Official value"
"PP","Producer Prices","410","Republic of Korea","5532","Producer Price (USD/tonne)","21111.01","Meat of cattle with the bone, fresh or chilled","1993","1993","7021","Annual value","USD","7907.3","A","Official value"
"PP","Producer Prices","410","Republic of Korea","5532","Producer Price (USD/tonne)","21111.01","Meat of cattle with the bone, fresh or chilled","1994","1994","7021","Annual value","USD","7679.2","A","Official value"
"PP","Producer Prices","410","Republic of Korea","5532","Producer Price (USD/tonne)","21111.01","Meat of cattle with the bone, fresh or chilled","1995","1995","7021","Annual value","USD","9430.4","A","Official value"
"PP","Producer Prices","410","Republic of Korea","5532","Producer Price (USD/tonne)","21111.01","Meat of cattle with the bone, fresh or chilled","1996","1996","7021","Annual value","USD","9177.6","A","Official value"
"PP","Producer Prices","410","Republic of Korea","5532","Producer Price (USD/tonne)","0141","Soya beans","1991","1991","7021","Annual value","USD","1402.1","A","Official value"
"PP","Producer Prices","410","Republic of Korea","5532","Producer Price (USD/tonne)","0141","Soya beans","1992","1992","7021","Annual value","USD","1486.9","A","Official value"
"PP","Producer Prices","410","Republic of Korea","5532","Producer Price (USD/tonne)","0141","Soya beans","1993","1993","7021","Annual value","USD","1674.4","A","Official value"
"PP","Producer Prices","410","Republic of Korea","5532","Producer Price (USD/tonne)","0141","Soya beans","1994","1994","7021","Annual value","USD","1798.9","A","Official value"
"PP","Producer Prices","410","Republic of Korea","5532","Producer Price (USD/tonne)","0141","Soya beans","1995","1995","7021","Annual value","USD","2168","A","Official value"
"PP","Producer Prices","410","Republic of Korea","5532","Producer Price (USD/tonne)","0141","Soya beans","1996","1996","7021","Annual value","USD","2198.3","A","Official value"
"PP","Producer Prices","410","Republic of Korea","5532","Producer Price (USD/tonne)","0141","Soya beans","1997","1997","7021","Annual value","USD","1851.4","A","Official value"
"PP","Producer Prices","410","Republic of Korea","5532","Producer Price (USD/tonne)","0141","Soya beans","1998","1998","7021","Annual value","USD","1398.5","A","Official value"
"PP","Producer Prices","410","Republic of Korea","5532","Producer Price (USD/tonne)","0141","Soya beans","1999","1999","7021","Annual value","USD","2269.5","A","Official value"
"PP","Producer Prices","410","Republic of Korea","5532","Producer Price (USD/tonne)","0141","Soya beans","2000","2000","7021","Annual value","USD","2201.6","A","Official value"
"PP","Producer Prices","410","Republic of Korea","5532","Producer Price (USD/tonne)","0141","Soya beans","2001","2001","7021","Annual value","USD","1772.2","A","Official value"
"PP","Producer Prices","410","Republic of Korea","5532","Producer Price (USD/tonne)","0141","Soya beans","2002","2002","7021","Annual value","USD","1887.2","A","Official value"
"PP","Producer Prices","410","Republic of Korea","5532","Producer Price (USD/tonne)","0141","Soya beans","2003","2003","7021","Annual value","USD","2292.8","A","Official value"
"PP","Producer Prices","410","Republic of Korea","5532","Producer Price (USD/tonne)","0141","Soya beans","2004","2004","7021","Annual value","USD","2717.5","A","Official value"
"PP","Producer Prices","410","Republic of Korea","5532","Producer Price (USD/tonne)","0141","Soya beans","2005","2005","7021","Annual value","USD","2550.4","A","Official value"
"PP","Producer Prices","410","Republic of Korea","5532","Producer Price (USD/tonne)","0141","Soya beans","2006","2006","7021","Annual value","USD","5887.2","A","Official value"
"PP","Producer Prices","410","Republic of Korea","5532","Producer Price (USD/tonne)","0141","Soya beans","2007","2007","7021","Annual value","USD","2153.4","A","Official value"
"PP","Producer Prices","410","Republic of Korea","5532","Producer Price (USD/tonne)","0141","Soya beans","2008","2008","7021","Annual value","USD","2238.6","A","Official value"
"PP","Producer Prices","410","Republic of Korea","5532","Producer Price (USD/tonne)","0141","Soya beans","2009","2009","7021","Annual value","USD","2619.3","A","Official value"
"PP","Producer Prices","410","Republic of Korea","5532","Producer Price (USD/tonne)","0141","Soya beans","2010","2010","7021","Annual value","USD","2815.5","A","Official value"
"PP","Producer Prices","498","Republic of Moldova","5532","Producer Price (USD/tonne)","0141","Soya beans","2013","2013","7021","Annual value","USD","413.9","A","Official value"
"PP","Producer Prices","498","Republic of Moldova","5532","Producer Price (USD/tonne)","0141","Soya beans","2014","2014","7021","Annual value","USD","351.2","A","Official value"
"PP","Producer Prices","498","Republic of Moldova","5532","Producer Price (USD/tonne)","0141","Soya beans","2015","2015","7021","Annual value","USD","318.5","A","Official value"
"PP","Producer Prices","498","Republic of Moldova","5532","Producer Price (USD/tonne)","0141","Soya beans","2016","2016","7021","Annual value","USD","308.7","A","Official value"
"PP","Producer Prices","498","Republic of Moldova","5532","Producer Price (USD/tonne)","0141","Soya beans","2017","2017","7021","Annual value","USD","318.6","A","Official value"
"PP","Producer Prices","498","Republic of Moldova","5532","Producer Price (USD/tonne)","0141","Soya beans","2018","2018","7021","Annual value","USD","333.8","A","Official value"
"PP","Producer Prices","498","Republic of Moldova","5532","Producer Price (USD/tonne)","0141","Soya beans","2019","2019","7021","Annual value","USD","284.1","A","Official value"
"PP","Producer Prices","498","Republic of Moldova","5532","Producer Price (USD/tonne)","0141","Soya beans","2020","2020","7021","Annual value","USD","351.7","A","Official value"
"PP","Producer Prices","498","Republic of Moldova","5532","Producer Price (USD/tonne)","0141","Soya beans","2021","2021","7021","Annual value","USD","500.7","A","Official value"
"PP","Producer Prices","498","Republic of Moldova","5532","Producer Price (USD/tonne)","0141","Soya beans","2022","2022","7021","Annual value","USD","497.4","A","Official value"
"PP","Producer Prices","498","Republic of Moldova","5532","Producer Price (USD/tonne)","0141","Soya beans","2023","2023","7021","Annual value","USD","367.7","A","Official value"
"PP","Producer Prices","498","Republic of Moldova","5532","Producer Price (USD/tonne)","0141","Soya beans","2024","2024","7021","Annual value","USD","388.9","A","Official value"
"PP","Producer Prices","642","Romania","5532","Producer Price (USD/tonne)","21111.01","Meat of cattle with the bone, fresh or chilled","1993","1993","7021","Annual value","USD","1972.2","A","Official value"
"PP","Producer Prices","642","Romania","5532","Producer Price (USD/tonne)","21111.01","Meat of cattle with the bone, fresh or chilled","1994","1994","7021","Annual value","USD","2066.3","A","Official value"
"PP","Producer Prices","642","Romania","5532","Producer Price (USD/tonne)","21111.01","Meat of cattle with the bone, fresh or chilled","1995","1995","7021","Annual value","USD","2434.7","A","Official value"
"PP","Producer Prices","642","Romania","5532","Producer Price (USD/tonne)","21111.01","Meat of cattle with the bone, fresh or chilled","1996","1996","7021","Annual value","USD","2333.2","A","Official value"
"PP","Producer Prices","642","Romania","5532","Producer Price (USD/tonne)","21111.01","Meat of cattle with the bone, fresh or chilled","1997","1997","7021","Annual value","USD","2815.4","A","Official value"
"PP","Producer Prices","642","Romania","5532","Producer Price (USD/tonne)","21111.01","Meat of cattle with the bone, fresh or chilled","1998","1998","7021","Annual value","USD","3420.2","A","Official value"
"PP","Producer Prices","642","Romania","5532","Producer Price (USD/tonne)","21111.01","Meat of cattle with the bone, fresh or chilled","1999","1999","7021","Annual value","USD","1961.3","A","Official value"
"PP","Producer Prices","642","Romania","5532","Producer Price (USD/tonne)","21111.01","Meat of cattle with the bone, fresh or chilled","2000","2000","7021","Annual value","USD","1968.2","A","Official value"
"PP","Producer Prices","642","Romania","5532","Producer Price (USD/tonne)","21111.01","Meat of cattle with the bone, fresh or chilled","2001","2001","7021","Annual value","USD","2557.1","A","Official value"
"PP","Producer Prices","642","Romania","5532","Producer Price (USD/tonne)","21111.01","Meat of cattle with the bone, fresh or chilled","2002","2002","7021","Annual value","USD","2769.3","A","Official value"
"PP","Producer Prices","642","Romania","5532","Producer Price (USD/tonne)","21111.01","Meat of cattle with the bone, fresh or chilled","2003","2003","7021","Annual value","USD","2742.7","A","Official value"
"PP","Producer Prices","642","Romania","5532","Producer Price (USD/tonne)","21111.01","Meat of cattle with the bone, fresh or chilled","2004","2004","7021","Annual value","USD","1739.8","A","Official value"
"PP","Producer Prices","642","Romania","5532","Producer Price (USD/tonne)","21111.01","Meat of cattle with the bone, fresh or chilled","2005","2005","7021","Annual value","USD","2599.8","A","Official value"
"PP","Producer Prices","642","Romania","5532","Producer Price (USD/tonne)","21111.01","Meat of cattle with the bone, fresh or chilled","2006","2006","7021","Annual value","USD","2636.2","A","Official value"
"PP","Producer Prices","642","Romania","5532","Producer Price (USD/tonne)","21111.01","Meat of cattle with the bone, fresh or chilled","2007","2007","7021","Annual value","USD","2540.8","A","Official value"
"PP","Producer Prices","642","Romania","5532","Producer Price (USD/tonne)","21111.01","Meat of cattle with the bone, fresh or chilled","2008","2008","7021","Annual value","USD","2828.7","A","Official value"
"PP","Producer Prices","642","Romania","5532","Producer Price (USD/tonne)","21111.01","Meat of cattle with the bone, fresh or chilled","2009","2009","7021","Annual value","USD","3353.2","A","Official value"
"PP","Producer Prices","642","Romania","5532","Producer Price (USD/tonne)","21111.01","Meat of cattle with the bone, fresh or chilled","2010","2010","7021","Annual value","USD","3085.4","A","Official value"
"PP","Producer Prices","642","Romania","5532","Producer Price (USD/tonne)","21111.01","Meat of cattle with the bone, fresh or chilled","2011","2011","7021","Annual value","USD","3081.7","A","Official value"
"PP","Producer Prices","642","Romania","5532","Producer Price (USD/tonne)","21111.01","Meat of cattle with the bone, fresh or chilled","2012","2012","7021","Annual value","USD","3140","A","Official value"
"PP","Producer Prices","642","Romania","5532","Producer Price (USD/tonne)","21111.01","Meat of cattle with the bone, fresh or chilled","2013","2013","7021","Annual value","USD","3335.4","A","Official value"
"PP","Producer Prices","642","Romania","5532","Producer Price (USD/tonne)","21111.01","Meat of cattle with the bone, fresh or chilled","2014","2014","7021","Annual value","USD","3553.1","A","Official value"
"PP","Producer Prices","642","Romania","5532","Producer Price (USD/tonne)","21111.01","Meat of cattle with the bone, fresh or chilled","2015","2015","7021","Annual value","USD","2949.6","A","Official value"
"PP","Producer Prices","642","Romania","5532","Producer Price (USD/tonne)","21111.01","Meat of cattle with the bone, fresh or chilled","2016","2016","7021","Annual value","USD","2775.2","A","Official value"
"PP","Producer Prices","642","Romania","5532","Producer Price (USD/tonne)","21111.01","Meat of cattle with the bone, fresh or chilled","2017","2017","7021","Annual value","USD","2782.2","A","Official value"
"PP","Producer Prices","642","Romania","5532","Producer Price (USD/tonne)","21111.01","Meat of cattle with the bone, fresh or chilled","2018","2018","7021","Annual value","USD","3263.9","A","Official value"
"PP","Producer Prices","642","Romania","5532","Producer Price (USD/tonne)","21111.01","Meat of cattle with the bone, fresh or chilled","2019","2019","7021","Annual value","USD","3172.5","A","Official value"
"PP","Producer Prices","642","Romania","5532","Producer Price (USD/tonne)","21111.01","Meat of cattle with the bone, fresh or chilled","2020","2020","7021","Annual value","USD","3373","A","Official value"
"PP","Producer Prices","642","Romania","5532","Producer Price (USD/tonne)","21111.01","Meat of cattle with the bone, fresh or chilled","2021","2021","7021","Annual value","USD","3580.2","A","Official value"
"PP","Producer Prices","642","Romania","5532","Producer Price (USD/tonne)","21111.01","Meat of cattle with the bone, fresh or chilled","2022","2022","7021","Annual value","USD","3982.1","A","Official value"
"PP","Producer Prices","642","Romania","5532","Producer Price (USD/tonne)","21111.01","Meat of cattle with the bone, fresh or chilled","2023","2023","7021","Annual value","USD","4729.7","A","Official value"
"PP","Producer Prices","642","Romania","5532","Producer Price (USD/tonne)","21111.01","Meat of cattle with the bone, fresh or chilled","2024","2024","7021","Annual value","USD","5057.2","A","Official value"
"PP","Producer Prices","642","Romania","5532","Producer Price (USD/tonne)","0141","Soya beans","1993","1993","7021","Annual value","USD","354.3","A","Official value"
"PP","Producer Prices","642","Romania","5532","Producer Price (USD/tonne)","0141","Soya beans","1994","1994","7021","Annual value","USD","256.7","A","Official value"
"PP","Producer Prices","642","Romania","5532","Producer Price (USD/tonne)","0141","Soya beans","1995","1995","7021","Annual value","USD","260.9","A","Official value"
"PP","Producer Prices","642","Romania","5532","Producer Price (USD/tonne)","0141","Soya beans","1996","1996","7021","Annual value","USD","243.6","A","Official value"
"PP","Producer Prices","642","Romania","5532","Producer Price (USD/tonne)","0141","Soya beans","1997","1997","7021","Annual value","USD","266.9","A","Official value"
"PP","Producer Prices","642","Romania","5532","Producer Price (USD/tonne)","0141","Soya beans","1998","1998","7021","Annual value","USD","201.4","A","Official value"
"PP","Producer Prices","642","Romania","5532","Producer Price (USD/tonne)","0141","Soya beans","1999","1999","7021","Annual value","USD","154.9","A","Official value"
"PP","Producer Prices","642","Romania","5532","Producer Price (USD/tonne)","0141","Soya beans","2000","2000","7021","Annual value","USD","169.4","A","Official value"
"PP","Producer Prices","642","Romania","5532","Producer Price (USD/tonne)","0141","Soya beans","2001","2001","7021","Annual value","USD","199.4","A","Official value"
"PP","Producer Prices","642","Romania","5532","Producer Price (USD/tonne)","0141","Soya beans","2002","2002","7021","Annual value","USD","215.5","A","Official value"
"PP","Producer Prices","642","Romania","5532","Producer Price (USD/tonne)","0141","Soya beans","2003","2003","7021","Annual value","USD","212.5","A","Official value"
"PP","Producer Prices","642","Romania","5532","Producer Price (USD/tonne)","0141","Soya beans","2004","2004","7021","Annual value","USD","241.7","A","Official value"
"PP","Producer Prices","642","Romania","5532","Producer Price (USD/tonne)","0141","Soya beans","2005","2005","7021","Annual value","USD","216.2","A","Official value"
"PP","Producer Prices","642","Romania","5532","Producer Price (USD/tonne)","0141","Soya beans","2006","2006","7021","Annual value","USD","202.9","A","Official value"
"PP","Producer Prices","642","Romania","5532","Producer Price (USD/tonne)","0141","Soya beans","2007","2007","7021","Annual value","USD","319.9","A","Official value"
"PP","Producer Prices","642","Romania","5532","Producer Price (USD/tonne)","0141","Soya beans","2008","2008","7021","Annual value","USD","385.1","A","Official value"
"PP","Producer Prices","642","Romania","5532","Producer Price (USD/tonne)","0141","Soya beans","2009","2009","7021","Annual value","USD","314.8","A","Official value"
"PP","Producer Prices","642","Romania","5532","Producer Price (USD/tonne)","0141","Soya beans","2010","2010","7021","Annual value","USD","387","A","Official value"
"PP","Producer Prices","642","Romania","5532","Producer Price (USD/tonne)","0141","Soya beans","2011","2011","7021","Annual value","USD","426.4","A","Official value"
"PP","Producer Prices","642","Romania","5532","Producer Price (USD/tonne)","0141","Soya beans","2012","2012","7021","Annual value","USD","493.1","A","Official value"
"PP","Producer Prices","642","Romania","5532","Producer Price (USD/tonne)","0141","Soya beans","2013","2013","7021","Annual value","USD","549.9","A","Official value"
"PP","Producer Prices","642","Romania","5532","Producer Price (USD/tonne)","0141","Soya beans","2014","2014","7021","Annual value","USD","427","A","Official value"
"PP","Producer Prices","642","Romania","5532","Producer Price (USD/tonne)","0141","Soya beans","2015","2015","7021","Annual value","USD","332","A","Official value"
"PP","Producer Prices","642","Romania","5532","Producer Price (USD/tonne)","0141","Soya beans","2016","2016","7021","Annual value","USD","342.4","A","Official value"
"PP","Producer Prices","642","Romania","5532","Producer Price (USD/tonne)","0141","Soya beans","2017","2017","7021","Annual value","USD","330.7","A","Official value"
"PP","Producer Prices","642","Romania","5532","Producer Price (USD/tonne)","0141","Soya beans","2018","2018","7021","Annual value","USD","342.5","A","Official value"
"PP","Producer Prices","642","Romania","5532","Producer Price (USD/tonne)","0141","Soya beans","2019","2019","7021","Annual value","USD","306.8","A","Official value"
"PP","Producer Prices","642","Romania","5532","Producer Price (USD/tonne)","0141","Soya beans","2020","2020","7021","Annual value","USD","348.7","A","Official value"
"PP","Producer Prices","642","Romania","5532","Producer Price (USD/tonne)","0141","Soya beans","2021","2021","7021","Annual value","USD","487.9","A","Official value"
"PP","Producer Prices","642","Romania","5532","Producer Price (USD/tonne)","0141","Soya beans","2022","2022","7021","Annual value","USD","526.8","A","Official value"
"PP","Producer Prices","642","Romania","5532","Producer Price (USD/tonne)","0141","Soya beans","2023","2023","7021","Annual value","USD","439.4","A","Official value"
"PP","Producer Prices","642","Romania","5532","Producer Price (USD/tonne)","0141","Soya beans","2024","2024","7021","Annual value","USD","430.6","A","Official value"
"PP","Producer Prices","643","Russian Federation","5532","Producer Price (USD/tonne)","21111.01","Meat of cattle with the bone, fresh or chilled","1992","1992","7021","Annual value","USD","1602.8","A","Official value"
"PP","Producer Prices","643","Russian Federation","5532","Producer Price (USD/tonne)","21111.01","Meat of cattle with the bone, fresh or chilled","1993","1993","7021","Annual value","USD","1898.8","A","Official value"
"PP","Producer Prices","643","Russian Federation","5532","Producer Price (USD/tonne)","21111.01","Meat of cattle with the bone, fresh or chilled","1994","1994","7021","Annual value","USD","1383.8","A","Official value"
"PP","Producer Prices","643","Russian Federation","5532","Producer Price (USD/tonne)","21111.01","Meat of cattle with the bone, fresh or chilled","1995","1995","7021","Annual value","USD","1747.9","A","Official value"
"PP","Producer Prices","643","Russian Federation","5532","Producer Price (USD/tonne)","21111.01","Meat of cattle with the bone, fresh or chilled","1996","1996","7021","Annual value","USD","2052.8","X","Value from external organization"
"PP","Producer Prices","643","Russian Federation","5532","Producer Price (USD/tonne)","21111.01","Meat of cattle with the bone, fresh or chilled","1997","1997","7021","Annual value","USD","1969.3","X","Value from external organization"
"PP","Producer Prices","643","Russian Federation","5532","Producer Price (USD/tonne)","21111.01","Meat of cattle with the bone, fresh or chilled","1998","1998","7021","Annual value","USD","2008.1","X","Value from external organization"
"PP","Producer Prices","643","Russian Federation","5532","Producer Price (USD/tonne)","21111.01","Meat of cattle with the bone, fresh or chilled","1999","1999","7021","Annual value","USD","1267.6","X","Value from external organization"
"PP","Producer Prices","643","Russian Federation","5532","Producer Price (USD/tonne)","21111.01","Meat of cattle with the bone, fresh or chilled","2000","2000","7021","Annual value","USD","1266.1","A","Official value"
"PP","Producer Prices","643","Russian Federation","5532","Producer Price (USD/tonne)","21111.01","Meat of cattle with the bone, fresh or chilled","2001","2001","7021","Annual value","USD","1711","A","Official value"
"PP","Producer Prices","643","Russian Federation","5532","Producer Price (USD/tonne)","21111.01","Meat of cattle with the bone, fresh or chilled","2002","2002","7021","Annual value","USD","1628.8","A","Official value"
"PP","Producer Prices","643","Russian Federation","5532","Producer Price (USD/tonne)","21111.01","Meat of cattle with the bone, fresh or chilled","2003","2003","7021","Annual value","USD","1630.6","A","Official value"
"PP","Producer Prices","643","Russian Federation","5532","Producer Price (USD/tonne)","21111.01","Meat of cattle with the bone, fresh or chilled","2004","2004","7021","Annual value","USD","2129.2","A","Official value"
"PP","Producer Prices","643","Russian Federation","5532","Producer Price (USD/tonne)","21111.01","Meat of cattle with the bone, fresh or chilled","2005","2005","7021","Annual value","USD","2729.8","A","Official value"
"PP","Producer Prices","643","Russian Federation","5532","Producer Price (USD/tonne)","21111.01","Meat of cattle with the bone, fresh or chilled","2006","2006","7021","Annual value","USD","3241.9","A","Official value"
"PP","Producer Prices","643","Russian Federation","5532","Producer Price (USD/tonne)","21111.01","Meat of cattle with the bone, fresh or chilled","2007","2007","7021","Annual value","USD","3484.3","A","Official value"
"PP","Producer Prices","643","Russian Federation","5532","Producer Price (USD/tonne)","21111.01","Meat of cattle with the bone, fresh or chilled","2008","2008","7021","Annual value","USD","4161.5","A","Official value"
"PP","Producer Prices","643","Russian Federation","5532","Producer Price (USD/tonne)","21111.01","Meat of cattle with the bone, fresh or chilled","2009","2009","7021","Annual value","USD","3623.5","A","Official value"
"PP","Producer Prices","643","Russian Federation","5532","Producer Price (USD/tonne)","21111.01","Meat of cattle with the bone, fresh or chilled","2010","2010","7021","Annual value","USD","4203.2","A","Official value"
"PP","Producer Prices","643","Russian Federation","5532","Producer Price (USD/tonne)","21111.01","Meat of cattle with the bone, fresh or chilled","2011","2011","7021","Annual value","USD","5282.5","A","Official value"
"PP","Producer Prices","643","Russian Federation","5532","Producer Price (USD/tonne)","21111.01","Meat of cattle with the bone, fresh or chilled","2012","2012","7021","Annual value","USD","5371.6","A","Official value"
"PP","Producer Prices","643","Russian Federation","5532","Producer Price (USD/tonne)","21111.01","Meat of cattle with the bone, fresh or chilled","2013","2013","7021","Annual value","USD","5246.8","A","Official value"
"PP","Producer Prices","643","Russian Federation","5532","Producer Price (USD/tonne)","21111.01","Meat of cattle with the bone, fresh or chilled","2014","2014","7021","Annual value","USD","4476.4","A","Official value"
"PP","Producer Prices","643","Russian Federation","5532","Producer Price (USD/tonne)","21111.01","Meat of cattle with the bone, fresh or chilled","2015","2015","7021","Annual value","USD","3992.8","A","Official value"
"PP","Producer Prices","643","Russian Federation","5532","Producer Price (USD/tonne)","21111.01","Meat of cattle with the bone, fresh or chilled","2016","2016","7021","Annual value","USD","3751.7","A","Official value"
"PP","Producer Prices","643","Russian Federation","5532","Producer Price (USD/tonne)","21111.01","Meat of cattle with the bone, fresh or chilled","2017","2017","7021","Annual value","USD","3961.6","A","Official value"
"PP","Producer Prices","643","Russian Federation","5532","Producer Price (USD/tonne)","21111.01","Meat of cattle with the bone, fresh or chilled","2018","2018","7021","Annual value","USD","3639","A","Official value"
"PP","Producer Prices","643","Russian Federation","5532","Producer Price (USD/tonne)","21111.01","Meat of cattle with the bone, fresh or chilled","2019","2019","7021","Annual value","USD","3508.4","A","Official value"
"PP","Producer Prices","643","Russian Federation","5532","Producer Price (USD/tonne)","21111.01","Meat of cattle with the bone, fresh or chilled","2020","2020","7021","Annual value","USD","3750.5","A","Official value"
"PP","Producer Prices","643","Russian Federation","5532","Producer Price (USD/tonne)","21111.01","Meat of cattle with the bone, fresh or chilled","2021","2021","7021","Annual value","USD","3870.6","A","Official value"
"PP","Producer Prices","643","Russian Federation","5532","Producer Price (USD/tonne)","21111.01","Meat of cattle with the bone, fresh or chilled","2022","2022","7021","Annual value","USD","4958","A","Official value"
"PP","Producer Prices","643","Russian Federation","5532","Producer Price (USD/tonne)","0141","Soya beans","2004","2004","7021","Annual value","USD","221.4","A","Official value"
"PP","Producer Prices","643","Russian Federation","5532","Producer Price (USD/tonne)","0141","Soya beans","2005","2005","7021","Annual value","USD","228.9","A","Official value"
"PP","Producer Prices","643","Russian Federation","5532","Producer Price (USD/tonne)","0141","Soya beans","2006","2006","7021","Annual value","USD","223.8","A","Official value"
"PP","Producer Prices","643","Russian Federation","5532","Producer Price (USD/tonne)","0141","Soya beans","2007","2007","7021","Annual value","USD","286.5","A","Official value"
"PP","Producer Prices","643","Russian Federation","5532","Producer Price (USD/tonne)","0141","Soya beans","2008","2008","7021","Annual value","USD","467.1","A","Official value"
"PP","Producer Prices","643","Russian Federation","5532","Producer Price (USD/tonne)","0141","Soya beans","2009","2009","7021","Annual value","USD","351.3","A","Official value"
"PP","Producer Prices","643","Russian Federation","5532","Producer Price (USD/tonne)","0141","Soya beans","2010","2010","7021","Annual value","USD","375.1","A","Official value"
"PP","Producer Prices","643","Russian Federation","5532","Producer Price (USD/tonne)","0141","Soya beans","2011","2011","7021","Annual value","USD","393.5","A","Official value"
"PP","Producer Prices","643","Russian Federation","5532","Producer Price (USD/tonne)","0141","Soya beans","2012","2012","7021","Annual value","USD","423.7","A","Official value"
"PP","Producer Prices","643","Russian Federation","5532","Producer Price (USD/tonne)","0141","Soya beans","2013","2013","7021","Annual value","USD","470.7","A","Official value"
"PP","Producer Prices","643","Russian Federation","5532","Producer Price (USD/tonne)","0141","Soya beans","2014","2014","7021","Annual value","USD","442.2","A","Official value"
"PP","Producer Prices","643","Russian Federation","5532","Producer Price (USD/tonne)","0141","Soya beans","2015","2015","7021","Annual value","USD","312.3","A","Official value"
"PP","Producer Prices","643","Russian Federation","5532","Producer Price (USD/tonne)","0141","Soya beans","2016","2016","7021","Annual value","USD","349.9","A","Official value"
"PP","Producer Prices","643","Russian Federation","5532","Producer Price (USD/tonne)","0141","Soya beans","2017","2017","7021","Annual value","USD","362.3","A","Official value"
"PP","Producer Prices","643","Russian Federation","5532","Producer Price (USD/tonne)","0141","Soya beans","2018","2018","7021","Annual value","USD","360.6","A","Official value"
"PP","Producer Prices","643","Russian Federation","5532","Producer Price (USD/tonne)","0141","Soya beans","2019","2019","7021","Annual value","USD","341.2","A","Official value"
"PP","Producer Prices","643","Russian Federation","5532","Producer Price (USD/tonne)","0141","Soya beans","2020","2020","7021","Annual value","USD","372.5","A","Official value"
"PP","Producer Prices","643","Russian Federation","5532","Producer Price (USD/tonne)","0141","Soya beans","2021","2021","7021","Annual value","USD","555.4","A","Official value"
"PP","Producer Prices","643","Russian Federation","5532","Producer Price (USD/tonne)","0141","Soya beans","2022","2022","7021","Annual value","USD","554.5","A","Official value"
"PP","Producer Prices","646","Rwanda","5532","Producer Price (USD/tonne)","21111.01","Meat of cattle with the bone, fresh or chilled","1995","1995","7021","Annual value","USD","2669.9","A","Official value"
"PP","Producer Prices","646","Rwanda","5532","Producer Price (USD/tonne)","21111.01","Meat of cattle with the bone, fresh or chilled","2000","2000","7021","Annual value","USD","1413.9","A","Official value"
"PP","Producer Prices","646","Rwanda","5532","Producer Price (USD/tonne)","21111.01","Meat of cattle with the bone, fresh or chilled","2001","2001","7021","Annual value","USD","1340.9","A","Official value"
"PP","Producer Prices","646","Rwanda","5532","Producer Price (USD/tonne)","21111.01","Meat of cattle with the bone, fresh or chilled","2002","2002","7021","Annual value","USD","1361.1","A","Official value"
"PP","Producer Prices","646","Rwanda","5532","Producer Price (USD/tonne)","21111.01","Meat of cattle with the bone, fresh or chilled","2006","2006","7021","Annual value","USD","1636.7","A","Official value"
"PP","Producer Prices","646","Rwanda","5532","Producer Price (USD/tonne)","21111.01","Meat of cattle with the bone, fresh or chilled","2007","2007","7021","Annual value","USD","1672.9","A","Official value"
"PP","Producer Prices","646","Rwanda","5532","Producer Price (USD/tonne)","21111.01","Meat of cattle with the bone, fresh or chilled","2008","2008","7021","Annual value","USD","2293.1","A","Official value"
"PP","Producer Prices","646","Rwanda","5532","Producer Price (USD/tonne)","21111.01","Meat of cattle with the bone, fresh or chilled","2009","2009","7021","Annual value","USD","1547.3","A","Official value"
"PP","Producer Prices","646","Rwanda","5532","Producer Price (USD/tonne)","21111.01","Meat of cattle with the bone, fresh or chilled","2011","2011","7021","Annual value","USD","2570.5","A","Official value"
"PP","Producer Prices","646","Rwanda","5532","Producer Price (USD/tonne)","21111.01","Meat of cattle with the bone, fresh or chilled","2012","2012","7021","Annual value","USD","2797.6","A","Official value"
"PP","Producer Prices","646","Rwanda","5532","Producer Price (USD/tonne)","21111.01","Meat of cattle with the bone, fresh or chilled","2013","2013","7021","Annual value","USD","2631","A","Official value"
"PP","Producer Prices","646","Rwanda","5532","Producer Price (USD/tonne)","21111.01","Meat of cattle with the bone, fresh or chilled","2014","2014","7021","Annual value","USD","2490.4","A","Official value"
"PP","Producer Prices","646","Rwanda","5532","Producer Price (USD/tonne)","21111.01","Meat of cattle with the bone, fresh or chilled","2015","2015","7021","Annual value","USD","2481.3","A","Official value"
"PP","Producer Prices","646","Rwanda","5532","Producer Price (USD/tonne)","21111.01","Meat of cattle with the bone, fresh or chilled","2016","2016","7021","Annual value","USD","2710.2","A","Official value"
"PP","Producer Prices","646","Rwanda","5532","Producer Price (USD/tonne)","21111.01","Meat of cattle with the bone, fresh or chilled","2017","2017","7021","Annual value","USD","2593.9","A","Official value"
"PP","Producer Prices","646","Rwanda","5532","Producer Price (USD/tonne)","21111.01","Meat of cattle with the bone, fresh or chilled","2018","2018","7021","Annual value","USD","2587","A","Official value"
"PP","Producer Prices","646","Rwanda","5532","Producer Price (USD/tonne)","21111.01","Meat of cattle with the bone, fresh or chilled","2019","2019","7021","Annual value","USD","2843.1","A","Official value"
"PP","Producer Prices","646","Rwanda","5532","Producer Price (USD/tonne)","21111.01","Meat of cattle with the bone, fresh or chilled","2020","2020","7021","Annual value","USD","3184.7","A","Official value"
"PP","Producer Prices","646","Rwanda","5532","Producer Price (USD/tonne)","21111.01","Meat of cattle with the bone, fresh or chilled","2021","2021","7021","Annual value","USD","3259.1","A","Official value"
"PP","Producer Prices","646","Rwanda","5532","Producer Price (USD/tonne)","21111.01","Meat of cattle with the bone, fresh or chilled","2022","2022","7021","Annual value","USD","3600.9","A","Official value"
"PP","Producer Prices","646","Rwanda","5532","Producer Price (USD/tonne)","21111.01","Meat of cattle with the bone, fresh or chilled","2023","2023","7021","Annual value","USD","3614","A","Official value"
"PP","Producer Prices","646","Rwanda","5532","Producer Price (USD/tonne)","21111.01","Meat of cattle with the bone, fresh or chilled","2024","2024","7021","Annual value","USD","3718.2","A","Official value"
"PP","Producer Prices","646","Rwanda","5532","Producer Price (USD/tonne)","01491.01","Oil palm fruit","2022","2022","7021","Annual value","USD","4819.5","A","Official value"
"PP","Producer Prices","646","Rwanda","5532","Producer Price (USD/tonne)","01491.01","Oil palm fruit","2023","2023","7021","Annual value","USD","4455.5","A","Official value"
"PP","Producer Prices","646","Rwanda","5532","Producer Price (USD/tonne)","01491.01","Oil palm fruit","2024","2024","7021","Annual value","USD","4027.2","A","Official value"
"PP","Producer Prices","646","Rwanda","5532","Producer Price (USD/tonne)","0141","Soya beans","1991","1991","7021","Annual value","USD","281.8","A","Official value"
"PP","Producer Prices","646","Rwanda","5532","Producer Price (USD/tonne)","0141","Soya beans","1992","1992","7021","Annual value","USD","257.8","A","Official value"
"PP","Producer Prices","646","Rwanda","5532","Producer Price (USD/tonne)","0141","Soya beans","1995","1995","7021","Annual value","USD","381.4","A","Official value"
"PP","Producer Prices","646","Rwanda","5532","Producer Price (USD/tonne)","0141","Soya beans","1996","1996","7021","Annual value","USD","1303.7","A","Official value"
"PP","Producer Prices","646","Rwanda","5532","Producer Price (USD/tonne)","0141","Soya beans","1997","1997","7021","Annual value","USD","988.3","A","Official value"
"PP","Producer Prices","646","Rwanda","5532","Producer Price (USD/tonne)","0141","Soya beans","1998","1998","7021","Annual value","USD","733.2","A","Official value"
"PP","Producer Prices","646","Rwanda","5532","Producer Price (USD/tonne)","0141","Soya beans","1999","1999","7021","Annual value","USD","539","A","Official value"
"PP","Producer Prices","646","Rwanda","5532","Producer Price (USD/tonne)","0141","Soya beans","2000","2000","7021","Annual value","USD","402.9","A","Official value"
"PP","Producer Prices","646","Rwanda","5532","Producer Price (USD/tonne)","0141","Soya beans","2001","2001","7021","Annual value","USD","313.8","A","Official value"
"PP","Producer Prices","646","Rwanda","5532","Producer Price (USD/tonne)","0141","Soya beans","2002","2002","7021","Annual value","USD","307.1","A","Official value"
"PP","Producer Prices","646","Rwanda","5532","Producer Price (USD/tonne)","0141","Soya beans","2003","2003","7021","Annual value","USD","295.8","A","Official value"
"PP","Producer Prices","646","Rwanda","5532","Producer Price (USD/tonne)","0141","Soya beans","2006","2006","7021","Annual value","USD","431.4","A","Official value"
"PP","Producer Prices","646","Rwanda","5532","Producer Price (USD/tonne)","0141","Soya beans","2007","2007","7021","Annual value","USD","511.9","A","Official value"
"PP","Producer Prices","646","Rwanda","5532","Producer Price (USD/tonne)","0141","Soya beans","2008","2008","7021","Annual value","USD","661.9","A","Official value"
"PP","Producer Prices","646","Rwanda","5532","Producer Price (USD/tonne)","0141","Soya beans","2009","2009","7021","Annual value","USD","639","A","Official value"
"PP","Producer Prices","646","Rwanda","5532","Producer Price (USD/tonne)","0141","Soya beans","2010","2010","7021","Annual value","USD","588.3","A","Official value"
"PP","Producer Prices","646","Rwanda","5532","Producer Price (USD/tonne)","0141","Soya beans","2011","2011","7021","Annual value","USD","635.5","A","Official value"
"PP","Producer Prices","646","Rwanda","5532","Producer Price (USD/tonne)","0141","Soya beans","2012","2012","7021","Annual value","USD","647.1","A","Official value"
"PP","Producer Prices","646","Rwanda","5532","Producer Price (USD/tonne)","0141","Soya beans","2013","2013","7021","Annual value","USD","658.8","A","Official value"
"PP","Producer Prices","646","Rwanda","5532","Producer Price (USD/tonne)","0141","Soya beans","2014","2014","7021","Annual value","USD","733.7","A","Official value"
"PP","Producer Prices","646","Rwanda","5532","Producer Price (USD/tonne)","0141","Soya beans","2015","2015","7021","Annual value","USD","661","A","Official value"
"PP","Producer Prices","646","Rwanda","5532","Producer Price (USD/tonne)","0141","Soya beans","2016","2016","7021","Annual value","USD","547.6","A","Official value"
"PP","Producer Prices","646","Rwanda","5532","Producer Price (USD/tonne)","0141","Soya beans","2017","2017","7021","Annual value","USD","575.8","A","Official value"
"PP","Producer Prices","646","Rwanda","5532","Producer Price (USD/tonne)","0141","Soya beans","2018","2018","7021","Annual value","USD","527","A","Official value"
"PP","Producer Prices","646","Rwanda","5532","Producer Price (USD/tonne)","0141","Soya beans","2019","2019","7021","Annual value","USD","642.8","A","Official value"
"PP","Producer Prices","646","Rwanda","5532","Producer Price (USD/tonne)","0141","Soya beans","2020","2020","7021","Annual value","USD","626.6","A","Official value"
"PP","Producer Prices","646","Rwanda","5532","Producer Price (USD/tonne)","0141","Soya beans","2021","2021","7021","Annual value","USD","748.3","A","Official value"
"PP","Producer Prices","646","Rwanda","5532","Producer Price (USD/tonne)","0141","Soya beans","2022","2022","7021","Annual value","USD","861.9","A","Official value"
"PP","Producer Prices","646","Rwanda","5532","Producer Price (USD/tonne)","0141","Soya beans","2023","2023","7021","Annual value","USD","765.4","A","Official value"
"PP","Producer Prices","646","Rwanda","5532","Producer Price (USD/tonne)","0141","Soya beans","2024","2024","7021","Annual value","USD","784.7","A","Official value"
"PP","Producer Prices","662","Saint Lucia","5532","Producer Price (USD/tonne)","21111.01","Meat of cattle with the bone, fresh or chilled","1993","1993","7021","Annual value","USD","4074.1","A","Official value"
"PP","Producer Prices","662","Saint Lucia","5532","Producer Price (USD/tonne)","21111.01","Meat of cattle with the bone, fresh or chilled","1994","1994","7021","Annual value","USD","4074.1","A","Official value"
"PP","Producer Prices","662","Saint Lucia","5532","Producer Price (USD/tonne)","21111.01","Meat of cattle with the bone, fresh or chilled","1995","1995","7021","Annual value","USD","4888.9","A","Official value"
"PP","Producer Prices","662","Saint Lucia","5532","Producer Price (USD/tonne)","21111.01","Meat of cattle with the bone, fresh or chilled","1996","1996","7021","Annual value","USD","4888.9","A","Official value"
"PP","Producer Prices","662","Saint Lucia","5532","Producer Price (USD/tonne)","21111.01","Meat of cattle with the bone, fresh or chilled","1997","1997","7021","Annual value","USD","4888.9","A","Official value"
"PP","Producer Prices","662","Saint Lucia","5532","Producer Price (USD/tonne)","21111.01","Meat of cattle with the bone, fresh or chilled","1998","1998","7021","Annual value","USD","4074.1","A","Official value"
"PP","Producer Prices","662","Saint Lucia","5532","Producer Price (USD/tonne)","21111.01","Meat of cattle with the bone, fresh or chilled","1999","1999","7021","Annual value","USD","4074.1","A","Official value"
"PP","Producer Prices","662","Saint Lucia","5532","Producer Price (USD/tonne)","21111.01","Meat of cattle with the bone, fresh or chilled","2000","2000","7021","Annual value","USD","4074.1","A","Official value"
"PP","Producer Prices","662","Saint Lucia","5532","Producer Price (USD/tonne)","21111.01","Meat of cattle with the bone, fresh or chilled","2001","2001","7021","Annual value","USD","4074.1","A","Official value"
"PP","Producer Prices","662","Saint Lucia","5532","Producer Price (USD/tonne)","21111.01","Meat of cattle with the bone, fresh or chilled","2002","2002","7021","Annual value","USD","4074.1","A","Official value"
"PP","Producer Prices","662","Saint Lucia","5532","Producer Price (USD/tonne)","21111.01","Meat of cattle with the bone, fresh or chilled","2003","2003","7021","Annual value","USD","4074.1","A","Official value"
"PP","Producer Prices","662","Saint Lucia","5532","Producer Price (USD/tonne)","21111.01","Meat of cattle with the bone, fresh or chilled","2004","2004","7021","Annual value","USD","4074.1","A","Official value"
"PP","Producer Prices","662","Saint Lucia","5532","Producer Price (USD/tonne)","21111.01","Meat of cattle with the bone, fresh or chilled","2005","2005","7021","Annual value","USD","4074.1","A","Official value"
"PP","Producer Prices","662","Saint Lucia","5532","Producer Price (USD/tonne)","21111.01","Meat of cattle with the bone, fresh or chilled","2006","2006","7021","Annual value","USD","4074.1","A","Official value"
"PP","Producer Prices","662","Saint Lucia","5532","Producer Price (USD/tonne)","21111.01","Meat of cattle with the bone, fresh or chilled","2007","2007","7021","Annual value","USD","4888.9","A","Official value"
"PP","Producer Prices","662","Saint Lucia","5532","Producer Price (USD/tonne)","21111.01","Meat of cattle with the bone, fresh or chilled","2008","2008","7021","Annual value","USD","4888.9","A","Official value"
"PP","Producer Prices","662","Saint Lucia","5532","Producer Price (USD/tonne)","21111.01","Meat of cattle with the bone, fresh or chilled","2017","2017","7021","Annual value","USD","6518.5","A","Official value"
"PP","Producer Prices","662","Saint Lucia","5532","Producer Price (USD/tonne)","21111.01","Meat of cattle with the bone, fresh or chilled","2018","2018","7021","Annual value","USD","6518.5","A","Official value"
"PP","Producer Prices","662","Saint Lucia","5532","Producer Price (USD/tonne)","21111.01","Meat of cattle with the bone, fresh or chilled","2019","2019","7021","Annual value","USD","8148.1","A","Official value"
"PP","Producer Prices","682","Saudi Arabia","5532","Producer Price (USD/tonne)","21111.01","Meat of cattle with the bone, fresh or chilled","2019","2019","7021","Annual value","USD","8640","A","Official value"
"PP","Producer Prices","682","Saudi Arabia","5532","Producer Price (USD/tonne)","21111.01","Meat of cattle with the bone, fresh or chilled","2020","2020","7021","Annual value","USD","14866.7","A","Official value"
"PP","Producer Prices","682","Saudi Arabia","5532","Producer Price (USD/tonne)","21111.01","Meat of cattle with the bone, fresh or chilled","2021","2021","7021","Annual value","USD","15928","A","Official value"
"PP","Producer Prices","682","Saudi Arabia","5532","Producer Price (USD/tonne)","21111.01","Meat of cattle with the bone, fresh or chilled","2022","2022","7021","Annual value","USD","13012.6","A","Official value"
"PP","Producer Prices","682","Saudi Arabia","5532","Producer Price (USD/tonne)","21111.01","Meat of cattle with the bone, fresh or chilled","2023","2023","7021","Annual value","USD","13416","A","Official value"
"PP","Producer Prices","688","Serbia","5532","Producer Price (USD/tonne)","0141","Soya beans","2006","2006","7021","Annual value","USD","237.1","A","Official value"
"PP","Producer Prices","688","Serbia","5532","Producer Price (USD/tonne)","0141","Soya beans","2007","2007","7021","Annual value","USD","396.9","A","Official value"
"PP","Producer Prices","688","Serbia","5532","Producer Price (USD/tonne)","0141","Soya beans","2008","2008","7021","Annual value","USD","439.1","A","Official value"
"PP","Producer Prices","688","Serbia","5532","Producer Price (USD/tonne)","0141","Soya beans","2009","2009","7021","Annual value","USD","378.7","A","Official value"
"PP","Producer Prices","688","Serbia","5532","Producer Price (USD/tonne)","0141","Soya beans","2010","2010","7021","Annual value","USD","370.9","A","Official value"
"PP","Producer Prices","688","Serbia","5532","Producer Price (USD/tonne)","0141","Soya beans","2011","2011","7021","Annual value","USD","452.3","A","Official value"
"PP","Producer Prices","688","Serbia","5532","Producer Price (USD/tonne)","0141","Soya beans","2012","2012","7021","Annual value","USD","677.7","A","Official value"
"PP","Producer Prices","688","Serbia","5532","Producer Price (USD/tonne)","0141","Soya beans","2013","2013","7021","Annual value","USD","512.6","A","Official value"
"PP","Producer Prices","688","Serbia","5532","Producer Price (USD/tonne)","0141","Soya beans","2014","2014","7021","Annual value","USD","428.8","A","Official value"
"PP","Producer Prices","688","Serbia","5532","Producer Price (USD/tonne)","0141","Soya beans","2015","2015","7021","Annual value","USD","352.1","A","Official value"
"PP","Producer Prices","688","Serbia","5532","Producer Price (USD/tonne)","0141","Soya beans","2016","2016","7021","Annual value","USD","338.3","A","Official value"
"PP","Producer Prices","688","Serbia","5532","Producer Price (USD/tonne)","0141","Soya beans","2017","2017","7021","Annual value","USD","417.8","A","Official value"
"PP","Producer Prices","688","Serbia","5532","Producer Price (USD/tonne)","0141","Soya beans","2018","2018","7021","Annual value","USD","353.3","A","Official value"
"PP","Producer Prices","688","Serbia","5532","Producer Price (USD/tonne)","0141","Soya beans","2019","2019","7021","Annual value","USD","329.4","A","Official value"
"PP","Producer Prices","688","Serbia","5532","Producer Price (USD/tonne)","0141","Soya beans","2020","2020","7021","Annual value","USD","390","A","Official value"
"PP","Producer Prices","688","Serbia","5532","Producer Price (USD/tonne)","0141","Soya beans","2021","2021","7021","Annual value","USD","676.9","A","Official value"
"PP","Producer Prices","688","Serbia","5532","Producer Price (USD/tonne)","0141","Soya beans","2022","2022","7021","Annual value","USD","670.7","A","Official value"
"PP","Producer Prices","688","Serbia","5532","Producer Price (USD/tonne)","0141","Soya beans","2023","2023","7021","Annual value","USD","460","A","Official value"
"PP","Producer Prices","688","Serbia","5532","Producer Price (USD/tonne)","0141","Soya beans","2024","2024","7021","Annual value","USD","508.3","A","Official value"
"PP","Producer Prices","891","Serbia and Montenegro","5532","Producer Price (USD/tonne)","0141","Soya beans","1994","1994","7021","Annual value","USD","254.1","A","Official value"
"PP","Producer Prices","891","Serbia and Montenegro","5532","Producer Price (USD/tonne)","0141","Soya beans","1995","1995","7021","Annual value","USD","246.5","A","Official value"
"PP","Producer Prices","891","Serbia and Montenegro","5532","Producer Price (USD/tonne)","0141","Soya beans","1996","1996","7021","Annual value","USD","371.5","A","Official value"
"PP","Producer Prices","891","Serbia and Montenegro","5532","Producer Price (USD/tonne)","0141","Soya beans","1997","1997","7021","Annual value","USD","316.4","A","Official value"
"PP","Producer Prices","891","Serbia and Montenegro","5532","Producer Price (USD/tonne)","0141","Soya beans","1998","1998","7021","Annual value","USD","218.3","A","Official value"
"PP","Producer Prices","891","Serbia and Montenegro","5532","Producer Price (USD/tonne)","0141","Soya beans","1999","1999","7021","Annual value","USD","271.9","A","Official value"
"PP","Producer Prices","891","Serbia and Montenegro","5532","Producer Price (USD/tonne)","0141","Soya beans","2000","2000","7021","Annual value","USD","130.6","A","Official value"
"PP","Producer Prices","891","Serbia and Montenegro","5532","Producer Price (USD/tonne)","0141","Soya beans","2001","2001","7021","Annual value","USD","201.2","A","Official value"
"PP","Producer Prices","891","Serbia and Montenegro","5532","Producer Price (USD/tonne)","0141","Soya beans","2002","2002","7021","Annual value","USD","216.4","A","Official value"
"PP","Producer Prices","891","Serbia and Montenegro","5532","Producer Price (USD/tonne)","0141","Soya beans","2003","2003","7021","Annual value","USD","234.2","A","Official value"
"PP","Producer Prices","891","Serbia and Montenegro","5532","Producer Price (USD/tonne)","0141","Soya beans","2004","2004","7021","Annual value","USD","210","A","Official value"
"PP","Producer Prices","891","Serbia and Montenegro","5532","Producer Price (USD/tonne)","0141","Soya beans","2005","2005","7021","Annual value","USD","230.2","A","Official value"
"PP","Producer Prices","703","Slovakia","5532","Producer Price (USD/tonne)","21111.01","Meat of cattle with the bone, fresh or chilled","1993","1993","7021","Annual value","USD","1621.2","A","Official value"
"PP","Producer Prices","703","Slovakia","5532","Producer Price (USD/tonne)","21111.01","Meat of cattle with the bone, fresh or chilled","1994","1994","7021","Annual value","USD","1945.8","A","Official value"
"PP","Producer Prices","703","Slovakia","5532","Producer Price (USD/tonne)","21111.01","Meat of cattle with the bone, fresh or chilled","1995","1995","7021","Annual value","USD","2378.2","A","Official value"
"PP","Producer Prices","703","Slovakia","5532","Producer Price (USD/tonne)","21111.01","Meat of cattle with the bone, fresh or chilled","1996","1996","7021","Annual value","USD","2238.8","A","Official value"
"PP","Producer Prices","703","Slovakia","5532","Producer Price (USD/tonne)","21111.01","Meat of cattle with the bone, fresh or chilled","1997","1997","7021","Annual value","USD","2088.8","A","Official value"
"PP","Producer Prices","703","Slovakia","5532","Producer Price (USD/tonne)","21111.01","Meat of cattle with the bone, fresh or chilled","1998","1998","7021","Annual value","USD","2131","A","Official value"
"PP","Producer Prices","703","Slovakia","5532","Producer Price (USD/tonne)","21111.01","Meat of cattle with the bone, fresh or chilled","1999","1999","7021","Annual value","USD","1881.2","A","Official value"
"PP","Producer Prices","703","Slovakia","5532","Producer Price (USD/tonne)","21111.01","Meat of cattle with the bone, fresh or chilled","2000","2000","7021","Annual value","USD","1706","A","Official value"
"PP","Producer Prices","703","Slovakia","5532","Producer Price (USD/tonne)","21111.01","Meat of cattle with the bone, fresh or chilled","2001","2001","7021","Annual value","USD","1689.1","A","Official value"
"PP","Producer Prices","703","Slovakia","5532","Producer Price (USD/tonne)","21111.01","Meat of cattle with the bone, fresh or chilled","2002","2002","7021","Annual value","USD","1829.6","A","Official value"
"PP","Producer Prices","703","Slovakia","5532","Producer Price (USD/tonne)","21111.01","Meat of cattle with the bone, fresh or chilled","2003","2003","7021","Annual value","USD","2231.7","A","Official value"
"PP","Producer Prices","703","Slovakia","5532","Producer Price (USD/tonne)","21111.01","Meat of cattle with the bone, fresh or chilled","2004","2004","7021","Annual value","USD","2539.6","A","Official value"
"PP","Producer Prices","703","Slovakia","5532","Producer Price (USD/tonne)","21111.01","Meat of cattle with the bone, fresh or chilled","2005","2005","7021","Annual value","USD","2735.6","A","Official value"
"PP","Producer Prices","703","Slovakia","5532","Producer Price (USD/tonne)","21111.01","Meat of cattle with the bone, fresh or chilled","2006","2006","7021","Annual value","USD","2943.7","A","Official value"
"PP","Producer Prices","703","Slovakia","5532","Producer Price (USD/tonne)","21111.01","Meat of cattle with the bone, fresh or chilled","2007","2007","7021","Annual value","USD","3458.2","A","Official value"
"PP","Producer Prices","703","Slovakia","5532","Producer Price (USD/tonne)","21111.01","Meat of cattle with the bone, fresh or chilled","2008","2008","7021","Annual value","USD","3950.9","A","Official value"
"PP","Producer Prices","703","Slovakia","5532","Producer Price (USD/tonne)","21111.01","Meat of cattle with the bone, fresh or chilled","2009","2009","7021","Annual value","USD","3917.5","A","Official value"
"PP","Producer Prices","703","Slovakia","5532","Producer Price (USD/tonne)","21111.01","Meat of cattle with the bone, fresh or chilled","2010","2010","7021","Annual value","USD","3691.2","A","Official value"
"PP","Producer Prices","703","Slovakia","5532","Producer Price (USD/tonne)","21111.01","Meat of cattle with the bone, fresh or chilled","2011","2011","7021","Annual value","USD","3885.5","A","Official value"
"PP","Producer Prices","703","Slovakia","5532","Producer Price (USD/tonne)","21111.01","Meat of cattle with the bone, fresh or chilled","2012","2012","7021","Annual value","USD","3748.3","A","Official value"
"PP","Producer Prices","703","Slovakia","5532","Producer Price (USD/tonne)","21111.01","Meat of cattle with the bone, fresh or chilled","2013","2013","7021","Annual value","USD","3915.9","A","Official value"
"PP","Producer Prices","703","Slovakia","5532","Producer Price (USD/tonne)","21111.01","Meat of cattle with the bone, fresh or chilled","2014","2014","7021","Annual value","USD","3911.7","A","Official value"
"PP","Producer Prices","703","Slovakia","5532","Producer Price (USD/tonne)","21111.01","Meat of cattle with the bone, fresh or chilled","2015","2015","7021","Annual value","USD","3342.7","A","Official value"
"PP","Producer Prices","703","Slovakia","5532","Producer Price (USD/tonne)","21111.01","Meat of cattle with the bone, fresh or chilled","2016","2016","7021","Annual value","USD","3353.2","A","Official value"
"PP","Producer Prices","703","Slovakia","5532","Producer Price (USD/tonne)","21111.01","Meat of cattle with the bone, fresh or chilled","2017","2017","7021","Annual value","USD","3435.4","A","Official value"
"PP","Producer Prices","703","Slovakia","5532","Producer Price (USD/tonne)","21111.01","Meat of cattle with the bone, fresh or chilled","2018","2018","7021","Annual value","USD","3643.1","A","Official value"
"PP","Producer Prices","703","Slovakia","5532","Producer Price (USD/tonne)","21111.01","Meat of cattle with the bone, fresh or chilled","2019","2019","7021","Annual value","USD","3490","A","Official value"
"PP","Producer Prices","703","Slovakia","5532","Producer Price (USD/tonne)","21111.01","Meat of cattle with the bone, fresh or chilled","2020","2020","7021","Annual value","USD","3527.5","A","Official value"
"PP","Producer Prices","703","Slovakia","5532","Producer Price (USD/tonne)","21111.01","Meat of cattle with the bone, fresh or chilled","2021","2021","7021","Annual value","USD","3678.5","A","Official value"
"PP","Producer Prices","703","Slovakia","5532","Producer Price (USD/tonne)","21111.01","Meat of cattle with the bone, fresh or chilled","2022","2022","7021","Annual value","USD","3788.1","A","Official value"
"PP","Producer Prices","703","Slovakia","5532","Producer Price (USD/tonne)","21111.01","Meat of cattle with the bone, fresh or chilled","2023","2023","7021","Annual value","USD","4084.5","A","Official value"
"PP","Producer Prices","703","Slovakia","5532","Producer Price (USD/tonne)","21111.01","Meat of cattle with the bone, fresh or chilled","2024","2024","7021","Annual value","USD","4340.8","A","Official value"
"PP","Producer Prices","703","Slovakia","5532","Producer Price (USD/tonne)","0141","Soya beans","1993","1993","7021","Annual value","USD","257.4","A","Official value"
"PP","Producer Prices","703","Slovakia","5532","Producer Price (USD/tonne)","0141","Soya beans","1994","1994","7021","Annual value","USD","315.5","A","Official value"
"PP","Producer Prices","703","Slovakia","5532","Producer Price (USD/tonne)","0141","Soya beans","1995","1995","7021","Annual value","USD","318","A","Official value"
"PP","Producer Prices","703","Slovakia","5532","Producer Price (USD/tonne)","0141","Soya beans","1996","1996","7021","Annual value","USD","312.2","A","Official value"
"PP","Producer Prices","703","Slovakia","5532","Producer Price (USD/tonne)","0141","Soya beans","1997","1997","7021","Annual value","USD","334.4","A","Official value"
"PP","Producer Prices","703","Slovakia","5532","Producer Price (USD/tonne)","0141","Soya beans","1998","1998","7021","Annual value","USD","318.4","A","Official value"
"PP","Producer Prices","703","Slovakia","5532","Producer Price (USD/tonne)","0141","Soya beans","1999","1999","7021","Annual value","USD","247.3","A","Official value"
"PP","Producer Prices","703","Slovakia","5532","Producer Price (USD/tonne)","0141","Soya beans","2000","2000","7021","Annual value","USD","217.3","A","Official value"
"PP","Producer Prices","703","Slovakia","5532","Producer Price (USD/tonne)","0141","Soya beans","2001","2001","7021","Annual value","USD","187.7","A","Official value"
"PP","Producer Prices","703","Slovakia","5532","Producer Price (USD/tonne)","0141","Soya beans","2002","2002","7021","Annual value","USD","197.3","A","Official value"
"PP","Producer Prices","703","Slovakia","5532","Producer Price (USD/tonne)","0141","Soya beans","2003","2003","7021","Annual value","USD","247.9","A","Official value"
"PP","Producer Prices","703","Slovakia","5532","Producer Price (USD/tonne)","0141","Soya beans","2004","2004","7021","Annual value","USD","284.2","A","Official value"
"PP","Producer Prices","703","Slovakia","5532","Producer Price (USD/tonne)","0141","Soya beans","2005","2005","7021","Annual value","USD","286.1","A","Official value"
"PP","Producer Prices","703","Slovakia","5532","Producer Price (USD/tonne)","0141","Soya beans","2006","2006","7021","Annual value","USD","264","A","Official value"
"PP","Producer Prices","703","Slovakia","5532","Producer Price (USD/tonne)","0141","Soya beans","2007","2007","7021","Annual value","USD","315.3","A","Official value"
"PP","Producer Prices","703","Slovakia","5532","Producer Price (USD/tonne)","0141","Soya beans","2008","2008","7021","Annual value","USD","439.1","A","Official value"
"PP","Producer Prices","703","Slovakia","5532","Producer Price (USD/tonne)","0141","Soya beans","2009","2009","7021","Annual value","USD","381.7","A","Official value"
"PP","Producer Prices","703","Slovakia","5532","Producer Price (USD/tonne)","0141","Soya beans","2010","2010","7021","Annual value","USD","419","A","Official value"
"PP","Producer Prices","703","Slovakia","5532","Producer Price (USD/tonne)","0141","Soya beans","2011","2011","7021","Annual value","USD","471.6","A","Official value"
"PP","Producer Prices","703","Slovakia","5532","Producer Price (USD/tonne)","0141","Soya beans","2012","2012","7021","Annual value","USD","549.7","A","Official value"
"PP","Producer Prices","703","Slovakia","5532","Producer Price (USD/tonne)","0141","Soya beans","2013","2013","7021","Annual value","USD","510.4","A","Official value"
"PP","Producer Prices","703","Slovakia","5532","Producer Price (USD/tonne)","0141","Soya beans","2014","2014","7021","Annual value","USD","456.3","A","Official value"
"PP","Producer Prices","703","Slovakia","5532","Producer Price (USD/tonne)","0141","Soya beans","2015","2015","7021","Annual value","USD","360.3","A","Official value"
"PP","Producer Prices","703","Slovakia","5532","Producer Price (USD/tonne)","0141","Soya beans","2016","2016","7021","Annual value","USD","360.3","A","Official value"
"PP","Producer Prices","703","Slovakia","5532","Producer Price (USD/tonne)","0141","Soya beans","2017","2017","7021","Annual value","USD","385.9","A","Official value"
"PP","Producer Prices","703","Slovakia","5532","Producer Price (USD/tonne)","0141","Soya beans","2018","2018","7021","Annual value","USD","398.5","A","Official value"
"PP","Producer Prices","703","Slovakia","5532","Producer Price (USD/tonne)","0141","Soya beans","2019","2019","7021","Annual value","USD","343.4","A","Official value"
"PP","Producer Prices","703","Slovakia","5532","Producer Price (USD/tonne)","0141","Soya beans","2020","2020","7021","Annual value","USD","373","A","Official value"
"PP","Producer Prices","703","Slovakia","5532","Producer Price (USD/tonne)","0141","Soya beans","2021","2021","7021","Annual value","USD","563.7","A","Official value"
"PP","Producer Prices","703","Slovakia","5532","Producer Price (USD/tonne)","0141","Soya beans","2022","2022","7021","Annual value","USD","604.2","A","Official value"
"PP","Producer Prices","703","Slovakia","5532","Producer Price (USD/tonne)","0141","Soya beans","2023","2023","7021","Annual value","USD","440.7","A","Official value"
"PP","Producer Prices","703","Slovakia","5532","Producer Price (USD/tonne)","0141","Soya beans","2024","2024","7021","Annual value","USD","442.9","A","Official value"
"PP","Producer Prices","705","Slovenia","5532","Producer Price (USD/tonne)","21111.01","Meat of cattle with the bone, fresh or chilled","1992","1992","7021","Annual value","USD","2794.3","A","Official value"
"PP","Producer Prices","705","Slovenia","5532","Producer Price (USD/tonne)","21111.01","Meat of cattle with the bone, fresh or chilled","1993","1993","7021","Annual value","USD","2637.3","A","Official value"
"PP","Producer Prices","705","Slovenia","5532","Producer Price (USD/tonne)","21111.01","Meat of cattle with the bone, fresh or chilled","1994","1994","7021","Annual value","USD","3024.4","A","Official value"
"PP","Producer Prices","705","Slovenia","5532","Producer Price (USD/tonne)","21111.01","Meat of cattle with the bone, fresh or chilled","1995","1995","7021","Annual value","USD","3965.9","A","Official value"
"PP","Producer Prices","705","Slovenia","5532","Producer Price (USD/tonne)","21111.01","Meat of cattle with the bone, fresh or chilled","1996","1996","7021","Annual value","USD","3471.7","A","Official value"
"PP","Producer Prices","705","Slovenia","5532","Producer Price (USD/tonne)","21111.01","Meat of cattle with the bone, fresh or chilled","1997","1997","7021","Annual value","USD","3025.2","A","Official value"
"PP","Producer Prices","705","Slovenia","5532","Producer Price (USD/tonne)","21111.01","Meat of cattle with the bone, fresh or chilled","1998","1998","7021","Annual value","USD","3160.3","A","Official value"
"PP","Producer Prices","705","Slovenia","5532","Producer Price (USD/tonne)","21111.01","Meat of cattle with the bone, fresh or chilled","1999","1999","7021","Annual value","USD","2970.5","A","Official value"
"PP","Producer Prices","705","Slovenia","5532","Producer Price (USD/tonne)","21111.01","Meat of cattle with the bone, fresh or chilled","2000","2000","7021","Annual value","USD","2421.3","A","Official value"
"PP","Producer Prices","705","Slovenia","5532","Producer Price (USD/tonne)","21111.01","Meat of cattle with the bone, fresh or chilled","2001","2001","7021","Annual value","USD","2173.7","A","Official value"
"PP","Producer Prices","705","Slovenia","5532","Producer Price (USD/tonne)","21111.01","Meat of cattle with the bone, fresh or chilled","2002","2002","7021","Annual value","USD","2255.3","A","Official value"
"PP","Producer Prices","705","Slovenia","5532","Producer Price (USD/tonne)","21111.01","Meat of cattle with the bone, fresh or chilled","2003","2003","7021","Annual value","USD","2611.7","A","Official value"
"PP","Producer Prices","705","Slovenia","5532","Producer Price (USD/tonne)","21111.01","Meat of cattle with the bone, fresh or chilled","2004","2004","7021","Annual value","USD","2854.6","A","Official value"
"PP","Producer Prices","705","Slovenia","5532","Producer Price (USD/tonne)","21111.01","Meat of cattle with the bone, fresh or chilled","2005","2005","7021","Annual value","USD","3185.2","A","Official value"
"PP","Producer Prices","705","Slovenia","5532","Producer Price (USD/tonne)","21111.01","Meat of cattle with the bone, fresh or chilled","2006","2006","7021","Annual value","USD","3344.4","A","Official value"
"PP","Producer Prices","705","Slovenia","5532","Producer Price (USD/tonne)","21111.01","Meat of cattle with the bone, fresh or chilled","2007","2007","7021","Annual value","USD","3657.5","A","Official value"
"PP","Producer Prices","705","Slovenia","5532","Producer Price (USD/tonne)","21111.01","Meat of cattle with the bone, fresh or chilled","2008","2008","7021","Annual value","USD","4129.3","A","Official value"
"PP","Producer Prices","705","Slovenia","5532","Producer Price (USD/tonne)","21111.01","Meat of cattle with the bone, fresh or chilled","2009","2009","7021","Annual value","USD","3981.1","A","Official value"
"PP","Producer Prices","705","Slovenia","5532","Producer Price (USD/tonne)","21111.01","Meat of cattle with the bone, fresh or chilled","2010","2010","7021","Annual value","USD","3795.5","A","Official value"
"PP","Producer Prices","705","Slovenia","5532","Producer Price (USD/tonne)","21111.01","Meat of cattle with the bone, fresh or chilled","2011","2011","7021","Annual value","USD","4404.6","A","Official value"
"PP","Producer Prices","705","Slovenia","5532","Producer Price (USD/tonne)","21111.01","Meat of cattle with the bone, fresh or chilled","2012","2012","7021","Annual value","USD","4470.5","A","Official value"
"PP","Producer Prices","705","Slovenia","5532","Producer Price (USD/tonne)","21111.01","Meat of cattle with the bone, fresh or chilled","2013","2013","7021","Annual value","USD","4490.3","A","Official value"
"PP","Producer Prices","705","Slovenia","5532","Producer Price (USD/tonne)","21111.01","Meat of cattle with the bone, fresh or chilled","2014","2014","7021","Annual value","USD","4303.3","A","Official value"
"PP","Producer Prices","705","Slovenia","5532","Producer Price (USD/tonne)","21111.01","Meat of cattle with the bone, fresh or chilled","2015","2015","7021","Annual value","USD","3609.5","A","Official value"
"PP","Producer Prices","705","Slovenia","5532","Producer Price (USD/tonne)","0141","Soya beans","1993","1993","7021","Annual value","USD","343.8","A","Official value"
"PP","Producer Prices","705","Slovenia","5532","Producer Price (USD/tonne)","0141","Soya beans","1994","1994","7021","Annual value","USD","318.3","A","Official value"
"PP","Producer Prices","705","Slovenia","5532","Producer Price (USD/tonne)","0141","Soya beans","1995","1995","7021","Annual value","USD","267","A","Official value"
"PP","Producer Prices","705","Slovenia","5532","Producer Price (USD/tonne)","0141","Soya beans","2002","2002","7021","Annual value","USD","183.9","A","Official value"
"PP","Producer Prices","705","Slovenia","5532","Producer Price (USD/tonne)","0141","Soya beans","2006","2006","7021","Annual value","USD","262.7","A","Official value"
"PP","Producer Prices","705","Slovenia","5532","Producer Price (USD/tonne)","0141","Soya beans","2007","2007","7021","Annual value","USD","312.7","A","Official value"
"PP","Producer Prices","705","Slovenia","5532","Producer Price (USD/tonne)","0141","Soya beans","2011","2011","7021","Annual value","USD","486.5","A","Official value"
"PP","Producer Prices","705","Slovenia","5532","Producer Price (USD/tonne)","0141","Soya beans","2012","2012","7021","Annual value","USD","513.3","A","Official value"
"PP","Producer Prices","705","Slovenia","5532","Producer Price (USD/tonne)","0141","Soya beans","2013","2013","7021","Annual value","USD","506.8","A","Official value"
"PP","Producer Prices","705","Slovenia","5532","Producer Price (USD/tonne)","0141","Soya beans","2014","2014","7021","Annual value","USD","426.9","A","Official value"
"PP","Producer Prices","705","Slovenia","5532","Producer Price (USD/tonne)","0141","Soya beans","2015","2015","7021","Annual value","USD","325.2","A","Official value"
"PP","Producer Prices","705","Slovenia","5532","Producer Price (USD/tonne)","0141","Soya beans","2016","2016","7021","Annual value","USD","348.4","A","Official value"
"PP","Producer Prices","705","Slovenia","5532","Producer Price (USD/tonne)","0141","Soya beans","2017","2017","7021","Annual value","USD","360.8","A","Official value"
"PP","Producer Prices","705","Slovenia","5532","Producer Price (USD/tonne)","0141","Soya beans","2018","2018","7021","Annual value","USD","367.4","A","Official value"
"PP","Producer Prices","705","Slovenia","5532","Producer Price (USD/tonne)","0141","Soya beans","2019","2019","7021","Annual value","USD","328.9","A","Official value"
"PP","Producer Prices","705","Slovenia","5532","Producer Price (USD/tonne)","0141","Soya beans","2020","2020","7021","Annual value","USD","367.2","A","Official value"
"PP","Producer Prices","705","Slovenia","5532","Producer Price (USD/tonne)","0141","Soya beans","2021","2021","7021","Annual value","USD","599.8","A","Official value"
"PP","Producer Prices","705","Slovenia","5532","Producer Price (USD/tonne)","0141","Soya beans","2022","2022","7021","Annual value","USD","627.4","A","Official value"
"PP","Producer Prices","705","Slovenia","5532","Producer Price (USD/tonne)","0141","Soya beans","2023","2023","7021","Annual value","USD","421.2","A","Official value"
"PP","Producer Prices","705","Slovenia","5532","Producer Price (USD/tonne)","0141","Soya beans","2024","2024","7021","Annual value","USD","426.5","A","Official value"
"PP","Producer Prices","710","South Africa","5532","Producer Price (USD/tonne)","21111.01","Meat of cattle with the bone, fresh or chilled","1991","1991","7021","Annual value","USD","1806.4","A","Official value"
"PP","Producer Prices","710","South Africa","5532","Producer Price (USD/tonne)","21111.01","Meat of cattle with the bone, fresh or chilled","1992","1992","7021","Annual value","USD","1759.1","A","Official value"
"PP","Producer Prices","710","South Africa","5532","Producer Price (USD/tonne)","21111.01","Meat of cattle with the bone, fresh or chilled","1993","1993","7021","Annual value","USD","1597.1","A","Official value"
"PP","Producer Prices","710","South Africa","5532","Producer Price (USD/tonne)","21111.01","Meat of cattle with the bone, fresh or chilled","1994","1994","7021","Annual value","USD","2339.5","A","Official value"
"PP","Producer Prices","710","South Africa","5532","Producer Price (USD/tonne)","21111.01","Meat of cattle with the bone, fresh or chilled","1995","1995","7021","Annual value","USD","2006.8","A","Official value"
"PP","Producer Prices","710","South Africa","5532","Producer Price (USD/tonne)","21111.01","Meat of cattle with the bone, fresh or chilled","1996","1996","7021","Annual value","USD","1830.7","A","Official value"
"PP","Producer Prices","710","South Africa","5532","Producer Price (USD/tonne)","21111.01","Meat of cattle with the bone, fresh or chilled","1997","1997","7021","Annual value","USD","1763.3","A","Official value"
"PP","Producer Prices","710","South Africa","5532","Producer Price (USD/tonne)","21111.01","Meat of cattle with the bone, fresh or chilled","1998","1998","7021","Annual value","USD","1422.3","A","Official value"
"PP","Producer Prices","710","South Africa","5532","Producer Price (USD/tonne)","21111.01","Meat of cattle with the bone, fresh or chilled","1999","1999","7021","Annual value","USD","1323.4","A","Official value"
"PP","Producer Prices","710","South Africa","5532","Producer Price (USD/tonne)","21111.01","Meat of cattle with the bone, fresh or chilled","2000","2000","7021","Annual value","USD","1237.8","A","Official value"
"PP","Producer Prices","710","South Africa","5532","Producer Price (USD/tonne)","21111.01","Meat of cattle with the bone, fresh or chilled","2001","2001","7021","Annual value","USD","1064.8","A","Official value"
"PP","Producer Prices","710","South Africa","5532","Producer Price (USD/tonne)","21111.01","Meat of cattle with the bone, fresh or chilled","2002","2002","7021","Annual value","USD","1117.4","A","Official value"
"PP","Producer Prices","710","South Africa","5532","Producer Price (USD/tonne)","21111.01","Meat of cattle with the bone, fresh or chilled","2003","2003","7021","Annual value","USD","1677.4","A","Official value"
"PP","Producer Prices","710","South Africa","5532","Producer Price (USD/tonne)","21111.01","Meat of cattle with the bone, fresh or chilled","2004","2004","7021","Annual value","USD","2157.2","A","Official value"
"PP","Producer Prices","710","South Africa","5532","Producer Price (USD/tonne)","21111.01","Meat of cattle with the bone, fresh or chilled","2005","2005","7021","Annual value","USD","2334.7","A","Official value"
"PP","Producer Prices","710","South Africa","5532","Producer Price (USD/tonne)","21111.01","Meat of cattle with the bone, fresh or chilled","2006","2006","7021","Annual value","USD","2777.8","A","Official value"
"PP","Producer Prices","710","South Africa","5532","Producer Price (USD/tonne)","21111.01","Meat of cattle with the bone, fresh or chilled","2007","2007","7021","Annual value","USD","2796.6","A","Official value"
"PP","Producer Prices","710","South Africa","5532","Producer Price (USD/tonne)","21111.01","Meat of cattle with the bone, fresh or chilled","2008","2008","7021","Annual value","USD","2578.2","A","Official value"
"PP","Producer Prices","710","South Africa","5532","Producer Price (USD/tonne)","21111.01","Meat of cattle with the bone, fresh or chilled","2009","2009","7021","Annual value","USD","2616.2","A","Official value"
"PP","Producer Prices","710","South Africa","5532","Producer Price (USD/tonne)","21111.01","Meat of cattle with the bone, fresh or chilled","2010","2010","7021","Annual value","USD","3122","A","Official value"
"PP","Producer Prices","710","South Africa","5532","Producer Price (USD/tonne)","21111.01","Meat of cattle with the bone, fresh or chilled","2011","2011","7021","Annual value","USD","3826.8","A","Official value"
"PP","Producer Prices","710","South Africa","5532","Producer Price (USD/tonne)","21111.01","Meat of cattle with the bone, fresh or chilled","2012","2012","7021","Annual value","USD","3476","A","Official value"
"PP","Producer Prices","710","South Africa","5532","Producer Price (USD/tonne)","21111.01","Meat of cattle with the bone, fresh or chilled","2013","2013","7021","Annual value","USD","2901.6","A","Official value"
"PP","Producer Prices","710","South Africa","5532","Producer Price (USD/tonne)","21111.01","Meat of cattle with the bone, fresh or chilled","2014","2014","7021","Annual value","USD","2894.4","A","Official value"
"PP","Producer Prices","710","South Africa","5532","Producer Price (USD/tonne)","21111.01","Meat of cattle with the bone, fresh or chilled","2015","2015","7021","Annual value","USD","2614.1","A","Official value"
"PP","Producer Prices","710","South Africa","5532","Producer Price (USD/tonne)","21111.01","Meat of cattle with the bone, fresh or chilled","2016","2016","7021","Annual value","USD","2489.2","A","Official value"
"PP","Producer Prices","710","South Africa","5532","Producer Price (USD/tonne)","21111.01","Meat of cattle with the bone, fresh or chilled","2017","2017","7021","Annual value","USD","3339.6","A","Official value"
"PP","Producer Prices","710","South Africa","5532","Producer Price (USD/tonne)","21111.01","Meat of cattle with the bone, fresh or chilled","2018","2018","7021","Annual value","USD","3428.5","A","Official value"
"PP","Producer Prices","710","South Africa","5532","Producer Price (USD/tonne)","21111.01","Meat of cattle with the bone, fresh or chilled","2019","2019","7021","Annual value","USD","2967.2","A","Official value"
"PP","Producer Prices","710","South Africa","5532","Producer Price (USD/tonne)","21111.01","Meat of cattle with the bone, fresh or chilled","2020","2020","7021","Annual value","USD","2950.2","A","Official value"
"PP","Producer Prices","710","South Africa","5532","Producer Price (USD/tonne)","21111.01","Meat of cattle with the bone, fresh or chilled","2021","2021","7021","Annual value","USD","3490","A","Official value"
"PP","Producer Prices","710","South Africa","5532","Producer Price (USD/tonne)","21111.01","Meat of cattle with the bone, fresh or chilled","2022","2022","7021","Annual value","USD","3579.5","A","Official value"
"PP","Producer Prices","710","South Africa","5532","Producer Price (USD/tonne)","21111.01","Meat of cattle with the bone, fresh or chilled","2023","2023","7021","Annual value","USD","2880.5","A","Official value"
"PP","Producer Prices","710","South Africa","5532","Producer Price (USD/tonne)","21111.01","Meat of cattle with the bone, fresh or chilled","2024","2024","7021","Annual value","USD","2934.9","A","Official value"
"PP","Producer Prices","710","South Africa","5532","Producer Price (USD/tonne)","0141","Soya beans","1991","1991","7021","Annual value","USD","261.8","A","Official value"
"PP","Producer Prices","710","South Africa","5532","Producer Price (USD/tonne)","0141","Soya beans","1992","1992","7021","Annual value","USD","302.6","A","Official value"
"PP","Producer Prices","710","South Africa","5532","Producer Price (USD/tonne)","0141","Soya beans","1993","1993","7021","Annual value","USD","261.6","A","Official value"
"PP","Producer Prices","710","South Africa","5532","Producer Price (USD/tonne)","0141","Soya beans","1994","1994","7021","Annual value","USD","241.9","A","Official value"
"PP","Producer Prices","710","South Africa","5532","Producer Price (USD/tonne)","0141","Soya beans","1995","1995","7021","Annual value","USD","256.4","A","Official value"
"PP","Producer Prices","710","South Africa","5532","Producer Price (USD/tonne)","0141","Soya beans","1996","1996","7021","Annual value","USD","279.1","A","Official value"
"PP","Producer Prices","710","South Africa","5532","Producer Price (USD/tonne)","0141","Soya beans","1997","1997","7021","Annual value","USD","301.9","A","Official value"
"PP","Producer Prices","710","South Africa","5532","Producer Price (USD/tonne)","0141","Soya beans","1998","1998","7021","Annual value","USD","198.3","A","Official value"
"PP","Producer Prices","710","South Africa","5532","Producer Price (USD/tonne)","0141","Soya beans","1999","1999","7021","Annual value","USD","196.9","A","Official value"
"PP","Producer Prices","710","South Africa","5532","Producer Price (USD/tonne)","0141","Soya beans","2000","2000","7021","Annual value","USD","185.3","A","Official value"
"PP","Producer Prices","710","South Africa","5532","Producer Price (USD/tonne)","0141","Soya beans","2001","2001","7021","Annual value","USD","144.4","A","Official value"
"PP","Producer Prices","710","South Africa","5532","Producer Price (USD/tonne)","0141","Soya beans","2002","2002","7021","Annual value","USD","190.8","A","Official value"
"PP","Producer Prices","710","South Africa","5532","Producer Price (USD/tonne)","0141","Soya beans","2003","2003","7021","Annual value","USD","328.8","A","Official value"
"PP","Producer Prices","710","South Africa","5532","Producer Price (USD/tonne)","0141","Soya beans","2004","2004","7021","Annual value","USD","330.4","A","Official value"
"PP","Producer Prices","710","South Africa","5532","Producer Price (USD/tonne)","0141","Soya beans","2005","2005","7021","Annual value","USD","200.3","A","Official value"
"PP","Producer Prices","710","South Africa","5532","Producer Price (USD/tonne)","0141","Soya beans","2006","2006","7021","Annual value","USD","216.6","A","Official value"
"PP","Producer Prices","710","South Africa","5532","Producer Price (USD/tonne)","0141","Soya beans","2007","2007","7021","Annual value","USD","332.6","A","Official value"
"PP","Producer Prices","710","South Africa","5532","Producer Price (USD/tonne)","0141","Soya beans","2008","2008","7021","Annual value","USD","487.3","A","Official value"
"PP","Producer Prices","710","South Africa","5532","Producer Price (USD/tonne)","0141","Soya beans","2009","2009","7021","Annual value","USD","376.1","A","Official value"
"PP","Producer Prices","710","South Africa","5532","Producer Price (USD/tonne)","0141","Soya beans","2010","2010","7021","Annual value","USD","345.3","A","Official value"
"PP","Producer Prices","710","South Africa","5532","Producer Price (USD/tonne)","0141","Soya beans","2011","2011","7021","Annual value","USD","437.4","A","Official value"
"PP","Producer Prices","710","South Africa","5532","Producer Price (USD/tonne)","0141","Soya beans","2012","2012","7021","Annual value","USD","448.7","A","Official value"
"PP","Producer Prices","710","South Africa","5532","Producer Price (USD/tonne)","0141","Soya beans","2013","2013","7021","Annual value","USD","485.9","A","Official value"
"PP","Producer Prices","710","South Africa","5532","Producer Price (USD/tonne)","0141","Soya beans","2014","2014","7021","Annual value","USD","511.3","A","Official value"
"PP","Producer Prices","710","South Africa","5532","Producer Price (USD/tonne)","0141","Soya beans","2015","2015","7021","Annual value","USD","370.9","A","Official value"
"PP","Producer Prices","710","South Africa","5532","Producer Price (USD/tonne)","0141","Soya beans","2016","2016","7021","Annual value","USD","421.3","A","Official value"
"PP","Producer Prices","710","South Africa","5532","Producer Price (USD/tonne)","0141","Soya beans","2017","2017","7021","Annual value","USD","363.3","A","Official value"
"PP","Producer Prices","710","South Africa","5532","Producer Price (USD/tonne)","0141","Soya beans","2018","2018","7021","Annual value","USD","335.2","A","Official value"
"PP","Producer Prices","710","South Africa","5532","Producer Price (USD/tonne)","0141","Soya beans","2019","2019","7021","Annual value","USD","300.7","A","Official value"
"PP","Producer Prices","710","South Africa","5532","Producer Price (USD/tonne)","0141","Soya beans","2020","2020","7021","Annual value","USD","284.4","A","Official value"
"PP","Producer Prices","710","South Africa","5532","Producer Price (USD/tonne)","0141","Soya beans","2021","2021","7021","Annual value","USD","431.2","A","Official value"
"PP","Producer Prices","710","South Africa","5532","Producer Price (USD/tonne)","0141","Soya beans","2022","2022","7021","Annual value","USD","520","A","Official value"
"PP","Producer Prices","710","South Africa","5532","Producer Price (USD/tonne)","0141","Soya beans","2023","2023","7021","Annual value","USD","408.1","A","Official value"
"PP","Producer Prices","710","South Africa","5532","Producer Price (USD/tonne)","0141","Soya beans","2024","2024","7021","Annual value","USD","464.6","A","Official value"
"PP","Producer Prices","724","Spain","5532","Producer Price (USD/tonne)","21111.01","Meat of cattle with the bone, fresh or chilled","1991","1991","7021","Annual value","USD","2589.6","A","Official value"
"PP","Producer Prices","724","Spain","5532","Producer Price (USD/tonne)","21111.01","Meat of cattle with the bone, fresh or chilled","1992","1992","7021","Annual value","USD","2476.2","A","Official value"
"PP","Producer Prices","724","Spain","5532","Producer Price (USD/tonne)","21111.01","Meat of cattle with the bone, fresh or chilled","1993","1993","7021","Annual value","USD","2429","A","Official value"
"PP","Producer Prices","724","Spain","5532","Producer Price (USD/tonne)","21111.01","Meat of cattle with the bone, fresh or chilled","1994","1994","7021","Annual value","USD","2361.4","A","Official value"
"PP","Producer Prices","724","Spain","5532","Producer Price (USD/tonne)","21111.01","Meat of cattle with the bone, fresh or chilled","1995","1995","7021","Annual value","USD","2371.2","A","Official value"
"PP","Producer Prices","724","Spain","5532","Producer Price (USD/tonne)","21111.01","Meat of cattle with the bone, fresh or chilled","1996","1996","7021","Annual value","USD","2050.8","A","Official value"
"PP","Producer Prices","724","Spain","5532","Producer Price (USD/tonne)","21111.01","Meat of cattle with the bone, fresh or chilled","1997","1997","7021","Annual value","USD","1869.7","A","Official value"
"PP","Producer Prices","724","Spain","5532","Producer Price (USD/tonne)","21111.01","Meat of cattle with the bone, fresh or chilled","1998","1998","7021","Annual value","USD","1918.3","A","Official value"
"PP","Producer Prices","724","Spain","5532","Producer Price (USD/tonne)","21111.01","Meat of cattle with the bone, fresh or chilled","1999","1999","7021","Annual value","USD","1829.5","A","Official value"
"PP","Producer Prices","724","Spain","5532","Producer Price (USD/tonne)","21111.01","Meat of cattle with the bone, fresh or chilled","2000","2000","7021","Annual value","USD","1559.7","A","Official value"
"PP","Producer Prices","724","Spain","5532","Producer Price (USD/tonne)","21111.01","Meat of cattle with the bone, fresh or chilled","2001","2001","7021","Annual value","USD","1385.3","A","Official value"
"PP","Producer Prices","724","Spain","5532","Producer Price (USD/tonne)","21111.01","Meat of cattle with the bone, fresh or chilled","2002","2002","7021","Annual value","USD","1680.9","A","Official value"
"PP","Producer Prices","724","Spain","5532","Producer Price (USD/tonne)","21111.01","Meat of cattle with the bone, fresh or chilled","2003","2003","7021","Annual value","USD","1979.6","A","Official value"
"PP","Producer Prices","724","Spain","5532","Producer Price (USD/tonne)","21111.01","Meat of cattle with the bone, fresh or chilled","2004","2004","7021","Annual value","USD","2081","A","Official value"
"PP","Producer Prices","724","Spain","5532","Producer Price (USD/tonne)","21111.01","Meat of cattle with the bone, fresh or chilled","2005","2005","7021","Annual value","USD","2188.7","A","Official value"
"PP","Producer Prices","724","Spain","5532","Producer Price (USD/tonne)","21111.01","Meat of cattle with the bone, fresh or chilled","2006","2006","7021","Annual value","USD","2543.5","A","Official value"
"PP","Producer Prices","724","Spain","5532","Producer Price (USD/tonne)","21111.01","Meat of cattle with the bone, fresh or chilled","2015","2015","7021","Annual value","USD","2561.9","A","Official value"
"PP","Producer Prices","724","Spain","5532","Producer Price (USD/tonne)","21111.01","Meat of cattle with the bone, fresh or chilled","2016","2016","7021","Annual value","USD","2650.8","A","Official value"
"PP","Producer Prices","724","Spain","5532","Producer Price (USD/tonne)","21111.01","Meat of cattle with the bone, fresh or chilled","2017","2017","7021","Annual value","USD","2808.2","A","Official value"
"PP","Producer Prices","724","Spain","5532","Producer Price (USD/tonne)","21111.01","Meat of cattle with the bone, fresh or chilled","2018","2018","7021","Annual value","USD","2776.2","A","Official value"
"PP","Producer Prices","724","Spain","5532","Producer Price (USD/tonne)","21111.01","Meat of cattle with the bone, fresh or chilled","2019","2019","7021","Annual value","USD","2537.7","A","Official value"
"PP","Producer Prices","724","Spain","5532","Producer Price (USD/tonne)","21111.01","Meat of cattle with the bone, fresh or chilled","2020","2020","7021","Annual value","USD","2460.4","A","Official value"
"PP","Producer Prices","724","Spain","5532","Producer Price (USD/tonne)","21111.01","Meat of cattle with the bone, fresh or chilled","2021","2021","7021","Annual value","USD","2693.2","A","Official value"
"PP","Producer Prices","724","Spain","5532","Producer Price (USD/tonne)","21111.01","Meat of cattle with the bone, fresh or chilled","2022","2022","7021","Annual value","USD","3030.9","A","Official value"
"PP","Producer Prices","724","Spain","5532","Producer Price (USD/tonne)","21111.01","Meat of cattle with the bone, fresh or chilled","2023","2023","7021","Annual value","USD","3504.2","A","Official value"
"PP","Producer Prices","724","Spain","5532","Producer Price (USD/tonne)","21111.01","Meat of cattle with the bone, fresh or chilled","2024","2024","7021","Annual value","USD","3903.5","A","Official value"
"PP","Producer Prices","724","Spain","5532","Producer Price (USD/tonne)","0141","Soya beans","1991","1991","7021","Annual value","USD","454.4","A","Official value"
"PP","Producer Prices","724","Spain","5532","Producer Price (USD/tonne)","0141","Soya beans","1992","1992","7021","Annual value","USD","201.8","A","Official value"
"PP","Producer Prices","724","Spain","5532","Producer Price (USD/tonne)","0141","Soya beans","1993","1993","7021","Annual value","USD","208.3","A","Official value"
"PP","Producer Prices","724","Spain","5532","Producer Price (USD/tonne)","0141","Soya beans","1994","1994","7021","Annual value","USD","243.6","A","Official value"
"PP","Producer Prices","724","Spain","5532","Producer Price (USD/tonne)","0141","Soya beans","1995","1995","7021","Annual value","USD","262.6","A","Official value"
"PP","Producer Prices","724","Spain","5532","Producer Price (USD/tonne)","0141","Soya beans","1996","1996","7021","Annual value","USD","239.5","A","Official value"
"PP","Producer Prices","724","Spain","5532","Producer Price (USD/tonne)","0141","Soya beans","1997","1997","7021","Annual value","USD","224.2","A","Official value"
"PP","Producer Prices","724","Spain","5532","Producer Price (USD/tonne)","0141","Soya beans","1998","1998","7021","Annual value","USD","207.6","A","Official value"
"PP","Producer Prices","724","Spain","5532","Producer Price (USD/tonne)","0141","Soya beans","1999","1999","7021","Annual value","USD","208.5","A","Official value"
"PP","Producer Prices","724","Spain","5532","Producer Price (USD/tonne)","0141","Soya beans","2000","2000","7021","Annual value","USD","196.4","A","Official value"
"PP","Producer Prices","724","Spain","5532","Producer Price (USD/tonne)","0141","Soya beans","2001","2001","7021","Annual value","USD","210.9","A","Official value"
"PP","Producer Prices","724","Spain","5532","Producer Price (USD/tonne)","0141","Soya beans","2002","2002","7021","Annual value","USD","176","A","Official value"
"PP","Producer Prices","724","Spain","5532","Producer Price (USD/tonne)","0141","Soya beans","2003","2003","7021","Annual value","USD","241.5","A","Official value"
"PP","Producer Prices","724","Spain","5532","Producer Price (USD/tonne)","0141","Soya beans","2004","2004","7021","Annual value","USD","293","A","Official value"
"PP","Producer Prices","724","Spain","5532","Producer Price (USD/tonne)","0141","Soya beans","2005","2005","7021","Annual value","USD","268.6","A","Official value"
"PP","Producer Prices","724","Spain","5532","Producer Price (USD/tonne)","0141","Soya beans","2006","2006","7021","Annual value","USD","268.1","A","Official value"
"PP","Producer Prices","724","Spain","5532","Producer Price (USD/tonne)","0141","Soya beans","2007","2007","7021","Annual value","USD","335","A","Official value"
"PP","Producer Prices","724","Spain","5532","Producer Price (USD/tonne)","0141","Soya beans","2008","2008","7021","Annual value","USD","399.9","A","Official value"
"PP","Producer Prices","724","Spain","5532","Producer Price (USD/tonne)","0141","Soya beans","2009","2009","7021","Annual value","USD","428.6","A","Official value"
"PP","Producer Prices","724","Spain","5532","Producer Price (USD/tonne)","0141","Soya beans","2010","2010","7021","Annual value","USD","432.8","A","Official value"
"PP","Producer Prices","724","Spain","5532","Producer Price (USD/tonne)","0141","Soya beans","2011","2011","7021","Annual value","USD","467.2","A","Official value"
"PP","Producer Prices","724","Spain","5532","Producer Price (USD/tonne)","0141","Soya beans","2012","2012","7021","Annual value","USD","567","A","Official value"
"PP","Producer Prices","724","Spain","5532","Producer Price (USD/tonne)","0141","Soya beans","2013","2013","7021","Annual value","USD","589.1","A","Official value"
"PP","Producer Prices","724","Spain","5532","Producer Price (USD/tonne)","0141","Soya beans","2014","2014","7021","Annual value","USD","654.9","A","Official value"
"PP","Producer Prices","724","Spain","5532","Producer Price (USD/tonne)","0141","Soya beans","2015","2015","7021","Annual value","USD","528.3","A","Official value"
"PP","Producer Prices","724","Spain","5532","Producer Price (USD/tonne)","0141","Soya beans","2016","2016","7021","Annual value","USD","507.8","A","Official value"
"PP","Producer Prices","724","Spain","5532","Producer Price (USD/tonne)","0141","Soya beans","2017","2017","7021","Annual value","USD","514.1","A","Official value"
"PP","Producer Prices","724","Spain","5532","Producer Price (USD/tonne)","0141","Soya beans","2018","2018","7021","Annual value","USD","566.3","A","Official value"
"PP","Producer Prices","724","Spain","5532","Producer Price (USD/tonne)","0141","Soya beans","2019","2019","7021","Annual value","USD","532.2","A","Official value"
"PP","Producer Prices","724","Spain","5532","Producer Price (USD/tonne)","0141","Soya beans","2020","2020","7021","Annual value","USD","553.3","A","Official value"
"PP","Producer Prices","724","Spain","5532","Producer Price (USD/tonne)","0141","Soya beans","2021","2021","7021","Annual value","USD","624.8","A","Official value"
"PP","Producer Prices","724","Spain","5532","Producer Price (USD/tonne)","0141","Soya beans","2022","2022","7021","Annual value","USD","710","A","Official value"
"PP","Producer Prices","724","Spain","5532","Producer Price (USD/tonne)","0141","Soya beans","2023","2023","7021","Annual value","USD","633","A","Official value"
"PP","Producer Prices","724","Spain","5532","Producer Price (USD/tonne)","0141","Soya beans","2024","2024","7021","Annual value","USD","601.4","A","Official value"
"PP","Producer Prices","144","Sri Lanka","5532","Producer Price (USD/tonne)","21111.01","Meat of cattle with the bone, fresh or chilled","1993","1993","7021","Annual value","USD","519.3","A","Official value"
"PP","Producer Prices","144","Sri Lanka","5532","Producer Price (USD/tonne)","21111.01","Meat of cattle with the bone, fresh or chilled","1994","1994","7021","Annual value","USD","547.5","A","Official value"
"PP","Producer Prices","144","Sri Lanka","5532","Producer Price (USD/tonne)","21111.01","Meat of cattle with the bone, fresh or chilled","1995","1995","7021","Annual value","USD","589.6","A","Official value"
"PP","Producer Prices","144","Sri Lanka","5532","Producer Price (USD/tonne)","21111.01","Meat of cattle with the bone, fresh or chilled","1996","1996","7021","Annual value","USD","657.9","A","Official value"
"PP","Producer Prices","144","Sri Lanka","5532","Producer Price (USD/tonne)","21111.01","Meat of cattle with the bone, fresh or chilled","1997","1997","7021","Annual value","USD","683.1","A","Official value"
"PP","Producer Prices","144","Sri Lanka","5532","Producer Price (USD/tonne)","21111.01","Meat of cattle with the bone, fresh or chilled","1998","1998","7021","Annual value","USD","665.4","A","Official value"
"PP","Producer Prices","144","Sri Lanka","5532","Producer Price (USD/tonne)","21111.01","Meat of cattle with the bone, fresh or chilled","1999","1999","7021","Annual value","USD","678.5","A","Official value"
"PP","Producer Prices","144","Sri Lanka","5532","Producer Price (USD/tonne)","21111.01","Meat of cattle with the bone, fresh or chilled","2000","2000","7021","Annual value","USD","640","A","Official value"
"PP","Producer Prices","144","Sri Lanka","5532","Producer Price (USD/tonne)","21111.01","Meat of cattle with the bone, fresh or chilled","2001","2001","7021","Annual value","USD","572.7","A","Official value"
"PP","Producer Prices","144","Sri Lanka","5532","Producer Price (USD/tonne)","21111.01","Meat of cattle with the bone, fresh or chilled","2002","2002","7021","Annual value","USD","547.5","A","Official value"
"PP","Producer Prices","144","Sri Lanka","5532","Producer Price (USD/tonne)","21111.01","Meat of cattle with the bone, fresh or chilled","2003","2003","7021","Annual value","USD","583.9","A","Official value"
"PP","Producer Prices","144","Sri Lanka","5532","Producer Price (USD/tonne)","21111.01","Meat of cattle with the bone, fresh or chilled","2008","2008","7021","Annual value","USD","955.3","A","Official value"
"PP","Producer Prices","144","Sri Lanka","5532","Producer Price (USD/tonne)","21111.01","Meat of cattle with the bone, fresh or chilled","2009","2009","7021","Annual value","USD","990.3","A","Official value"
"PP","Producer Prices","144","Sri Lanka","5532","Producer Price (USD/tonne)","21111.01","Meat of cattle with the bone, fresh or chilled","2010","2010","7021","Annual value","USD","1132.3","A","Official value"
"PP","Producer Prices","144","Sri Lanka","5532","Producer Price (USD/tonne)","21111.01","Meat of cattle with the bone, fresh or chilled","2011","2011","7021","Annual value","USD","1183.1","A","Official value"
"PP","Producer Prices","144","Sri Lanka","5532","Producer Price (USD/tonne)","21111.01","Meat of cattle with the bone, fresh or chilled","2012","2012","7021","Annual value","USD","1124.4","A","Official value"
"PP","Producer Prices","144","Sri Lanka","5532","Producer Price (USD/tonne)","21111.01","Meat of cattle with the bone, fresh or chilled","2013","2013","7021","Annual value","USD","1219.8","A","Official value"
"PP","Producer Prices","144","Sri Lanka","5532","Producer Price (USD/tonne)","21111.01","Meat of cattle with the bone, fresh or chilled","2014","2014","7021","Annual value","USD","1250.1","A","Official value"
"PP","Producer Prices","144","Sri Lanka","5532","Producer Price (USD/tonne)","21111.01","Meat of cattle with the bone, fresh or chilled","2021","2021","7021","Annual value","USD","3995.1","A","Official value"
"PP","Producer Prices","144","Sri Lanka","5532","Producer Price (USD/tonne)","21111.01","Meat of cattle with the bone, fresh or chilled","2023","2023","7021","Annual value","USD","5165","A","Official value"
"PP","Producer Prices","144","Sri Lanka","5532","Producer Price (USD/tonne)","21111.01","Meat of cattle with the bone, fresh or chilled","2024","2024","7021","Annual value","USD","6039.7","A","Official value"
"PP","Producer Prices","144","Sri Lanka","5532","Producer Price (USD/tonne)","0141","Soya beans","1991","1991","7021","Annual value","USD","310.4","A","Official value"
"PP","Producer Prices","144","Sri Lanka","5532","Producer Price (USD/tonne)","0141","Soya beans","1992","1992","7021","Annual value","USD","337.2","A","Official value"
"PP","Producer Prices","144","Sri Lanka","5532","Producer Price (USD/tonne)","0141","Soya beans","1993","1993","7021","Annual value","USD","324.5","A","Official value"
"PP","Producer Prices","144","Sri Lanka","5532","Producer Price (USD/tonne)","0141","Soya beans","1994","1994","7021","Annual value","USD","324.8","A","Official value"
"PP","Producer Prices","144","Sri Lanka","5532","Producer Price (USD/tonne)","0141","Soya beans","1995","1995","7021","Annual value","USD","367.4","A","Official value"
"PP","Producer Prices","144","Sri Lanka","5532","Producer Price (USD/tonne)","0141","Soya beans","1996","1996","7021","Annual value","USD","392.8","A","Official value"
"PP","Producer Prices","144","Sri Lanka","5532","Producer Price (USD/tonne)","0141","Soya beans","1997","1997","7021","Annual value","USD","395.6","A","Official value"
"PP","Producer Prices","144","Sri Lanka","5532","Producer Price (USD/tonne)","0141","Soya beans","1998","1998","7021","Annual value","USD","445.8","A","Official value"
"PP","Producer Prices","144","Sri Lanka","5532","Producer Price (USD/tonne)","0141","Soya beans","1999","1999","7021","Annual value","USD","405.7","A","Official value"
"PP","Producer Prices","144","Sri Lanka","5532","Producer Price (USD/tonne)","0141","Soya beans","2000","2000","7021","Annual value","USD","410.8","A","Official value"
"PP","Producer Prices","144","Sri Lanka","5532","Producer Price (USD/tonne)","0141","Soya beans","2001","2001","7021","Annual value","USD","527.6","A","Official value"
"PP","Producer Prices","144","Sri Lanka","5532","Producer Price (USD/tonne)","0141","Soya beans","2002","2002","7021","Annual value","USD","456.4","A","Official value"
"PP","Producer Prices","144","Sri Lanka","5532","Producer Price (USD/tonne)","0141","Soya beans","2003","2003","7021","Annual value","USD","375","A","Official value"
"PP","Producer Prices","144","Sri Lanka","5532","Producer Price (USD/tonne)","0141","Soya beans","2004","2004","7021","Annual value","USD","316.2","A","Official value"
"PP","Producer Prices","144","Sri Lanka","5532","Producer Price (USD/tonne)","0141","Soya beans","2005","2005","7021","Annual value","USD","394.7","A","Official value"
"PP","Producer Prices","144","Sri Lanka","5532","Producer Price (USD/tonne)","0141","Soya beans","2006","2006","7021","Annual value","USD","422.8","A","Official value"
"PP","Producer Prices","144","Sri Lanka","5532","Producer Price (USD/tonne)","0141","Soya beans","2007","2007","7021","Annual value","USD","449.2","A","Official value"
"PP","Producer Prices","144","Sri Lanka","5532","Producer Price (USD/tonne)","0141","Soya beans","2009","2009","7021","Annual value","USD","664.5","A","Official value"
"PP","Producer Prices","144","Sri Lanka","5532","Producer Price (USD/tonne)","0141","Soya beans","2010","2010","7021","Annual value","USD","663.8","A","Official value"
"PP","Producer Prices","144","Sri Lanka","5532","Producer Price (USD/tonne)","0141","Soya beans","2011","2011","7021","Annual value","USD","538.3","A","Official value"
"PP","Producer Prices","144","Sri Lanka","5532","Producer Price (USD/tonne)","0141","Soya beans","2012","2012","7021","Annual value","USD","636.2","A","Official value"
"PP","Producer Prices","144","Sri Lanka","5532","Producer Price (USD/tonne)","0141","Soya beans","2013","2013","7021","Annual value","USD","699.8","A","Official value"
"PP","Producer Prices","144","Sri Lanka","5532","Producer Price (USD/tonne)","0141","Soya beans","2015","2015","7021","Annual value","USD","974.7","A","Official value"
"PP","Producer Prices","144","Sri Lanka","5532","Producer Price (USD/tonne)","0141","Soya beans","2016","2016","7021","Annual value","USD","1201.8","A","Official value"
"PP","Producer Prices","144","Sri Lanka","5532","Producer Price (USD/tonne)","0141","Soya beans","2017","2017","7021","Annual value","USD","552.8","A","Official value"
"PP","Producer Prices","144","Sri Lanka","5532","Producer Price (USD/tonne)","0141","Soya beans","2018","2018","7021","Annual value","USD","510.9","A","Official value"
"PP","Producer Prices","144","Sri Lanka","5532","Producer Price (USD/tonne)","0141","Soya beans","2019","2019","7021","Annual value","USD","609.8","A","Official value"
"PP","Producer Prices","144","Sri Lanka","5532","Producer Price (USD/tonne)","0141","Soya beans","2020","2020","7021","Annual value","USD","552.9","A","Official value"
"PP","Producer Prices","144","Sri Lanka","5532","Producer Price (USD/tonne)","0141","Soya beans","2021","2021","7021","Annual value","USD","547.5","A","Official value"
"PP","Producer Prices","144","Sri Lanka","5532","Producer Price (USD/tonne)","0141","Soya beans","2022","2022","7021","Annual value","USD","850.7","A","Official value"
"PP","Producer Prices","144","Sri Lanka","5532","Producer Price (USD/tonne)","0141","Soya beans","2023","2023","7021","Annual value","USD","870.2","A","Official value"
"PP","Producer Prices","144","Sri Lanka","5532","Producer Price (USD/tonne)","0141","Soya beans","2024","2024","7021","Annual value","USD","920","A","Official value"
"PP","Producer Prices","736","Sudan (former)","5532","Producer Price (USD/tonne)","21111.01","Meat of cattle with the bone, fresh or chilled","2001","2001","7021","Annual value","USD","1825.7","A","Official value"
"PP","Producer Prices","736","Sudan (former)","5532","Producer Price (USD/tonne)","21111.01","Meat of cattle with the bone, fresh or chilled","2002","2002","7021","Annual value","USD","1705.3","A","Official value"
"PP","Producer Prices","736","Sudan (former)","5532","Producer Price (USD/tonne)","21111.01","Meat of cattle with the bone, fresh or chilled","2003","2003","7021","Annual value","USD","1947.7","A","Official value"
"PP","Producer Prices","740","Suriname","5532","Producer Price (USD/tonne)","21111.01","Meat of cattle with the bone, fresh or chilled","1991","1991","7021","Annual value","USD","2186.1","A","Official value"
"PP","Producer Prices","740","Suriname","5532","Producer Price (USD/tonne)","21111.01","Meat of cattle with the bone, fresh or chilled","1992","1992","7021","Annual value","USD","2761.8","A","Official value"
"PP","Producer Prices","740","Suriname","5532","Producer Price (USD/tonne)","21111.01","Meat of cattle with the bone, fresh or chilled","1993","1993","7021","Annual value","USD","2196.1","A","Official value"
"PP","Producer Prices","740","Suriname","5532","Producer Price (USD/tonne)","21111.01","Meat of cattle with the bone, fresh or chilled","1994","1994","7021","Annual value","USD","2500","A","Official value"
"PP","Producer Prices","740","Suriname","5532","Producer Price (USD/tonne)","21111.01","Meat of cattle with the bone, fresh or chilled","1995","1995","7021","Annual value","USD","1389","A","Official value"
"PP","Producer Prices","740","Suriname","5532","Producer Price (USD/tonne)","21111.01","Meat of cattle with the bone, fresh or chilled","1996","1996","7021","Annual value","USD","1615.9","A","Official value"
"PP","Producer Prices","740","Suriname","5532","Producer Price (USD/tonne)","21111.01","Meat of cattle with the bone, fresh or chilled","1997","1997","7021","Annual value","USD","1668.5","A","Official value"
"PP","Producer Prices","740","Suriname","5532","Producer Price (USD/tonne)","21111.01","Meat of cattle with the bone, fresh or chilled","1998","1998","7021","Annual value","USD","2079.2","A","Official value"
"PP","Producer Prices","740","Suriname","5532","Producer Price (USD/tonne)","21111.01","Meat of cattle with the bone, fresh or chilled","1999","1999","7021","Annual value","USD","1019.1","A","Official value"
"PP","Producer Prices","740","Suriname","5532","Producer Price (USD/tonne)","21111.01","Meat of cattle with the bone, fresh or chilled","2000","2000","7021","Annual value","USD","1746.7","A","Official value"
"PP","Producer Prices","740","Suriname","5532","Producer Price (USD/tonne)","21111.01","Meat of cattle with the bone, fresh or chilled","2001","2001","7021","Annual value","USD","1492.1","A","Official value"
"PP","Producer Prices","740","Suriname","5532","Producer Price (USD/tonne)","21111.01","Meat of cattle with the bone, fresh or chilled","2002","2002","7021","Annual value","USD","2343.7","A","Official value"
"PP","Producer Prices","740","Suriname","5532","Producer Price (USD/tonne)","21111.01","Meat of cattle with the bone, fresh or chilled","2003","2003","7021","Annual value","USD","3600.1","A","Official value"
"PP","Producer Prices","740","Suriname","5532","Producer Price (USD/tonne)","21111.01","Meat of cattle with the bone, fresh or chilled","2004","2004","7021","Annual value","USD","3475.3","A","Official value"
"PP","Producer Prices","740","Suriname","5532","Producer Price (USD/tonne)","21111.01","Meat of cattle with the bone, fresh or chilled","2005","2005","7021","Annual value","USD","3660.8","A","Official value"
"PP","Producer Prices","740","Suriname","5532","Producer Price (USD/tonne)","21111.01","Meat of cattle with the bone, fresh or chilled","2006","2006","7021","Annual value","USD","3644.6","A","Official value"
"PP","Producer Prices","740","Suriname","5532","Producer Price (USD/tonne)","21111.01","Meat of cattle with the bone, fresh or chilled","2007","2007","7021","Annual value","USD","3825.1","A","Official value"
"PP","Producer Prices","740","Suriname","5532","Producer Price (USD/tonne)","21111.01","Meat of cattle with the bone, fresh or chilled","2008","2008","7021","Annual value","USD","3741.3","A","Official value"
"PP","Producer Prices","740","Suriname","5532","Producer Price (USD/tonne)","21111.01","Meat of cattle with the bone, fresh or chilled","2009","2009","7021","Annual value","USD","3825.1","A","Official value"
"PP","Producer Prices","740","Suriname","5532","Producer Price (USD/tonne)","21111.01","Meat of cattle with the bone, fresh or chilled","2010","2010","7021","Annual value","USD","4462","A","Official value"
"PP","Producer Prices","740","Suriname","5532","Producer Price (USD/tonne)","21111.01","Meat of cattle with the bone, fresh or chilled","2011","2011","7021","Annual value","USD","5355","A","Official value"
"PP","Producer Prices","740","Suriname","5532","Producer Price (USD/tonne)","21111.01","Meat of cattle with the bone, fresh or chilled","2012","2012","7021","Annual value","USD","6136.4","A","Official value"
"PP","Producer Prices","740","Suriname","5532","Producer Price (USD/tonne)","21111.01","Meat of cattle with the bone, fresh or chilled","2013","2013","7021","Annual value","USD","6212.1","A","Official value"
"PP","Producer Prices","740","Suriname","5532","Producer Price (USD/tonne)","21111.01","Meat of cattle with the bone, fresh or chilled","2014","2014","7021","Annual value","USD","6363.6","A","Official value"
"PP","Producer Prices","740","Suriname","5532","Producer Price (USD/tonne)","21111.01","Meat of cattle with the bone, fresh or chilled","2015","2015","7021","Annual value","USD","6439","A","Official value"
"PP","Producer Prices","740","Suriname","5532","Producer Price (USD/tonne)","21111.01","Meat of cattle with the bone, fresh or chilled","2016","2016","7021","Annual value","USD","3532.1","A","Official value"
"PP","Producer Prices","740","Suriname","5532","Producer Price (USD/tonne)","21111.01","Meat of cattle with the bone, fresh or chilled","2017","2017","7021","Annual value","USD","5008.2","A","Official value"
"PP","Producer Prices","740","Suriname","5532","Producer Price (USD/tonne)","21111.01","Meat of cattle with the bone, fresh or chilled","2018","2018","7021","Annual value","USD","5862.6","A","Official value"
"PP","Producer Prices","740","Suriname","5532","Producer Price (USD/tonne)","21111.01","Meat of cattle with the bone, fresh or chilled","2019","2019","7021","Annual value","USD","7240.5","A","Official value"
"PP","Producer Prices","740","Suriname","5532","Producer Price (USD/tonne)","0141","Soya beans","1991","1991","7021","Annual value","USD","1406.4","A","Official value"
"PP","Producer Prices","740","Suriname","5532","Producer Price (USD/tonne)","0141","Soya beans","1992","1992","7021","Annual value","USD","1607.4","A","Official value"
"PP","Producer Prices","740","Suriname","5532","Producer Price (USD/tonne)","0141","Soya beans","1993","1993","7021","Annual value","USD","944.3","A","Official value"
"PP","Producer Prices","740","Suriname","5532","Producer Price (USD/tonne)","0141","Soya beans","1994","1994","7021","Annual value","USD","600","A","Official value"
"PP","Producer Prices","740","Suriname","5532","Producer Price (USD/tonne)","0141","Soya beans","1995","1995","7021","Annual value","USD","953.1","A","Official value"
"PP","Producer Prices","740","Suriname","5532","Producer Price (USD/tonne)","0141","Soya beans","1996","1996","7021","Annual value","USD","1334.1","A","Official value"
"PP","Producer Prices","740","Suriname","5532","Producer Price (USD/tonne)","0141","Soya beans","1997","1997","7021","Annual value","USD","1992.2","A","Official value"
"PP","Producer Prices","740","Suriname","5532","Producer Price (USD/tonne)","0141","Soya beans","1998","1998","7021","Annual value","USD","3411.3","A","Official value"
"PP","Producer Prices","740","Suriname","5532","Producer Price (USD/tonne)","0141","Soya beans","1999","1999","7021","Annual value","USD","2158.1","A","Official value"
"PP","Producer Prices","740","Suriname","5532","Producer Price (USD/tonne)","0141","Soya beans","2000","2000","7021","Annual value","USD","2079.4","A","Official value"
"PP","Producer Prices","740","Suriname","5532","Producer Price (USD/tonne)","0141","Soya beans","2001","2001","7021","Annual value","USD","2346.9","A","Official value"
"PP","Producer Prices","740","Suriname","5532","Producer Price (USD/tonne)","0141","Soya beans","2002","2002","7021","Annual value","USD","2177.5","A","Official value"
"PP","Producer Prices","740","Suriname","5532","Producer Price (USD/tonne)","0141","Soya beans","2003","2003","7021","Annual value","USD","2191.2","A","Official value"
"PP","Producer Prices","740","Suriname","5532","Producer Price (USD/tonne)","0141","Soya beans","2004","2004","7021","Annual value","USD","1920.6","A","Official value"
"PP","Producer Prices","740","Suriname","5532","Producer Price (USD/tonne)","0141","Soya beans","2005","2005","7021","Annual value","USD","1464.3","A","Official value"
"PP","Producer Prices","740","Suriname","5532","Producer Price (USD/tonne)","0141","Soya beans","2006","2006","7021","Annual value","USD","1352.2","A","Official value"
"PP","Producer Prices","740","Suriname","5532","Producer Price (USD/tonne)","0141","Soya beans","2007","2007","7021","Annual value","USD","1531.9","A","Official value"
"PP","Producer Prices","740","Suriname","5532","Producer Price (USD/tonne)","0141","Soya beans","2008","2008","7021","Annual value","USD","2116.6","A","Official value"
"PP","Producer Prices","740","Suriname","5532","Producer Price (USD/tonne)","0141","Soya beans","2009","2009","7021","Annual value","USD","1577.4","A","Official value"
"PP","Producer Prices","740","Suriname","5532","Producer Price (USD/tonne)","0141","Soya beans","2010","2010","7021","Annual value","USD","2609.8","A","Official value"
"PP","Producer Prices","740","Suriname","5532","Producer Price (USD/tonne)","0141","Soya beans","2011","2011","7021","Annual value","USD","2243","A","Official value"
"PP","Producer Prices","740","Suriname","5532","Producer Price (USD/tonne)","0141","Soya beans","2012","2012","7021","Annual value","USD","2791.8","A","Official value"
"PP","Producer Prices","740","Suriname","5532","Producer Price (USD/tonne)","0141","Soya beans","2013","2013","7021","Annual value","USD","3757.6","A","Official value"
"PP","Producer Prices","740","Suriname","5532","Producer Price (USD/tonne)","0141","Soya beans","2014","2014","7021","Annual value","USD","3657.6","A","Official value"
"PP","Producer Prices","740","Suriname","5532","Producer Price (USD/tonne)","0141","Soya beans","2015","2015","7021","Annual value","USD","3315.5","A","Official value"
"PP","Producer Prices","740","Suriname","5532","Producer Price (USD/tonne)","0141","Soya beans","2016","2016","7021","Annual value","USD","2809.6","A","Official value"
"PP","Producer Prices","740","Suriname","5532","Producer Price (USD/tonne)","0141","Soya beans","2017","2017","7021","Annual value","USD","2143.5","A","Official value"
"PP","Producer Prices","740","Suriname","5532","Producer Price (USD/tonne)","0141","Soya beans","2018","2018","7021","Annual value","USD","1721.9","A","Official value"
"PP","Producer Prices","740","Suriname","5532","Producer Price (USD/tonne)","0141","Soya beans","2019","2019","7021","Annual value","USD","3077.2","A","Official value"
"PP","Producer Prices","740","Suriname","5532","Producer Price (USD/tonne)","0141","Soya beans","2020","2020","7021","Annual value","USD","2846.5","A","Official value"
"PP","Producer Prices","740","Suriname","5532","Producer Price (USD/tonne)","0141","Soya beans","2021","2021","7021","Annual value","USD","2564.9","A","Official value"
"PP","Producer Prices","752","Sweden","5532","Producer Price (USD/tonne)","21111.01","Meat of cattle with the bone, fresh or chilled","1991","1991","7021","Annual value","USD","4076.1","A","Official value"
"PP","Producer Prices","752","Sweden","5532","Producer Price (USD/tonne)","21111.01","Meat of cattle with the bone, fresh or chilled","1992","1992","7021","Annual value","USD","4514.2","A","Official value"
"PP","Producer Prices","752","Sweden","5532","Producer Price (USD/tonne)","21111.01","Meat of cattle with the bone, fresh or chilled","1993","1993","7021","Annual value","USD","3319.9","A","Official value"
"PP","Producer Prices","752","Sweden","5532","Producer Price (USD/tonne)","21111.01","Meat of cattle with the bone, fresh or chilled","1994","1994","7021","Annual value","USD","3341.1","A","Official value"
"PP","Producer Prices","752","Sweden","5532","Producer Price (USD/tonne)","21111.01","Meat of cattle with the bone, fresh or chilled","1995","1995","7021","Annual value","USD","3217.3","A","Official value"
"PP","Producer Prices","752","Sweden","5532","Producer Price (USD/tonne)","21111.01","Meat of cattle with the bone, fresh or chilled","1996","1996","7021","Annual value","USD","2915.3","A","Official value"
"PP","Producer Prices","752","Sweden","5532","Producer Price (USD/tonne)","21111.01","Meat of cattle with the bone, fresh or chilled","1997","1997","7021","Annual value","USD","2437.5","A","Official value"
"PP","Producer Prices","752","Sweden","5532","Producer Price (USD/tonne)","21111.01","Meat of cattle with the bone, fresh or chilled","1998","1998","7021","Annual value","USD","2456.6","A","Official value"
"PP","Producer Prices","752","Sweden","5532","Producer Price (USD/tonne)","21111.01","Meat of cattle with the bone, fresh or chilled","1999","1999","7021","Annual value","USD","2201.5","A","Official value"
"PP","Producer Prices","752","Sweden","5532","Producer Price (USD/tonne)","21111.01","Meat of cattle with the bone, fresh or chilled","2000","2000","7021","Annual value","USD","1996.2","A","Official value"
"PP","Producer Prices","752","Sweden","5532","Producer Price (USD/tonne)","21111.01","Meat of cattle with the bone, fresh or chilled","2001","2001","7021","Annual value","USD","1767.8","A","Official value"
"PP","Producer Prices","752","Sweden","5532","Producer Price (USD/tonne)","21111.01","Meat of cattle with the bone, fresh or chilled","2002","2002","7021","Annual value","USD","1776.7","A","Official value"
"PP","Producer Prices","752","Sweden","5532","Producer Price (USD/tonne)","21111.01","Meat of cattle with the bone, fresh or chilled","2003","2003","7021","Annual value","USD","2124.6","A","Official value"
"PP","Producer Prices","756","Switzerland","5532","Producer Price (USD/tonne)","21111.01","Meat of cattle with the bone, fresh or chilled","1991","1991","7021","Annual value","USD","6624.2","A","Official value"
"PP","Producer Prices","756","Switzerland","5532","Producer Price (USD/tonne)","21111.01","Meat of cattle with the bone, fresh or chilled","1992","1992","7021","Annual value","USD","6259.3","A","Official value"
"PP","Producer Prices","756","Switzerland","5532","Producer Price (USD/tonne)","21111.01","Meat of cattle with the bone, fresh or chilled","1993","1993","7021","Annual value","USD","5975.8","A","Official value"
"PP","Producer Prices","756","Switzerland","5532","Producer Price (USD/tonne)","21111.01","Meat of cattle with the bone, fresh or chilled","1997","1997","7021","Annual value","USD","4418.8","A","Official value"
"PP","Producer Prices","756","Switzerland","5532","Producer Price (USD/tonne)","21111.01","Meat of cattle with the bone, fresh or chilled","1998","1998","7021","Annual value","USD","4583.3","A","Official value"
"PP","Producer Prices","756","Switzerland","5532","Producer Price (USD/tonne)","21111.01","Meat of cattle with the bone, fresh or chilled","1999","1999","7021","Annual value","USD","4379","A","Official value"
"PP","Producer Prices","756","Switzerland","5532","Producer Price (USD/tonne)","21111.01","Meat of cattle with the bone, fresh or chilled","2000","2000","7021","Annual value","USD","5021.8","A","Official value"
"PP","Producer Prices","756","Switzerland","5532","Producer Price (USD/tonne)","21111.01","Meat of cattle with the bone, fresh or chilled","2001","2001","7021","Annual value","USD","4161.5","A","Official value"
"PP","Producer Prices","756","Switzerland","5532","Producer Price (USD/tonne)","21111.01","Meat of cattle with the bone, fresh or chilled","2002","2002","7021","Annual value","USD","4575.9","A","Official value"
"PP","Producer Prices","756","Switzerland","5532","Producer Price (USD/tonne)","21111.01","Meat of cattle with the bone, fresh or chilled","2003","2003","7021","Annual value","USD","5965.2","A","Official value"
"PP","Producer Prices","756","Switzerland","5532","Producer Price (USD/tonne)","21111.01","Meat of cattle with the bone, fresh or chilled","2004","2004","7021","Annual value","USD","6866.1","A","Official value"
"PP","Producer Prices","756","Switzerland","5532","Producer Price (USD/tonne)","21111.01","Meat of cattle with the bone, fresh or chilled","2005","2005","7021","Annual value","USD","6732.4","A","Official value"
"PP","Producer Prices","756","Switzerland","5532","Producer Price (USD/tonne)","21111.01","Meat of cattle with the bone, fresh or chilled","2006","2006","7021","Annual value","USD","6979.3","A","Official value"
"PP","Producer Prices","756","Switzerland","5532","Producer Price (USD/tonne)","21111.01","Meat of cattle with the bone, fresh or chilled","2007","2007","7021","Annual value","USD","7507.7","A","Official value"
"PP","Producer Prices","756","Switzerland","5532","Producer Price (USD/tonne)","21111.01","Meat of cattle with the bone, fresh or chilled","2008","2008","7021","Annual value","USD","8496.1","A","Official value"
"PP","Producer Prices","756","Switzerland","5532","Producer Price (USD/tonne)","21111.01","Meat of cattle with the bone, fresh or chilled","2009","2009","7021","Annual value","USD","7821.6","A","Official value"
"PP","Producer Prices","756","Switzerland","5532","Producer Price (USD/tonne)","21111.01","Meat of cattle with the bone, fresh or chilled","2010","2010","7021","Annual value","USD","8092.8","A","Official value"
"PP","Producer Prices","756","Switzerland","5532","Producer Price (USD/tonne)","21111.01","Meat of cattle with the bone, fresh or chilled","2011","2011","7021","Annual value","USD","9523.2","A","Official value"
"PP","Producer Prices","756","Switzerland","5532","Producer Price (USD/tonne)","21111.01","Meat of cattle with the bone, fresh or chilled","2012","2012","7021","Annual value","USD","9120.3","A","Official value"
"PP","Producer Prices","756","Switzerland","5532","Producer Price (USD/tonne)","21111.01","Meat of cattle with the bone, fresh or chilled","2013","2013","7021","Annual value","USD","9525.3","A","Official value"
"PP","Producer Prices","756","Switzerland","5532","Producer Price (USD/tonne)","21111.01","Meat of cattle with the bone, fresh or chilled","2014","2014","7021","Annual value","USD","9771.3","A","Official value"
"PP","Producer Prices","756","Switzerland","5532","Producer Price (USD/tonne)","21111.01","Meat of cattle with the bone, fresh or chilled","2015","2015","7021","Annual value","USD","9788.2","A","Official value"
"PP","Producer Prices","756","Switzerland","5532","Producer Price (USD/tonne)","21111.01","Meat of cattle with the bone, fresh or chilled","2016","2016","7021","Annual value","USD","9528.2","A","Official value"
"PP","Producer Prices","756","Switzerland","5532","Producer Price (USD/tonne)","21111.01","Meat of cattle with the bone, fresh or chilled","2017","2017","7021","Annual value","USD","9932","A","Official value"
"PP","Producer Prices","756","Switzerland","5532","Producer Price (USD/tonne)","21111.01","Meat of cattle with the bone, fresh or chilled","2018","2018","7021","Annual value","USD","9547.2","A","Official value"
"PP","Producer Prices","756","Switzerland","5532","Producer Price (USD/tonne)","21111.01","Meat of cattle with the bone, fresh or chilled","2019","2019","7021","Annual value","USD","9476.4","A","Official value"
"PP","Producer Prices","756","Switzerland","5532","Producer Price (USD/tonne)","21111.01","Meat of cattle with the bone, fresh or chilled","2020","2020","7021","Annual value","USD","10534.3","A","Official value"
"PP","Producer Prices","756","Switzerland","5532","Producer Price (USD/tonne)","21111.01","Meat of cattle with the bone, fresh or chilled","2021","2021","7021","Annual value","USD","11336.7","A","Official value"
"PP","Producer Prices","756","Switzerland","5532","Producer Price (USD/tonne)","21111.01","Meat of cattle with the bone, fresh or chilled","2022","2022","7021","Annual value","USD","11238.6","A","Official value"
"PP","Producer Prices","756","Switzerland","5532","Producer Price (USD/tonne)","21111.01","Meat of cattle with the bone, fresh or chilled","2023","2023","7021","Annual value","USD","11524.9","A","Official value"
"PP","Producer Prices","756","Switzerland","5532","Producer Price (USD/tonne)","21111.01","Meat of cattle with the bone, fresh or chilled","2024","2024","7021","Annual value","USD","11744.1","A","Official value"
"PP","Producer Prices","762","Tajikistan","5532","Producer Price (USD/tonne)","21111.01","Meat of cattle with the bone, fresh or chilled","2000","2000","7021","Annual value","USD","979.7","A","Official value"
"PP","Producer Prices","762","Tajikistan","5532","Producer Price (USD/tonne)","21111.01","Meat of cattle with the bone, fresh or chilled","2001","2001","7021","Annual value","USD","1286.6","A","Official value"
"PP","Producer Prices","762","Tajikistan","5532","Producer Price (USD/tonne)","21111.01","Meat of cattle with the bone, fresh or chilled","2002","2002","7021","Annual value","USD","1369.7","A","Official value"
"PP","Producer Prices","762","Tajikistan","5532","Producer Price (USD/tonne)","21111.01","Meat of cattle with the bone, fresh or chilled","2003","2003","7021","Annual value","USD","1753.8","A","Official value"
"PP","Producer Prices","762","Tajikistan","5532","Producer Price (USD/tonne)","21111.01","Meat of cattle with the bone, fresh or chilled","2004","2004","7021","Annual value","USD","2211.4","A","Official value"
"PP","Producer Prices","762","Tajikistan","5532","Producer Price (USD/tonne)","21111.01","Meat of cattle with the bone, fresh or chilled","2005","2005","7021","Annual value","USD","2237.4","A","Official value"
"PP","Producer Prices","762","Tajikistan","5532","Producer Price (USD/tonne)","21111.01","Meat of cattle with the bone, fresh or chilled","2006","2006","7021","Annual value","USD","2575.8","A","Official value"
"PP","Producer Prices","762","Tajikistan","5532","Producer Price (USD/tonne)","21111.01","Meat of cattle with the bone, fresh or chilled","2007","2007","7021","Annual value","USD","1060.9","A","Official value"
"PP","Producer Prices","762","Tajikistan","5532","Producer Price (USD/tonne)","21111.01","Meat of cattle with the bone, fresh or chilled","2008","2008","7021","Annual value","USD","1275.2","A","Official value"
"PP","Producer Prices","762","Tajikistan","5532","Producer Price (USD/tonne)","21111.01","Meat of cattle with the bone, fresh or chilled","2009","2009","7021","Annual value","USD","1882.8","A","Official value"
"PP","Producer Prices","762","Tajikistan","5532","Producer Price (USD/tonne)","21111.01","Meat of cattle with the bone, fresh or chilled","2010","2010","7021","Annual value","USD","1414.7","A","Official value"
"PP","Producer Prices","762","Tajikistan","5532","Producer Price (USD/tonne)","21111.01","Meat of cattle with the bone, fresh or chilled","2011","2011","7021","Annual value","USD","1626.8","A","Official value"
"PP","Producer Prices","762","Tajikistan","5532","Producer Price (USD/tonne)","21111.01","Meat of cattle with the bone, fresh or chilled","2012","2012","7021","Annual value","USD","1583","A","Official value"
"PP","Producer Prices","762","Tajikistan","5532","Producer Price (USD/tonne)","21111.01","Meat of cattle with the bone, fresh or chilled","2015","2015","7021","Annual value","USD","1801.9","A","Official value"
"PP","Producer Prices","762","Tajikistan","5532","Producer Price (USD/tonne)","21111.01","Meat of cattle with the bone, fresh or chilled","2016","2016","7021","Annual value","USD","1649.3","A","Official value"
"PP","Producer Prices","762","Tajikistan","5532","Producer Price (USD/tonne)","21111.01","Meat of cattle with the bone, fresh or chilled","2017","2017","7021","Annual value","USD","1808.9","A","Official value"
"PP","Producer Prices","762","Tajikistan","5532","Producer Price (USD/tonne)","21111.01","Meat of cattle with the bone, fresh or chilled","2018","2018","7021","Annual value","USD","1828.7","A","Official value"
"PP","Producer Prices","762","Tajikistan","5532","Producer Price (USD/tonne)","21111.01","Meat of cattle with the bone, fresh or chilled","2019","2019","7021","Annual value","USD","2095.1","A","Official value"
"PP","Producer Prices","764","Thailand","5532","Producer Price (USD/tonne)","21111.01","Meat of cattle with the bone, fresh or chilled","1991","1991","7021","Annual value","USD","1838.8","A","Official value"
"PP","Producer Prices","764","Thailand","5532","Producer Price (USD/tonne)","21111.01","Meat of cattle with the bone, fresh or chilled","1992","1992","7021","Annual value","USD","1861","A","Official value"
"PP","Producer Prices","764","Thailand","5532","Producer Price (USD/tonne)","21111.01","Meat of cattle with the bone, fresh or chilled","1993","1993","7021","Annual value","USD","1739","A","Official value"
"PP","Producer Prices","764","Thailand","5532","Producer Price (USD/tonne)","21111.01","Meat of cattle with the bone, fresh or chilled","1994","1994","7021","Annual value","USD","1755.5","A","Official value"
"PP","Producer Prices","764","Thailand","5532","Producer Price (USD/tonne)","21111.01","Meat of cattle with the bone, fresh or chilled","1995","1995","7021","Annual value","USD","1789.3","A","Official value"
"PP","Producer Prices","764","Thailand","5532","Producer Price (USD/tonne)","01491.01","Oil palm fruit","1991","1991","7021","Annual value","USD","75.2","A","Official value"
"PP","Producer Prices","764","Thailand","5532","Producer Price (USD/tonne)","01491.01","Oil palm fruit","1992","1992","7021","Annual value","USD","82.7","A","Official value"
"PP","Producer Prices","764","Thailand","5532","Producer Price (USD/tonne)","01491.01","Oil palm fruit","1993","1993","7021","Annual value","USD","72.3","A","Official value"
"PP","Producer Prices","764","Thailand","5532","Producer Price (USD/tonne)","01491.01","Oil palm fruit","1994","1994","7021","Annual value","USD","72.4","A","Official value"
"PP","Producer Prices","764","Thailand","5532","Producer Price (USD/tonne)","01491.01","Oil palm fruit","1995","1995","7021","Annual value","USD","82.3","A","Official value"
"PP","Producer Prices","764","Thailand","5532","Producer Price (USD/tonne)","01491.01","Oil palm fruit","1996","1996","7021","Annual value","USD","80.1","A","Official value"
"PP","Producer Prices","764","Thailand","5532","Producer Price (USD/tonne)","01491.01","Oil palm fruit","1997","1997","7021","Annual value","USD","69.2","A","Official value"
"PP","Producer Prices","764","Thailand","5532","Producer Price (USD/tonne)","01491.01","Oil palm fruit","1998","1998","7021","Annual value","USD","81.5","A","Official value"
"PP","Producer Prices","764","Thailand","5532","Producer Price (USD/tonne)","01491.01","Oil palm fruit","1999","1999","7021","Annual value","USD","58.4","A","Official value"
"PP","Producer Prices","764","Thailand","5532","Producer Price (USD/tonne)","01491.01","Oil palm fruit","2000","2000","7021","Annual value","USD","41.4","A","Official value"
"PP","Producer Prices","764","Thailand","5532","Producer Price (USD/tonne)","01491.01","Oil palm fruit","2001","2001","7021","Annual value","USD","26.8","A","Official value"
"PP","Producer Prices","764","Thailand","5532","Producer Price (USD/tonne)","01491.01","Oil palm fruit","2002","2002","7021","Annual value","USD","53.5","A","Official value"
"PP","Producer Prices","764","Thailand","5532","Producer Price (USD/tonne)","01491.01","Oil palm fruit","2003","2003","7021","Annual value","USD","56.4","A","Official value"
"PP","Producer Prices","764","Thailand","5532","Producer Price (USD/tonne)","01491.01","Oil palm fruit","2004","2004","7021","Annual value","USD","77.3","A","Official value"
"PP","Producer Prices","764","Thailand","5532","Producer Price (USD/tonne)","01491.01","Oil palm fruit","2005","2005","7021","Annual value","USD","68.6","A","Official value"
"PP","Producer Prices","764","Thailand","5532","Producer Price (USD/tonne)","01491.01","Oil palm fruit","2006","2006","7021","Annual value","USD","63.1","A","Official value"
"PP","Producer Prices","764","Thailand","5532","Producer Price (USD/tonne)","01491.01","Oil palm fruit","2007","2007","7021","Annual value","USD","117.9","A","Official value"
"PP","Producer Prices","764","Thailand","5532","Producer Price (USD/tonne)","01491.01","Oil palm fruit","2008","2008","7021","Annual value","USD","154.3","A","Official value"
"PP","Producer Prices","764","Thailand","5532","Producer Price (USD/tonne)","01491.01","Oil palm fruit","2016","2016","7021","Annual value","USD","153.3","A","Official value"
"PP","Producer Prices","764","Thailand","5532","Producer Price (USD/tonne)","01491.01","Oil palm fruit","2017","2017","7021","Annual value","USD","120.8","A","Official value"
"PP","Producer Prices","764","Thailand","5532","Producer Price (USD/tonne)","01491.01","Oil palm fruit","2018","2018","7021","Annual value","USD","96.3","A","Official value"
"PP","Producer Prices","764","Thailand","5532","Producer Price (USD/tonne)","01491.01","Oil palm fruit","2019","2019","7021","Annual value","USD","83.7","A","Official value"
"PP","Producer Prices","764","Thailand","5532","Producer Price (USD/tonne)","01491.01","Oil palm fruit","2020","2020","7021","Annual value","USD","136.4","A","Official value"
"PP","Producer Prices","764","Thailand","5532","Producer Price (USD/tonne)","01491.01","Oil palm fruit","2021","2021","7021","Annual value","USD","203.3","A","Official value"
"PP","Producer Prices","764","Thailand","5532","Producer Price (USD/tonne)","01491.01","Oil palm fruit","2022","2022","7021","Annual value","USD","225","A","Official value"
"PP","Producer Prices","764","Thailand","5532","Producer Price (USD/tonne)","01491.01","Oil palm fruit","2023","2023","7021","Annual value","USD","152","A","Official value"
"PP","Producer Prices","764","Thailand","5532","Producer Price (USD/tonne)","01491.01","Oil palm fruit","2024","2024","7021","Annual value","USD","160.5","A","Official value"
"PP","Producer Prices","764","Thailand","5532","Producer Price (USD/tonne)","0141","Soya beans","1991","1991","7021","Annual value","USD","296.7","A","Official value"
"PP","Producer Prices","764","Thailand","5532","Producer Price (USD/tonne)","0141","Soya beans","1992","1992","7021","Annual value","USD","305.5","A","Official value"
"PP","Producer Prices","764","Thailand","5532","Producer Price (USD/tonne)","0141","Soya beans","1993","1993","7021","Annual value","USD","313.6","A","Official value"
"PP","Producer Prices","764","Thailand","5532","Producer Price (USD/tonne)","0141","Soya beans","1994","1994","7021","Annual value","USD","316.5","A","Official value"
"PP","Producer Prices","764","Thailand","5532","Producer Price (USD/tonne)","0141","Soya beans","1995","1995","7021","Annual value","USD","324.3","A","Official value"
"PP","Producer Prices","764","Thailand","5532","Producer Price (USD/tonne)","0141","Soya beans","1996","1996","7021","Annual value","USD","349.6","A","Official value"
"PP","Producer Prices","764","Thailand","5532","Producer Price (USD/tonne)","0141","Soya beans","1997","1997","7021","Annual value","USD","275.8","A","Official value"
"PP","Producer Prices","764","Thailand","5532","Producer Price (USD/tonne)","0141","Soya beans","1998","1998","7021","Annual value","USD","228.5","A","Official value"
"PP","Producer Prices","764","Thailand","5532","Producer Price (USD/tonne)","0141","Soya beans","1999","1999","7021","Annual value","USD","233.8","A","Official value"
"PP","Producer Prices","764","Thailand","5532","Producer Price (USD/tonne)","0141","Soya beans","2000","2000","7021","Annual value","USD","229.9","A","Official value"
"PP","Producer Prices","764","Thailand","5532","Producer Price (USD/tonne)","0141","Soya beans","2001","2001","7021","Annual value","USD","211.1","A","Official value"
"PP","Producer Prices","764","Thailand","5532","Producer Price (USD/tonne)","0141","Soya beans","2002","2002","7021","Annual value","USD","242.1","A","Official value"
"PP","Producer Prices","764","Thailand","5532","Producer Price (USD/tonne)","0141","Soya beans","2003","2003","7021","Annual value","USD","260.1","A","Official value"
"PP","Producer Prices","764","Thailand","5532","Producer Price (USD/tonne)","0141","Soya beans","2004","2004","7021","Annual value","USD","270.5","A","Official value"
"PP","Producer Prices","764","Thailand","5532","Producer Price (USD/tonne)","0141","Soya beans","2005","2005","7021","Annual value","USD","252.4","A","Official value"
"PP","Producer Prices","764","Thailand","5532","Producer Price (USD/tonne)","0141","Soya beans","2006","2006","7021","Annual value","USD","283","A","Official value"
"PP","Producer Prices","764","Thailand","5532","Producer Price (USD/tonne)","0141","Soya beans","2007","2007","7021","Annual value","USD","438","A","Official value"
"PP","Producer Prices","764","Thailand","5532","Producer Price (USD/tonne)","0141","Soya beans","2008","2008","7021","Annual value","USD","464.1","A","Official value"
"PP","Producer Prices","764","Thailand","5532","Producer Price (USD/tonne)","0141","Soya beans","2009","2009","7021","Annual value","USD","404.5","A","Official value"
"PP","Producer Prices","764","Thailand","5532","Producer Price (USD/tonne)","0141","Soya beans","2010","2010","7021","Annual value","USD","484.8","A","Official value"
"PP","Producer Prices","764","Thailand","5532","Producer Price (USD/tonne)","0141","Soya beans","2011","2011","7021","Annual value","USD","487.7","A","Official value"
"PP","Producer Prices","764","Thailand","5532","Producer Price (USD/tonne)","0141","Soya beans","2012","2012","7021","Annual value","USD","591.6","A","Official value"
"PP","Producer Prices","764","Thailand","5532","Producer Price (USD/tonne)","0141","Soya beans","2013","2013","7021","Annual value","USD","602.4","A","Official value"
"PP","Producer Prices","764","Thailand","5532","Producer Price (USD/tonne)","0141","Soya beans","2014","2014","7021","Annual value","USD","483.7","A","Official value"
"PP","Producer Prices","764","Thailand","5532","Producer Price (USD/tonne)","0141","Soya beans","2015","2015","7021","Annual value","USD","434.8","A","Official value"
"PP","Producer Prices","764","Thailand","5532","Producer Price (USD/tonne)","0141","Soya beans","2016","2016","7021","Annual value","USD","448.2","A","Official value"
"PP","Producer Prices","764","Thailand","5532","Producer Price (USD/tonne)","0141","Soya beans","2017","2017","7021","Annual value","USD","462.3","A","Official value"
"PP","Producer Prices","764","Thailand","5532","Producer Price (USD/tonne)","0141","Soya beans","2018","2018","7021","Annual value","USD","510.1","A","Official value"
"PP","Producer Prices","764","Thailand","5532","Producer Price (USD/tonne)","0141","Soya beans","2019","2019","7021","Annual value","USD","514.4","A","Official value"
"PP","Producer Prices","764","Thailand","5532","Producer Price (USD/tonne)","0141","Soya beans","2020","2020","7021","Annual value","USD","552.8","A","Official value"
"PP","Producer Prices","764","Thailand","5532","Producer Price (USD/tonne)","0141","Soya beans","2021","2021","7021","Annual value","USD","575.4","A","Official value"
"PP","Producer Prices","764","Thailand","5532","Producer Price (USD/tonne)","0141","Soya beans","2022","2022","7021","Annual value","USD","662.6","A","Official value"
"PP","Producer Prices","764","Thailand","5532","Producer Price (USD/tonne)","0141","Soya beans","2023","2023","7021","Annual value","USD","589.6","A","Official value"
"PP","Producer Prices","764","Thailand","5532","Producer Price (USD/tonne)","0141","Soya beans","2024","2024","7021","Annual value","USD","481.7","A","Official value"
"PP","Producer Prices","626","Timor-Leste","5532","Producer Price (USD/tonne)","21111.01","Meat of cattle with the bone, fresh or chilled","2008","2008","7021","Annual value","USD","4500","A","Official value"
"PP","Producer Prices","626","Timor-Leste","5532","Producer Price (USD/tonne)","21111.01","Meat of cattle with the bone, fresh or chilled","2009","2009","7021","Annual value","USD","6000","A","Official value"
"PP","Producer Prices","626","Timor-Leste","5532","Producer Price (USD/tonne)","0141","Soya beans","2008","2008","7021","Annual value","USD","800","A","Official value"
"PP","Producer Prices","626","Timor-Leste","5532","Producer Price (USD/tonne)","0141","Soya beans","2009","2009","7021","Annual value","USD","1500","A","Official value"
"PP","Producer Prices","626","Timor-Leste","5532","Producer Price (USD/tonne)","0141","Soya beans","2021","2021","7021","Annual value","USD","2805.6","A","Official value"
"PP","Producer Prices","768","Togo","5532","Producer Price (USD/tonne)","21111.01","Meat of cattle with the bone, fresh or chilled","2017","2017","7021","Annual value","USD","3272.2","A","Official value"
"PP","Producer Prices","768","Togo","5532","Producer Price (USD/tonne)","01491.01","Oil palm fruit","2017","2017","7021","Annual value","USD","194.6","A","Official value"
"PP","Producer Prices","768","Togo","5532","Producer Price (USD/tonne)","01491.01","Oil palm fruit","2018","2018","7021","Annual value","USD","338.5","A","Official value"
"PP","Producer Prices","768","Togo","5532","Producer Price (USD/tonne)","01491.01","Oil palm fruit","2019","2019","7021","Annual value","USD","247.5","A","Official value"
"PP","Producer Prices","768","Togo","5532","Producer Price (USD/tonne)","0141","Soya beans","2016","2016","7021","Annual value","USD","369.6","A","Official value"
"PP","Producer Prices","768","Togo","5532","Producer Price (USD/tonne)","0141","Soya beans","2017","2017","7021","Annual value","USD","370.3","A","Official value"
"PP","Producer Prices","768","Togo","5532","Producer Price (USD/tonne)","0141","Soya beans","2018","2018","7021","Annual value","USD","462.7","A","Official value"
"PP","Producer Prices","768","Togo","5532","Producer Price (USD/tonne)","0141","Soya beans","2019","2019","7021","Annual value","USD","377.2","A","Official value"
"PP","Producer Prices","768","Togo","5532","Producer Price (USD/tonne)","0141","Soya beans","2020","2020","7021","Annual value","USD","460.4","A","Official value"
"PP","Producer Prices","768","Togo","5532","Producer Price (USD/tonne)","0141","Soya beans","2021","2021","7021","Annual value","USD","618.5","A","Official value"
"PP","Producer Prices","768","Togo","5532","Producer Price (USD/tonne)","0141","Soya beans","2022","2022","7021","Annual value","USD","585.2","A","Official value"
"PP","Producer Prices","788","Tunisia","5532","Producer Price (USD/tonne)","21111.01","Meat of cattle with the bone, fresh or chilled","2018","2018","7021","Annual value","USD","2958.2","A","Official value"
"PP","Producer Prices","788","Tunisia","5532","Producer Price (USD/tonne)","21111.01","Meat of cattle with the bone, fresh or chilled","2019","2019","7021","Annual value","USD","2699","A","Official value"
"PP","Producer Prices","788","Tunisia","5532","Producer Price (USD/tonne)","21111.01","Meat of cattle with the bone, fresh or chilled","2020","2020","7021","Annual value","USD","2915.7","A","Official value"
"PP","Producer Prices","788","Tunisia","5532","Producer Price (USD/tonne)","21111.01","Meat of cattle with the bone, fresh or chilled","2021","2021","7021","Annual value","USD","2948.7","A","Official value"
"PP","Producer Prices","788","Tunisia","5532","Producer Price (USD/tonne)","21111.01","Meat of cattle with the bone, fresh or chilled","2022","2022","7021","Annual value","USD","2671.1","A","Official value"
"PP","Producer Prices","792","Türkiye","5532","Producer Price (USD/tonne)","21111.01","Meat of cattle with the bone, fresh or chilled","1994","1994","7021","Annual value","USD","5016.4","A","Official value"
"PP","Producer Prices","792","Türkiye","5532","Producer Price (USD/tonne)","21111.01","Meat of cattle with the bone, fresh or chilled","1995","1995","7021","Annual value","USD","6496","A","Official value"
"PP","Producer Prices","792","Türkiye","5532","Producer Price (USD/tonne)","21111.01","Meat of cattle with the bone, fresh or chilled","1996","1996","7021","Annual value","USD","4582.7","A","Official value"
"PP","Producer Prices","792","Türkiye","5532","Producer Price (USD/tonne)","21111.01","Meat of cattle with the bone, fresh or chilled","1997","1997","7021","Annual value","USD","4341.8","A","Official value"
"PP","Producer Prices","792","Türkiye","5532","Producer Price (USD/tonne)","21111.01","Meat of cattle with the bone, fresh or chilled","1998","1998","7021","Annual value","USD","5685.8","A","Official value"
"PP","Producer Prices","792","Türkiye","5532","Producer Price (USD/tonne)","21111.01","Meat of cattle with the bone, fresh or chilled","1999","1999","7021","Annual value","USD","5095.7","A","Official value"
"PP","Producer Prices","792","Türkiye","5532","Producer Price (USD/tonne)","21111.01","Meat of cattle with the bone, fresh or chilled","2000","2000","7021","Annual value","USD","4548.1","A","Official value"
"PP","Producer Prices","792","Türkiye","5532","Producer Price (USD/tonne)","21111.01","Meat of cattle with the bone, fresh or chilled","2001","2001","7021","Annual value","USD","2715.2","A","Official value"
"PP","Producer Prices","792","Türkiye","5532","Producer Price (USD/tonne)","21111.01","Meat of cattle with the bone, fresh or chilled","2002","2002","7021","Annual value","USD","3697.4","A","Official value"
"PP","Producer Prices","792","Türkiye","5532","Producer Price (USD/tonne)","21111.01","Meat of cattle with the bone, fresh or chilled","2003","2003","7021","Annual value","USD","5609","A","Official value"
"PP","Producer Prices","792","Türkiye","5532","Producer Price (USD/tonne)","21111.01","Meat of cattle with the bone, fresh or chilled","2004","2004","7021","Annual value","USD","6432.5","A","Official value"
"PP","Producer Prices","792","Türkiye","5532","Producer Price (USD/tonne)","21111.01","Meat of cattle with the bone, fresh or chilled","2005","2005","7021","Annual value","USD","7114.6","A","Official value"
"PP","Producer Prices","792","Türkiye","5532","Producer Price (USD/tonne)","21111.01","Meat of cattle with the bone, fresh or chilled","2006","2006","7021","Annual value","USD","7206.4","A","Official value"
"PP","Producer Prices","792","Türkiye","5532","Producer Price (USD/tonne)","21111.01","Meat of cattle with the bone, fresh or chilled","2007","2007","7021","Annual value","USD","8568.4","A","Official value"
"PP","Producer Prices","792","Türkiye","5532","Producer Price (USD/tonne)","21111.01","Meat of cattle with the bone, fresh or chilled","2008","2008","7021","Annual value","USD","9005.6","A","Official value"
"PP","Producer Prices","792","Türkiye","5532","Producer Price (USD/tonne)","21111.01","Meat of cattle with the bone, fresh or chilled","2009","2009","7021","Annual value","USD","8651.8","A","Official value"
"PP","Producer Prices","792","Türkiye","5532","Producer Price (USD/tonne)","21111.01","Meat of cattle with the bone, fresh or chilled","2010","2010","7021","Annual value","USD","12251.4","A","Official value"
"PP","Producer Prices","792","Türkiye","5532","Producer Price (USD/tonne)","21111.01","Meat of cattle with the bone, fresh or chilled","2011","2011","7021","Annual value","USD","11071.3","A","Official value"
"PP","Producer Prices","792","Türkiye","5532","Producer Price (USD/tonne)","21111.01","Meat of cattle with the bone, fresh or chilled","2012","2012","7021","Annual value","USD","9751.1","A","Official value"
"PP","Producer Prices","792","Türkiye","5532","Producer Price (USD/tonne)","21111.01","Meat of cattle with the bone, fresh or chilled","2013","2013","7021","Annual value","USD","8315.5","A","Official value"
"PP","Producer Prices","792","Türkiye","5532","Producer Price (USD/tonne)","21111.01","Meat of cattle with the bone, fresh or chilled","2014","2014","7021","Annual value","USD","7813.6","A","Official value"
"PP","Producer Prices","792","Türkiye","5532","Producer Price (USD/tonne)","21111.01","Meat of cattle with the bone, fresh or chilled","2015","2015","7021","Annual value","USD","7773.5","A","Official value"
"PP","Producer Prices","792","Türkiye","5532","Producer Price (USD/tonne)","21111.01","Meat of cattle with the bone, fresh or chilled","2016","2016","7021","Annual value","USD","8289.2","A","Official value"
"PP","Producer Prices","792","Türkiye","5532","Producer Price (USD/tonne)","21111.01","Meat of cattle with the bone, fresh or chilled","2017","2017","7021","Annual value","USD","7522.8","A","Official value"
"PP","Producer Prices","792","Türkiye","5532","Producer Price (USD/tonne)","21111.01","Meat of cattle with the bone, fresh or chilled","2018","2018","7021","Annual value","USD","5956.2","A","Official value"
"PP","Producer Prices","792","Türkiye","5532","Producer Price (USD/tonne)","21111.01","Meat of cattle with the bone, fresh or chilled","2019","2019","7021","Annual value","USD","5519.9","A","Official value"
"PP","Producer Prices","792","Türkiye","5532","Producer Price (USD/tonne)","21111.01","Meat of cattle with the bone, fresh or chilled","2020","2020","7021","Annual value","USD","5088.5","A","Official value"
"PP","Producer Prices","792","Türkiye","5532","Producer Price (USD/tonne)","21111.01","Meat of cattle with the bone, fresh or chilled","2021","2021","7021","Annual value","USD","4917.8","A","Official value"
"PP","Producer Prices","792","Türkiye","5532","Producer Price (USD/tonne)","21111.01","Meat of cattle with the bone, fresh or chilled","2022","2022","7021","Annual value","USD","5260.7","A","Official value"
"PP","Producer Prices","792","Türkiye","5532","Producer Price (USD/tonne)","0141","Soya beans","1991","1991","7021","Annual value","USD","300.8","A","Official value"
"PP","Producer Prices","792","Türkiye","5532","Producer Price (USD/tonne)","0141","Soya beans","1992","1992","7021","Annual value","USD","340.3","A","Official value"
"PP","Producer Prices","792","Türkiye","5532","Producer Price (USD/tonne)","0141","Soya beans","1993","1993","7021","Annual value","USD","878.1","A","Official value"
"PP","Producer Prices","792","Türkiye","5532","Producer Price (USD/tonne)","0141","Soya beans","1994","1994","7021","Annual value","USD","322.1","A","Official value"
"PP","Producer Prices","792","Türkiye","5532","Producer Price (USD/tonne)","0141","Soya beans","1995","1995","7021","Annual value","USD","291.4","A","Official value"
"PP","Producer Prices","792","Türkiye","5532","Producer Price (USD/tonne)","0141","Soya beans","1996","1996","7021","Annual value","USD","328.8","A","Official value"
"PP","Producer Prices","792","Türkiye","5532","Producer Price (USD/tonne)","0141","Soya beans","1997","1997","7021","Annual value","USD","334.5","A","Official value"
"PP","Producer Prices","792","Türkiye","5532","Producer Price (USD/tonne)","0141","Soya beans","1998","1998","7021","Annual value","USD","309.8","A","Official value"
"PP","Producer Prices","792","Türkiye","5532","Producer Price (USD/tonne)","0141","Soya beans","1999","1999","7021","Annual value","USD","289.7","A","Official value"
"PP","Producer Prices","792","Türkiye","5532","Producer Price (USD/tonne)","0141","Soya beans","2000","2000","7021","Annual value","USD","234.6","A","Official value"
"PP","Producer Prices","792","Türkiye","5532","Producer Price (USD/tonne)","0141","Soya beans","2001","2001","7021","Annual value","USD","183.5","A","Official value"
"PP","Producer Prices","792","Türkiye","5532","Producer Price (USD/tonne)","0141","Soya beans","2002","2002","7021","Annual value","USD","224.1","A","Official value"
"PP","Producer Prices","792","Türkiye","5532","Producer Price (USD/tonne)","0141","Soya beans","2003","2003","7021","Annual value","USD","283.2","A","Official value"
"PP","Producer Prices","792","Türkiye","5532","Producer Price (USD/tonne)","0141","Soya beans","2004","2004","7021","Annual value","USD","334.2","A","Official value"
"PP","Producer Prices","792","Türkiye","5532","Producer Price (USD/tonne)","0141","Soya beans","2005","2005","7021","Annual value","USD","357.3","A","Official value"
"PP","Producer Prices","792","Türkiye","5532","Producer Price (USD/tonne)","0141","Soya beans","2006","2006","7021","Annual value","USD","343","A","Official value"
"PP","Producer Prices","792","Türkiye","5532","Producer Price (USD/tonne)","0141","Soya beans","2007","2007","7021","Annual value","USD","391.4","A","Official value"
"PP","Producer Prices","792","Türkiye","5532","Producer Price (USD/tonne)","0141","Soya beans","2008","2008","7021","Annual value","USD","467.7","A","Official value"
"PP","Producer Prices","792","Türkiye","5532","Producer Price (USD/tonne)","0141","Soya beans","2009","2009","7021","Annual value","USD","456.1","A","Official value"
"PP","Producer Prices","792","Türkiye","5532","Producer Price (USD/tonne)","0141","Soya beans","2010","2010","7021","Annual value","USD","571.6","A","Official value"
"PP","Producer Prices","792","Türkiye","5532","Producer Price (USD/tonne)","0141","Soya beans","2011","2011","7021","Annual value","USD","548.6","A","Official value"
"PP","Producer Prices","792","Türkiye","5532","Producer Price (USD/tonne)","0141","Soya beans","2012","2012","7021","Annual value","USD","596.1","A","Official value"
"PP","Producer Prices","792","Türkiye","5532","Producer Price (USD/tonne)","0141","Soya beans","2013","2013","7021","Annual value","USD","521.6","A","Official value"
"PP","Producer Prices","792","Türkiye","5532","Producer Price (USD/tonne)","0141","Soya beans","2014","2014","7021","Annual value","USD","519.8","A","Official value"
"PP","Producer Prices","792","Türkiye","5532","Producer Price (USD/tonne)","0141","Soya beans","2015","2015","7021","Annual value","USD","401.5","A","Official value"
"PP","Producer Prices","792","Türkiye","5532","Producer Price (USD/tonne)","0141","Soya beans","2016","2016","7021","Annual value","USD","380.7","A","Official value"
"PP","Producer Prices","792","Türkiye","5532","Producer Price (USD/tonne)","0141","Soya beans","2017","2017","7021","Annual value","USD","361.2","A","Official value"
"PP","Producer Prices","792","Türkiye","5532","Producer Price (USD/tonne)","0141","Soya beans","2018","2018","7021","Annual value","USD","357.4","A","Official value"
"PP","Producer Prices","792","Türkiye","5532","Producer Price (USD/tonne)","0141","Soya beans","2019","2019","7021","Annual value","USD","383.7","A","Official value"
"PP","Producer Prices","792","Türkiye","5532","Producer Price (USD/tonne)","0141","Soya beans","2020","2020","7021","Annual value","USD","371.7","A","Official value"
"PP","Producer Prices","792","Türkiye","5532","Producer Price (USD/tonne)","0141","Soya beans","2021","2021","7021","Annual value","USD","487.5","A","Official value"
"PP","Producer Prices","792","Türkiye","5532","Producer Price (USD/tonne)","0141","Soya beans","2022","2022","7021","Annual value","USD","540.3","A","Official value"
"PP","Producer Prices","792","Türkiye","5532","Producer Price (USD/tonne)","0141","Soya beans","2023","2023","7021","Annual value","USD","524.5","A","Official value"
"PP","Producer Prices","792","Türkiye","5532","Producer Price (USD/tonne)","0141","Soya beans","2024","2024","7021","Annual value","USD","495.3","A","Official value"
"PP","Producer Prices","795","Turkmenistan","5532","Producer Price (USD/tonne)","21111.01","Meat of cattle with the bone, fresh or chilled","1997","1997","7021","Annual value","USD","1433.1","A","Official value"
"PP","Producer Prices","795","Turkmenistan","5532","Producer Price (USD/tonne)","21111.01","Meat of cattle with the bone, fresh or chilled","1998","1998","7021","Annual value","USD","1849.6","A","Official value"
"PP","Producer Prices","795","Turkmenistan","5532","Producer Price (USD/tonne)","21111.01","Meat of cattle with the bone, fresh or chilled","1999","1999","7021","Annual value","USD","2939.6","A","Official value"
"PP","Producer Prices","795","Turkmenistan","5532","Producer Price (USD/tonne)","21111.01","Meat of cattle with the bone, fresh or chilled","2000","2000","7021","Annual value","USD","3336.2","A","Official value"
"PP","Producer Prices","795","Turkmenistan","5532","Producer Price (USD/tonne)","21111.01","Meat of cattle with the bone, fresh or chilled","2001","2001","7021","Annual value","USD","4519.8","A","Official value"
"PP","Producer Prices","795","Turkmenistan","5532","Producer Price (USD/tonne)","21111.01","Meat of cattle with the bone, fresh or chilled","2002","2002","7021","Annual value","USD","5186.5","A","Official value"
"PP","Producer Prices","804","Ukraine","5532","Producer Price (USD/tonne)","0141","Soya beans","2006","2006","7021","Annual value","USD","211.9","A","Official value"
"PP","Producer Prices","804","Ukraine","5532","Producer Price (USD/tonne)","0141","Soya beans","2007","2007","7021","Annual value","USD","336.2","A","Official value"
"PP","Producer Prices","804","Ukraine","5532","Producer Price (USD/tonne)","0141","Soya beans","2008","2008","7021","Annual value","USD","336","A","Official value"
"PP","Producer Prices","804","Ukraine","5532","Producer Price (USD/tonne)","0141","Soya beans","2009","2009","7021","Annual value","USD","343.2","A","Official value"
"PP","Producer Prices","804","Ukraine","5532","Producer Price (USD/tonne)","0141","Soya beans","2010","2010","7021","Annual value","USD","328.1","A","Official value"
"PP","Producer Prices","804","Ukraine","5532","Producer Price (USD/tonne)","0141","Soya beans","2011","2011","7021","Annual value","USD","367.7","A","Official value"
"PP","Producer Prices","804","Ukraine","5532","Producer Price (USD/tonne)","0141","Soya beans","2012","2012","7021","Annual value","USD","428.2","A","Official value"
"PP","Producer Prices","804","Ukraine","5532","Producer Price (USD/tonne)","0141","Soya beans","2013","2013","7021","Annual value","USD","433.6","A","Official value"
"PP","Producer Prices","804","Ukraine","5532","Producer Price (USD/tonne)","0141","Soya beans","2014","2014","7021","Annual value","USD","391.3","A","Official value"
"PP","Producer Prices","804","Ukraine","5532","Producer Price (USD/tonne)","0141","Soya beans","2015","2015","7021","Annual value","USD","341.2","A","Official value"
"PP","Producer Prices","804","Ukraine","5532","Producer Price (USD/tonne)","0141","Soya beans","2016","2016","7021","Annual value","USD","348.1","A","Official value"
"PP","Producer Prices","804","Ukraine","5532","Producer Price (USD/tonne)","0141","Soya beans","2017","2017","7021","Annual value","USD","356.8","A","Official value"
"PP","Producer Prices","804","Ukraine","5532","Producer Price (USD/tonne)","0141","Soya beans","2018","2018","7021","Annual value","USD","352.1","A","Official value"
"PP","Producer Prices","804","Ukraine","5532","Producer Price (USD/tonne)","0141","Soya beans","2019","2019","7021","Annual value","USD","315.3","A","Official value"
"PP","Producer Prices","804","Ukraine","5532","Producer Price (USD/tonne)","0141","Soya beans","2020","2020","7021","Annual value","USD","397.7","A","Official value"
"PP","Producer Prices","804","Ukraine","5532","Producer Price (USD/tonne)","0141","Soya beans","2021","2021","7021","Annual value","USD","567.5","A","Official value"
"PP","Producer Prices","804","Ukraine","5532","Producer Price (USD/tonne)","0141","Soya beans","2022","2022","7021","Annual value","USD","459.8","A","Official value"
"PP","Producer Prices","804","Ukraine","5532","Producer Price (USD/tonne)","0141","Soya beans","2023","2023","7021","Annual value","USD","400.6","A","Official value"
"PP","Producer Prices","826","United Kingdom of Great Britain and Northern Ireland","5532","Producer Price (USD/tonne)","21111.01","Meat of cattle with the bone, fresh or chilled","1991","1991","7021","Annual value","USD","3666.6","A","Official value"
"PP","Producer Prices","826","United Kingdom of Great Britain and Northern Ireland","5532","Producer Price (USD/tonne)","21111.01","Meat of cattle with the bone, fresh or chilled","1992","1992","7021","Annual value","USD","4119.2","A","Official value"
"PP","Producer Prices","826","United Kingdom of Great Britain and Northern Ireland","5532","Producer Price (USD/tonne)","21111.01","Meat of cattle with the bone, fresh or chilled","1993","1993","7021","Annual value","USD","4439.4","A","Official value"
"PP","Producer Prices","826","United Kingdom of Great Britain and Northern Ireland","5532","Producer Price (USD/tonne)","21111.01","Meat of cattle with the bone, fresh or chilled","1994","1994","7021","Annual value","USD","4193.3","A","Official value"
"PP","Producer Prices","834","United Republic of Tanzania","5532","Producer Price (USD/tonne)","0141","Soya beans","2012","2012","7021","Annual value","USD","788.6","A","Official value"
"PP","Producer Prices","834","United Republic of Tanzania","5532","Producer Price (USD/tonne)","0141","Soya beans","2013","2013","7021","Annual value","USD","792.4","A","Official value"
"PP","Producer Prices","834","United Republic of Tanzania","5532","Producer Price (USD/tonne)","0141","Soya beans","2014","2014","7021","Annual value","USD","769.3","A","Official value"
"PP","Producer Prices","834","United Republic of Tanzania","5532","Producer Price (USD/tonne)","0141","Soya beans","2015","2015","7021","Annual value","USD","644.7","A","Official value"
"PP","Producer Prices","834","United Republic of Tanzania","5532","Producer Price (USD/tonne)","0141","Soya beans","2016","2016","7021","Annual value","USD","592.2","A","Official value"
"PP","Producer Prices","840","United States of America","5532","Producer Price (USD/tonne)","0141","Soya beans","1991","1991","7021","Annual value","USD","205","A","Official value"
"PP","Producer Prices","840","United States of America","5532","Producer Price (USD/tonne)","0141","Soya beans","1992","1992","7021","Annual value","USD","204","A","Official value"
"PP","Producer Prices","840","United States of America","5532","Producer Price (USD/tonne)","0141","Soya beans","1993","1993","7021","Annual value","USD","235","A","Official value"
"PP","Producer Prices","840","United States of America","5532","Producer Price (USD/tonne)","0141","Soya beans","1994","1994","7021","Annual value","USD","201","A","Official value"
"PP","Producer Prices","840","United States of America","5532","Producer Price (USD/tonne)","0141","Soya beans","1995","1995","7021","Annual value","USD","247","A","Official value"
"PP","Producer Prices","840","United States of America","5532","Producer Price (USD/tonne)","0141","Soya beans","1996","1996","7021","Annual value","USD","247","A","Official value"
"PP","Producer Prices","840","United States of America","5532","Producer Price (USD/tonne)","0141","Soya beans","1997","1997","7021","Annual value","USD","238","A","Official value"
"PP","Producer Prices","840","United States of America","5532","Producer Price (USD/tonne)","0141","Soya beans","1998","1998","7021","Annual value","USD","181","A","Official value"
"PP","Producer Prices","840","United States of America","5532","Producer Price (USD/tonne)","0141","Soya beans","1999","1999","7021","Annual value","USD","170","A","Official value"
"PP","Producer Prices","840","United States of America","5532","Producer Price (USD/tonne)","0141","Soya beans","2000","2000","7021","Annual value","USD","167","A","Official value"
"PP","Producer Prices","840","United States of America","5532","Producer Price (USD/tonne)","0141","Soya beans","2001","2001","7021","Annual value","USD","161","A","Official value"
"PP","Producer Prices","840","United States of America","5532","Producer Price (USD/tonne)","0141","Soya beans","2002","2002","7021","Annual value","USD","203","A","Official value"
"PP","Producer Prices","840","United States of America","5532","Producer Price (USD/tonne)","0141","Soya beans","2003","2003","7021","Annual value","USD","270","A","Official value"
"PP","Producer Prices","840","United States of America","5532","Producer Price (USD/tonne)","0141","Soya beans","2004","2004","7021","Annual value","USD","211","A","Official value"
"PP","Producer Prices","840","United States of America","5532","Producer Price (USD/tonne)","0141","Soya beans","2005","2005","7021","Annual value","USD","208","A","Official value"
"PP","Producer Prices","840","United States of America","5532","Producer Price (USD/tonne)","0141","Soya beans","2006","2006","7021","Annual value","USD","236","A","Official value"
"PP","Producer Prices","840","United States of America","5532","Producer Price (USD/tonne)","0141","Soya beans","2007","2007","7021","Annual value","USD","371","A","Official value"
"PP","Producer Prices","840","United States of America","5532","Producer Price (USD/tonne)","0141","Soya beans","2008","2008","7021","Annual value","USD","366","A","Official value"
"PP","Producer Prices","840","United States of America","5532","Producer Price (USD/tonne)","0141","Soya beans","2009","2009","7021","Annual value","USD","352","A","Official value"
"PP","Producer Prices","840","United States of America","5532","Producer Price (USD/tonne)","0141","Soya beans","2010","2010","7021","Annual value","USD","415","A","Official value"
"PP","Producer Prices","840","United States of America","5532","Producer Price (USD/tonne)","0141","Soya beans","2011","2011","7021","Annual value","USD","459","A","Official value"
"PP","Producer Prices","840","United States of America","5532","Producer Price (USD/tonne)","0141","Soya beans","2012","2012","7021","Annual value","USD","529","A","Official value"
"PP","Producer Prices","840","United States of America","5532","Producer Price (USD/tonne)","0141","Soya beans","2013","2013","7021","Annual value","USD","478","A","Official value"
"PP","Producer Prices","840","United States of America","5532","Producer Price (USD/tonne)","0141","Soya beans","2014","2014","7021","Annual value","USD","371","A","Official value"
"PP","Producer Prices","840","United States of America","5532","Producer Price (USD/tonne)","0141","Soya beans","2015","2015","7021","Annual value","USD","329","A","Official value"
"PP","Producer Prices","840","United States of America","5532","Producer Price (USD/tonne)","0141","Soya beans","2016","2016","7021","Annual value","USD","348","A","Official value"
"PP","Producer Prices","840","United States of America","5532","Producer Price (USD/tonne)","0141","Soya beans","2017","2017","7021","Annual value","USD","342","A","Official value"
"PP","Producer Prices","840","United States of America","5532","Producer Price (USD/tonne)","0141","Soya beans","2018","2018","7021","Annual value","USD","311","A","Official value"
"PP","Producer Prices","840","United States of America","5532","Producer Price (USD/tonne)","0141","Soya beans","2019","2019","7021","Annual value","USD","321","A","Official value"
"PP","Producer Prices","840","United States of America","5532","Producer Price (USD/tonne)","0141","Soya beans","2020","2020","7021","Annual value","USD","410","A","Official value"
"PP","Producer Prices","840","United States of America","5532","Producer Price (USD/tonne)","0141","Soya beans","2021","2021","7021","Annual value","USD","477.6","A","Official value"
"PP","Producer Prices","840","United States of America","5532","Producer Price (USD/tonne)","0141","Soya beans","2022","2022","7021","Annual value","USD","525.4","A","Official value"
"PP","Producer Prices","840","United States of America","5532","Producer Price (USD/tonne)","0141","Soya beans","2023","2023","7021","Annual value","USD","455.6","A","Official value"
"PP","Producer Prices","840","United States of America","5532","Producer Price (USD/tonne)","0141","Soya beans","2024","2024","7021","Annual value","USD","371.1","A","Official value"
"PP","Producer Prices","858","Uruguay","5532","Producer Price (USD/tonne)","21111.01","Meat of cattle with the bone, fresh or chilled","1991","1991","7021","Annual value","USD","623.5","A","Official value"
"PP","Producer Prices","858","Uruguay","5532","Producer Price (USD/tonne)","21111.01","Meat of cattle with the bone, fresh or chilled","1992","1992","7021","Annual value","USD","668.1","A","Official value"
"PP","Producer Prices","858","Uruguay","5532","Producer Price (USD/tonne)","21111.01","Meat of cattle with the bone, fresh or chilled","1993","1993","7021","Annual value","USD","662.5","A","Official value"
"PP","Producer Prices","858","Uruguay","5532","Producer Price (USD/tonne)","21111.01","Meat of cattle with the bone, fresh or chilled","1994","1994","7021","Annual value","USD","708.4","A","Official value"
"PP","Producer Prices","858","Uruguay","5532","Producer Price (USD/tonne)","21111.01","Meat of cattle with the bone, fresh or chilled","1995","1995","7021","Annual value","USD","1102.5","X","Value from external organization"
"PP","Producer Prices","858","Uruguay","5532","Producer Price (USD/tonne)","21111.01","Meat of cattle with the bone, fresh or chilled","1999","1999","7021","Annual value","USD","1289.3","A","Official value"
"PP","Producer Prices","858","Uruguay","5532","Producer Price (USD/tonne)","21111.01","Meat of cattle with the bone, fresh or chilled","2000","2000","7021","Annual value","USD","1356.2","A","Official value"
"PP","Producer Prices","858","Uruguay","5532","Producer Price (USD/tonne)","21111.01","Meat of cattle with the bone, fresh or chilled","2001","2001","7021","Annual value","USD","1202","A","Official value"
"PP","Producer Prices","858","Uruguay","5532","Producer Price (USD/tonne)","21111.01","Meat of cattle with the bone, fresh or chilled","2002","2002","7021","Annual value","USD","921.1","A","Official value"
"PP","Producer Prices","858","Uruguay","5532","Producer Price (USD/tonne)","21111.01","Meat of cattle with the bone, fresh or chilled","2003","2003","7021","Annual value","USD","1221.6","A","Official value"
"PP","Producer Prices","858","Uruguay","5532","Producer Price (USD/tonne)","21111.01","Meat of cattle with the bone, fresh or chilled","2004","2004","7021","Annual value","USD","1532.6","A","Official value"
"PP","Producer Prices","858","Uruguay","5532","Producer Price (USD/tonne)","21111.01","Meat of cattle with the bone, fresh or chilled","2005","2005","7021","Annual value","USD","1584.6","A","Official value"
"PP","Producer Prices","858","Uruguay","5532","Producer Price (USD/tonne)","21111.01","Meat of cattle with the bone, fresh or chilled","2006","2006","7021","Annual value","USD","1722.7","A","Official value"
"PP","Producer Prices","858","Uruguay","5532","Producer Price (USD/tonne)","21111.01","Meat of cattle with the bone, fresh or chilled","2007","2007","7021","Annual value","USD","1956.5","A","Official value"
"PP","Producer Prices","858","Uruguay","5532","Producer Price (USD/tonne)","21111.01","Meat of cattle with the bone, fresh or chilled","2008","2008","7021","Annual value","USD","2407.2","A","Official value"
"PP","Producer Prices","858","Uruguay","5532","Producer Price (USD/tonne)","21111.01","Meat of cattle with the bone, fresh or chilled","2009","2009","7021","Annual value","USD","1942.1","A","Official value"
"PP","Producer Prices","858","Uruguay","5532","Producer Price (USD/tonne)","21111.01","Meat of cattle with the bone, fresh or chilled","2010","2010","7021","Annual value","USD","2648.7","A","Official value"
"PP","Producer Prices","858","Uruguay","5532","Producer Price (USD/tonne)","21111.01","Meat of cattle with the bone, fresh or chilled","2011","2011","7021","Annual value","USD","3581.3","A","Official value"
"PP","Producer Prices","858","Uruguay","5532","Producer Price (USD/tonne)","21111.01","Meat of cattle with the bone, fresh or chilled","2012","2012","7021","Annual value","USD","3487.8","A","Official value"
"PP","Producer Prices","858","Uruguay","5532","Producer Price (USD/tonne)","21111.01","Meat of cattle with the bone, fresh or chilled","2013","2013","7021","Annual value","USD","3468","A","Official value"
"PP","Producer Prices","858","Uruguay","5532","Producer Price (USD/tonne)","21111.01","Meat of cattle with the bone, fresh or chilled","2014","2014","7021","Annual value","USD","3268.1","A","Official value"
"PP","Producer Prices","858","Uruguay","5532","Producer Price (USD/tonne)","21111.01","Meat of cattle with the bone, fresh or chilled","2015","2015","7021","Annual value","USD","3214","A","Official value"
"PP","Producer Prices","858","Uruguay","5532","Producer Price (USD/tonne)","21111.01","Meat of cattle with the bone, fresh or chilled","2016","2016","7021","Annual value","USD","2890","A","Official value"
"PP","Producer Prices","858","Uruguay","5532","Producer Price (USD/tonne)","21111.01","Meat of cattle with the bone, fresh or chilled","2017","2017","7021","Annual value","USD","2921.6","A","Official value"
"PP","Producer Prices","858","Uruguay","5532","Producer Price (USD/tonne)","21111.01","Meat of cattle with the bone, fresh or chilled","2018","2018","7021","Annual value","USD","3189.6","A","Official value"
"PP","Producer Prices","858","Uruguay","5532","Producer Price (USD/tonne)","21111.01","Meat of cattle with the bone, fresh or chilled","2019","2019","7021","Annual value","USD","2059.3","A","Official value"
"PP","Producer Prices","858","Uruguay","5532","Producer Price (USD/tonne)","0141","Soya beans","1991","1991","7021","Annual value","USD","200.3","A","Official value"
"PP","Producer Prices","858","Uruguay","5532","Producer Price (USD/tonne)","0141","Soya beans","1992","1992","7021","Annual value","USD","200.1","A","Official value"
"PP","Producer Prices","858","Uruguay","5532","Producer Price (USD/tonne)","0141","Soya beans","1993","1993","7021","Annual value","USD","207.6","A","Official value"
"PP","Producer Prices","858","Uruguay","5532","Producer Price (USD/tonne)","0141","Soya beans","1994","1994","7021","Annual value","USD","217.3","A","Official value"
"PP","Producer Prices","858","Uruguay","5532","Producer Price (USD/tonne)","0141","Soya beans","1995","1995","7021","Annual value","USD","231.5","X","Value from external organization"
"PP","Producer Prices","858","Uruguay","5532","Producer Price (USD/tonne)","0141","Soya beans","1999","1999","7021","Annual value","USD","151.8","A","Official value"
"PP","Producer Prices","858","Uruguay","5532","Producer Price (USD/tonne)","0141","Soya beans","2000","2000","7021","Annual value","USD","157.5","A","Official value"
"PP","Producer Prices","858","Uruguay","5532","Producer Price (USD/tonne)","0141","Soya beans","2001","2001","7021","Annual value","USD","133.9","A","Official value"
"PP","Producer Prices","858","Uruguay","5532","Producer Price (USD/tonne)","0141","Soya beans","2002","2002","7021","Annual value","USD","158.6","A","Official value"
"PP","Producer Prices","858","Uruguay","5532","Producer Price (USD/tonne)","0141","Soya beans","2003","2003","7021","Annual value","USD","196.4","A","Official value"
"PP","Producer Prices","858","Uruguay","5532","Producer Price (USD/tonne)","0141","Soya beans","2004","2004","7021","Annual value","USD","201.2","A","Official value"
"PP","Producer Prices","858","Uruguay","5532","Producer Price (USD/tonne)","0141","Soya beans","2005","2005","7021","Annual value","USD","187.2","A","Official value"
"PP","Producer Prices","858","Uruguay","5532","Producer Price (USD/tonne)","0141","Soya beans","2006","2006","7021","Annual value","USD","207","A","Official value"
"PP","Producer Prices","858","Uruguay","5532","Producer Price (USD/tonne)","0141","Soya beans","2007","2007","7021","Annual value","USD","288.4","A","Official value"
"PP","Producer Prices","858","Uruguay","5532","Producer Price (USD/tonne)","0141","Soya beans","2008","2008","7021","Annual value","USD","461.8","A","Official value"
"PP","Producer Prices","858","Uruguay","5532","Producer Price (USD/tonne)","0141","Soya beans","2009","2009","7021","Annual value","USD","395.9","A","Official value"
"PP","Producer Prices","858","Uruguay","5532","Producer Price (USD/tonne)","0141","Soya beans","2010","2010","7021","Annual value","USD","379.9","A","Official value"
"PP","Producer Prices","858","Uruguay","5532","Producer Price (USD/tonne)","0141","Soya beans","2011","2011","7021","Annual value","USD","484.4","A","Official value"
"PP","Producer Prices","858","Uruguay","5532","Producer Price (USD/tonne)","0141","Soya beans","2012","2012","7021","Annual value","USD","546.8","A","Official value"
"PP","Producer Prices","858","Uruguay","5532","Producer Price (USD/tonne)","0141","Soya beans","2013","2013","7021","Annual value","USD","498.5","A","Official value"
"PP","Producer Prices","858","Uruguay","5532","Producer Price (USD/tonne)","0141","Soya beans","2014","2014","7021","Annual value","USD","457.8","A","Official value"
"PP","Producer Prices","858","Uruguay","5532","Producer Price (USD/tonne)","0141","Soya beans","2015","2015","7021","Annual value","USD","334.5","A","Official value"
"PP","Producer Prices","858","Uruguay","5532","Producer Price (USD/tonne)","0141","Soya beans","2016","2016","7021","Annual value","USD","366.2","A","Official value"
"PP","Producer Prices","858","Uruguay","5532","Producer Price (USD/tonne)","0141","Soya beans","2017","2017","7021","Annual value","USD","342.3","A","Official value"
"PP","Producer Prices","858","Uruguay","5532","Producer Price (USD/tonne)","0141","Soya beans","2018","2018","7021","Annual value","USD","298.6","A","Official value"
"PP","Producer Prices","858","Uruguay","5532","Producer Price (USD/tonne)","0141","Soya beans","2019","2019","7021","Annual value","USD","310.2","A","Official value"
"PP","Producer Prices","858","Uruguay","5532","Producer Price (USD/tonne)","0141","Soya beans","2020","2020","7021","Annual value","USD","338.9","A","Official value"
"PP","Producer Prices","858","Uruguay","5532","Producer Price (USD/tonne)","0141","Soya beans","2021","2021","7021","Annual value","USD","488","A","Official value"
"PP","Producer Prices","858","Uruguay","5532","Producer Price (USD/tonne)","0141","Soya beans","2022","2022","7021","Annual value","USD","564.3","A","Official value"
"PP","Producer Prices","860","Uzbekistan","5532","Producer Price (USD/tonne)","0141","Soya beans","2022","2022","7021","Annual value","USD","842.4","A","Official value"
"PP","Producer Prices","860","Uzbekistan","5532","Producer Price (USD/tonne)","0141","Soya beans","2023","2023","7021","Annual value","USD","760.4","A","Official value"
"PP","Producer Prices","860","Uzbekistan","5532","Producer Price (USD/tonne)","0141","Soya beans","2024","2024","7021","Annual value","USD","737.2","A","Official value"
"PP","Producer Prices","862","Venezuela (Bolivarian Republic of)","5532","Producer Price (USD/tonne)","21111.01","Meat of cattle with the bone, fresh or chilled","1991","1991","7021","Annual value","USD","1789.9","A","Official value"
"PP","Producer Prices","862","Venezuela (Bolivarian Republic of)","5532","Producer Price (USD/tonne)","0141","Soya beans","1991","1991","7021","Annual value","USD","254.4","A","Official value"
"PP","Producer Prices","862","Venezuela (Bolivarian Republic of)","5532","Producer Price (USD/tonne)","0141","Soya beans","2005","2005","7021","Annual value","USD","277.5","A","Official value"
"PP","Producer Prices","862","Venezuela (Bolivarian Republic of)","5532","Producer Price (USD/tonne)","0141","Soya beans","2008","2008","7021","Annual value","USD","605.5","A","Official value"
"PP","Producer Prices","862","Venezuela (Bolivarian Republic of)","5532","Producer Price (USD/tonne)","0141","Soya beans","2009","2009","7021","Annual value","USD","605.5","A","Official value"
"PP","Producer Prices","862","Venezuela (Bolivarian Republic of)","5532","Producer Price (USD/tonne)","0141","Soya beans","2010","2010","7021","Annual value","USD","689.4","A","Official value"
"PP","Producer Prices","862","Venezuela (Bolivarian Republic of)","5532","Producer Price (USD/tonne)","0141","Soya beans","2011","2011","7021","Annual value","USD","529.2","A","Official value"
"PP","Producer Prices","862","Venezuela (Bolivarian Republic of)","5532","Producer Price (USD/tonne)","0141","Soya beans","2012","2012","7021","Annual value","USD","657.4","A","Official value"
"PP","Producer Prices","862","Venezuela (Bolivarian Republic of)","5532","Producer Price (USD/tonne)","0141","Soya beans","2013","2013","7021","Annual value","USD","907.7","A","Official value"
"PP","Producer Prices","862","Venezuela (Bolivarian Republic of)","5532","Producer Price (USD/tonne)","0141","Soya beans","2014","2014","7021","Annual value","USD","1072.5","A","Official value"
"PP","Producer Prices","704","Viet Nam","5532","Producer Price (USD/tonne)","21111.01","Meat of cattle with the bone, fresh or chilled","2007","2007","7021","Annual value","USD","1255.6","A","Official value"
"PP","Producer Prices","704","Viet Nam","5532","Producer Price (USD/tonne)","21111.01","Meat of cattle with the bone, fresh or chilled","2008","2008","7021","Annual value","USD","2141.1","A","Official value"
"PP","Producer Prices","704","Viet Nam","5532","Producer Price (USD/tonne)","21111.01","Meat of cattle with the bone, fresh or chilled","2009","2009","7021","Annual value","USD","2261.5","A","Official value"
"PP","Producer Prices","704","Viet Nam","5532","Producer Price (USD/tonne)","21111.01","Meat of cattle with the bone, fresh or chilled","2010","2010","7021","Annual value","USD","2481.6","A","Official value"
"PP","Producer Prices","704","Viet Nam","5532","Producer Price (USD/tonne)","21111.01","Meat of cattle with the bone, fresh or chilled","2011","2011","7021","Annual value","USD","2717.4","A","Official value"
"PP","Producer Prices","704","Viet Nam","5532","Producer Price (USD/tonne)","21111.01","Meat of cattle with the bone, fresh or chilled","2012","2012","7021","Annual value","USD","3362.7","A","Official value"
"PP","Producer Prices","704","Viet Nam","5532","Producer Price (USD/tonne)","21111.01","Meat of cattle with the bone, fresh or chilled","2013","2013","7021","Annual value","USD","3801.9","A","Official value"
"PP","Producer Prices","704","Viet Nam","5532","Producer Price (USD/tonne)","21111.01","Meat of cattle with the bone, fresh or chilled","2014","2014","7021","Annual value","USD","4059.3","A","Official value"
"PP","Producer Prices","704","Viet Nam","5532","Producer Price (USD/tonne)","21111.01","Meat of cattle with the bone, fresh or chilled","2015","2015","7021","Annual value","USD","4161.3","A","Official value"
"PP","Producer Prices","704","Viet Nam","5532","Producer Price (USD/tonne)","21111.01","Meat of cattle with the bone, fresh or chilled","2016","2016","7021","Annual value","USD","4686.2","A","Official value"
"PP","Producer Prices","704","Viet Nam","5532","Producer Price (USD/tonne)","21111.01","Meat of cattle with the bone, fresh or chilled","2017","2017","7021","Annual value","USD","4512.9","A","Official value"
"PP","Producer Prices","704","Viet Nam","5532","Producer Price (USD/tonne)","21111.01","Meat of cattle with the bone, fresh or chilled","2018","2018","7021","Annual value","USD","4162.9","A","Official value"
"PP","Producer Prices","704","Viet Nam","5532","Producer Price (USD/tonne)","21111.01","Meat of cattle with the bone, fresh or chilled","2019","2019","7021","Annual value","USD","4275.6","A","Official value"
"PP","Producer Prices","704","Viet Nam","5532","Producer Price (USD/tonne)","21111.01","Meat of cattle with the bone, fresh or chilled","2020","2020","7021","Annual value","USD","4423.3","A","Official value"
"PP","Producer Prices","704","Viet Nam","5532","Producer Price (USD/tonne)","21111.01","Meat of cattle with the bone, fresh or chilled","2021","2021","7021","Annual value","USD","3688.9","A","Official value"
"PP","Producer Prices","704","Viet Nam","5532","Producer Price (USD/tonne)","21111.01","Meat of cattle with the bone, fresh or chilled","2022","2022","7021","Annual value","USD","3924.4","A","Official value"
"PP","Producer Prices","704","Viet Nam","5532","Producer Price (USD/tonne)","21111.01","Meat of cattle with the bone, fresh or chilled","2023","2023","7021","Annual value","USD","3674.8","A","Official value"
"PP","Producer Prices","704","Viet Nam","5532","Producer Price (USD/tonne)","21111.01","Meat of cattle with the bone, fresh or chilled","2024","2024","7021","Annual value","USD","3608.6","A","Official value"
"PP","Producer Prices","704","Viet Nam","5532","Producer Price (USD/tonne)","0141","Soya beans","1991","1991","7021","Annual value","USD","260","A","Official value"
"PP","Producer Prices","704","Viet Nam","5532","Producer Price (USD/tonne)","0141","Soya beans","1992","1992","7021","Annual value","USD","254.4","A","Official value"
"PP","Producer Prices","704","Viet Nam","5532","Producer Price (USD/tonne)","0141","Soya beans","1993","1993","7021","Annual value","USD","283.2","A","Official value"
"PP","Producer Prices","704","Viet Nam","5532","Producer Price (USD/tonne)","0141","Soya beans","1994","1994","7021","Annual value","USD","286.8","A","Official value"
"PP","Producer Prices","704","Viet Nam","5532","Producer Price (USD/tonne)","0141","Soya beans","1995","1995","7021","Annual value","USD","366","A","Official value"
"PP","Producer Prices","704","Viet Nam","5532","Producer Price (USD/tonne)","0141","Soya beans","1996","1996","7021","Annual value","USD","391.1","A","Official value"
"PP","Producer Prices","704","Viet Nam","5532","Producer Price (USD/tonne)","0141","Soya beans","1997","1997","7021","Annual value","USD","389.4","A","Official value"
"PP","Producer Prices","704","Viet Nam","5532","Producer Price (USD/tonne)","0141","Soya beans","1998","1998","7021","Annual value","USD","345.2","A","Official value"
"PP","Producer Prices","704","Viet Nam","5532","Producer Price (USD/tonne)","0141","Soya beans","2013","2013","7021","Annual value","USD","847.6","A","Official value"
"PP","Producer Prices","704","Viet Nam","5532","Producer Price (USD/tonne)","0141","Soya beans","2014","2014","7021","Annual value","USD","851.6","A","Official value"
"PP","Producer Prices","704","Viet Nam","5532","Producer Price (USD/tonne)","0141","Soya beans","2015","2015","7021","Annual value","USD","825.3","A","Official value"
"PP","Producer Prices","704","Viet Nam","5532","Producer Price (USD/tonne)","0141","Soya beans","2016","2016","7021","Annual value","USD","821.6","A","Official value"
"PP","Producer Prices","704","Viet Nam","5532","Producer Price (USD/tonne)","0141","Soya beans","2017","2017","7021","Annual value","USD","822.3","A","Official value"
"PP","Producer Prices","704","Viet Nam","5532","Producer Price (USD/tonne)","0141","Soya beans","2018","2018","7021","Annual value","USD","822","A","Official value"
"PP","Producer Prices","704","Viet Nam","5532","Producer Price (USD/tonne)","0141","Soya beans","2019","2019","7021","Annual value","USD","829.5","A","Official value"
"PP","Producer Prices","704","Viet Nam","5532","Producer Price (USD/tonne)","0141","Soya beans","2020","2020","7021","Annual value","USD","854.5","A","Official value"
"PP","Producer Prices","704","Viet Nam","5532","Producer Price (USD/tonne)","0141","Soya beans","2021","2021","7021","Annual value","USD","764.3","A","Official value"
"PP","Producer Prices","704","Viet Nam","5532","Producer Price (USD/tonne)","0141","Soya beans","2022","2022","7021","Annual value","USD","892.3","A","Official value"
"PP","Producer Prices","704","Viet Nam","5532","Producer Price (USD/tonne)","0141","Soya beans","2023","2023","7021","Annual value","USD","929.2","A","Official value"
"PP","Producer Prices","704","Viet Nam","5532","Producer Price (USD/tonne)","0141","Soya beans","2024","2024","7021","Annual value","USD","927.9","A","Official value"
"PP","Producer Prices","887","Yemen","5532","Producer Price (USD/tonne)","21111.01","Meat of cattle with the bone, fresh or chilled","1991","1991","7021","Annual value","USD","1224.2","A","Official value"
"PP","Producer Prices","887","Yemen","5532","Producer Price (USD/tonne)","21111.01","Meat of cattle with the bone, fresh or chilled","1992","1992","7021","Annual value","USD","1596.8","A","Official value"
"PP","Producer Prices","887","Yemen","5532","Producer Price (USD/tonne)","21111.01","Meat of cattle with the bone, fresh or chilled","1993","1993","7021","Annual value","USD","1858.8","A","Official value"
"PP","Producer Prices","887","Yemen","5532","Producer Price (USD/tonne)","21111.01","Meat of cattle with the bone, fresh or chilled","1994","1994","7021","Annual value","USD","2144.4","A","Official value"
"PP","Producer Prices","887","Yemen","5532","Producer Price (USD/tonne)","21111.01","Meat of cattle with the bone, fresh or chilled","1995","1995","7021","Annual value","USD","2371.4","A","Official value"
"PP","Producer Prices","887","Yemen","5532","Producer Price (USD/tonne)","21111.01","Meat of cattle with the bone, fresh or chilled","1996","1996","7021","Annual value","USD","2593","A","Official value"
"PP","Producer Prices","887","Yemen","5532","Producer Price (USD/tonne)","21111.01","Meat of cattle with the bone, fresh or chilled","1997","1997","7021","Annual value","USD","2521.6","A","Official value"
"PP","Producer Prices","887","Yemen","5532","Producer Price (USD/tonne)","21111.01","Meat of cattle with the bone, fresh or chilled","1999","1999","7021","Annual value","USD","2697.2","A","Official value"
"PP","Producer Prices","887","Yemen","5532","Producer Price (USD/tonne)","21111.01","Meat of cattle with the bone, fresh or chilled","2000","2000","7021","Annual value","USD","2782.6","A","Official value"
"PP","Producer Prices","887","Yemen","5532","Producer Price (USD/tonne)","21111.01","Meat of cattle with the bone, fresh or chilled","2001","2001","7021","Annual value","USD","2905.1","A","Official value"
"PP","Producer Prices","887","Yemen","5532","Producer Price (USD/tonne)","21111.01","Meat of cattle with the bone, fresh or chilled","2002","2002","7021","Annual value","USD","2938.1","A","Official value"
"PP","Producer Prices","887","Yemen","5532","Producer Price (USD/tonne)","21111.01","Meat of cattle with the bone, fresh or chilled","2003","2003","7021","Annual value","USD","2789.8","A","Official value"
"PP","Producer Prices","887","Yemen","5532","Producer Price (USD/tonne)","21111.01","Meat of cattle with the bone, fresh or chilled","2004","2004","7021","Annual value","USD","2982.2","A","Official value"
"PP","Producer Prices","887","Yemen","5532","Producer Price (USD/tonne)","21111.01","Meat of cattle with the bone, fresh or chilled","2005","2005","7021","Annual value","USD","3138.2","A","Official value"
"PP","Producer Prices","887","Yemen","5532","Producer Price (USD/tonne)","21111.01","Meat of cattle with the bone, fresh or chilled","2006","2006","7021","Annual value","USD","3921.9","A","Official value"
"PP","Producer Prices","887","Yemen","5532","Producer Price (USD/tonne)","21111.01","Meat of cattle with the bone, fresh or chilled","2007","2007","7021","Annual value","USD","4453.2","A","Official value"
"PP","Producer Prices","887","Yemen","5532","Producer Price (USD/tonne)","21111.01","Meat of cattle with the bone, fresh or chilled","2008","2008","7021","Annual value","USD","4908.4","A","Official value"
"PP","Producer Prices","887","Yemen","5532","Producer Price (USD/tonne)","21111.01","Meat of cattle with the bone, fresh or chilled","2009","2009","7021","Annual value","USD","5843.7","A","Official value"
"PP","Producer Prices","887","Yemen","5532","Producer Price (USD/tonne)","21111.01","Meat of cattle with the bone, fresh or chilled","2010","2010","7021","Annual value","USD","5871.2","A","Official value"
"PP","Producer Prices","887","Yemen","5532","Producer Price (USD/tonne)","21111.01","Meat of cattle with the bone, fresh or chilled","2011","2011","7021","Annual value","USD","6065.2","A","Official value"
"PP","Producer Prices","887","Yemen","5532","Producer Price (USD/tonne)","21111.01","Meat of cattle with the bone, fresh or chilled","2012","2012","7021","Annual value","USD","6054.1","A","Official value"
"PP","Producer Prices","887","Yemen","5532","Producer Price (USD/tonne)","21111.01","Meat of cattle with the bone, fresh or chilled","2013","2013","7021","Annual value","USD","6309.5","A","Official value"
"PP","Producer Prices","887","Yemen","5532","Producer Price (USD/tonne)","21111.01","Meat of cattle with the bone, fresh or chilled","2015","2015","7021","Annual value","USD","6281.5","A","Official value"
"PP","Producer Prices","887","Yemen","5532","Producer Price (USD/tonne)","21111.01","Meat of cattle with the bone, fresh or chilled","2016","2016","7021","Annual value","USD","5723.9","A","Official value"
"PP","Producer Prices","887","Yemen","5532","Producer Price (USD/tonne)","21111.01","Meat of cattle with the bone, fresh or chilled","2017","2017","7021","Annual value","USD","6046.3","A","Official value"
"PP","Producer Prices","887","Yemen","5532","Producer Price (USD/tonne)","21111.01","Meat of cattle with the bone, fresh or chilled","2018","2018","7021","Annual value","USD","8337","A","Official value"
"PP","Producer Prices","887","Yemen","5532","Producer Price (USD/tonne)","21111.01","Meat of cattle with the bone, fresh or chilled","2019","2019","7021","Annual value","USD","4499.4","A","Official value"
"PP","Producer Prices","887","Yemen","5532","Producer Price (USD/tonne)","21111.01","Meat of cattle with the bone, fresh or chilled","2020","2020","7021","Annual value","USD","3446.8","A","Official value"
"PP","Producer Prices","887","Yemen","5532","Producer Price (USD/tonne)","21111.01","Meat of cattle with the bone, fresh or chilled","2021","2021","7021","Annual value","USD","6097.1","A","Official value"
"PP","Producer Prices","887","Yemen","5532","Producer Price (USD/tonne)","21111.01","Meat of cattle with the bone, fresh or chilled","2022","2022","7021","Annual value","USD","6281.9","A","Official value"
"PP","Producer Prices","887","Yemen","5532","Producer Price (USD/tonne)","21111.01","Meat of cattle with the bone, fresh or chilled","2023","2023","7021","Annual value","USD","8343.2","A","Official value"
"PP","Producer Prices","887","Yemen","5532","Producer Price (USD/tonne)","21111.01","Meat of cattle with the bone, fresh or chilled","2024","2024","7021","Annual value","USD","7998","A","Official value"
"PP","Producer Prices","894","Zambia","5532","Producer Price (USD/tonne)","21111.01","Meat of cattle with the bone, fresh or chilled","2010","2010","7021","Annual value","USD","4103.1","A","Official value"
"PP","Producer Prices","894","Zambia","5532","Producer Price (USD/tonne)","21111.01","Meat of cattle with the bone, fresh or chilled","2011","2011","7021","Annual value","USD","4792.7","A","Official value"
"PP","Producer Prices","894","Zambia","5532","Producer Price (USD/tonne)","21111.01","Meat of cattle with the bone, fresh or chilled","2012","2012","7021","Annual value","USD","4858.4","A","Official value"
"PP","Producer Prices","894","Zambia","5532","Producer Price (USD/tonne)","21111.01","Meat of cattle with the bone, fresh or chilled","2013","2013","7021","Annual value","USD","4797.8","A","Official value"
"PP","Producer Prices","894","Zambia","5532","Producer Price (USD/tonne)","21111.01","Meat of cattle with the bone, fresh or chilled","2014","2014","7021","Annual value","USD","4487.8","A","Official value"
"PP","Producer Prices","894","Zambia","5532","Producer Price (USD/tonne)","21111.01","Meat of cattle with the bone, fresh or chilled","2015","2015","7021","Annual value","USD","3475.3","A","Official value"
"PP","Producer Prices","894","Zambia","5532","Producer Price (USD/tonne)","21111.01","Meat of cattle with the bone, fresh or chilled","2018","2018","7021","Annual value","USD","3372.9","A","Official value"
"PP","Producer Prices","894","Zambia","5532","Producer Price (USD/tonne)","0141","Soya beans","2005","2005","7021","Annual value","USD","341.7","A","Official value"
"PP","Producer Prices","894","Zambia","5532","Producer Price (USD/tonne)","0141","Soya beans","2006","2006","7021","Annual value","USD","288.9","A","Official value"
"PP","Producer Prices","894","Zambia","5532","Producer Price (USD/tonne)","0141","Soya beans","2007","2007","7021","Annual value","USD","205.1","A","Official value"
"PP","Producer Prices","716","Zimbabwe","5532","Producer Price (USD/tonne)","0141","Soya beans","2010","2010","7021","Annual value","USD","300","A","Official value"
"PP","Producer Prices","716","Zimbabwe","5532","Producer Price (USD/tonne)","0141","Soya beans","2011","2011","7021","Annual value","USD","300","A","Official value"
"PP","Producer Prices","716","Zimbabwe","5532","Producer Price (USD/tonne)","0141","Soya beans","2012","2012","7021","Annual value","USD","520","A","Official value"
"PP","Producer Prices","716","Zimbabwe","5532","Producer Price (USD/tonne)","0141","Soya beans","2013","2013","7021","Annual value","USD","520","A","Official value"
"PP","Producer Prices","716","Zimbabwe","5532","Producer Price (USD/tonne)","0141","Soya beans","2014","2014","7021","Annual value","USD","580","A","Official value"
"PP","Producer Prices","716","Zimbabwe","5532","Producer Price (USD/tonne)","0141","Soya beans","2015","2015","7021","Annual value","USD","550","A","Official value"
"PP","Producer Prices","716","Zimbabwe","5532","Producer Price (USD/tonne)","0141","Soya beans","2016","2016","7021","Annual value","USD","540","A","Official value"
"PP","Producer Prices","716","Zimbabwe","5532","Producer Price (USD/tonne)","0141","Soya beans","2017","2017","7021","Annual value","USD","540","A","Official value"
"PP","Producer Prices","716","Zimbabwe","5532","Producer Price (USD/tonne)","0141","Soya beans","2018","2018","7021","Annual value","USD","780","A","Official value"
"PP","Producer Prices","716","Zimbabwe","5532","Producer Price (USD/tonne)","0141","Soya beans","2021","2021","7021","Annual value","USD","750","A","Official value"
"PP","Producer Prices","716","Zimbabwe","5532","Producer Price (USD/tonne)","0141","Soya beans","2022","2022","7021","Annual value","USD","119667","A","Official value"
"PP","Producer Prices","716","Zimbabwe","5532","Producer Price (USD/tonne)","0141","Soya beans","2023","2023","7021","Annual value","USD","680.8","A","Official value"
