Entity,Code,Year,Soybeans - Production (tonnes)
Afghanistan,AFG,2022,2906
Afghanistan,AFG,2023,6000
Afghanistan,AFG,2024,7304.9
Africa,OWID_AFR,1961,71813
Africa,OWID_AFR,1962,84594
Africa,OWID_AFR,1963,87260
Africa,OWID_AFR,1964,76781
Africa,OWID_AFR,1965,73067
Africa,OWID_AFR,1966,77180
Africa,OWID_AFR,1967,80884
Africa,OWID_AFR,1968,90459
Africa,OWID_AFR,1969,89000
Africa,OWID_AFR,1970,97211
Africa,OWID_AFR,1971,97545
Africa,OWID_AFR,1972,103891
Africa,OWID_AFR,1973,106221
Africa,OWID_AFR,1974,135960
Africa,OWID_AFR,1975,151128
Africa,OWID_AFR,1976,177483
Africa,OWID_AFR,1977,214047
Africa,OWID_AFR,1978,308253
Africa,OWID_AFR,1979,327037
Africa,OWID_AFR,1980,339734
Africa,OWID_AFR,1981,358617
Africa,OWID_AFR,1982,419742
Africa,OWID_AFR,1983,351083
Africa,OWID_AFR,1984,354047
Africa,OWID_AFR,1985,377706
Africa,OWID_AFR,1986,367285
Africa,OWID_AFR,1987,441655
Africa,OWID_AFR,1988,542018
Africa,OWID_AFR,1989,688177
Africa,OWID_AFR,1990,701066
Africa,OWID_AFR,1991,673606.06
Africa,OWID_AFR,1992,488461.47
Africa,OWID_AFR,1993,536809.9
Africa,OWID_AFR,1994,570814.25
Africa,OWID_AFR,1995,661472.6
Africa,OWID_AFR,1996,708315
Africa,OWID_AFR,1997,751901.3
Africa,OWID_AFR,1998,937171.25
Africa,OWID_AFR,1999,928493.7
Africa,OWID_AFR,2000,945264.25
Africa,OWID_AFR,2001,1026201.1
Africa,OWID_AFR,2002,1029470.06
Africa,OWID_AFR,2003,1009566.8
Africa,OWID_AFR,2004,1173271.9
Africa,OWID_AFR,2005,1317193.6
Africa,OWID_AFR,2006,1498401.2
Africa,OWID_AFR,2007,1411115.4
Africa,OWID_AFR,2008,1402222.1
Africa,OWID_AFR,2009,1588817.8
Africa,OWID_AFR,2010,1610525.4
Africa,OWID_AFR,2011,1914952.8
Africa,OWID_AFR,2012,2157933.8
Africa,OWID_AFR,2013,2224031.8
Africa,OWID_AFR,2014,2520907
Africa,OWID_AFR,2015,2684747.5
Africa,OWID_AFR,2016,2897214
Africa,OWID_AFR,2017,3812540.5
Africa,OWID_AFR,2018,4329926.5
Africa,OWID_AFR,2019,4037386.8
Africa,OWID_AFR,2020,4596760.5
Africa,OWID_AFR,2021,5453769
Africa,OWID_AFR,2022,6269657
Africa,OWID_AFR,2023,7462564.5
Africa,OWID_AFR,2024,5757171
Africa (FAO),,1961,71813
Africa (FAO),,1962,84594
Africa (FAO),,1963,87260
Africa (FAO),,1964,76781
Africa (FAO),,1965,73067
Africa (FAO),,1966,77180
Africa (FAO),,1967,80884
Africa (FAO),,1968,90459
Africa (FAO),,1969,89000
Africa (FAO),,1970,97211
Africa (FAO),,1971,97545
Africa (FAO),,1972,103891
Africa (FAO),,1973,106221
Africa (FAO),,1974,135960
Africa (FAO),,1975,151128
Africa (FAO),,1976,177483
Africa (FAO),,1977,214047
Africa (FAO),,1978,308253
Africa (FAO),,1979,327037
Africa (FAO),,1980,339734
Africa (FAO),,1981,358617
Africa (FAO),,1982,419742
Africa (FAO),,1983,351083
Africa (FAO),,1984,354047
Africa (FAO),,1985,377706
Africa (FAO),,1986,367285
Africa (FAO),,1987,441655
Africa (FAO),,1988,542018
Africa (FAO),,1989,688177
Africa (FAO),,1990,701066
Africa (FAO),,1991,673606.06
Africa (FAO),,1992,488461.47
Africa (FAO),,1993,536809.9
Africa (FAO),,1994,570814.25
Africa (FAO),,1995,661472.6
Africa (FAO),,1996,708315
Africa (FAO),,1997,751901.3
Africa (FAO),,1998,937171.25
Africa (FAO),,1999,928493.7
Africa (FAO),,2000,945264.25
Africa (FAO),,2001,1026201.1
Africa (FAO),,2002,1029470.06
Africa (FAO),,2003,1009566.8
Africa (FAO),,2004,1173271.9
Africa (FAO),,2005,1317193.6
Africa (FAO),,2006,1498401.2
Africa (FAO),,2007,1411115.4
Africa (FAO),,2008,1402222.1
Africa (FAO),,2009,1588817.8
Africa (FAO),,2010,1610525.4
Africa (FAO),,2011,1914952.8
Africa (FAO),,2012,2157933.8
Africa (FAO),,2013,2224031.8
Africa (FAO),,2014,2520907
Africa (FAO),,2015,2684747.5
Africa (FAO),,2016,2897214
Africa (FAO),,2017,3812540.5
Africa (FAO),,2018,4329926.5
Africa (FAO),,2019,4037386.8
Africa (FAO),,2020,4596760.5
Africa (FAO),,2021,5453769
Africa (FAO),,2022,6269657
Africa (FAO),,2023,7462564.5
Africa (FAO),,2024,5757171
Albania,ALB,1961,0
Albania,ALB,1962,0
Albania,ALB,1963,0
Albania,ALB,1964,0
Albania,ALB,1965,0
Albania,ALB,1966,0
Albania,ALB,1967,0
Albania,ALB,1968,0
Albania,ALB,1969,0
Albania,ALB,1970,0
Albania,ALB,1971,0
Albania,ALB,1972,0
Albania,ALB,1973,0
Albania,ALB,1974,0
Albania,ALB,1975,0
Albania,ALB,1976,0
Albania,ALB,1977,0
Albania,ALB,1978,0
Albania,ALB,1979,0
Albania,ALB,1980,6000
Albania,ALB,1981,6500
Albania,ALB,1982,7500
Albania,ALB,1983,7000
Albania,ALB,1984,7500
Albania,ALB,1985,8000
Albania,ALB,1986,9000
Albania,ALB,1987,6000
Albania,ALB,1988,11000
Albania,ALB,1989,12000
Albania,ALB,1990,7000
Albania,ALB,1991,2513
Albania,ALB,1992,1457
Albania,ALB,1993,671
Albania,ALB,1994,130
Albania,ALB,1995,158
Albania,ALB,1996,274
Albania,ALB,1997,226
Albania,ALB,1998,149
Albania,ALB,1999,1200
Albania,ALB,2000,600
Albania,ALB,2001,800
Albania,ALB,2002,400
Albania,ALB,2003,500
Albania,ALB,2004,400
Albania,ALB,2005,700
Albania,ALB,2006,400
Albania,ALB,2007,400
Albania,ALB,2008,600
Albania,ALB,2009,500
Albania,ALB,2010,500
Albania,ALB,2011,600
Albania,ALB,2012,400
Albania,ALB,2013,300
Albania,ALB,2014,350
Albania,ALB,2015,500
Albania,ALB,2016,664
Albania,ALB,2017,500
Albania,ALB,2018,744
Albania,ALB,2019,605
Albania,ALB,2020,441
Albania,ALB,2021,373
Albania,ALB,2022,686
Albania,ALB,2023,519.1
Albania,ALB,2024,813.2
Americas (FAO),,1961,18965910
Americas (FAO),,1962,18833682
Americas (FAO),,1963,19603422
Americas (FAO),,1964,19707092
Americas (FAO),,1965,23904890
Americas (FAO),,1966,26299868
Americas (FAO),,1967,27764090
Americas (FAO),,1968,31456768
Americas (FAO),,1969,32569184
Americas (FAO),,1970,32885574
Americas (FAO),,1971,34863960
Americas (FAO),,1972,38841804
Americas (FAO),,1973,48614436
Americas (FAO),,1974,42562560
Americas (FAO),,1975,53916780
Americas (FAO),,1976,47964600
Americas (FAO),,1977,63638120
Americas (FAO),,1978,64302210
Americas (FAO),,1979,77647020
Americas (FAO),,1980,69426136
Americas (FAO),,1981,75536700
Americas (FAO),,1982,79115750
Americas (FAO),,1983,65585496
Americas (FAO),,1984,76009920
Americas (FAO),,1985,85308500
Americas (FAO),,1986,76229944
Americas (FAO),,1987,80333030
Americas (FAO),,1988,73383990
Americas (FAO),,1989,87416870
Americas (FAO),,1990,87377160
Americas (FAO),,1991,83835580
Americas (FAO),,1992,94026840
Americas (FAO),,1993,89589670
Americas (FAO),,1994,110762130
Americas (FAO),,1995,102833630
Americas (FAO),,1996,106117570
Americas (FAO),,1997,117374050
Americas (FAO),,1998,131674280
Americas (FAO),,1999,130344960
Americas (FAO),,2000,135184300
Americas (FAO),,2001,150131440
Americas (FAO),,2002,154399380
Americas (FAO),,2003,162166400
Americas (FAO),,2004,175105490
Americas (FAO),,2005,182686270
Americas (FAO),,2006,189793380
Americas (FAO),,2007,189598180
Americas (FAO),,2008,198871230
Americas (FAO),,2009,190517380
Americas (FAO),,2010,227887230
Americas (FAO),,2011,224633780
Americas (FAO),,2012,203422460
Americas (FAO),,2013,242922930
Americas (FAO),,2014,269601920
Americas (FAO),,2015,287922340
Americas (FAO),,2016,293990460
Americas (FAO),,2017,314468200
Americas (FAO),,2018,299471740
Americas (FAO),,2019,287188800
Americas (FAO),,2020,308026000
Americas (FAO),,2021,324823420
Americas (FAO),,2022,299812220
Americas (FAO),,2023,312470700
Americas (FAO),,2024,337102980
Angola,AGO,2000,700
Angola,AGO,2001,800
Angola,AGO,2002,1000
Angola,AGO,2003,1300
Angola,AGO,2004,1800
Angola,AGO,2005,2200
Angola,AGO,2006,3000
Angola,AGO,2007,7064
Angola,AGO,2008,14711
Angola,AGO,2009,5936
Angola,AGO,2010,6087
Angola,AGO,2011,7743
Angola,AGO,2012,5898
Angola,AGO,2013,10326
Angola,AGO,2014,13762.85
Angola,AGO,2015,14835
Angola,AGO,2016,15740
Angola,AGO,2017,36001
Angola,AGO,2018,35266
Angola,AGO,2019,37350
Angola,AGO,2020,37961
Angola,AGO,2021,37317
Angola,AGO,2022,37374
Angola,AGO,2023,44640
Angola,AGO,2024,46857
Argentina,ARG,1961,957
Argentina,ARG,1962,11220
Argentina,ARG,1963,18920
Argentina,ARG,1964,14000
Argentina,ARG,1965,17000
Argentina,ARG,1966,18200
Argentina,ARG,1967,20500
Argentina,ARG,1968,22000
Argentina,ARG,1969,31800
Argentina,ARG,1970,26800
Argentina,ARG,1971,59000
Argentina,ARG,1972,78000
Argentina,ARG,1973,272000
Argentina,ARG,1974,496000
Argentina,ARG,1975,485000
Argentina,ARG,1976,695000
Argentina,ARG,1977,1400000
Argentina,ARG,1978,2500000
Argentina,ARG,1979,3700000
Argentina,ARG,1980,3500000
Argentina,ARG,1981,3770000
Argentina,ARG,1982,4150000
Argentina,ARG,1983,4000000
Argentina,ARG,1984,7000000
Argentina,ARG,1985,6500000
Argentina,ARG,1986,7100000
Argentina,ARG,1987,6700000
Argentina,ARG,1988,9900000
Argentina,ARG,1989,6500000
Argentina,ARG,1990,10700000
Argentina,ARG,1991,10862000
Argentina,ARG,1992,11310000
Argentina,ARG,1993,11045400
Argentina,ARG,1994,11719900
Argentina,ARG,1995,12133000
Argentina,ARG,1996,12448200
Argentina,ARG,1997,11004890
Argentina,ARG,1998,18732172
Argentina,ARG,1999,20000000
Argentina,ARG,2000,20135800
Argentina,ARG,2001,26880852
Argentina,ARG,2002,30000000
Argentina,ARG,2003,34818550
Argentina,ARG,2004,31576752
Argentina,ARG,2005,38289744
Argentina,ARG,2006,40537364
Argentina,ARG,2007,47482784
Argentina,ARG,2008,46238090
Argentina,ARG,2009,30993380
Argentina,ARG,2010,52675464
Argentina,ARG,2011,48888536
Argentina,ARG,2012,40100196
Argentina,ARG,2013,49306200
Argentina,ARG,2014,53397716
Argentina,ARG,2015,61446556
Argentina,ARG,2016,58799256
Argentina,ARG,2017,54971624
Argentina,ARG,2018,37787930
Argentina,ARG,2019,55263892
Argentina,ARG,2020,48780410
Argentina,ARG,2021,46217910
Argentina,ARG,2022,43861064
Argentina,ARG,2023,25044978
Argentina,ARG,2024,48213210
Asia,OWID_ASI,1961,7484718
Asia,OWID_ASI,1962,7710693
Asia,OWID_ASI,1963,8057608
Asia,OWID_ASI,1964,8996113
Asia,OWID_ASI,1965,7290896
Asia,OWID_ASI,1966,9417411
Asia,OWID_ASI,1967,9493746
Asia,OWID_ASI,1968,9293779
Asia,OWID_ASI,1969,8816378
Asia,OWID_ASI,1970,10007602
Asia,OWID_ASI,1971,9926032
Asia,OWID_ASI,1972,7812118
Asia,OWID_ASI,1973,9771451
Asia,OWID_ASI,1974,9109345
Asia,OWID_ASI,1975,8947839
Asia,OWID_ASI,1976,8321115
Asia,OWID_ASI,1977,9007867
Asia,OWID_ASI,1978,9666071
Asia,OWID_ASI,1979,9481149
Asia,OWID_ASI,1980,10015701
Asia,OWID_ASI,1981,11524273
Asia,OWID_ASI,1982,11261599
Asia,OWID_ASI,1983,12217282
Asia,OWID_ASI,1984,12903275
Asia,OWID_ASI,1985,13975071
Asia,OWID_ASI,1986,15415539
Asia,OWID_ASI,1987,16009551
Asia,OWID_ASI,1988,16361558
Asia,OWID_ASI,1989,15394294
Asia,OWID_ASI,1990,16961376
Asia,OWID_ASI,1991,15371442
Asia,OWID_ASI,1992,17195094
Asia,OWID_ASI,1993,23371882
Asia,OWID_ASI,1994,23149914
Asia,OWID_ASI,1995,21764714
Asia,OWID_ASI,1996,21561966
Asia,OWID_ASI,1997,24000418
Asia,OWID_ASI,1998,25036938
Asia,OWID_ASI,1999,24145160
Asia,OWID_ASI,2000,23161980
Asia,OWID_ASI,2001,23699504
Asia,OWID_ASI,2002,23452030
Asia,OWID_ASI,2003,25539954
Asia,OWID_ASI,2004,26735912
Asia,OWID_ASI,2005,27436324
Asia,OWID_ASI,2006,26604770
Asia,OWID_ASI,2007,26176306
Asia,OWID_ASI,2008,28176810
Asia,OWID_ASI,2009,27839054
Asia,OWID_ASI,2010,30744874
Asia,OWID_ASI,2011,29360064
Asia,OWID_ASI,2012,30314684
Asia,OWID_ASI,2013,26464282
Asia,OWID_ASI,2014,25360140
Asia,OWID_ASI,2015,23143836
Asia,OWID_ASI,2016,28517296
Asia,OWID_ASI,2017,28382340
Asia,OWID_ASI,2018,31699076
Asia,OWID_ASI,2019,31410690
Asia,OWID_ASI,2020,34096200
Asia,OWID_ASI,2021,31203588
Asia,OWID_ASI,2022,37190856
Asia,OWID_ASI,2023,35792100
Asia,OWID_ASI,2024,37621812
Asia (FAO),,1961,7484718
Asia (FAO),,1962,7710693
Asia (FAO),,1963,8057608
Asia (FAO),,1964,8996113
Asia (FAO),,1965,7290896
Asia (FAO),,1966,9417411
Asia (FAO),,1967,9493746
Asia (FAO),,1968,9293779
Asia (FAO),,1969,8816378
Asia (FAO),,1970,10007602
Asia (FAO),,1971,9926032
Asia (FAO),,1972,7812118
Asia (FAO),,1973,9771451
Asia (FAO),,1974,9109345
Asia (FAO),,1975,8947839
Asia (FAO),,1976,8321115
Asia (FAO),,1977,9007867
Asia (FAO),,1978,9666071
Asia (FAO),,1979,9481149
Asia (FAO),,1980,10015701
Asia (FAO),,1981,11524273
Asia (FAO),,1982,11261599
Asia (FAO),,1983,12217282
Asia (FAO),,1984,12903275
Asia (FAO),,1985,13975071
Asia (FAO),,1986,15415539
Asia (FAO),,1987,16009551
Asia (FAO),,1988,16361558
Asia (FAO),,1989,15394294
Asia (FAO),,1990,16961376
Asia (FAO),,1991,15371442
Asia (FAO),,1992,17195094
Asia (FAO),,1993,23371882
Asia (FAO),,1994,23149914
Asia (FAO),,1995,21764714
Asia (FAO),,1996,21561966
Asia (FAO),,1997,24000418
Asia (FAO),,1998,25036938
Asia (FAO),,1999,24145160
Asia (FAO),,2000,23161980
Asia (FAO),,2001,23699504
Asia (FAO),,2002,23452030
Asia (FAO),,2003,25539954
Asia (FAO),,2004,26735912
Asia (FAO),,2005,27436324
Asia (FAO),,2006,26604770
Asia (FAO),,2007,26176306
Asia (FAO),,2008,28176810
Asia (FAO),,2009,27839054
Asia (FAO),,2010,30744874
Asia (FAO),,2011,29360064
Asia (FAO),,2012,30314684
Asia (FAO),,2013,26464282
Asia (FAO),,2014,25360140
Asia (FAO),,2015,23143836
Asia (FAO),,2016,28517296
Asia (FAO),,2017,28382340
Asia (FAO),,2018,31699076
Asia (FAO),,2019,31410690
Asia (FAO),,2020,34096200
Asia (FAO),,2021,31203588
Asia (FAO),,2022,37190856
Asia (FAO),,2023,35792100
Asia (FAO),,2024,37621812
Australia,AUS,1961,200
Australia,AUS,1962,260
Australia,AUS,1963,599
Australia,AUS,1964,748
Australia,AUS,1965,1112
Australia,AUS,1966,770
Australia,AUS,1967,775
Australia,AUS,1968,887
Australia,AUS,1969,1740
Australia,AUS,1970,5028
Australia,AUS,1971,9207
Australia,AUS,1972,33629
Australia,AUS,1973,37937
Australia,AUS,1974,62541
Australia,AUS,1975,73723
Australia,AUS,1976,44607
Australia,AUS,1977,55246
Australia,AUS,1978,76500
Australia,AUS,1979,98722
Australia,AUS,1980,81962
Australia,AUS,1981,73181
Australia,AUS,1982,77089
Australia,AUS,1983,53217
Australia,AUS,1984,88635
Australia,AUS,1985,109840
Australia,AUS,1986,105234
Australia,AUS,1987,89800
Australia,AUS,1988,68952
Australia,AUS,1989,129511
Australia,AUS,1990,77413
Australia,AUS,1991,62016
Australia,AUS,1992,62600
Australia,AUS,1993,48889
Australia,AUS,1994,81263
Australia,AUS,1995,27247
Australia,AUS,1996,44606
Australia,AUS,1997,74000
Australia,AUS,1998,54000
Australia,AUS,1999,108800
Australia,AUS,2000,104800
Australia,AUS,2001,48649
Australia,AUS,2002,63061
Australia,AUS,2003,9212
Australia,AUS,2004,59807
Australia,AUS,2005,44689
Australia,AUS,2006,50149
Australia,AUS,2007,25907
Australia,AUS,2008,34700
Australia,AUS,2009,80105
Australia,AUS,2010,59600
Australia,AUS,2011,29750
Australia,AUS,2012,86100
Australia,AUS,2013,91800
Australia,AUS,2014,31949
Australia,AUS,2015,37439
Australia,AUS,2016,29403
Australia,AUS,2017,31335
Australia,AUS,2018,28903
Australia,AUS,2019,15136
Australia,AUS,2020,17323
Australia,AUS,2021,40219
Australia,AUS,2022,57200
Australia,AUS,2023,52000
Australia,AUS,2024,65300
Australia and New Zealand (FAO),,1961,200
Australia and New Zealand (FAO),,1962,260
Australia and New Zealand (FAO),,1963,599
Australia and New Zealand (FAO),,1964,748
Australia and New Zealand (FAO),,1965,1112
Australia and New Zealand (FAO),,1966,770
Australia and New Zealand (FAO),,1967,775
Australia and New Zealand (FAO),,1968,887
Australia and New Zealand (FAO),,1969,1740
Australia and New Zealand (FAO),,1970,5028
Australia and New Zealand (FAO),,1971,9207
Australia and New Zealand (FAO),,1972,33629
Australia and New Zealand (FAO),,1973,37937
Australia and New Zealand (FAO),,1974,63589
Australia and New Zealand (FAO),,1975,74083
Australia and New Zealand (FAO),,1976,44757
Australia and New Zealand (FAO),,1977,55396
Australia and New Zealand (FAO),,1978,76560
Australia and New Zealand (FAO),,1979,98872
Australia and New Zealand (FAO),,1980,82112
Australia and New Zealand (FAO),,1981,73481
Australia and New Zealand (FAO),,1982,77249
Australia and New Zealand (FAO),,1983,53397
Australia and New Zealand (FAO),,1984,88775
Australia and New Zealand (FAO),,1985,109910
Australia and New Zealand (FAO),,1986,105304
Australia and New Zealand (FAO),,1987,89800
Australia and New Zealand (FAO),,1988,68952
Australia and New Zealand (FAO),,1989,129511
Australia and New Zealand (FAO),,1990,77413
Australia and New Zealand (FAO),,1991,62016
Australia and New Zealand (FAO),,1992,62600
Australia and New Zealand (FAO),,1993,48889
Australia and New Zealand (FAO),,1994,81263
Australia and New Zealand (FAO),,1995,27247
Australia and New Zealand (FAO),,1996,44606
Australia and New Zealand (FAO),,1997,74000
Australia and New Zealand (FAO),,1998,54000
Australia and New Zealand (FAO),,1999,108800
Australia and New Zealand (FAO),,2000,104800
Australia and New Zealand (FAO),,2001,48649
Australia and New Zealand (FAO),,2002,63061
Australia and New Zealand (FAO),,2003,9212
Australia and New Zealand (FAO),,2004,59807
Australia and New Zealand (FAO),,2005,44689
Australia and New Zealand (FAO),,2006,50149
Australia and New Zealand (FAO),,2007,25907
Australia and New Zealand (FAO),,2008,34700
Australia and New Zealand (FAO),,2009,80105
Australia and New Zealand (FAO),,2010,59600
Australia and New Zealand (FAO),,2011,29750
Australia and New Zealand (FAO),,2012,86100
Australia and New Zealand (FAO),,2013,91800
Australia and New Zealand (FAO),,2014,31949
Australia and New Zealand (FAO),,2015,37439
Australia and New Zealand (FAO),,2016,29403
Australia and New Zealand (FAO),,2017,31335
Australia and New Zealand (FAO),,2018,28903
Australia and New Zealand (FAO),,2019,15136
Australia and New Zealand (FAO),,2020,17323
Australia and New Zealand (FAO),,2021,40219
Australia and New Zealand (FAO),,2022,57200
Australia and New Zealand (FAO),,2023,52000
Australia and New Zealand (FAO),,2024,65300
Austria,AUT,1961,0
Austria,AUT,1962,0
Austria,AUT,1963,0
Austria,AUT,1964,0
Austria,AUT,1965,0
Austria,AUT,1966,0
Austria,AUT,1967,0
Austria,AUT,1968,0
Austria,AUT,1969,0
Austria,AUT,1970,0
Austria,AUT,1971,0
Austria,AUT,1972,0
Austria,AUT,1973,0
Austria,AUT,1974,0
Austria,AUT,1975,0
Austria,AUT,1976,0
Austria,AUT,1977,0
Austria,AUT,1978,0
Austria,AUT,1979,0
Austria,AUT,1980,0
Austria,AUT,1981,0
Austria,AUT,1982,0
Austria,AUT,1983,0
Austria,AUT,1984,0
Austria,AUT,1985,0
Austria,AUT,1986,0
Austria,AUT,1987,0
Austria,AUT,1988,9176
Austria,AUT,1989,10392
Austria,AUT,1990,17658
Austria,AUT,1991,36770
Austria,AUT,1992,92284
Austria,AUT,1993,125258
Austria,AUT,1994,104946
Austria,AUT,1995,31121
Austria,AUT,1996,26763
Austria,AUT,1997,33477
Austria,AUT,1998,50457
Austria,AUT,1999,50449
Austria,AUT,2000,32843
Austria,AUT,2001,33874
Austria,AUT,2002,35329
Austria,AUT,2003,39465
Austria,AUT,2004,44824
Austria,AUT,2005,60573
Austria,AUT,2006,64960
Austria,AUT,2007,52902.03
Austria,AUT,2008,54095
Austria,AUT,2009,71333
Austria,AUT,2010,94544
Austria,AUT,2011,109378
Austria,AUT,2012,104143
Austria,AUT,2013,82780
Austria,AUT,2014,118132.03
Austria,AUT,2015,136195.2
Austria,AUT,2016,152598.62
Austria,AUT,2017,193416
Austria,AUT,2018,186490
Austria,AUT,2019,217780
Austria,AUT,2020,204860
Austria,AUT,2021,237830
Austria,AUT,2022,248420
Austria,AUT,2023,274960
Austria,AUT,2024,249130
Azerbaijan,AZE,1992,21
Azerbaijan,AZE,1993,12
Azerbaijan,AZE,1994,4
Azerbaijan,AZE,1995,300
Azerbaijan,AZE,1996,250
Azerbaijan,AZE,1997,320
Azerbaijan,AZE,1998,100
Azerbaijan,AZE,1999,120
Azerbaijan,AZE,2000,80
Azerbaijan,AZE,2001,319
Azerbaijan,AZE,2002,0
Azerbaijan,AZE,2003,0
Azerbaijan,AZE,2004,65
Azerbaijan,AZE,2005,11
Azerbaijan,AZE,2006,52
Azerbaijan,AZE,2007,2
Azerbaijan,AZE,2008,5
Azerbaijan,AZE,2009,20.72
Azerbaijan,AZE,2010,38.12
Azerbaijan,AZE,2011,45.02
Azerbaijan,AZE,2012,45.02
Azerbaijan,AZE,2013,45.02
Azerbaijan,AZE,2014,27.93
Azerbaijan,AZE,2015,25.82
Azerbaijan,AZE,2016,32.92
Azerbaijan,AZE,2017,28.89
Azerbaijan,AZE,2018,29.21
Azerbaijan,AZE,2019,30.34
Azerbaijan,AZE,2020,29.48
Azerbaijan,AZE,2021,29.68
Azerbaijan,AZE,2022,29.83
Azerbaijan,AZE,2023,29.67
Azerbaijan,AZE,2024,29.73
Bangladesh,BGD,2005,36515
Bangladesh,BGD,2006,61485
Bangladesh,BGD,2007,57720
Bangladesh,BGD,2008,59158
Bangladesh,BGD,2009,58899
Bangladesh,BGD,2010,69522
Bangladesh,BGD,2011,65883
Bangladesh,BGD,2012,64143
Bangladesh,BGD,2013,58037
Bangladesh,BGD,2014,112024
Bangladesh,BGD,2015,91496
Bangladesh,BGD,2016,92181
Bangladesh,BGD,2017,96921
Bangladesh,BGD,2018,98699
Bangladesh,BGD,2019,110785
Bangladesh,BGD,2020,104761
Bangladesh,BGD,2021,91176
Bangladesh,BGD,2022,98646
Bangladesh,BGD,2023,107307
Bangladesh,BGD,2024,106833
Belize,BLZ,1961,350
Belize,BLZ,1989,81
Belize,BLZ,1990,146
Belize,BLZ,1991,275
Belize,BLZ,1992,52
Belize,BLZ,1993,244
Belize,BLZ,1994,132
Belize,BLZ,1995,160
Belize,BLZ,1996,210
Belize,BLZ,1997,796
Belize,BLZ,1998,83
Belize,BLZ,1999,992
Belize,BLZ,2000,495
Belize,BLZ,2001,526
Belize,BLZ,2002,934
Belize,BLZ,2003,1595
Belize,BLZ,2004,318
Belize,BLZ,2005,340
Belize,BLZ,2006,612
Belize,BLZ,2007,377
Belize,BLZ,2008,24
Belize,BLZ,2009,585
Belize,BLZ,2010,1317
Belize,BLZ,2011,596
Belize,BLZ,2012,1057
Belize,BLZ,2013,4211
Belize,BLZ,2014,3877
Belize,BLZ,2015,5099
Belize,BLZ,2016,7779
Belize,BLZ,2017,13037
Belize,BLZ,2018,11776
Belize,BLZ,2019,7819
Belize,BLZ,2020,13670
Belize,BLZ,2021,17308
Belize,BLZ,2022,27135
Belize,BLZ,2023,29101
Belize,BLZ,2024,26404
Benin,BEN,1961,0
Benin,BEN,1962,0
Benin,BEN,1963,0
Benin,BEN,1964,0
Benin,BEN,1965,0
Benin,BEN,1966,0
Benin,BEN,1967,0
Benin,BEN,1968,0
Benin,BEN,1969,0
Benin,BEN,1970,0
Benin,BEN,1971,0
Benin,BEN,1972,0
Benin,BEN,1973,0
Benin,BEN,1974,0
Benin,BEN,1975,0
Benin,BEN,1976,0
Benin,BEN,1977,0
Benin,BEN,1978,0
Benin,BEN,1979,0
Benin,BEN,1980,0
Benin,BEN,1981,0
Benin,BEN,1982,0
Benin,BEN,1983,0
Benin,BEN,1984,0
Benin,BEN,1985,93
Benin,BEN,1986,91
Benin,BEN,1987,113
Benin,BEN,1988,183
Benin,BEN,1989,318
Benin,BEN,1990,347
Benin,BEN,1991,396
Benin,BEN,1992,562
Benin,BEN,1993,800
Benin,BEN,1994,1429
Benin,BEN,1995,1003
Benin,BEN,1996,1279
Benin,BEN,1997,1203
Benin,BEN,1998,2107
Benin,BEN,1999,3444
Benin,BEN,2000,4296
Benin,BEN,2001,3543
Benin,BEN,2002,4744
Benin,BEN,2003,6812
Benin,BEN,2004,5525
Benin,BEN,2005,9190
Benin,BEN,2006,5473
Benin,BEN,2007,13572
Benin,BEN,2008,32466
Benin,BEN,2009,57307
Benin,BEN,2010,62987
Benin,BEN,2011,67154
Benin,BEN,2012,71245.66
Benin,BEN,2013,75153
Benin,BEN,2014,99737.55
Benin,BEN,2015,139909.1
Benin,BEN,2016,156900.8
Benin,BEN,2017,164761.34
Benin,BEN,2018,221977.33
Benin,BEN,2019,256999.86
Benin,BEN,2020,253953.53
Benin,BEN,2021,291278.97
Benin,BEN,2022,306198
Benin,BEN,2023,520928.9
Benin,BEN,2024,652453.9
Bhutan,BTN,1961,0
Bhutan,BTN,1962,0
Bhutan,BTN,1963,0
Bhutan,BTN,1964,0
Bhutan,BTN,1965,0
Bhutan,BTN,1966,0
Bhutan,BTN,1967,0
Bhutan,BTN,1968,0
Bhutan,BTN,1969,0
Bhutan,BTN,1970,0
Bhutan,BTN,1971,0
Bhutan,BTN,1972,0
Bhutan,BTN,1973,0
Bhutan,BTN,1974,0
Bhutan,BTN,1975,0
Bhutan,BTN,1976,0
Bhutan,BTN,1977,0
Bhutan,BTN,1978,0
Bhutan,BTN,1979,0
Bhutan,BTN,1980,600
Bhutan,BTN,1981,900
Bhutan,BTN,1982,1300
Bhutan,BTN,1983,2100
Bhutan,BTN,1984,2795
Bhutan,BTN,1985,2300
Bhutan,BTN,1986,2000
Bhutan,BTN,1987,1600
Bhutan,BTN,1988,1300
Bhutan,BTN,1989,1300
Bhutan,BTN,1990,1311
Bhutan,BTN,1991,241.81
Bhutan,BTN,1992,238.37
Bhutan,BTN,1993,234.93
Bhutan,BTN,1994,234.39
Bhutan,BTN,1995,262.01
Bhutan,BTN,1996,294.95
Bhutan,BTN,1997,338.94
Bhutan,BTN,1998,422.7
Bhutan,BTN,1999,609.81
Bhutan,BTN,2000,577
Bhutan,BTN,2001,500
Bhutan,BTN,2002,300
Bhutan,BTN,2003,125
Bhutan,BTN,2004,1005
Bhutan,BTN,2005,1634
Bhutan,BTN,2006,1419
Bhutan,BTN,2007,1413
Bhutan,BTN,2008,817
Bhutan,BTN,2009,546
Bhutan,BTN,2010,402
Bhutan,BTN,2011,826
Bhutan,BTN,2012,294
Bhutan,BTN,2013,425.1
Bhutan,BTN,2014,302
Bhutan,BTN,2015,220
Bhutan,BTN,2016,254
Bhutan,BTN,2017,203.55
Bhutan,BTN,2018,107.45
Bhutan,BTN,2019,171.16
Bhutan,BTN,2020,233.6
Bhutan,BTN,2021,90.22
Bhutan,BTN,2022,57.67
Bhutan,BTN,2023,65.93
Bhutan,BTN,2024,79.65
Bolivia,BOL,1961,0
Bolivia,BOL,1962,0
Bolivia,BOL,1963,0
Bolivia,BOL,1964,0
Bolivia,BOL,1965,0
Bolivia,BOL,1966,25
Bolivia,BOL,1967,300
Bolivia,BOL,1968,400
Bolivia,BOL,1969,1200
Bolivia,BOL,1970,1500
Bolivia,BOL,1971,1200
Bolivia,BOL,1972,1200
Bolivia,BOL,1973,3400
Bolivia,BOL,1974,8000
Bolivia,BOL,1975,11930
Bolivia,BOL,1976,15370
Bolivia,BOL,1977,11255
Bolivia,BOL,1978,26225
Bolivia,BOL,1979,40805
Bolivia,BOL,1980,47595
Bolivia,BOL,1981,57980
Bolivia,BOL,1982,86305
Bolivia,BOL,1983,51852
Bolivia,BOL,1984,77860
Bolivia,BOL,1985,83264
Bolivia,BOL,1986,149779
Bolivia,BOL,1987,121560
Bolivia,BOL,1988,151100
Bolivia,BOL,1989,260249
Bolivia,BOL,1990,232743
Bolivia,BOL,1991,393618
Bolivia,BOL,1992,342463
Bolivia,BOL,1993,491451
Bolivia,BOL,1994,708968
Bolivia,BOL,1995,870074
Bolivia,BOL,1996,867488
Bolivia,BOL,1997,994557
Bolivia,BOL,1998,1120286
Bolivia,BOL,1999,967625
Bolivia,BOL,2000,1197251
Bolivia,BOL,2001,1152270
Bolivia,BOL,2002,1246495
Bolivia,BOL,2003,1586031
Bolivia,BOL,2004,1585846
Bolivia,BOL,2005,1693087
Bolivia,BOL,2006,1618966
Bolivia,BOL,2007,1595947
Bolivia,BOL,2008,1259676
Bolivia,BOL,2009,1892619
Bolivia,BOL,2010,1693048
Bolivia,BOL,2011,1861038
Bolivia,BOL,2012,2661910
Bolivia,BOL,2013,2826726.2
Bolivia,BOL,2014,2814321
Bolivia,BOL,2015,3105938
Bolivia,BOL,2016,3203992
Bolivia,BOL,2017,2671045.8
Bolivia,BOL,2018,2942130.8
Bolivia,BOL,2019,2990845
Bolivia,BOL,2020,2829356
Bolivia,BOL,2021,3318168.5
Bolivia,BOL,2022,3457143.8
Bolivia,BOL,2023,3670464.2
Bolivia,BOL,2024,3216439.8
Bosnia and Herzegovina,BIH,1992,10000
Bosnia and Herzegovina,BIH,1993,8000
Bosnia and Herzegovina,BIH,1994,4000
Bosnia and Herzegovina,BIH,1995,2550
Bosnia and Herzegovina,BIH,1996,4480
Bosnia and Herzegovina,BIH,1997,7369
Bosnia and Herzegovina,BIH,1998,8117
Bosnia and Herzegovina,BIH,1999,8701
Bosnia and Herzegovina,BIH,2000,3621
Bosnia and Herzegovina,BIH,2001,3808
Bosnia and Herzegovina,BIH,2002,6658
Bosnia and Herzegovina,BIH,2003,5132
Bosnia and Herzegovina,BIH,2004,8695
Bosnia and Herzegovina,BIH,2005,12482
Bosnia and Herzegovina,BIH,2006,12842
Bosnia and Herzegovina,BIH,2007,8084
Bosnia and Herzegovina,BIH,2008,8412
Bosnia and Herzegovina,BIH,2009,8193
Bosnia and Herzegovina,BIH,2010,8007
Bosnia and Herzegovina,BIH,2011,6748
Bosnia and Herzegovina,BIH,2012,6708
Bosnia and Herzegovina,BIH,2013,7964
Bosnia and Herzegovina,BIH,2014,9020
Bosnia and Herzegovina,BIH,2015,10497
Bosnia and Herzegovina,BIH,2016,18662
Bosnia and Herzegovina,BIH,2017,11739.74
Bosnia and Herzegovina,BIH,2018,23332
Bosnia and Herzegovina,BIH,2019,23753
Bosnia and Herzegovina,BIH,2020,37202
Bosnia and Herzegovina,BIH,2021,24883
Bosnia and Herzegovina,BIH,2022,35490
Bosnia and Herzegovina,BIH,2023,28127
Bosnia and Herzegovina,BIH,2024,31579
Brazil,BRA,1961,271488
Brazil,BRA,1962,345175
Brazil,BRA,1963,322915
Brazil,BRA,1964,304897
Brazil,BRA,1965,523176
Brazil,BRA,1966,594975
Brazil,BRA,1967,715606
Brazil,BRA,1968,654476
Brazil,BRA,1969,1056607
Brazil,BRA,1970,1508540
Brazil,BRA,1971,2077291
Brazil,BRA,1972,3222631
Brazil,BRA,1973,5011614
Brazil,BRA,1974,7876527
Brazil,BRA,1975,9893008
Brazil,BRA,1976,11227123
Brazil,BRA,1977,12513406
Brazil,BRA,1978,9540577
Brazil,BRA,1979,10240306
Brazil,BRA,1980,15155804
Brazil,BRA,1981,15007367
Brazil,BRA,1982,12836047
Brazil,BRA,1983,14582347
Brazil,BRA,1984,15540792
Brazil,BRA,1985,18278592
Brazil,BRA,1986,13333360
Brazil,BRA,1987,16977150
Brazil,BRA,1988,18011650
Brazil,BRA,1989,24051670
Brazil,BRA,1990,19897804
Brazil,BRA,1991,14937806
Brazil,BRA,1992,19214704
Brazil,BRA,1993,22590978
Brazil,BRA,1994,24931832
Brazil,BRA,1995,25682636
Brazil,BRA,1996,23166874
Brazil,BRA,1997,26392636
Brazil,BRA,1998,31307440
Brazil,BRA,1999,30987476
Brazil,BRA,2000,32820826
Brazil,BRA,2001,37907260
Brazil,BRA,2002,42107616
Brazil,BRA,2003,51919440
Brazil,BRA,2004,49549940
Brazil,BRA,2005,51182070
Brazil,BRA,2006,52464640
Brazil,BRA,2007,57857172
Brazil,BRA,2008,59833104
Brazil,BRA,2009,57345384
Brazil,BRA,2010,68756344
Brazil,BRA,2011,74815450
Brazil,BRA,2012,65848856
Brazil,BRA,2013,81724480
Brazil,BRA,2014,86760520
Brazil,BRA,2015,97464936
Brazil,BRA,2016,96394820
Brazil,BRA,2017,114732104
Brazil,BRA,2018,117912450
Brazil,BRA,2019,114316830
Brazil,BRA,2020,121820950
Brazil,BRA,2021,134799180
Brazil,BRA,2022,121290104
Brazil,BRA,2023,152144240
Brazil,BRA,2024,144473760
Bulgaria,BGR,1961,1119
Bulgaria,BGR,1962,1253
Bulgaria,BGR,1963,740
Bulgaria,BGR,1964,237
Bulgaria,BGR,1965,252
Bulgaria,BGR,1966,142
Bulgaria,BGR,1967,86
Bulgaria,BGR,1968,87
Bulgaria,BGR,1969,182
Bulgaria,BGR,1970,7871
Bulgaria,BGR,1971,15786
Bulgaria,BGR,1972,12877
Bulgaria,BGR,1973,30759
Bulgaria,BGR,1974,33017
Bulgaria,BGR,1975,80136
Bulgaria,BGR,1976,98913
Bulgaria,BGR,1977,89754
Bulgaria,BGR,1978,120326
Bulgaria,BGR,1979,156631
Bulgaria,BGR,1980,107435
Bulgaria,BGR,1981,105056
Bulgaria,BGR,1982,116064
Bulgaria,BGR,1983,82499
Bulgaria,BGR,1984,71515
Bulgaria,BGR,1985,36843
Bulgaria,BGR,1986,53827
Bulgaria,BGR,1987,32693
Bulgaria,BGR,1988,17022
Bulgaria,BGR,1989,21529
Bulgaria,BGR,1990,14848
Bulgaria,BGR,1991,19819
Bulgaria,BGR,1992,17021
Bulgaria,BGR,1993,14003
Bulgaria,BGR,1994,8840
Bulgaria,BGR,1995,13666
Bulgaria,BGR,1996,9707
Bulgaria,BGR,1997,6111
Bulgaria,BGR,1998,5630
Bulgaria,BGR,1999,5000
Bulgaria,BGR,2000,2000
Bulgaria,BGR,2001,1000
Bulgaria,BGR,2002,4098
Bulgaria,BGR,2003,584
Bulgaria,BGR,2004,640
Bulgaria,BGR,2005,604
Bulgaria,BGR,2006,137
Bulgaria,BGR,2007,68
Bulgaria,BGR,2008,179
Bulgaria,BGR,2009,400
Bulgaria,BGR,2010,1647
Bulgaria,BGR,2011,680
Bulgaria,BGR,2012,196
Bulgaria,BGR,2013,604
Bulgaria,BGR,2014,736
Bulgaria,BGR,2015,40281
Bulgaria,BGR,2016,18301
Bulgaria,BGR,2017,20000
Bulgaria,BGR,2018,4730
Bulgaria,BGR,2019,7570
Bulgaria,BGR,2020,6200
Bulgaria,BGR,2021,2810
Bulgaria,BGR,2022,10180
Bulgaria,BGR,2023,6070
Bulgaria,BGR,2024,630
Burkina Faso,BFA,1961,0
Burkina Faso,BFA,1962,0
Burkina Faso,BFA,1963,0
Burkina Faso,BFA,1964,0
Burkina Faso,BFA,1965,0
Burkina Faso,BFA,1966,0
Burkina Faso,BFA,1967,0
Burkina Faso,BFA,1968,0
Burkina Faso,BFA,1969,0
Burkina Faso,BFA,1970,0
Burkina Faso,BFA,1971,0
Burkina Faso,BFA,1972,0
Burkina Faso,BFA,1973,0
Burkina Faso,BFA,1974,0
Burkina Faso,BFA,1975,0
Burkina Faso,BFA,1976,0
Burkina Faso,BFA,1977,0
Burkina Faso,BFA,1978,0
Burkina Faso,BFA,1979,0
Burkina Faso,BFA,1980,0
Burkina Faso,BFA,1981,0
Burkina Faso,BFA,1982,0
Burkina Faso,BFA,1983,500
Burkina Faso,BFA,1984,1000
Burkina Faso,BFA,1985,2501
Burkina Faso,BFA,1986,2785
Burkina Faso,BFA,1987,681
Burkina Faso,BFA,1988,1100
Burkina Faso,BFA,1989,885
Burkina Faso,BFA,1990,2800
Burkina Faso,BFA,1991,500
Burkina Faso,BFA,1992,1400
Burkina Faso,BFA,1993,4014
Burkina Faso,BFA,1994,1137
Burkina Faso,BFA,1995,3322
Burkina Faso,BFA,1996,1086
Burkina Faso,BFA,1997,3777
Burkina Faso,BFA,1998,3449
Burkina Faso,BFA,1999,4174
Burkina Faso,BFA,2000,3475
Burkina Faso,BFA,2001,3814
Burkina Faso,BFA,2002,2533
Burkina Faso,BFA,2003,5687
Burkina Faso,BFA,2004,2473
Burkina Faso,BFA,2005,10066.6
Burkina Faso,BFA,2006,5860
Burkina Faso,BFA,2007,5850
Burkina Faso,BFA,2008,29209
Burkina Faso,BFA,2009,15686
Burkina Faso,BFA,2010,22394
Burkina Faso,BFA,2011,23056
Burkina Faso,BFA,2012,24305
Burkina Faso,BFA,2013,21773
Burkina Faso,BFA,2014,15055
Burkina Faso,BFA,2015,20021
Burkina Faso,BFA,2016,25851
Burkina Faso,BFA,2017,18500
Burkina Faso,BFA,2018,31313.81
Burkina Faso,BFA,2019,51707.69
Burkina Faso,BFA,2020,98513
Burkina Faso,BFA,2021,106675
Burkina Faso,BFA,2022,152540.47
Burkina Faso,BFA,2023,129224.68
Burkina Faso,BFA,2024,138051.8
Burundi,BDI,1961,700
Burundi,BDI,1962,700
Burundi,BDI,1963,700
Burundi,BDI,1964,700
Burundi,BDI,1965,700
Burundi,BDI,1966,700
Burundi,BDI,1967,700
Burundi,BDI,1968,700
Burundi,BDI,1969,700
Burundi,BDI,1970,700
Burundi,BDI,1971,700
Burundi,BDI,1972,700
Burundi,BDI,1973,700
Burundi,BDI,1974,800
Burundi,BDI,1975,700
Burundi,BDI,1976,700
Burundi,BDI,1977,700
Burundi,BDI,1978,400
Burundi,BDI,1979,400
Burundi,BDI,1980,370
Burundi,BDI,1981,800
Burundi,BDI,1982,200
Burundi,BDI,1983,400
Burundi,BDI,1984,200
Burundi,BDI,1985,500
Burundi,BDI,1986,600
Burundi,BDI,1987,600
Burundi,BDI,1988,600
Burundi,BDI,1989,600
Burundi,BDI,1990,500
Burundi,BDI,1991,600
Burundi,BDI,1992,492.46
Burundi,BDI,1993,455.37
Burundi,BDI,1994,400
Burundi,BDI,1995,500
Burundi,BDI,1996,400
Burundi,BDI,1997,485.26
Burundi,BDI,1998,400
Burundi,BDI,1999,350
Burundi,BDI,2000,800
Burundi,BDI,2001,1200
Burundi,BDI,2002,1350
Burundi,BDI,2003,1600
Burundi,BDI,2004,1800
Burundi,BDI,2005,2100
Burundi,BDI,2006,3000
Burundi,BDI,2007,3100
Burundi,BDI,2008,3150
Burundi,BDI,2009,3200
Burundi,BDI,2010,2812.96
Burundi,BDI,2011,2539.52
Burundi,BDI,2012,2075
Burundi,BDI,2013,3514
Burundi,BDI,2014,3648
Burundi,BDI,2015,1752.85
Burundi,BDI,2016,2394.98
Burundi,BDI,2017,2167.05
Burundi,BDI,2018,2386.71
Burundi,BDI,2019,2316.25
Burundi,BDI,2020,2290
Burundi,BDI,2021,2311.83
Burundi,BDI,2022,2238.4
Burundi,BDI,2023,2201.77
Burundi,BDI,2024,2165.14
Cambodia,KHM,1961,9175
Cambodia,KHM,1962,9626
Cambodia,KHM,1963,11300
Cambodia,KHM,1964,8000
Cambodia,KHM,1965,5100
Cambodia,KHM,1966,7300
Cambodia,KHM,1967,8000
Cambodia,KHM,1968,4000
Cambodia,KHM,1969,9400
Cambodia,KHM,1970,4000
Cambodia,KHM,1971,2000
Cambodia,KHM,1972,4000
Cambodia,KHM,1973,4000
Cambodia,KHM,1974,4000
Cambodia,KHM,1975,4000
Cambodia,KHM,1976,4000
Cambodia,KHM,1977,4000
Cambodia,KHM,1978,2000
Cambodia,KHM,1979,1500
Cambodia,KHM,1980,3000
Cambodia,KHM,1981,2000
Cambodia,KHM,1982,1000
Cambodia,KHM,1983,2000
Cambodia,KHM,1984,3000
Cambodia,KHM,1985,13000
Cambodia,KHM,1986,5300
Cambodia,KHM,1987,11900
Cambodia,KHM,1988,12000
Cambodia,KHM,1989,20000
Cambodia,KHM,1990,22000
Cambodia,KHM,1991,35000
Cambodia,KHM,1992,40000
Cambodia,KHM,1993,39000
Cambodia,KHM,1994,23000
Cambodia,KHM,1995,17240
Cambodia,KHM,1996,28299
Cambodia,KHM,1997,56342
Cambodia,KHM,1998,27709
Cambodia,KHM,1999,35063
Cambodia,KHM,2000,28111
Cambodia,KHM,2001,24658
Cambodia,KHM,2002,38801
Cambodia,KHM,2003,63188
Cambodia,KHM,2004,110305
Cambodia,KHM,2005,179096
Cambodia,KHM,2006,98289
Cambodia,KHM,2007,117000
Cambodia,KHM,2008,108449
Cambodia,KHM,2009,137275
Cambodia,KHM,2010,156589
Cambodia,KHM,2011,114603
Cambodia,KHM,2012,120165
Cambodia,KHM,2013,131100
Cambodia,KHM,2014,104200
Cambodia,KHM,2015,96900
Cambodia,KHM,2016,69400
Cambodia,KHM,2017,73300
Cambodia,KHM,2018,91800
Cambodia,KHM,2019,42100
Cambodia,KHM,2020,55000
Cambodia,KHM,2021,47000
Cambodia,KHM,2022,48000
Cambodia,KHM,2023,49000
Cambodia,KHM,2024,51000
Cameroon,CMR,1961,0
Cameroon,CMR,1962,0
Cameroon,CMR,1963,0
Cameroon,CMR,1964,0
Cameroon,CMR,1965,0
Cameroon,CMR,1966,0
Cameroon,CMR,1967,0
Cameroon,CMR,1968,0
Cameroon,CMR,1969,0
Cameroon,CMR,1970,0
Cameroon,CMR,1971,0
Cameroon,CMR,1972,0
Cameroon,CMR,1973,0
Cameroon,CMR,1974,0
Cameroon,CMR,1975,0
Cameroon,CMR,1976,0
Cameroon,CMR,1977,0
Cameroon,CMR,1978,15
Cameroon,CMR,1979,92
Cameroon,CMR,1980,186
Cameroon,CMR,1981,200
Cameroon,CMR,1982,400
Cameroon,CMR,1983,600
Cameroon,CMR,1984,800
Cameroon,CMR,1985,1000
Cameroon,CMR,1986,1200
Cameroon,CMR,1987,1500
Cameroon,CMR,1988,2000
Cameroon,CMR,1989,2500
Cameroon,CMR,1990,3000
Cameroon,CMR,1991,3500
Cameroon,CMR,1992,4000
Cameroon,CMR,1993,4500
Cameroon,CMR,1994,4700
Cameroon,CMR,1995,4900
Cameroon,CMR,1996,5100
Cameroon,CMR,1997,5300
Cameroon,CMR,1998,5500
Cameroon,CMR,1999,5880
Cameroon,CMR,2000,5876
Cameroon,CMR,2001,5698
Cameroon,CMR,2002,6295
Cameroon,CMR,2003,6515
Cameroon,CMR,2004,6743
Cameroon,CMR,2005,7133
Cameroon,CMR,2006,7555
Cameroon,CMR,2007,7801
Cameroon,CMR,2008,8045
Cameroon,CMR,2009,11595
Cameroon,CMR,2010,12544
Cameroon,CMR,2011,13077
Cameroon,CMR,2012,11742
Cameroon,CMR,2013,14241
Cameroon,CMR,2014,12975
Cameroon,CMR,2015,21405
Cameroon,CMR,2016,41276
Cameroon,CMR,2017,57452
Cameroon,CMR,2018,59681
Cameroon,CMR,2019,65190
Cameroon,CMR,2020,93192
Cameroon,CMR,2021,117490.54
Cameroon,CMR,2022,96986.95
Cameroon,CMR,2023,107469.42
Cameroon,CMR,2024,116690.21
Canada,CAN,1961,180443
Canada,CAN,1962,179817
Canada,CAN,1963,136134
Canada,CAN,1964,189859
Canada,CAN,1965,218544
Canada,CAN,1966,245271
Canada,CAN,1967,220205
Canada,CAN,1968,245679
Canada,CAN,1969,208576
Canada,CAN,1970,282628
Canada,CAN,1971,279671
Canada,CAN,1972,374764
Canada,CAN,1973,396537
Canada,CAN,1974,280053
Canada,CAN,1975,366817
Canada,CAN,1976,250387
Canada,CAN,1977,580000
Canada,CAN,1978,515580
Canada,CAN,1979,657000
Canada,CAN,1980,690000
Canada,CAN,1981,606800
Canada,CAN,1982,848000
Canada,CAN,1983,735000
Canada,CAN,1984,917000
Canada,CAN,1985,1012000
Canada,CAN,1986,959800
Canada,CAN,1987,1269700
Canada,CAN,1988,1152600
Canada,CAN,1989,1218700
Canada,CAN,1990,1262000
Canada,CAN,1991,1460000
Canada,CAN,1992,1455300
Canada,CAN,1993,1944900
Canada,CAN,1994,2253700
Canada,CAN,1995,2297500
Canada,CAN,1996,2170000
Canada,CAN,1997,2737700
Canada,CAN,1998,2736600
Canada,CAN,1999,2780900
Canada,CAN,2000,2703000
Canada,CAN,2001,1635200
Canada,CAN,2002,2335700
Canada,CAN,2003,2273300
Canada,CAN,2004,3043900
Canada,CAN,2005,3155600
Canada,CAN,2006,3465500
Canada,CAN,2007,2686200
Canada,CAN,2008,3335900
Canada,CAN,2009,3581600
Canada,CAN,2010,4444600
Canada,CAN,2011,4466500
Canada,CAN,2012,5086400
Canada,CAN,2013,5355900
Canada,CAN,2014,6044800
Canada,CAN,2015,6456300
Canada,CAN,2016,6596500
Canada,CAN,2017,7716600
Canada,CAN,2018,7416600
Canada,CAN,2019,6145000
Canada,CAN,2020,6358500
Canada,CAN,2021,6224029
Canada,CAN,2022,6543158
Canada,CAN,2023,6980525
Canada,CAN,2024,7568013
Caribbean (FAO),,2021,1000
Caribbean (FAO),,2022,1000
Caribbean (FAO),,2023,1000
Caribbean (FAO),,2024,1000
Central America (FAO),,1961,20087
Central America (FAO),,1962,56721
Central America (FAO),,1963,56258
Central America (FAO),,1964,60207
Central America (FAO),,1965,57875
Central America (FAO),,1966,94848
Central America (FAO),,1967,131023
Central America (FAO),,1968,275162
Central America (FAO),,1969,286840
Central America (FAO),,1970,214733
Central America (FAO),,1971,256018
Central America (FAO),,1972,376950
Central America (FAO),,1973,585624
Central America (FAO),,1974,491234
Central America (FAO),,1975,599974
Central America (FAO),,1976,304137
Central America (FAO),,1977,518115
Central America (FAO),,1978,335860
Central America (FAO),,1979,709042
Central America (FAO),,1980,324205
Central America (FAO),,1981,709597
Central America (FAO),,1982,654347
Central America (FAO),,1983,697362
Central America (FAO),,1984,696447
Central America (FAO),,1985,943493
Central America (FAO),,1986,725431
Central America (FAO),,1987,867636
Central America (FAO),,1988,272502
Central America (FAO),,1989,1041330
Central America (FAO),,1990,631785
Central America (FAO),,1991,781806
Central America (FAO),,1992,648089
Central America (FAO),,1993,557046
Central America (FAO),,1994,584231.2
Central America (FAO),,1995,259261.31
Central America (FAO),,1996,131782
Central America (FAO),,1997,271930.53
Central America (FAO),,1998,214064
Central America (FAO),,1999,189176.48
Central America (FAO),,2000,144767.48
Central America (FAO),,2001,162619.62
Central America (FAO),,2002,131634.34
Central America (FAO),,2003,173916.94
Central America (FAO),,2004,181202.31
Central America (FAO),,2005,233370.34
Central America (FAO),,2006,124167.53
Central America (FAO),,2007,131193.22
Central America (FAO),,2008,196539.52
Central America (FAO),,2009,165965.4
Central America (FAO),,2010,222728.8
Central America (FAO),,2011,253846.94
Central America (FAO),,2012,299068.8
Central America (FAO),,2013,294929.22
Central America (FAO),,2014,439330.1
Central America (FAO),,2015,397358.34
Central America (FAO),,2016,567938.3
Central America (FAO),,2017,497281.03
Central America (FAO),,2018,386943.9
Central America (FAO),,2019,297154.16
Central America (FAO),,2020,318462.03
Central America (FAO),,2021,365137.12
Central America (FAO),,2022,263364.5
Central America (FAO),,2023,288958.5
Central America (FAO),,2024,355405.72
Central Asia (FAO),,1992,12680
Central Asia (FAO),,1993,6279
Central Asia (FAO),,1994,5823
Central Asia (FAO),,1995,3880
Central Asia (FAO),,1996,2995
Central Asia (FAO),,1997,3333
Central Asia (FAO),,1998,3865
Central Asia (FAO),,1999,3972.44
Central Asia (FAO),,2000,4007
Central Asia (FAO),,2001,8840
Central Asia (FAO),,2002,25245
Central Asia (FAO),,2003,38091
Central Asia (FAO),,2004,47532
Central Asia (FAO),,2005,62931
Central Asia (FAO),,2006,77126
Central Asia (FAO),,2007,83305
Central Asia (FAO),,2008,88721
Central Asia (FAO),,2009,94376
Central Asia (FAO),,2010,114025.65
Central Asia (FAO),,2011,133274.4
Central Asia (FAO),,2012,169950
Central Asia (FAO),,2013,203463.52
Central Asia (FAO),,2014,218530.9
Central Asia (FAO),,2015,221432.44
Central Asia (FAO),,2016,232660.98
Central Asia (FAO),,2017,261989.95
Central Asia (FAO),,2018,269729.38
Central Asia (FAO),,2019,295898.25
Central Asia (FAO),,2020,270490.6
Central Asia (FAO),,2021,270155.2
Central Asia (FAO),,2022,288344.38
Central Asia (FAO),,2023,225147.45
Central Asia (FAO),,2024,222678.6
Chile,CHL,1961,700
Chile,CHL,1962,700
Chile,CHL,1963,800
Chile,CHL,1964,800
Chile,CHL,1965,900
Chile,CHL,1966,900
Chile,CHL,1967,1000
Chile,CHL,1968,1000
Chile,CHL,1969,1000
Chile,CHL,1970,1000
Chile,CHL,1971,3000
Chile,CHL,1972,3000
Chile,CHL,1973,1000
Chile,CHL,1974,1000
Chile,CHL,1975,1000
Chile,CHL,1976,2000
Chile,CHL,1977,1100
Chile,CHL,1978,1050
Chile,CHL,1979,1840
Chile,CHL,1980,1320
Chile,CHL,1981,1000
Chile,CHL,1982,1000
Chile,CHL,1983,0
Chile,CHL,1984,0
Chile,CHL,1985,0
Chile,CHL,1986,0
Chile,CHL,1987,0
Chile,CHL,1988,0
Chile,CHL,1989,0
Chile,CHL,1990,0
Chile,CHL,1991,0
Chile,CHL,1992,0
China,CHN,1961,6210000
China,CHN,1962,6510000
China,CHN,1963,6910000
China,CHN,1964,7870000
China,CHN,1965,6140000
China,CHN,1966,8270000
China,CHN,1967,8270000
China,CHN,1968,8040000
China,CHN,1969,7630000
China,CHN,1970,8710000
China,CHN,1971,8610000
China,CHN,1972,6450000
China,CHN,1973,8370000
China,CHN,1974,7470000
China,CHN,1975,7240000
China,CHN,1976,6640000
China,CHN,1977,7260000
China,CHN,1978,7570000
China,CHN,1979,7460000
China,CHN,1980,7940000
China,CHN,1981,9325000
China,CHN,1982,9030000
China,CHN,1983,9760000
China,CHN,1984,9695000
China,CHN,1985,10500000
China,CHN,1986,11614000
China,CHN,1987,12184000
China,CHN,1988,11645000
China,CHN,1989,10228000
China,CHN,1990,11000000
China,CHN,1991,9713000
China,CHN,1992,10304000
China,CHN,1993,15307000
China,CHN,1994,15999000
China,CHN,1995,13502000
China,CHN,1996,13224000
China,CHN,1997,14731500
China,CHN,1998,15151800
China,CHN,1999,14245300
China,CHN,2000,15409000
China,CHN,2001,15405600
China,CHN,2002,16505400
China,CHN,2003,15393200
China,CHN,2004,17401500
China,CHN,2005,16347800
China,CHN,2006,15081800
China,CHN,2007,12725000
China,CHN,2008,15541600
China,CHN,2009,14981500
China,CHN,2010,15083300
China,CHN,2011,14485300
China,CHN,2012,13010900
China,CHN,2013,11951000
China,CHN,2014,12154000
China,CHN,2015,11785000
China,CHN,2016,12788894
China,CHN,2017,15282500
China,CHN,2018,15967100
China,CHN,2019,18100000
China,CHN,2020,19600000
China,CHN,2021,16395400
China,CHN,2022,20283500
China,CHN,2023,20841700
China,CHN,2024,20650000
China (FAO),,1961,6263900
China (FAO),,1962,6563011
China (FAO),,1963,6962645
China (FAO),,1964,7927616
China (FAO),,1965,6205709
China (FAO),,1966,8333271
China (FAO),,1967,8345226
China (FAO),,1968,8112995
China (FAO),,1969,7697111
China (FAO),,1970,8775174
China (FAO),,1971,8670990
China (FAO),,1972,6510221
China (FAO),,1973,8430596
China (FAO),,1974,7536918
China (FAO),,1975,7301920
China (FAO),,1976,6692998
China (FAO),,1977,7311718
China (FAO),,1978,7610824
China (FAO),,1979,7491782
China (FAO),,1980,7965934
China (FAO),,1981,9340883
China (FAO),,1982,9042043
China (FAO),,1983,9768592
China (FAO),,1984,9704545
China (FAO),,1985,10512210
China (FAO),,1986,11628890
China (FAO),,1987,12202043
China (FAO),,1988,11659641
China (FAO),,1989,10238956
China (FAO),,1990,11008140
China (FAO),,1991,9721333
China (FAO),,1992,10312562
China (FAO),,1993,15319715
China (FAO),,1994,16011005
China (FAO),,1995,13510894
China (FAO),,1996,13233693
China (FAO),,1997,14736222
China (FAO),,1998,15153263
China (FAO),,1999,14245652
China (FAO),,2000,15409295
China (FAO),,2001,15405928
China (FAO),,2002,16505768
China (FAO),,2003,15393541
China (FAO),,2004,17401780
China (FAO),,2005,16348013
China (FAO),,2006,15081987
China (FAO),,2007,12725147
China (FAO),,2008,15541741
China (FAO),,2009,14981721
China (FAO),,2010,15083504
China (FAO),,2011,14485405
China (FAO),,2012,13011059
China (FAO),,2013,11951879
China (FAO),,2014,12155173
China (FAO),,2015,11787725
China (FAO),,2016,12791955
China (FAO),,2017,15287174
China (FAO),,2018,15971504
China (FAO),,2019,18104776
China (FAO),,2020,19604448
China (FAO),,2021,16399594
China (FAO),,2022,20288930
China (FAO),,2023,20847656
China (FAO),,2024,20655000
Colombia,COL,1961,20000
Colombia,COL,1962,22000
Colombia,COL,1963,30000
Colombia,COL,1964,40000
Colombia,COL,1965,50000
Colombia,COL,1966,52000
Colombia,COL,1967,80000
Colombia,COL,1968,101000
Colombia,COL,1969,108500
Colombia,COL,1970,131900
Colombia,COL,1971,100700
Colombia,COL,1972,104600
Colombia,COL,1973,97200
Colombia,COL,1974,114000
Colombia,COL,1975,168900
Colombia,COL,1976,75100
Colombia,COL,1977,102900
Colombia,COL,1978,130800
Colombia,COL,1979,145600
Colombia,COL,1980,154500
Colombia,COL,1981,89000
Colombia,COL,1982,98800
Colombia,COL,1983,122400
Colombia,COL,1984,94163
Colombia,COL,1985,104181
Colombia,COL,1986,166974
Colombia,COL,1987,128210
Colombia,COL,1988,115400
Colombia,COL,1989,177400
Colombia,COL,1990,232140
Colombia,COL,1991,193598
Colombia,COL,1992,96002
Colombia,COL,1993,113212
Colombia,COL,1994,109390
Colombia,COL,1995,94993
Colombia,COL,1996,58103
Colombia,COL,1997,90297
Colombia,COL,1998,71968
Colombia,COL,1999,39429
Colombia,COL,2000,38757
Colombia,COL,2001,62619
Colombia,COL,2002,81420
Colombia,COL,2003,91980
Colombia,COL,2004,77611
Colombia,COL,2005,61600
Colombia,COL,2006,54600
Colombia,COL,2007,52900
Colombia,COL,2008,56200
Colombia,COL,2009,59400
Colombia,COL,2010,54206.53
Colombia,COL,2011,75436
Colombia,COL,2012,86634
Colombia,COL,2013,85942.25
Colombia,COL,2014,90126.14
Colombia,COL,2015,87667.28
Colombia,COL,2016,80547.5
Colombia,COL,2017,80106
Colombia,COL,2018,92231
Colombia,COL,2019,114056
Colombia,COL,2020,119412
Colombia,COL,2021,122491.36
Colombia,COL,2022,141987.12
Colombia,COL,2023,197882
Colombia,COL,2024,235454
Costa Rica,CRI,1961,0
Costa Rica,CRI,1962,0
Costa Rica,CRI,1963,0
Costa Rica,CRI,1964,0
Costa Rica,CRI,1965,0
Costa Rica,CRI,1966,0
Costa Rica,CRI,1967,0
Costa Rica,CRI,1968,0
Costa Rica,CRI,1969,0
Costa Rica,CRI,1970,0
Costa Rica,CRI,1971,0
Costa Rica,CRI,1972,0
Costa Rica,CRI,1973,0
Costa Rica,CRI,1974,0
Costa Rica,CRI,1975,0
Costa Rica,CRI,1976,0
Costa Rica,CRI,1977,0
Costa Rica,CRI,1978,0
Costa Rica,CRI,1979,0
Costa Rica,CRI,1980,0
Costa Rica,CRI,1981,0
Costa Rica,CRI,1982,0
Costa Rica,CRI,1983,1967
Costa Rica,CRI,1984,1826
Costa Rica,CRI,1985,1227
Costa Rica,CRI,1986,826
Costa Rica,CRI,1987,830
Costa Rica,CRI,1988,450
Costa Rica,CRI,1989,450
Costa Rica,CRI,1990,450
Costa Rica,CRI,1991,200
Costa Rica,CRI,1992,20
Costa Rica,CRI,1993,0
Cote d'Ivoire,CIV,1961,0
Cote d'Ivoire,CIV,1962,0
Cote d'Ivoire,CIV,1963,0
Cote d'Ivoire,CIV,1964,0
Cote d'Ivoire,CIV,1965,0
Cote d'Ivoire,CIV,1966,0
Cote d'Ivoire,CIV,1967,0
Cote d'Ivoire,CIV,1968,0
Cote d'Ivoire,CIV,1969,0
Cote d'Ivoire,CIV,1970,0
Cote d'Ivoire,CIV,1971,0
Cote d'Ivoire,CIV,1972,0
Cote d'Ivoire,CIV,1973,0
Cote d'Ivoire,CIV,1974,0
Cote d'Ivoire,CIV,1975,0
Cote d'Ivoire,CIV,1976,180
Cote d'Ivoire,CIV,1977,300
Cote d'Ivoire,CIV,1978,500
Cote d'Ivoire,CIV,1979,750
Cote d'Ivoire,CIV,1980,3030
Cote d'Ivoire,CIV,1981,1903
Cote d'Ivoire,CIV,1982,791
Cote d'Ivoire,CIV,1983,2100
Cote d'Ivoire,CIV,1984,2200
Cote d'Ivoire,CIV,1985,300
Cote d'Ivoire,CIV,1986,300
Cote d'Ivoire,CIV,1987,600
Cote d'Ivoire,CIV,1988,1000
Cote d'Ivoire,CIV,1989,1500
Cote d'Ivoire,CIV,1990,4054
Cote d'Ivoire,CIV,1991,3700
Cote d'Ivoire,CIV,1992,6087
Cote d'Ivoire,CIV,1993,6059
Cote d'Ivoire,CIV,1994,3508
Cote d'Ivoire,CIV,1995,2700
Cote d'Ivoire,CIV,1996,3000
Cote d'Ivoire,CIV,1997,3000
Cote d'Ivoire,CIV,1998,3071.59
Cote d'Ivoire,CIV,1999,3131.76
Cote d'Ivoire,CIV,2000,3108.02
Cote d'Ivoire,CIV,2001,2100
Cote d'Ivoire,CIV,2002,2019
Cote d'Ivoire,CIV,2003,615
Cote d'Ivoire,CIV,2004,872
Cote d'Ivoire,CIV,2005,300
Cote d'Ivoire,CIV,2006,653
Cote d'Ivoire,CIV,2007,705
Cote d'Ivoire,CIV,2008,700
Cote d'Ivoire,CIV,2009,685.38
Cote d'Ivoire,CIV,2010,637.33
Cote d'Ivoire,CIV,2011,566.33
Cote d'Ivoire,CIV,2012,517.18
Cote d'Ivoire,CIV,2013,474.66
Cote d'Ivoire,CIV,2014,407.32
Cote d'Ivoire,CIV,2015,500
Cote d'Ivoire,CIV,2016,700
Cote d'Ivoire,CIV,2017,509.35
Cote d'Ivoire,CIV,2018,569.78
Cote d'Ivoire,CIV,2019,593.05
Cote d'Ivoire,CIV,2020,557.39
Cote d'Ivoire,CIV,2021,573.41
Cote d'Ivoire,CIV,2022,574.62
Cote d'Ivoire,CIV,2023,568.47
Cote d'Ivoire,CIV,2024,572.17
Croatia,HRV,1992,46129
Croatia,HRV,1993,49456
Croatia,HRV,1994,44127
Croatia,HRV,1995,34319
Croatia,HRV,1996,35896
Croatia,HRV,1997,39469
Croatia,HRV,1998,77458
Croatia,HRV,1999,115853
Croatia,HRV,2000,65299
Croatia,HRV,2001,91841
Croatia,HRV,2002,129470
Croatia,HRV,2003,82591
Croatia,HRV,2004,80000
Croatia,HRV,2005,119602
Croatia,HRV,2006,174214
Croatia,HRV,2007,90637
Croatia,HRV,2008,107558
Croatia,HRV,2009,115159
Croatia,HRV,2010,153580
Croatia,HRV,2011,147271
Croatia,HRV,2012,96718
Croatia,HRV,2013,111316
Croatia,HRV,2014,131424
Croatia,HRV,2015,196431
Croatia,HRV,2016,244075
Croatia,HRV,2017,207765
Croatia,HRV,2018,245190
Croatia,HRV,2019,244280
Croatia,HRV,2020,266010
Croatia,HRV,2021,227870
Croatia,HRV,2022,194770
Croatia,HRV,2023,213020
Croatia,HRV,2024,255080
Cuba,CUB,2021,1000
Cuba,CUB,2022,1000
Cuba,CUB,2023,1000
Cuba,CUB,2024,1000
Cyprus,CYP,2018,0
Cyprus,CYP,2020,0
Cyprus,CYP,2021,0
Cyprus,CYP,2022,0
Cyprus,CYP,2023,0
Cyprus,CYP,2024,0
Czechia,CZE,1993,663
Czechia,CZE,1994,706
Czechia,CZE,1995,634
Czechia,CZE,1996,511
Czechia,CZE,1997,340
Czechia,CZE,1998,327
Czechia,CZE,1999,585
Czechia,CZE,2000,2348
Czechia,CZE,2001,4301
Czechia,CZE,2002,6391
Czechia,CZE,2003,11918
Czechia,CZE,2004,12910
Czechia,CZE,2005,18893
Czechia,CZE,2006,17847
Czechia,CZE,2007,13175
Czechia,CZE,2008,9419
Czechia,CZE,2009,13641
Czechia,CZE,2010,16135
Czechia,CZE,2011,17934
Czechia,CZE,2012,13149
Czechia,CZE,2013,13471
Czechia,CZE,2014,16493
Czechia,CZE,2015,20238
Czechia,CZE,2016,27972
Czechia,CZE,2017,37012.29
Czechia,CZE,2018,25260
Czechia,CZE,2019,27840
Czechia,CZE,2020,33020
Czechia,CZE,2021,51460
Czechia,CZE,2022,65540
Czechia,CZE,2023,63390
Czechia,CZE,2024,73670
Czechoslovakia,OWID_CZS,1961,0
Czechoslovakia,OWID_CZS,1962,0
Czechoslovakia,OWID_CZS,1963,0
Czechoslovakia,OWID_CZS,1964,0
Czechoslovakia,OWID_CZS,1965,0
Czechoslovakia,OWID_CZS,1966,0
Czechoslovakia,OWID_CZS,1967,0
Czechoslovakia,OWID_CZS,1968,0
Czechoslovakia,OWID_CZS,1969,0
Czechoslovakia,OWID_CZS,1970,0
Czechoslovakia,OWID_CZS,1971,0
Czechoslovakia,OWID_CZS,1972,0
Czechoslovakia,OWID_CZS,1973,0
Czechoslovakia,OWID_CZS,1974,0
Czechoslovakia,OWID_CZS,1975,0
Czechoslovakia,OWID_CZS,1976,0
Czechoslovakia,OWID_CZS,1977,0
Czechoslovakia,OWID_CZS,1978,0
Czechoslovakia,OWID_CZS,1979,0
Czechoslovakia,OWID_CZS,1980,0
Czechoslovakia,OWID_CZS,1981,0
Czechoslovakia,OWID_CZS,1982,0
Czechoslovakia,OWID_CZS,1983,0
Czechoslovakia,OWID_CZS,1984,0
Czechoslovakia,OWID_CZS,1985,0
Czechoslovakia,OWID_CZS,1986,0
Czechoslovakia,OWID_CZS,1987,4006
Czechoslovakia,OWID_CZS,1988,4894
Czechoslovakia,OWID_CZS,1989,7651
Czechoslovakia,OWID_CZS,1990,6529
Czechoslovakia,OWID_CZS,1991,17062
Czechoslovakia,OWID_CZS,1992,14928
Democratic Republic of Congo,COD,1961,1180
Democratic Republic of Congo,COD,1962,1322
Democratic Republic of Congo,COD,1963,1420
Democratic Republic of Congo,COD,1964,2200
Democratic Republic of Congo,COD,1965,2000
Democratic Republic of Congo,COD,1966,2060
Democratic Republic of Congo,COD,1967,2163
Democratic Republic of Congo,COD,1968,2000
Democratic Republic of Congo,COD,1969,1500
Democratic Republic of Congo,COD,1970,1600
Democratic Republic of Congo,COD,1971,1700
Democratic Republic of Congo,COD,1972,1900
Democratic Republic of Congo,COD,1973,1700
Democratic Republic of Congo,COD,1974,1800
Democratic Republic of Congo,COD,1975,1700
Democratic Republic of Congo,COD,1976,1600
Democratic Republic of Congo,COD,1977,6600
Democratic Republic of Congo,COD,1978,7800
Democratic Republic of Congo,COD,1979,7800
Democratic Republic of Congo,COD,1980,8000
Democratic Republic of Congo,COD,1981,8300
Democratic Republic of Congo,COD,1982,8600
Democratic Republic of Congo,COD,1983,4500
Democratic Republic of Congo,COD,1984,4600
Democratic Republic of Congo,COD,1985,3600
Democratic Republic of Congo,COD,1986,6740
Democratic Republic of Congo,COD,1987,7800
Democratic Republic of Congo,COD,1988,10090
Democratic Republic of Congo,COD,1989,11060
Democratic Republic of Congo,COD,1990,12070
Democratic Republic of Congo,COD,1991,13170
Democratic Republic of Congo,COD,1992,14000
Democratic Republic of Congo,COD,1993,16000
Democratic Republic of Congo,COD,1994,17000
Democratic Republic of Congo,COD,1995,18000
Democratic Republic of Congo,COD,1996,11919
Democratic Republic of Congo,COD,1997,13300
Democratic Republic of Congo,COD,1998,9161
Democratic Republic of Congo,COD,1999,10205
Democratic Republic of Congo,COD,2000,11368
Democratic Republic of Congo,COD,2001,12664
Democratic Republic of Congo,COD,2002,14108
Democratic Republic of Congo,COD,2003,14250
Democratic Republic of Congo,COD,2004,14630
Democratic Republic of Congo,COD,2005,14920
Democratic Republic of Congo,COD,2006,15530
Democratic Republic of Congo,COD,2007,16170
Democratic Republic of Congo,COD,2008,16830
Democratic Republic of Congo,COD,2009,17517
Democratic Republic of Congo,COD,2010,18232
Democratic Republic of Congo,COD,2011,18977
Democratic Republic of Congo,COD,2012,20053
Democratic Republic of Congo,COD,2013,20434
Democratic Republic of Congo,COD,2014,20943
Democratic Republic of Congo,COD,2015,20981
Democratic Republic of Congo,COD,2016,21608
Democratic Republic of Congo,COD,2017,22150
Democratic Republic of Congo,COD,2018,24427
Democratic Republic of Congo,COD,2019,25044
Democratic Republic of Congo,COD,2020,25682
Democratic Republic of Congo,COD,2021,26336
Democratic Republic of Congo,COD,2022,27007
Democratic Republic of Congo,COD,2023,27695
Democratic Republic of Congo,COD,2024,28401
Denmark,DNK,2018,0
Denmark,DNK,2019,0
Denmark,DNK,2020,0
Denmark,DNK,2021,0
Denmark,DNK,2022,0
Denmark,DNK,2023,0
Denmark,DNK,2024,0
East Timor,TLS,1961,1000
East Timor,TLS,1962,1000
East Timor,TLS,1963,1000
East Timor,TLS,1964,1000
East Timor,TLS,1965,1000
East Timor,TLS,1966,1000
East Timor,TLS,1967,1000
East Timor,TLS,1968,1000
East Timor,TLS,1969,1000
East Timor,TLS,1970,1000
East Timor,TLS,1971,1000
East Timor,TLS,1972,1000
East Timor,TLS,1973,1000
East Timor,TLS,1974,1000
East Timor,TLS,1975,1000
East Timor,TLS,1976,1000
East Timor,TLS,1977,1000
East Timor,TLS,1978,1000
East Timor,TLS,1979,1000
East Timor,TLS,1980,1000
East Timor,TLS,1981,1000
East Timor,TLS,1982,1000
East Timor,TLS,1983,1000
East Timor,TLS,1984,1000
East Timor,TLS,1985,1000
East Timor,TLS,1986,1000
East Timor,TLS,1987,1000
East Timor,TLS,1988,1000
East Timor,TLS,1989,1000
East Timor,TLS,1990,1076
East Timor,TLS,1991,753
East Timor,TLS,1992,1371
East Timor,TLS,1993,1402
East Timor,TLS,1994,668
East Timor,TLS,1995,913
East Timor,TLS,1996,1244
East Timor,TLS,1997,783
East Timor,TLS,1998,672
East Timor,TLS,1999,1030
East Timor,TLS,2000,800
East Timor,TLS,2001,660
East Timor,TLS,2002,640
East Timor,TLS,2003,650
East Timor,TLS,2004,878.23
East Timor,TLS,2005,879.54
East Timor,TLS,2006,885.21
East Timor,TLS,2007,886.66
East Timor,TLS,2008,800
East Timor,TLS,2009,1818
East Timor,TLS,2010,362
East Timor,TLS,2011,1554
East Timor,TLS,2012,1041.26
East Timor,TLS,2013,999.41
East Timor,TLS,2014,984.74
East Timor,TLS,2015,990.74
East Timor,TLS,2016,968.39
East Timor,TLS,2017,898.75
East Timor,TLS,2018,887.58
East Timor,TLS,2019,873.37
East Timor,TLS,2020,841.47
East Timor,TLS,2021,361.94
East Timor,TLS,2022,775.81
East Timor,TLS,2023,852.43
East Timor,TLS,2024,860.62
Eastern Africa (FAO),,1961,10002
Eastern Africa (FAO),,1962,10641
Eastern Africa (FAO),,1963,12481
Eastern Africa (FAO),,1964,11581
Eastern Africa (FAO),,1965,11067
Eastern Africa (FAO),,1966,11320
Eastern Africa (FAO),,1967,13121
Eastern Africa (FAO),,1968,18259
Eastern Africa (FAO),,1969,17000
Eastern Africa (FAO),,1970,28711
Eastern Africa (FAO),,1971,28645
Eastern Africa (FAO),,1972,34336
Eastern Africa (FAO),,1973,32123
Eastern Africa (FAO),,1974,44297
Eastern Africa (FAO),,1975,55520
Eastern Africa (FAO),,1976,74896
Eastern Africa (FAO),,1977,79449
Eastern Africa (FAO),,1978,107341
Eastern Africa (FAO),,1979,111262
Eastern Africa (FAO),,1980,118641
Eastern Africa (FAO),,1981,109054
Eastern Africa (FAO),,1982,125403
Eastern Africa (FAO),,1983,107166
Eastern Africa (FAO),,1984,116825
Eastern Africa (FAO),,1985,124836
Eastern Africa (FAO),,1986,108969
Eastern Africa (FAO),,1987,145820
Eastern Africa (FAO),,1988,174237
Eastern Africa (FAO),,1989,195971
Eastern Africa (FAO),,1990,221081
Eastern Africa (FAO),,1991,240939.22
Eastern Africa (FAO),,1992,176494.47
Eastern Africa (FAO),,1993,213323.89
Eastern Africa (FAO),,1994,225134.6
Eastern Africa (FAO),,1995,212790.28
Eastern Africa (FAO),,1996,235551.42
Eastern Africa (FAO),,1997,225128.3
Eastern Africa (FAO),,1998,239054.67
Eastern Africa (FAO),,1999,265643.38
Eastern Africa (FAO),,2000,314566.62
Eastern Africa (FAO),,2001,312119.88
Eastern Africa (FAO),,2002,285406.12
Eastern Africa (FAO),,2003,306251.94
Eastern Africa (FAO),,2004,340412.78
Eastern Africa (FAO),,2005,375808.53
Eastern Africa (FAO),,2006,399163.4
Eastern Africa (FAO),,2007,536809.2
Eastern Africa (FAO),,2008,313401.84
Eastern Africa (FAO),,2009,392048.6
Eastern Africa (FAO),,2010,356060.1
Eastern Africa (FAO),,2011,372192.94
Eastern Africa (FAO),,2012,527007.8
Eastern Africa (FAO),,2013,584108.7
Eastern Africa (FAO),,2014,575509.56
Eastern Africa (FAO),,2015,580985.56
Eastern Africa (FAO),,2016,707000
Eastern Africa (FAO),,2017,922019.94
Eastern Africa (FAO),,2018,1032068.5
Eastern Africa (FAO),,2019,1010450.7
Eastern Africa (FAO),,2020,1156058.9
Eastern Africa (FAO),,2021,1298570.2
Eastern Africa (FAO),,2022,1462364.6
Eastern Africa (FAO),,2023,1621375.1
Eastern Africa (FAO),,2024,1108063.6
Eastern Asia (FAO),,1961,6990636
Eastern Asia (FAO),,1962,7232458
Eastern Asia (FAO),,1963,7617217
Eastern Asia (FAO),,1964,8520573
Eastern Asia (FAO),,1965,6810165
Eastern Asia (FAO),,1966,8904074
Eastern Asia (FAO),,1967,8962278
Eastern Asia (FAO),,1968,8765952
Eastern Asia (FAO),,1969,8307057
Eastern Asia (FAO),,1970,9388268
Eastern Asia (FAO),,1971,9287390
Eastern Asia (FAO),,1972,7123660
Eastern Asia (FAO),,1973,9024618
Eastern Asia (FAO),,1974,8268294
Eastern Asia (FAO),,1975,8028075
Eastern Asia (FAO),,1976,7397447
Eastern Asia (FAO),,1977,8051253
Eastern Asia (FAO),,1978,8413556
Eastern Asia (FAO),,1979,8270551
Eastern Asia (FAO),,1980,8696152
Eastern Asia (FAO),,1981,10159434
Eastern Asia (FAO),,1982,9861701
Eastern Asia (FAO),,1983,10592160
Eastern Asia (FAO),,1984,10636072
Eastern Asia (FAO),,1985,11399373
Eastern Asia (FAO),,1986,12504627
Eastern Asia (FAO),,1987,13137721
Eastern Asia (FAO),,1988,12623972
Eastern Asia (FAO),,1989,11182208
Eastern Asia (FAO),,1990,11916326
Eastern Asia (FAO),,1991,10541804
Eastern Asia (FAO),,1992,11076587
Eastern Asia (FAO),,1993,15970466
Eastern Asia (FAO),,1994,16664185
Eastern Asia (FAO),,1995,14179534
Eastern Asia (FAO),,1996,13941774
Eastern Asia (FAO),,1997,15397311
Eastern Asia (FAO),,1998,15791704
Eastern Asia (FAO),,1999,14888972
Eastern Asia (FAO),,2000,16107491
Eastern Asia (FAO),,2001,16157251
Eastern Asia (FAO),,2002,17240992
Eastern Asia (FAO),,2003,16082830
Eastern Asia (FAO),,2004,18053550
Eastern Asia (FAO),,2005,17096352
Eastern Asia (FAO),,2006,15812591
Eastern Asia (FAO),,2007,13411092
Eastern Asia (FAO),,2008,16286115
Eastern Asia (FAO),,2009,15700872
Eastern Asia (FAO),,2010,15761349
Eastern Asia (FAO),,2011,15183599
Eastern Asia (FAO),,2012,13719478
Eastern Asia (FAO),,2013,12655846
Eastern Asia (FAO),,2014,12876240
Eastern Asia (FAO),,2015,12484329
Eastern Asia (FAO),,2016,13387403
Eastern Asia (FAO),,2017,15849143
Eastern Asia (FAO),,2018,16407494
Eastern Asia (FAO),,2019,18691836
Eastern Asia (FAO),,2020,20134166
Eastern Asia (FAO),,2021,16946876
Eastern Asia (FAO),,2022,20841656
Eastern Asia (FAO),,2023,21429932
Eastern Asia (FAO),,2024,21242354
Eastern Europe (FAO),,1961,350332
Eastern Europe (FAO),,1962,482614
Eastern Europe (FAO),,1963,450927
Eastern Europe (FAO),,1964,288979
Eastern Europe (FAO),,1965,425063
Eastern Europe (FAO),,1966,606675
Eastern Europe (FAO),,1967,584719
Eastern Europe (FAO),,1968,575449
Eastern Europe (FAO),,1969,485382
Eastern Europe (FAO),,1970,693371
Eastern Europe (FAO),,1971,715486
Eastern Europe (FAO),,1972,457077
Eastern Europe (FAO),,1973,711059
Eastern Europe (FAO),,1974,709817
Eastern Europe (FAO),,1975,1111336
Eastern Europe (FAO),,1976,833776
Eastern Europe (FAO),,1977,861508
Eastern Europe (FAO),,1978,1011851
Eastern Europe (FAO),,1979,1042088
Eastern Europe (FAO),,1980,1104467
Eastern Europe (FAO),,1981,907018
Eastern Europe (FAO),,1982,1006929
Eastern Europe (FAO),,1983,952979
Eastern Europe (FAO),,1984,1000883
Eastern Europe (FAO),,1985,855128
Eastern Europe (FAO),,1986,1188922
Eastern Europe (FAO),,1987,1178923
Eastern Europe (FAO),,1988,1305816
Eastern Europe (FAO),,1989,1407480
Eastern Europe (FAO),,1990,1091932
Eastern Europe (FAO),,1991,1086980
Eastern Europe (FAO),,1992,787679
Eastern Europe (FAO),,1993,704546
Eastern Europe (FAO),,1994,584489
Eastern Europe (FAO),,1995,458131
Eastern Europe (FAO),,1996,452633.9
Eastern Europe (FAO),,1997,460982.7
Eastern Europe (FAO),,1998,598475.6
Eastern Europe (FAO),,1999,665979.7
Eastern Europe (FAO),,2000,527218.1
Eastern Europe (FAO),,2001,562904.8
Eastern Europe (FAO),,2002,787474.8
Eastern Europe (FAO),,2003,943689.6
Eastern Europe (FAO),,2004,1348551.6
Eastern Europe (FAO),,2005,1793829.5
Eastern Europe (FAO),,2006,2242726
Eastern Europe (FAO),,2007,1627428
Eastern Europe (FAO),,2008,1802594
Eastern Europe (FAO),,2009,2225801
Eastern Europe (FAO),,2010,3290674.2
Eastern Europe (FAO),,2011,4277543.5
Eastern Europe (FAO),,2012,4370247.5
Eastern Europe (FAO),,2013,4639316.5
Eastern Europe (FAO),,2014,6774376
Eastern Europe (FAO),,2015,7217182.5
Eastern Europe (FAO),,2016,8063417
Eastern Europe (FAO),,2017,8320133.5
Eastern Europe (FAO),,2018,9366564
Eastern Europe (FAO),,2019,8903205
Eastern Europe (FAO),,2020,7832583
Eastern Europe (FAO),,2021,9068351
Eastern Europe (FAO),,2022,10090567
Eastern Europe (FAO),,2023,12344379
Eastern Europe (FAO),,2024,14550385
Ecuador,ECU,1961,75
Ecuador,ECU,1962,80
Ecuador,ECU,1963,85
Ecuador,ECU,1964,90
Ecuador,ECU,1965,100
Ecuador,ECU,1966,105
Ecuador,ECU,1967,210
Ecuador,ECU,1968,111
Ecuador,ECU,1969,307
Ecuador,ECU,1970,600
Ecuador,ECU,1971,1087
Ecuador,ECU,1972,847
Ecuador,ECU,1973,1538
Ecuador,ECU,1974,4378
Ecuador,ECU,1975,12324
Ecuador,ECU,1976,15035
Ecuador,ECU,1977,19270
Ecuador,ECU,1978,25391
Ecuador,ECU,1979,29903
Ecuador,ECU,1980,33549
Ecuador,ECU,1981,33184
Ecuador,ECU,1982,37419
Ecuador,ECU,1983,14074
Ecuador,ECU,1984,47479
Ecuador,ECU,1985,62885
Ecuador,ECU,1986,76261
Ecuador,ECU,1987,146060
Ecuador,ECU,1988,131338
Ecuador,ECU,1989,153492
Ecuador,ECU,1990,166694
Ecuador,ECU,1991,82990
Ecuador,ECU,1992,137420
Ecuador,ECU,1993,143368
Ecuador,ECU,1994,193721
Ecuador,ECU,1995,90959
Ecuador,ECU,1996,77700
Ecuador,ECU,1997,9425
Ecuador,ECU,1998,10235
Ecuador,ECU,1999,76824
Ecuador,ECU,2000,94100
Ecuador,ECU,2001,113324
Ecuador,ECU,2002,109122
Ecuador,ECU,2003,108816
Ecuador,ECU,2004,107399
Ecuador,ECU,2005,59650
Ecuador,ECU,2006,23000
Ecuador,ECU,2007,55000
Ecuador,ECU,2008,64000
Ecuador,ECU,2009,68000
Ecuador,ECU,2010,70000
Ecuador,ECU,2011,78000
Ecuador,ECU,2012,66000
Ecuador,ECU,2013,68000
Ecuador,ECU,2014,32681.16
Ecuador,ECU,2015,32696.99
Ecuador,ECU,2016,41787.81
Ecuador,ECU,2017,35006
Ecuador,ECU,2018,25504
Ecuador,ECU,2019,39514.72
Ecuador,ECU,2020,27238.07
Ecuador,ECU,2021,20076.95
Ecuador,ECU,2022,29453.73
Ecuador,ECU,2023,13112.2
Ecuador,ECU,2024,24711.24
Egypt,EGY,1961,0
Egypt,EGY,1962,0
Egypt,EGY,1963,0
Egypt,EGY,1964,0
Egypt,EGY,1965,0
Egypt,EGY,1966,0
Egypt,EGY,1967,0
Egypt,EGY,1968,0
Egypt,EGY,1969,0
Egypt,EGY,1970,0
Egypt,EGY,1971,0
Egypt,EGY,1972,1355
Egypt,EGY,1973,2498
Egypt,EGY,1974,2063
Egypt,EGY,1975,4808
Egypt,EGY,1976,11407
Egypt,EGY,1977,26498
Egypt,EGY,1978,78897
Egypt,EGY,1979,106033
Egypt,EGY,1980,92377
Egypt,EGY,1981,130360
Egypt,EGY,1982,178000
Egypt,EGY,1983,162000
Egypt,EGY,1984,143000
Egypt,EGY,1985,140000
Egypt,EGY,1986,133400
Egypt,EGY,1987,134000
Egypt,EGY,1988,129011
Egypt,EGY,1989,91415
Egypt,EGY,1990,106690
Egypt,EGY,1991,120038
Egypt,EGY,1992,58943
Egypt,EGY,1993,50475
Egypt,EGY,1994,67245
Egypt,EGY,1995,63427
Egypt,EGY,1996,39718
Egypt,EGY,1997,34727
Egypt,EGY,1998,47752
Egypt,EGY,1999,18892
Egypt,EGY,2000,10518
Egypt,EGY,2001,14885
Egypt,EGY,2002,17691
Egypt,EGY,2003,28681
Egypt,EGY,2004,43425
Egypt,EGY,2005,51000
Egypt,EGY,2006,23020
Egypt,EGY,2007,25607
Egypt,EGY,2008,29169
Egypt,EGY,2009,22436
Egypt,EGY,2010,43342
Egypt,EGY,2011,29785
Egypt,EGY,2012,26000
Egypt,EGY,2013,32757
Egypt,EGY,2014,39872
Egypt,EGY,2015,46843
Egypt,EGY,2016,45165
Egypt,EGY,2017,36388
Egypt,EGY,2018,46997
Egypt,EGY,2019,36260
Egypt,EGY,2020,36420
Egypt,EGY,2021,62586
Egypt,EGY,2022,116681
Egypt,EGY,2023,188158
Egypt,EGY,2024,75000
El Salvador,SLV,1961,0
El Salvador,SLV,1962,0
El Salvador,SLV,1963,0
El Salvador,SLV,1964,0
El Salvador,SLV,1965,0
El Salvador,SLV,1966,0
El Salvador,SLV,1967,0
El Salvador,SLV,1968,0
El Salvador,SLV,1969,130
El Salvador,SLV,1970,130
El Salvador,SLV,1971,140
El Salvador,SLV,1972,140
El Salvador,SLV,1973,150
El Salvador,SLV,1974,150
El Salvador,SLV,1975,180
El Salvador,SLV,1976,545
El Salvador,SLV,1977,840
El Salvador,SLV,1978,900
El Salvador,SLV,1979,900
El Salvador,SLV,1980,1000
El Salvador,SLV,1981,900
El Salvador,SLV,1982,850
El Salvador,SLV,1983,800
El Salvador,SLV,1984,700
El Salvador,SLV,1985,650
El Salvador,SLV,1986,644
El Salvador,SLV,1987,644
El Salvador,SLV,1988,662
El Salvador,SLV,1989,2000
El Salvador,SLV,1990,2000
El Salvador,SLV,1991,2000
El Salvador,SLV,1992,1880
El Salvador,SLV,1993,1900
El Salvador,SLV,1994,2000
El Salvador,SLV,1995,2100
El Salvador,SLV,1996,2100
El Salvador,SLV,1997,2200
El Salvador,SLV,1998,2400
El Salvador,SLV,1999,2400
El Salvador,SLV,2000,2500
El Salvador,SLV,2001,2671.26
El Salvador,SLV,2002,3048.55
El Salvador,SLV,2003,3407.26
El Salvador,SLV,2004,3082.72
El Salvador,SLV,2005,3534.51
El Salvador,SLV,2006,3469.21
El Salvador,SLV,2007,3895.58
El Salvador,SLV,2008,3872.1
El Salvador,SLV,2009,4803.08
El Salvador,SLV,2010,4500
El Salvador,SLV,2011,4697.15
El Salvador,SLV,2012,5000
El Salvador,SLV,2013,5000
El Salvador,SLV,2014,4952.84
El Salvador,SLV,2015,5202.01
El Salvador,SLV,2016,5051.62
El Salvador,SLV,2017,5313.69
El Salvador,SLV,2018,5189.11
El Salvador,SLV,2019,5359.58
El Salvador,SLV,2020,5477.19
El Salvador,SLV,2021,5341.96
El Salvador,SLV,2022,5392.91
El Salvador,SLV,2023,5404.02
El Salvador,SLV,2024,5379.63
Estonia,EST,2018,0
Estonia,EST,2019,0
Estonia,EST,2020,0
Estonia,EST,2021,0
Estonia,EST,2022,0
Estonia,EST,2023,0
Estonia,EST,2024,0
Ethiopia,ETH,1993,2906.85
Ethiopia,ETH,1994,3043.47
Ethiopia,ETH,1995,3500
Ethiopia,ETH,1996,3341.14
Ethiopia,ETH,1997,3497.37
Ethiopia,ETH,1998,4000
Ethiopia,ETH,1999,3832.64
Ethiopia,ETH,2000,4500
Ethiopia,ETH,2001,4369.4
Ethiopia,ETH,2002,5000
Ethiopia,ETH,2003,600
Ethiopia,ETH,2004,457
Ethiopia,ETH,2005,834
Ethiopia,ETH,2006,3812
Ethiopia,ETH,2007,5849
Ethiopia,ETH,2008,8401
Ethiopia,ETH,2009,7899
Ethiopia,ETH,2010,21900
Ethiopia,ETH,2011,49600
Ethiopia,ETH,2012,88100
Ethiopia,ETH,2013,84400
Ethiopia,ETH,2014,99900
Ethiopia,ETH,2015,131756
Ethiopia,ETH,2016,145507
Ethiopia,ETH,2017,212672
Ethiopia,ETH,2018,272223
Ethiopia,ETH,2019,188322
Ethiopia,ETH,2020,208676.39
Ethiopia,ETH,2021,271078.78
Ethiopia,ETH,2022,223200.2
Ethiopia,ETH,2023,220000
Ethiopia,ETH,2024,240000
Ethiopia (former),OWID_ERE,1961,5000
Ethiopia (former),OWID_ERE,1962,6000
Ethiopia (former),OWID_ERE,1963,7000
Ethiopia (former),OWID_ERE,1964,8000
Ethiopia (former),OWID_ERE,1965,8000
Ethiopia (former),OWID_ERE,1966,9000
Ethiopia (former),OWID_ERE,1967,9000
Ethiopia (former),OWID_ERE,1968,10000
Ethiopia (former),OWID_ERE,1969,10000
Ethiopia (former),OWID_ERE,1970,13000
Ethiopia (former),OWID_ERE,1971,13000
Ethiopia (former),OWID_ERE,1972,14000
Ethiopia (former),OWID_ERE,1973,15000
Ethiopia (former),OWID_ERE,1974,15000
Ethiopia (former),OWID_ERE,1975,15000
Ethiopia (former),OWID_ERE,1976,16000
Ethiopia (former),OWID_ERE,1977,16000
Ethiopia (former),OWID_ERE,1978,16000
Ethiopia (former),OWID_ERE,1979,15000
Ethiopia (former),OWID_ERE,1980,9670
Ethiopia (former),OWID_ERE,1981,19180
Ethiopia (former),OWID_ERE,1982,12200
Ethiopia (former),OWID_ERE,1983,5500
Ethiopia (former),OWID_ERE,1984,210
Ethiopia (former),OWID_ERE,1985,4930
Ethiopia (former),OWID_ERE,1986,3150
Ethiopia (former),OWID_ERE,1987,6220
Ethiopia (former),OWID_ERE,1988,8060
Ethiopia (former),OWID_ERE,1989,24680
Ethiopia (former),OWID_ERE,1990,21260
Ethiopia (former),OWID_ERE,1991,20000
Ethiopia (former),OWID_ERE,1992,21000
Europe,OWID_EUR,1961,360517
Europe,OWID_EUR,1962,490919
Europe,OWID_EUR,1963,458182
Europe,OWID_EUR,1964,298814
Europe,OWID_EUR,1965,434958
Europe,OWID_EUR,1966,617689
Europe,OWID_EUR,1967,593824
Europe,OWID_EUR,1968,578589
Europe,OWID_EUR,1969,491046
Europe,OWID_EUR,1970,701472
Europe,OWID_EUR,1971,722023
Europe,OWID_EUR,1972,465764
Europe,OWID_EUR,1973,737845
Europe,OWID_EUR,1974,768379
Europe,OWID_EUR,1975,1158712
Europe,OWID_EUR,1976,891271
Europe,OWID_EUR,1977,939372
Europe,OWID_EUR,1978,1096873
Europe,OWID_EUR,1979,1144260
Europe,OWID_EUR,1980,1176682
Europe,OWID_EUR,1981,1031961
Europe,OWID_EUR,1982,1247340
Europe,OWID_EUR,1983,1259803
Europe,OWID_EUR,1984,1396897
Europe,OWID_EUR,1985,1385661
Europe,OWID_EUR,1986,2328277
Europe,OWID_EUR,1987,3228424
Europe,OWID_EUR,1988,3165439
Europe,OWID_EUR,1989,3625409
Europe,OWID_EUR,1990,3339428
Europe,OWID_EUR,1991,2906346.2
Europe,OWID_EUR,1992,2213122.2
Europe,OWID_EUR,1993,1697828.2
Europe,OWID_EUR,1994,1792138.6
Europe,OWID_EUR,1995,1636111.9
Europe,OWID_EUR,1996,1740978.8
Europe,OWID_EUR,1997,2122797.5
Europe,OWID_EUR,1998,2423433.5
Europe,OWID_EUR,1999,2286668.2
Europe,OWID_EUR,2000,1916242.2
Europe,OWID_EUR,2001,2114951.5
Europe,OWID_EUR,2002,2006800.8
Europe,OWID_EUR,2003,1848400.9
Europe,OWID_EUR,2004,2473663.8
Europe,OWID_EUR,2005,3058276.2
Europe,OWID_EUR,2006,3606026.2
Europe,OWID_EUR,2007,2581775.2
Europe,OWID_EUR,2008,2738546
Europe,OWID_EUR,2009,3355422.5
Europe,OWID_EUR,2010,4789969.5
Europe,OWID_EUR,2011,5679629.5
Europe,OWID_EUR,2012,5395107
Europe,OWID_EUR,2013,5978446.5
Europe,OWID_EUR,2014,8773175
Europe,OWID_EUR,2015,9519828
Europe,OWID_EUR,2016,10543379
Europe,OWID_EUR,2017,10721896
Europe,OWID_EUR,2018,12130911
Europe,OWID_EUR,2019,11666454
Europe,OWID_EUR,2020,10614971
Europe,OWID_EUR,2021,11587875
Europe,OWID_EUR,2022,12426561
Europe,OWID_EUR,2023,15098725
Europe,OWID_EUR,2024,17124410
Europe (FAO),,1961,360517
Europe (FAO),,1962,490919
Europe (FAO),,1963,458182
Europe (FAO),,1964,298814
Europe (FAO),,1965,434958
Europe (FAO),,1966,617689
Europe (FAO),,1967,593824
Europe (FAO),,1968,578589
Europe (FAO),,1969,491046
Europe (FAO),,1970,701472
Europe (FAO),,1971,722023
Europe (FAO),,1972,465764
Europe (FAO),,1973,737845
Europe (FAO),,1974,768379
Europe (FAO),,1975,1158712
Europe (FAO),,1976,891271
Europe (FAO),,1977,939372
Europe (FAO),,1978,1096873
Europe (FAO),,1979,1144260
Europe (FAO),,1980,1176682
Europe (FAO),,1981,1031961
Europe (FAO),,1982,1247340
Europe (FAO),,1983,1259803
Europe (FAO),,1984,1396897
Europe (FAO),,1985,1385661
Europe (FAO),,1986,2328277
Europe (FAO),,1987,3228424
Europe (FAO),,1988,3165439
Europe (FAO),,1989,3625409
Europe (FAO),,1990,3339428
Europe (FAO),,1991,2906346.2
Europe (FAO),,1992,2213122.2
Europe (FAO),,1993,1697828.2
Europe (FAO),,1994,1792138.6
Europe (FAO),,1995,1636111.9
Europe (FAO),,1996,1740978.8
Europe (FAO),,1997,2122797.5
Europe (FAO),,1998,2423433.5
Europe (FAO),,1999,2286668.2
Europe (FAO),,2000,1916242.2
Europe (FAO),,2001,2114951.5
Europe (FAO),,2002,2006800.8
Europe (FAO),,2003,1848400.9
Europe (FAO),,2004,2473663.8
Europe (FAO),,2005,3058276.2
Europe (FAO),,2006,3606026.2
Europe (FAO),,2007,2581775.2
Europe (FAO),,2008,2738546
Europe (FAO),,2009,3355422.5
Europe (FAO),,2010,4789969
Europe (FAO),,2011,5679629.5
Europe (FAO),,2012,5395106.5
Europe (FAO),,2013,5978446.5
Europe (FAO),,2014,8773176
Europe (FAO),,2015,9519828
Europe (FAO),,2016,10543379
Europe (FAO),,2017,10721896
Europe (FAO),,2018,12130911
Europe (FAO),,2019,11666454
Europe (FAO),,2020,10614971
Europe (FAO),,2021,11587874
Europe (FAO),,2022,12426561
Europe (FAO),,2023,15098725
Europe (FAO),,2024,17124410
European Union (27),OWID_EU27,1961,6677
European Union (27),OWID_EU27,1962,7999
European Union (27),OWID_EU27,1963,6182
European Union (27),OWID_EU27,1964,4254
European Union (27),OWID_EU27,1965,4298
European Union (27),OWID_EU27,1966,20889
European Union (27),OWID_EU27,1967,41944
European Union (27),OWID_EU27,1968,47639
European Union (27),OWID_EU27,1969,51563
European Union (27),OWID_EU27,1970,101563
European Union (27),OWID_EU27,1971,182806
European Union (27),OWID_EU27,1972,202058
European Union (27),OWID_EU27,1973,301082
European Union (27),OWID_EU27,1974,394634
European Union (27),OWID_EU27,1975,348672
European Union (27),OWID_EU27,1976,362962
European Union (27),OWID_EU27,1977,332664
European Union (27),OWID_EU27,1978,399749
European Union (27),OWID_EU27,1979,610482
European Union (27),OWID_EU27,1980,611577
European Union (27),OWID_EU27,1981,442151
European Union (27),OWID_EU27,1982,505978
European Union (27),OWID_EU27,1983,482587
European Union (27),OWID_EU27,1984,687938
European Union (27),OWID_EU27,1985,738366
European Union (27),OWID_EU27,1986,1391336
European Union (27),OWID_EU27,1987,2269418
European Union (27),OWID_EU27,1988,2083898
European Union (27),OWID_EU27,1989,2438216
European Union (27),OWID_EU27,1990,2291517
European Union (27),OWID_EU27,1991,1881250.2
European Union (27),OWID_EU27,1992,1502698.2
European Union (27),OWID_EU27,1993,1041018.3
European Union (27),OWID_EU27,1994,1243218.6
European Union (27),OWID_EU27,1995,1205667.9
European Union (27),OWID_EU27,1996,1278141.9
European Union (27),OWID_EU27,1997,1655664.9
European Union (27),OWID_EU27,1998,1911168.9
European Union (27),OWID_EU27,1999,1581824.5
European Union (27),OWID_EU27,2000,1319880.1
European Union (27),OWID_EU27,2001,1468896.8
European Union (27),OWID_EU27,2002,1190785.9
European Union (27),OWID_EU27,2003,967199.3
European Union (27),OWID_EU27,2004,1181481.1
European Union (27),OWID_EU27,2005,1308380.6
European Union (27),OWID_EU27,2006,1385336.2
European Union (27),OWID_EU27,2007,853787.25
European Union (27),OWID_EU27,2008,758551.9
European Union (27),OWID_EU27,2009,958027.5
European Union (27),OWID_EU27,2010,1223610
European Union (27),OWID_EU27,2011,1243208.2
European Union (27),OWID_EU27,2012,962043.25
European Union (27),OWID_EU27,2013,1224251.4
European Union (27),OWID_EU27,2014,1859126
European Union (27),OWID_EU27,2015,2363657
European Union (27),OWID_EU27,2016,2481298
European Union (27),OWID_EU27,2017,2675102.2
European Union (27),OWID_EU27,2018,2912120
European Union (27),OWID_EU27,2019,2813260
European Union (27),OWID_EU27,2020,2681830
European Union (27),OWID_EU27,2021,2712900
European Union (27),OWID_EU27,2022,2506290
European Union (27),OWID_EU27,2023,2862220
European Union (27),OWID_EU27,2024,3070940
Finland,FIN,2020,0
Finland,FIN,2021,0
Finland,FIN,2022,0
Finland,FIN,2023,0
Finland,FIN,2024,0
France,FRA,1961,0
France,FRA,1962,0
France,FRA,1963,0
France,FRA,1964,0
France,FRA,1965,0
France,FRA,1966,0
France,FRA,1967,0
France,FRA,1968,0
France,FRA,1969,0
France,FRA,1970,0
France,FRA,1971,0
France,FRA,1972,0
France,FRA,1973,795
France,FRA,1974,5380
France,FRA,1975,2945
France,FRA,1976,3110
France,FRA,1977,2860
France,FRA,1978,4780
France,FRA,1979,19996
France,FRA,1980,18000
France,FRA,1981,19000
France,FRA,1982,20700
France,FRA,1983,28600
France,FRA,1984,45700
France,FRA,1985,56400
France,FRA,1986,96000
France,FRA,1987,210400
France,FRA,1988,234000
France,FRA,1989,305849
France,FRA,1990,245000
France,FRA,1991,161179.3
France,FRA,1992,74475.2
France,FRA,1993,139630.6
France,FRA,1994,257818.3
France,FRA,1995,259473.7
France,FRA,1996,226484.4
France,FRA,1997,266456.5
France,FRA,1998,278234.4
France,FRA,1999,261495
France,FRA,2000,201033
France,FRA,2001,309694
France,FRA,2002,208533
France,FRA,2003,147367.6
France,FRA,2004,147095
France,FRA,2005,142528
France,FRA,2006,122995
France,FRA,2007,84603
France,FRA,2008,63106
France,FRA,2009,109841.7
France,FRA,2010,140059.2
France,FRA,2011,122520.9
France,FRA,2012,103935.3
France,FRA,2013,110072
France,FRA,2014,227262
France,FRA,2015,336830
France,FRA,2016,338955
France,FRA,2017,415202
France,FRA,2018,398480
France,FRA,2019,428530
France,FRA,2020,406810
France,FRA,2021,439350
France,FRA,2022,375820
France,FRA,2023,387820
France,FRA,2024,398540
French Guiana,GUF,1961,0
French Guiana,GUF,1962,0
French Guiana,GUF,1963,0
French Guiana,GUF,1964,0
French Guiana,GUF,1965,0
French Guiana,GUF,1966,0
French Guiana,GUF,1967,0
French Guiana,GUF,1968,0
French Guiana,GUF,1969,0
French Guiana,GUF,1970,0
French Guiana,GUF,1971,0
French Guiana,GUF,1972,0
French Guiana,GUF,1973,0
French Guiana,GUF,1974,0
French Guiana,GUF,1975,0
French Guiana,GUF,1976,0
French Guiana,GUF,1977,0
French Guiana,GUF,1978,0
French Guiana,GUF,1979,0
French Guiana,GUF,1980,0
French Guiana,GUF,1981,0
French Guiana,GUF,1982,0
French Guiana,GUF,1983,0
French Guiana,GUF,1984,0
French Guiana,GUF,1985,0
French Guiana,GUF,1986,46
French Guiana,GUF,1987,0
French Guiana,GUF,1988,0
French Guiana,GUF,1989,0
French Guiana,GUF,1990,0
French Guiana,GUF,1991,0
French Guiana,GUF,1992,0
French Polynesia,PYF,2018,23
French Polynesia,PYF,2019,25
French Polynesia,PYF,2020,28
French Polynesia,PYF,2021,26
French Polynesia,PYF,2022,18
French Polynesia,PYF,2023,15
French Polynesia,PYF,2024,11.47
Gabon,GAB,1961,0
Gabon,GAB,1962,0
Gabon,GAB,1963,0
Gabon,GAB,1964,0
Gabon,GAB,1965,0
Gabon,GAB,1966,0
Gabon,GAB,1967,0
Gabon,GAB,1968,0
Gabon,GAB,1969,0
Gabon,GAB,1970,0
Gabon,GAB,1971,0
Gabon,GAB,1972,0
Gabon,GAB,1973,0
Gabon,GAB,1974,0
Gabon,GAB,1975,0
Gabon,GAB,1976,0
Gabon,GAB,1977,0
Gabon,GAB,1978,0
Gabon,GAB,1979,0
Gabon,GAB,1980,0
Gabon,GAB,1981,0
Gabon,GAB,1982,0
Gabon,GAB,1983,0
Gabon,GAB,1984,0
Gabon,GAB,1985,1676
Gabon,GAB,1986,3100
Gabon,GAB,1987,2241
Gabon,GAB,1988,2897
Gabon,GAB,1989,2728
Gabon,GAB,1990,3264
Gabon,GAB,1991,2287
Gabon,GAB,1992,2492
Gabon,GAB,1993,2338
Gabon,GAB,1994,1792
Gabon,GAB,1995,2000
Gabon,GAB,1996,1960
Gabon,GAB,1997,996
Gabon,GAB,1998,1500
Gabon,GAB,1999,2000
Gabon,GAB,2000,2200
Gabon,GAB,2001,2283.09
Gabon,GAB,2002,2415.22
Gabon,GAB,2003,2549.46
Gabon,GAB,2004,2686
Gabon,GAB,2005,2698.43
Gabon,GAB,2006,2817.84
Gabon,GAB,2007,2899.2
Gabon,GAB,2008,3003.32
Gabon,GAB,2009,3142.75
Gabon,GAB,2010,3290.98
Gabon,GAB,2011,3500
Gabon,GAB,2012,3600
Gabon,GAB,2013,4000
Gabon,GAB,2014,4238.4
Gabon,GAB,2015,3881.66
Gabon,GAB,2016,3856.68
Gabon,GAB,2017,3911.17
Gabon,GAB,2018,3981.08
Gabon,GAB,2019,4069.89
Gabon,GAB,2020,3987.38
Gabon,GAB,2021,4012.78
Gabon,GAB,2022,4023.35
Gabon,GAB,2023,4007.84
Gabon,GAB,2024,4014.66
Georgia,GEO,1992,400
Georgia,GEO,1993,100
Georgia,GEO,1994,140
Georgia,GEO,1995,150
Georgia,GEO,1996,1000
Georgia,GEO,1997,1900
Georgia,GEO,1998,1121
Georgia,GEO,1999,1113
Georgia,GEO,2000,2477
Georgia,GEO,2001,1417
Georgia,GEO,2002,1921
Georgia,GEO,2003,3710
Georgia,GEO,2004,2214
Georgia,GEO,2005,2200
Georgia,GEO,2006,3700
Georgia,GEO,2007,2800
Georgia,GEO,2008,2300
Georgia,GEO,2009,1200
Georgia,GEO,2010,953.33
Georgia,GEO,2011,2098.53
Georgia,GEO,2012,1951.77
Georgia,GEO,2013,1923.87
Georgia,GEO,2014,2016.89
Georgia,GEO,2015,2047
Georgia,GEO,2016,2000
Georgia,GEO,2017,2000
Georgia,GEO,2018,2000
Georgia,GEO,2019,2000
Georgia,GEO,2020,4000
Georgia,GEO,2021,3000
Georgia,GEO,2022,3000
Georgia,GEO,2023,3000
Georgia,GEO,2024,2000
Germany,DEU,1961,0
Germany,DEU,1962,0
Germany,DEU,1963,0
Germany,DEU,1964,0
Germany,DEU,1965,0
Germany,DEU,1966,0
Germany,DEU,1967,0
Germany,DEU,1968,0
Germany,DEU,1969,0
Germany,DEU,1970,0
Germany,DEU,1971,0
Germany,DEU,1972,0
Germany,DEU,1973,0
Germany,DEU,1974,0
Germany,DEU,1975,0
Germany,DEU,1976,0
Germany,DEU,1977,0
Germany,DEU,1978,0
Germany,DEU,1979,0
Germany,DEU,1980,0
Germany,DEU,1981,0
Germany,DEU,1982,0
Germany,DEU,1983,0
Germany,DEU,1984,0
Germany,DEU,1985,0
Germany,DEU,1986,0
Germany,DEU,1987,0
Germany,DEU,1988,0
Germany,DEU,1989,4646
Germany,DEU,1990,4756
Germany,DEU,1991,2583
Germany,DEU,1992,3000
Germany,DEU,1993,2000
Germany,DEU,1994,1000
Germany,DEU,1995,1000
Germany,DEU,1996,1000
Germany,DEU,1997,1000
Germany,DEU,1998,924
Germany,DEU,1999,1030
Germany,DEU,2000,1000
Germany,DEU,2001,1600
Germany,DEU,2002,1000
Germany,DEU,2003,0
Germany,DEU,2004,0
Germany,DEU,2005,0
Germany,DEU,2006,1000
Germany,DEU,2007,1000
Germany,DEU,2008,1000
Germany,DEU,2009,1000
Germany,DEU,2010,2000
Germany,DEU,2011,3000
Germany,DEU,2012,4000
Germany,DEU,2013,10000
Germany,DEU,2014,18000
Germany,DEU,2015,27000
Germany,DEU,2016,43000
Germany,DEU,2017,66000
Germany,DEU,2018,58700
Germany,DEU,2019,84100
Germany,DEU,2020,90500
Germany,DEU,2021,106600
Germany,DEU,2022,120500
Germany,DEU,2023,129000
Germany,DEU,2024,131800
Ghana,GHA,2008,75000
Ghana,GHA,2009,113000
Ghana,GHA,2010,146000
Ghana,GHA,2011,164511
Ghana,GHA,2012,151709
Ghana,GHA,2013,138700
Ghana,GHA,2014,141470
Ghana,GHA,2015,142360
Ghana,GHA,2016,143220
Ghana,GHA,2017,170490
Ghana,GHA,2018,176700
Ghana,GHA,2019,193000
Ghana,GHA,2020,209000
Ghana,GHA,2021,218000
Ghana,GHA,2022,255000
Ghana,GHA,2023,260000
Ghana,GHA,2024,270000
Greece,GRC,1961,0
Greece,GRC,1962,0
Greece,GRC,1963,0
Greece,GRC,1964,0
Greece,GRC,1965,0
Greece,GRC,1966,0
Greece,GRC,1967,0
Greece,GRC,1968,0
Greece,GRC,1969,0
Greece,GRC,1970,0
Greece,GRC,1971,0
Greece,GRC,1972,0
Greece,GRC,1973,0
Greece,GRC,1974,0
Greece,GRC,1975,0
Greece,GRC,1976,0
Greece,GRC,1977,0
Greece,GRC,1978,0
Greece,GRC,1979,0
Greece,GRC,1980,0
Greece,GRC,1981,0
Greece,GRC,1982,0
Greece,GRC,1983,0
Greece,GRC,1984,0
Greece,GRC,1985,0
Greece,GRC,1986,0
Greece,GRC,1987,3890
Greece,GRC,1988,5000
Greece,GRC,1989,23000
Greece,GRC,1990,21000
Greece,GRC,1991,11000
Greece,GRC,1992,6000
Greece,GRC,1993,448.7
Greece,GRC,1994,94.3
Greece,GRC,1995,66.2
Greece,GRC,1996,40.5
Greece,GRC,1997,56.4
Greece,GRC,1998,42.5
Greece,GRC,1999,48.5
Greece,GRC,2000,49.15
Greece,GRC,2001,18.7
Greece,GRC,2002,21.9
Greece,GRC,2003,67.7
Greece,GRC,2004,3.1
Greece,GRC,2005,6.65
Greece,GRC,2006,12.25
Greece,GRC,2007,12.25
Greece,GRC,2008,4.9
Greece,GRC,2009,49.8
Greece,GRC,2010,1368.82
Greece,GRC,2011,911.32
Greece,GRC,2012,744.15
Greece,GRC,2013,1471.74
Greece,GRC,2014,7846.1
Greece,GRC,2015,10904.71
Greece,GRC,2016,9464.91
Greece,GRC,2017,8099
Greece,GRC,2018,2520
Greece,GRC,2019,3720
Greece,GRC,2020,1840
Greece,GRC,2021,1230
Greece,GRC,2022,680
Greece,GRC,2023,760
Greece,GRC,2024,2490
Guatemala,GTM,1961,0
Guatemala,GTM,1962,0
Guatemala,GTM,1963,0
Guatemala,GTM,1964,0
Guatemala,GTM,1965,0
Guatemala,GTM,1966,0
Guatemala,GTM,1967,0
Guatemala,GTM,1968,0
Guatemala,GTM,1969,0
Guatemala,GTM,1970,0
Guatemala,GTM,1971,0
Guatemala,GTM,1972,0
Guatemala,GTM,1973,0
Guatemala,GTM,1974,0
Guatemala,GTM,1975,0
Guatemala,GTM,1976,0
Guatemala,GTM,1977,0
Guatemala,GTM,1978,0
Guatemala,GTM,1979,0
Guatemala,GTM,1980,0
Guatemala,GTM,1981,0
Guatemala,GTM,1982,1000
Guatemala,GTM,1983,2000
Guatemala,GTM,1984,3000
Guatemala,GTM,1985,5000
Guatemala,GTM,1986,6000
Guatemala,GTM,1987,26000
Guatemala,GTM,1988,28000
Guatemala,GTM,1989,30498
Guatemala,GTM,1990,42323
Guatemala,GTM,1991,45315
Guatemala,GTM,1992,47307
Guatemala,GTM,1993,44712
Guatemala,GTM,1994,35705
Guatemala,GTM,1995,36570
Guatemala,GTM,1996,43497
Guatemala,GTM,1997,48300
Guatemala,GTM,1998,31133
Guatemala,GTM,1999,30164
Guatemala,GTM,2000,29937
Guatemala,GTM,2001,32000
Guatemala,GTM,2002,35000
Guatemala,GTM,2003,34000
Guatemala,GTM,2004,35000
Guatemala,GTM,2005,35000
Guatemala,GTM,2006,35000
Guatemala,GTM,2007,35000
Guatemala,GTM,2008,35000
Guatemala,GTM,2009,36000
Guatemala,GTM,2010,43838
Guatemala,GTM,2011,37000
Guatemala,GTM,2012,37000
Guatemala,GTM,2013,38000
Guatemala,GTM,2014,38000
Guatemala,GTM,2015,38000
Guatemala,GTM,2016,38000
Guatemala,GTM,2017,38000
Guatemala,GTM,2018,38000
Guatemala,GTM,2019,39000
Guatemala,GTM,2020,41000
Guatemala,GTM,2021,42000
Guatemala,GTM,2022,43000
Guatemala,GTM,2023,43000
Guatemala,GTM,2024,45000
Guyana,GUY,1961,0
Guyana,GUY,1962,0
Guyana,GUY,1963,0
Guyana,GUY,1964,0
Guyana,GUY,1965,0
Guyana,GUY,1966,0
Guyana,GUY,1967,0
Guyana,GUY,1968,0
Guyana,GUY,1969,0
Guyana,GUY,1970,0
Guyana,GUY,1971,70
Guyana,GUY,1972,5
Guyana,GUY,1973,49
Guyana,GUY,1974,87
Guyana,GUY,1975,13
Guyana,GUY,1976,3
Guyana,GUY,1977,3
Guyana,GUY,1978,0
Guyana,GUY,1979,0
Guyana,GUY,1980,0
Guyana,GUY,1981,0
Guyana,GUY,1982,0
Guyana,GUY,1983,0
Guyana,GUY,1984,0
Guyana,GUY,1985,0
Guyana,GUY,1986,0
Guyana,GUY,1987,0
Guyana,GUY,1988,0
Guyana,GUY,1989,0
Guyana,GUY,1990,0
Guyana,GUY,1991,0
Guyana,GUY,1992,0
High-income countries,OWID_HIC,1961,19267656
High-income countries,OWID_HIC,1962,18950242
High-income countries,OWID_HIC,1963,19699932
High-income countries,OWID_HIC,1964,19733234
High-income countries,OWID_HIC,1965,23710020
High-income countries,OWID_HIC,1966,25962904
High-income countries,OWID_HIC,1967,27306970
High-income countries,OWID_HIC,1968,30909132
High-income countries,OWID_HIC,1969,31534928
High-income countries,OWID_HIC,1970,31489640
High-income countries,OWID_HIC,1971,32896912
High-income countries,OWID_HIC,1972,35606180
High-income countries,OWID_HIC,1973,43283160
High-income countries,OWID_HIC,1974,34365820
High-income countries,OWID_HIC,1975,43444890
High-income countries,OWID_HIC,1976,36211564
High-income countries,OWID_HIC,1977,49562550
High-income countries,OWID_HIC,1978,52405096
High-income countries,OWID_HIC,1979,63414744
High-income countries,OWID_HIC,1980,50772256
High-income countries,OWID_HIC,1981,56093864
High-income countries,OWID_HIC,1982,61543030
High-income countries,OWID_HIC,1983,46255424
High-income countries,OWID_HIC,1984,52855536
High-income countries,OWID_HIC,1985,59485340
High-income countries,OWID_HIC,1986,55819340
High-income countries,OWID_HIC,1987,56938256
High-income countries,OWID_HIC,1988,46063816
High-income countries,OWID_HIC,1989,56711800
High-income countries,OWID_HIC,1990,56548316
High-income countries,OWID_HIC,1991,57877188
High-income countries,OWID_HIC,1992,63532580
High-income countries,OWID_HIC,1993,54723188
High-income countries,OWID_HIC,1994,72729810
High-income countries,OWID_HIC,1995,63302148
High-income countries,OWID_HIC,1996,68892296
High-income countries,OWID_HIC,1997,78247790
High-income countries,OWID_HIC,1998,79921496
High-income countries,OWID_HIC,1999,77359700
High-income countries,OWID_HIC,2000,79883860
High-income countries,OWID_HIC,2001,82611450
High-income countries,OWID_HIC,2002,79483656
High-income countries,OWID_HIC,2003,70969570
High-income countries,OWID_HIC,2004,90541304
High-income countries,OWID_HIC,2005,89624990
High-income countries,OWID_HIC,2006,93771940
High-income countries,OWID_HIC,2007,78233970
High-income countries,OWID_HIC,2008,86794264
High-income countries,OWID_HIC,2009,98434020
High-income countries,OWID_HIC,2010,99737700
High-income countries,OWID_HIC,2011,93564530
High-income countries,OWID_HIC,2012,93082470
High-income countries,OWID_HIC,2013,102701960
High-income countries,OWID_HIC,2014,120716340
High-income countries,OWID_HIC,2015,121981980
High-income countries,OWID_HIC,2016,131710510
High-income countries,OWID_HIC,2017,137670780
High-income countries,OWID_HIC,2018,136541940
High-income countries,OWID_HIC,2019,113161830
High-income countries,OWID_HIC,2020,130413840
High-income countries,OWID_HIC,2021,137315090
High-income countries,OWID_HIC,2022,134491170
High-income countries,OWID_HIC,2023,131050470
High-income countries,OWID_HIC,2024,140025630
Honduras,HND,1993,2113
Honduras,HND,1994,5599.35
Honduras,HND,1995,10000
Honduras,HND,1996,8000
Honduras,HND,1997,7000
Honduras,HND,1998,3000
Honduras,HND,1999,3000
Honduras,HND,2000,3000
Honduras,HND,2001,1500
Honduras,HND,2002,1493
Honduras,HND,2003,1542
Honduras,HND,2004,1505
Honduras,HND,2005,1544
Honduras,HND,2006,1600
Honduras,HND,2007,1378.69
Honduras,HND,2008,1317.8
Honduras,HND,2009,1275.15
Honduras,HND,2010,1269.82
Honduras,HND,2011,1269.82
Honduras,HND,2012,1269.82
Honduras,HND,2013,1269.82
Honduras,HND,2014,2200
Honduras,HND,2015,2180
Honduras,HND,2016,2200
Honduras,HND,2017,2210
Honduras,HND,2018,2180
Honduras,HND,2019,2196.67
Honduras,HND,2020,2195.56
Honduras,HND,2021,2190.74
Honduras,HND,2022,2194.32
Honduras,HND,2023,2193.54
Honduras,HND,2024,2192.87
Hungary,HUN,1961,613
Hungary,HUN,1962,3361
Hungary,HUN,1963,2331
Hungary,HUN,1964,1042
Hungary,HUN,1965,1111
Hungary,HUN,1966,733
Hungary,HUN,1967,233
Hungary,HUN,1968,262
Hungary,HUN,1969,300
Hungary,HUN,1970,0
Hungary,HUN,1971,0
Hungary,HUN,1972,0
Hungary,HUN,1973,12000
Hungary,HUN,1974,19000
Hungary,HUN,1975,38400
Hungary,HUN,1976,41863
Hungary,HUN,1977,40813
Hungary,HUN,1978,27703
Hungary,HUN,1979,35207
Hungary,HUN,1980,37232
Hungary,HUN,1981,42783
Hungary,HUN,1982,54186
Hungary,HUN,1983,51667
Hungary,HUN,1984,49868
Hungary,HUN,1985,45785
Hungary,HUN,1986,51695
Hungary,HUN,1987,69024
Hungary,HUN,1988,105000
Hungary,HUN,1989,118000
Hungary,HUN,1990,54382
Hungary,HUN,1991,57506
Hungary,HUN,1992,39909
Hungary,HUN,1993,26127
Hungary,HUN,1994,16665
Hungary,HUN,1995,19270
Hungary,HUN,1996,27494
Hungary,HUN,1997,30970
Hungary,HUN,1998,49564
Hungary,HUN,1999,77491
Hungary,HUN,2000,30785
Hungary,HUN,2001,41489
Hungary,HUN,2002,56231
Hungary,HUN,2003,50137
Hungary,HUN,2004,64804
Hungary,HUN,2005,77963
Hungary,HUN,2006,85035
Hungary,HUN,2007,53982
Hungary,HUN,2008,74000
Hungary,HUN,2009,75587
Hungary,HUN,2010,85440
Hungary,HUN,2011,94955
Hungary,HUN,2012,67730
Hungary,HUN,2013,78760
Hungary,HUN,2014,115600
Hungary,HUN,2015,145853
Hungary,HUN,2016,184725
Hungary,HUN,2017,179282
Hungary,HUN,2018,181240
Hungary,HUN,2019,169570
Hungary,HUN,2020,165760
Hungary,HUN,2021,156580
Hungary,HUN,2022,134470
Hungary,HUN,2023,173310
Hungary,HUN,2024,258890
India,IND,1961,5000
India,IND,1962,5000
India,IND,1963,8000
India,IND,1964,8000
India,IND,1965,10000
India,IND,1966,10000
India,IND,1967,12000
India,IND,1968,12000
India,IND,1969,14000
India,IND,1970,14000
India,IND,1971,14000
India,IND,1972,28000
India,IND,1973,39000
India,IND,1974,51000
India,IND,1975,91000
India,IND,1976,123000
India,IND,1977,183000
India,IND,1978,299000
India,IND,1979,282000
India,IND,1980,442000
India,IND,1981,352000
India,IND,1982,491000
India,IND,1983,614300
India,IND,1984,954800
India,IND,1985,1024100
India,IND,1986,891400
India,IND,1987,898300
India,IND,1988,1547100
India,IND,1989,1805600
India,IND,1990,2601500
India,IND,1991,2492030
India,IND,1992,3386900
India,IND,1993,4745200
India,IND,1994,3931900
India,IND,1995,5095600
India,IND,1996,5380200
India,IND,1997,6460000
India,IND,1998,7140000
India,IND,1999,7080000
India,IND,2000,5280000
India,IND,2001,5962700
India,IND,2002,4654700
India,IND,2003,7818900
India,IND,2004,6876300
India,IND,2005,8273500
India,IND,2006,8850800
India,IND,2007,10968200
India,IND,2008,9905430
India,IND,2009,9964477
India,IND,2010,12733697
India,IND,2011,12213513
India,IND,2012,14666448
India,IND,2013,11860818
India,IND,2014,10373800
India,IND,2015,8569795
India,IND,2016,13158730
India,IND,2017,10932972
India,IND,2018,13267519
India,IND,2019,11225853
India,IND,2020,12610296
India,IND,2021,12986722
India,IND,2022,14984927
India,IND,2023,13061989
India,IND,2024,15132082
Indonesia,IDN,1961,426300
Indonesia,IDN,1962,396800
Indonesia,IDN,1963,350200
Indonesia,IDN,1964,391700
Indonesia,IDN,1965,409500
Indonesia,IDN,1966,416900
Indonesia,IDN,1967,415900
Indonesia,IDN,1968,419932
Indonesia,IDN,1969,388907
Indonesia,IDN,1970,497883
Indonesia,IDN,1971,515644
Indonesia,IDN,1972,518229
Indonesia,IDN,1973,541040
Indonesia,IDN,1974,589239
Indonesia,IDN,1975,589831
Indonesia,IDN,1976,521777
Indonesia,IDN,1977,522821
Indonesia,IDN,1978,616599
Indonesia,IDN,1979,679825
Indonesia,IDN,1980,652762
Indonesia,IDN,1981,703811
Indonesia,IDN,1982,521394
Indonesia,IDN,1983,536103
Indonesia,IDN,1984,769384
Indonesia,IDN,1985,869718
Indonesia,IDN,1986,1226727
Indonesia,IDN,1987,1160963
Indonesia,IDN,1988,1270418
Indonesia,IDN,1989,1315113
Indonesia,IDN,1990,1487433
Indonesia,IDN,1991,1555453
Indonesia,IDN,1992,1869713
Indonesia,IDN,1993,1708530
Indonesia,IDN,1994,1564847
Indonesia,IDN,1995,1680010
Indonesia,IDN,1996,1517180
Indonesia,IDN,1997,1356891
Indonesia,IDN,1998,1305640
Indonesia,IDN,1999,1382848
Indonesia,IDN,2000,1017634
Indonesia,IDN,2001,826932
Indonesia,IDN,2002,673056
Indonesia,IDN,2003,671600
Indonesia,IDN,2004,723483
Indonesia,IDN,2005,808353
Indonesia,IDN,2006,747611
Indonesia,IDN,2007,592634
Indonesia,IDN,2008,776491
Indonesia,IDN,2009,974512
Indonesia,IDN,2010,907031
Indonesia,IDN,2011,851286
Indonesia,IDN,2012,843153
Indonesia,IDN,2013,779992
Indonesia,IDN,2014,954997
Indonesia,IDN,2015,963183
Indonesia,IDN,2016,859653
Indonesia,IDN,2017,538729
Indonesia,IDN,2018,953571
Indonesia,IDN,2019,424000
Indonesia,IDN,2020,291000
Indonesia,IDN,2021,216412.88
Indonesia,IDN,2022,302000
Indonesia,IDN,2023,326493
Indonesia,IDN,2024,227367
Iran,IRN,1961,1000
Iran,IRN,1962,1000
Iran,IRN,1963,1000
Iran,IRN,1964,1000
Iran,IRN,1965,1000
Iran,IRN,1966,2000
Iran,IRN,1967,2000
Iran,IRN,1968,2000
Iran,IRN,1969,2000
Iran,IRN,1970,3000
Iran,IRN,1971,4000
Iran,IRN,1972,15000
Iran,IRN,1973,10500
Iran,IRN,1974,36000
Iran,IRN,1975,70500
Iran,IRN,1976,102000
Iran,IRN,1977,86000
Iran,IRN,1978,113000
Iran,IRN,1979,84401
Iran,IRN,1980,49000
Iran,IRN,1981,62002
Iran,IRN,1982,103694
Iran,IRN,1983,130032
Iran,IRN,1984,110000
Iran,IRN,1985,105000
Iran,IRN,1986,95000
Iran,IRN,1987,57677
Iran,IRN,1988,94808
Iran,IRN,1989,90000
Iran,IRN,1990,88790
Iran,IRN,1991,63309
Iran,IRN,1992,88128.6
Iran,IRN,1993,150949.4
Iran,IRN,1994,147023.8
Iran,IRN,1995,91563.6
Iran,IRN,1996,71127.8
Iran,IRN,1997,125013.1
Iran,IRN,1998,115373.1
Iran,IRN,1999,91699.2
Iran,IRN,2000,76853.2
Iran,IRN,2001,85984.6
Iran,IRN,2002,124718.5
Iran,IRN,2003,144864.7
Iran,IRN,2004,218295.3
Iran,IRN,2005,197863
Iran,IRN,2006,184967
Iran,IRN,2007,178819
Iran,IRN,2008,180600
Iran,IRN,2009,172299.2
Iran,IRN,2010,157400.5
Iran,IRN,2011,116399.7
Iran,IRN,2012,167599.9
Iran,IRN,2013,151363.1
Iran,IRN,2014,142523.8
Iran,IRN,2015,139972
Iran,IRN,2016,139325
Iran,IRN,2017,140000
Iran,IRN,2018,160000
Iran,IRN,2019,180000
Iran,IRN,2020,190000
Iran,IRN,2021,200000
Iran,IRN,2022,210000
Iran,IRN,2023,190000
Iran,IRN,2024,200000
Iraq,IRQ,1961,0
Iraq,IRQ,1962,0
Iraq,IRQ,1963,0
Iraq,IRQ,1964,0
Iraq,IRQ,1965,0
Iraq,IRQ,1966,0
Iraq,IRQ,1967,0
Iraq,IRQ,1968,0
Iraq,IRQ,1969,0
Iraq,IRQ,1970,0
Iraq,IRQ,1971,0
Iraq,IRQ,1972,0
Iraq,IRQ,1973,0
Iraq,IRQ,1974,0
Iraq,IRQ,1975,200
Iraq,IRQ,1976,500
Iraq,IRQ,1977,1000
Iraq,IRQ,1978,1300
Iraq,IRQ,1979,1500
Iraq,IRQ,1980,1600
Iraq,IRQ,1981,1600
Iraq,IRQ,1982,1600
Iraq,IRQ,1983,1600
Iraq,IRQ,1984,1500
Iraq,IRQ,1985,1600
Iraq,IRQ,1986,1700
Iraq,IRQ,1987,1700
Iraq,IRQ,1988,1750
Iraq,IRQ,1989,1800
Iraq,IRQ,1990,1900
Iraq,IRQ,1991,1500
Iraq,IRQ,1992,1850
Iraq,IRQ,1993,2000
Iraq,IRQ,1994,1800
Iraq,IRQ,1995,1750
Iraq,IRQ,1996,1650
Iraq,IRQ,1997,1750
Iraq,IRQ,1998,1780
Iraq,IRQ,1999,550
Iraq,IRQ,2000,100
Iraq,IRQ,2001,60
Iraq,IRQ,2002,50
Iraq,IRQ,2003,50
Iraq,IRQ,2004,50
Iraq,IRQ,2005,38.87
Iraq,IRQ,2006,26.23
Iraq,IRQ,2007,26.23
Iraq,IRQ,2008,26.23
Iraq,IRQ,2009,26.23
Iraq,IRQ,2010,26.23
Iraq,IRQ,2011,26.23
Iraq,IRQ,2012,26.23
Iraq,IRQ,2013,26.23
Iraq,IRQ,2014,25.11
Iraq,IRQ,2015,41.46
Iraq,IRQ,2016,30.93
Iraq,IRQ,2017,32.5
Iraq,IRQ,2018,34.96
Iraq,IRQ,2019,34.12
Iraq,IRQ,2020,33.86
Iraq,IRQ,2021,34.32
Iraq,IRQ,2022,34.1
Iraq,IRQ,2023,34.09
Iraq,IRQ,2024,34.17
Ireland,IRL,2018,0
Ireland,IRL,2019,0
Ireland,IRL,2020,0
Ireland,IRL,2022,0
Ireland,IRL,2023,0
Italy,ITA,1961,345
Italy,ITA,1962,385
Italy,ITA,1963,255
Italy,ITA,1964,275
Italy,ITA,1965,235
Italy,ITA,1966,214
Italy,ITA,1967,225
Italy,ITA,1968,190
Italy,ITA,1969,181
Italy,ITA,1970,170
Italy,ITA,1971,124
Italy,ITA,1972,125
Italy,ITA,1973,414
Italy,ITA,1974,710
Italy,ITA,1975,490
Italy,ITA,1976,250
Italy,ITA,1977,110
Italy,ITA,1978,30
Italy,ITA,1979,190
Italy,ITA,1980,330
Italy,ITA,1981,880
Italy,ITA,1982,9200
Italy,ITA,1983,58900
Italy,ITA,1984,109700
Italy,ITA,1985,286400
Italy,ITA,1986,806070
Italy,ITA,1987,1588600
Italy,ITA,1988,1408200
Italy,ITA,1989,1623600
Italy,ITA,1990,1750500
Italy,ITA,1991,1402000
Italy,ITA,1992,1064777
Italy,ITA,1993,585159
Italy,ITA,1994,700015
Italy,ITA,1995,732448
Italy,ITA,1996,825527
Italy,ITA,1997,1146438
Italy,ITA,1998,1230720
Italy,ITA,1999,870731
Italy,ITA,2000,903490
Italy,ITA,2001,895269
Italy,ITA,2002,587000
Italy,ITA,2003,397000
Italy,ITA,2004,518139
Italy,ITA,2005,553002
Italy,ITA,2006,551292
Italy,ITA,2007,408491
Italy,ITA,2008,346245
Italy,ITA,2009,468200
Italy,ITA,2010,552500
Italy,ITA,2011,564638
Italy,ITA,2012,422129.8
Italy,ITA,2013,624359.6
Italy,ITA,2014,933139.9
Italy,ITA,2015,1116982.1
Italy,ITA,2016,1081339.9
Italy,ITA,2017,1019781
Italy,ITA,2018,1186350
Italy,ITA,2019,1042830
Italy,ITA,2020,1005630
Italy,ITA,2021,923470
Italy,ITA,2022,943400
Italy,ITA,2023,1095940
Italy,ITA,2024,1125580
Japan,JPN,1961,391900
Japan,JPN,1962,338700
Japan,JPN,1963,318200
Japan,JPN,1964,240100
Japan,JPN,1965,230000
Japan,JPN,1966,199500
Japan,JPN,1967,190600
Japan,JPN,1968,167700
Japan,JPN,1969,135900
Japan,JPN,1970,126100
Japan,JPN,1971,122400
Japan,JPN,1972,126500
Japan,JPN,1973,118200
Japan,JPN,1974,132800
Japan,JPN,1975,125600
Japan,JPN,1976,109500
Japan,JPN,1977,110800
Japan,JPN,1978,189900
Japan,JPN,1979,191700
Japan,JPN,1980,173900
Japan,JPN,1981,211700
Japan,JPN,1982,226300
Japan,JPN,1983,217200
Japan,JPN,1984,238000
Japan,JPN,1985,228300
Japan,JPN,1986,245200
Japan,JPN,1987,287200
Japan,JPN,1988,276900
Japan,JPN,1989,271700
Japan,JPN,1990,220400
Japan,JPN,1991,197300
Japan,JPN,1992,188100
Japan,JPN,1993,100600
Japan,JPN,1994,98800
Japan,JPN,1995,119000
Japan,JPN,1996,148000
Japan,JPN,1997,144600
Japan,JPN,1998,158000
Japan,JPN,1999,187200
Japan,JPN,2000,235000
Japan,JPN,2001,290600
Japan,JPN,2002,270200
Japan,JPN,2003,232200
Japan,JPN,2004,163200
Japan,JPN,2005,225000
Japan,JPN,2006,229200
Japan,JPN,2007,226700
Japan,JPN,2008,261700
Japan,JPN,2009,229900
Japan,JPN,2010,222500
Japan,JPN,2011,218800
Japan,JPN,2012,235900
Japan,JPN,2013,199900
Japan,JPN,2014,231800
Japan,JPN,2015,243100
Japan,JPN,2016,238000
Japan,JPN,2017,253000
Japan,JPN,2018,211300
Japan,JPN,2019,217800
Japan,JPN,2020,218900
Japan,JPN,2021,246500
Japan,JPN,2022,242800
Japan,JPN,2023,260800
Japan,JPN,2024,252400
Jordan,JOR,1961,0
Jordan,JOR,1962,0
Jordan,JOR,1963,0
Jordan,JOR,1964,0
Jordan,JOR,1965,0
Jordan,JOR,1966,0
Jordan,JOR,1967,0
Jordan,JOR,1968,0
Jordan,JOR,1969,0
Jordan,JOR,1970,0
Jordan,JOR,1971,0
Jordan,JOR,1972,0
Jordan,JOR,1973,0
Jordan,JOR,1974,2
Jordan,JOR,1975,7
Jordan,JOR,1976,141
Jordan,JOR,1977,66
Jordan,JOR,1978,0
Jordan,JOR,1979,0
Jordan,JOR,1980,0
Jordan,JOR,1981,0
Jordan,JOR,1982,0
Jordan,JOR,1983,0
Jordan,JOR,1984,0
Jordan,JOR,1985,0
Jordan,JOR,1986,0
Jordan,JOR,1987,0
Jordan,JOR,1988,0
Jordan,JOR,1989,0
Jordan,JOR,1990,0
Jordan,JOR,1991,0
Jordan,JOR,1992,0
Jordan,JOR,1993,0
Jordan,JOR,1994,0
Jordan,JOR,1995,0
Kazakhstan,KAZ,1992,11800
Kazakhstan,KAZ,1993,5860
Kazakhstan,KAZ,1994,5510
Kazakhstan,KAZ,1995,3715
Kazakhstan,KAZ,1996,2953
Kazakhstan,KAZ,1997,3311
Kazakhstan,KAZ,1998,3834
Kazakhstan,KAZ,1999,3900
Kazakhstan,KAZ,2000,3970
Kazakhstan,KAZ,2001,8679
Kazakhstan,KAZ,2002,25090
Kazakhstan,KAZ,2003,37865
Kazakhstan,KAZ,2004,46670
Kazakhstan,KAZ,2005,62630
Kazakhstan,KAZ,2006,76920
Kazakhstan,KAZ,2007,83268
Kazakhstan,KAZ,2008,88710
Kazakhstan,KAZ,2009,94330
Kazakhstan,KAZ,2010,113890
Kazakhstan,KAZ,2011,133168
Kazakhstan,KAZ,2012,169764
Kazakhstan,KAZ,2013,203286
Kazakhstan,KAZ,2014,217906
Kazakhstan,KAZ,2015,220354
Kazakhstan,KAZ,2016,231168
Kazakhstan,KAZ,2017,252319
Kazakhstan,KAZ,2018,255437
Kazakhstan,KAZ,2019,282184.88
Kazakhstan,KAZ,2020,260638.55
Kazakhstan,KAZ,2021,237845.36
Kazakhstan,KAZ,2022,250385.34
Kazakhstan,KAZ,2023,203922.16
Kazakhstan,KAZ,2024,207502.8
Kenya,KEN,1990,2000
Kenya,KEN,1991,2017.89
Kenya,KEN,1992,2026.68
Kenya,KEN,1993,2035.34
Kenya,KEN,1994,2043.81
Kenya,KEN,1995,2052
Kenya,KEN,1996,2059.87
Kenya,KEN,1997,2067.34
Kenya,KEN,1998,2074.34
Kenya,KEN,1999,2080.51
Kenya,KEN,2000,2073.63
Kenya,KEN,2001,2081.21
Kenya,KEN,2002,2088.03
Kenya,KEN,2003,2094
Kenya,KEN,2004,2099.02
Kenya,KEN,2005,2102.96
Kenya,KEN,2006,2077
Kenya,KEN,2007,2100
Kenya,KEN,2008,2153.91
Kenya,KEN,2009,2110
Kenya,KEN,2010,1540
Kenya,KEN,2011,2181
Kenya,KEN,2012,2866
Kenya,KEN,2013,2498.1
Kenya,KEN,2014,2368.11
Kenya,KEN,2015,2603
Kenya,KEN,2016,2007
Kenya,KEN,2017,2518.26
Kenya,KEN,2018,2397.82
Kenya,KEN,2019,2396.14
Kenya,KEN,2020,2396.14
Kenya,KEN,2021,5258.81
Kenya,KEN,2022,8200
Kenya,KEN,2023,10100
Kenya,KEN,2024,17417
Kyrgyzstan,KGZ,1992,878
Kyrgyzstan,KGZ,1993,415
Kyrgyzstan,KGZ,1994,303
Kyrgyzstan,KGZ,1995,158
Kyrgyzstan,KGZ,1996,17
Kyrgyzstan,KGZ,1997,8
Kyrgyzstan,KGZ,1998,8
Kyrgyzstan,KGZ,1999,57.44
Kyrgyzstan,KGZ,2000,16
Kyrgyzstan,KGZ,2001,144
Kyrgyzstan,KGZ,2002,137
Kyrgyzstan,KGZ,2003,225
Kyrgyzstan,KGZ,2004,861
Kyrgyzstan,KGZ,2005,301
Kyrgyzstan,KGZ,2006,205
Kyrgyzstan,KGZ,2007,23
Kyrgyzstan,KGZ,2008,10
Kyrgyzstan,KGZ,2009,16
Kyrgyzstan,KGZ,2010,114
Kyrgyzstan,KGZ,2011,70
Kyrgyzstan,KGZ,2012,166
Kyrgyzstan,KGZ,2013,157
Kyrgyzstan,KGZ,2014,605
Kyrgyzstan,KGZ,2015,1056.4
Kyrgyzstan,KGZ,2016,1239.9
Kyrgyzstan,KGZ,2017,3512
Kyrgyzstan,KGZ,2018,2872
Kyrgyzstan,KGZ,2019,2835.1
Kyrgyzstan,KGZ,2020,2371.2
Kyrgyzstan,KGZ,2021,2816
Kyrgyzstan,KGZ,2022,3076
Kyrgyzstan,KGZ,2023,2675
Kyrgyzstan,KGZ,2024,2549
Land Locked Developing Countries (FAO),,1961,9602
Land Locked Developing Countries (FAO),,1962,10341
Land Locked Developing Countries (FAO),,1963,14898
Land Locked Developing Countries (FAO),,1964,26679
Land Locked Developing Countries (FAO),,1965,29221
Land Locked Developing Countries (FAO),,1966,29257
Land Locked Developing Countries (FAO),,1967,28978
Land Locked Developing Countries (FAO),,1968,43541
Land Locked Developing Countries (FAO),,1969,49200
Land Locked Developing Countries (FAO),,1970,65361
Land Locked Developing Countries (FAO),,1971,98704
Land Locked Developing Countries (FAO),,1972,125104
Land Locked Developing Countries (FAO),,1973,150172
Land Locked Developing Countries (FAO),,1974,225856
Land Locked Developing Countries (FAO),,1975,279558
Land Locked Developing Countries (FAO),,1976,363405
Land Locked Developing Countries (FAO),,1977,459435
Land Locked Developing Countries (FAO),,1978,458392
Land Locked Developing Countries (FAO),,1979,693325
Land Locked Developing Countries (FAO),,1980,702655
Land Locked Developing Countries (FAO),,1981,918499
Land Locked Developing Countries (FAO),,1982,967150
Land Locked Developing Countries (FAO),,1983,1014700
Land Locked Developing Countries (FAO),,1984,1183940
Land Locked Developing Countries (FAO),,1985,1389973
Land Locked Developing Countries (FAO),,1986,1081359
Land Locked Developing Countries (FAO),,1987,1586929
Land Locked Developing Countries (FAO),,1988,1742798
Land Locked Developing Countries (FAO),,1989,2065748
Land Locked Developing Countries (FAO),,1990,2245793
Land Locked Developing Countries (FAO),,1991,1663438
Land Locked Developing Countries (FAO),,1992,1726457.6
Land Locked Developing Countries (FAO),,1993,2532037.2
Land Locked Developing Countries (FAO),,1994,2755721
Land Locked Developing Countries (FAO),,1995,3322607
Land Locked Developing Countries (FAO),,1996,3519125.8
Land Locked Developing Countries (FAO),,1997,3914697.2
Land Locked Developing Countries (FAO),,1998,4246584.5
Land Locked Developing Countries (FAO),,1999,4330306.5
Land Locked Developing Countries (FAO),,2000,4532300
Land Locked Developing Countries (FAO),,2001,5018024.5
Land Locked Developing Countries (FAO),,2002,4893298
Land Locked Developing Countries (FAO),,2003,6186313.5
Land Locked Developing Countries (FAO),,2004,5625125
Land Locked Developing Countries (FAO),,2005,6225792.5
Land Locked Developing Countries (FAO),,2006,6010668
Land Locked Developing Countries (FAO),,2007,8294956
Land Locked Developing Countries (FAO),,2008,8087913
Land Locked Developing Countries (FAO),,2009,6336342.5
Land Locked Developing Countries (FAO),,2010,9788409
Land Locked Developing Countries (FAO),,2011,10820246
Land Locked Developing Countries (FAO),,2012,7806898
Land Locked Developing Countries (FAO),,2013,12825588
Land Locked Developing Countries (FAO),,2014,13747161
Land Locked Developing Countries (FAO),,2015,12876418
Land Locked Developing Countries (FAO),,2016,13370999
Land Locked Developing Countries (FAO),,2017,14382468
Land Locked Developing Countries (FAO),,2018,15343085
Land Locked Developing Countries (FAO),,2019,12880481
Land Locked Developing Countries (FAO),,2020,15306717
Land Locked Developing Countries (FAO),,2021,15503927
Land Locked Developing Countries (FAO),,2022,10477187
Land Locked Developing Countries (FAO),,2023,15846778
Land Locked Developing Countries (FAO),,2024,15753524
Laos,LAO,1961,3100
Laos,LAO,1962,3000
Laos,LAO,1963,3150
Laos,LAO,1964,3200
Laos,LAO,1965,3200
Laos,LAO,1966,3300
Laos,LAO,1967,3400
Laos,LAO,1968,3500
Laos,LAO,1969,3500
Laos,LAO,1970,3700
Laos,LAO,1971,3650
Laos,LAO,1972,3750
Laos,LAO,1973,3750
Laos,LAO,1974,3800
Laos,LAO,1975,3400
Laos,LAO,1976,1718
Laos,LAO,1977,4461
Laos,LAO,1978,3330
Laos,LAO,1979,3170
Laos,LAO,1980,3298
Laos,LAO,1981,3900
Laos,LAO,1982,4220
Laos,LAO,1983,3537
Laos,LAO,1984,3626
Laos,LAO,1985,2058
Laos,LAO,1986,2601
Laos,LAO,1987,3748
Laos,LAO,1988,4447
Laos,LAO,1989,4950
Laos,LAO,1990,4210
Laos,LAO,1991,5500
Laos,LAO,1992,5147
Laos,LAO,1993,4521
Laos,LAO,1994,5990
Laos,LAO,1995,4837
Laos,LAO,1996,3245
Laos,LAO,1997,2295
Laos,LAO,1998,4300
Laos,LAO,1999,5850
Laos,LAO,2000,5403
Laos,LAO,2001,3002
Laos,LAO,2002,2992
Laos,LAO,2003,7799
Laos,LAO,2004,4720
Laos,LAO,2005,11100
Laos,LAO,2006,11950
Laos,LAO,2007,10455
Laos,LAO,2008,10595
Laos,LAO,2009,19425
Laos,LAO,2010,11435
Laos,LAO,2011,13820
Laos,LAO,2012,6360
Laos,LAO,2013,13905
Laos,LAO,2014,17035
Laos,LAO,2015,18675
Laos,LAO,2016,19130
Laos,LAO,2017,7960
Laos,LAO,2018,8380
Laos,LAO,2019,5100
Laos,LAO,2020,7380.7
Laos,LAO,2021,6340
Laos,LAO,2022,4745
Laos,LAO,2023,7540
Laos,LAO,2024,7879.27
Latvia,LVA,1992,0
Latvia,LVA,1993,0
Latvia,LVA,1994,0
Latvia,LVA,1995,0
Latvia,LVA,1996,0
Latvia,LVA,1997,0
Latvia,LVA,2018,0
Latvia,LVA,2019,0
Latvia,LVA,2020,0
Latvia,LVA,2021,0
Latvia,LVA,2022,0
Latvia,LVA,2023,0
Latvia,LVA,2024,0
Least Developed Countries (FAO),,1961,28123
Least Developed Countries (FAO),,1962,38677
Least Developed Countries (FAO),,1963,43279
Least Developed Countries (FAO),,1964,37193
Least Developed Countries (FAO),,1965,33089
Least Developed Countries (FAO),,1966,37427
Least Developed Countries (FAO),,1967,40560
Least Developed Countries (FAO),,1968,42993
Least Developed Countries (FAO),,1969,46031
Least Developed Countries (FAO),,1970,47814
Least Developed Countries (FAO),,1971,46122
Least Developed Countries (FAO),,1972,53053
Least Developed Countries (FAO),,1973,53289
Least Developed Countries (FAO),,1974,50663
Least Developed Countries (FAO),,1975,53401
Least Developed Countries (FAO),,1976,56741
Least Developed Countries (FAO),,1977,68167
Least Developed Countries (FAO),,1978,65353
Least Developed Countries (FAO),,1979,60593
Least Developed Countries (FAO),,1980,59159
Least Developed Countries (FAO),,1981,76285
Least Developed Countries (FAO),,1982,75698
Least Developed Countries (FAO),,1983,66676
Least Developed Countries (FAO),,1984,71510
Least Developed Countries (FAO),,1985,93053
Least Developed Countries (FAO),,1986,87661
Least Developed Countries (FAO),,1987,101977
Least Developed Countries (FAO),,1988,123839
Least Developed Countries (FAO),,1989,153314
Least Developed Countries (FAO),,1990,189499
Least Developed Countries (FAO),,1991,225082.16
Least Developed Countries (FAO),,1992,230335.8
Least Developed Countries (FAO),,1993,225194.55
Least Developed Countries (FAO),,1994,225438.45
Least Developed Countries (FAO),,1995,242408.61
Least Developed Countries (FAO),,1996,263067.12
Least Developed Countries (FAO),,1997,295987.97
Least Developed Countries (FAO),,1998,272258.28
Least Developed Countries (FAO),,1999,322867.44
Least Developed Countries (FAO),,2000,361540.62
Least Developed Countries (FAO),,2001,359640.8
Least Developed Countries (FAO),,2002,408975.84
Least Developed Countries (FAO),,2003,533213.4
Least Developed Countries (FAO),,2004,575686.06
Least Developed Countries (FAO),,2005,792039.8
Least Developed Countries (FAO),,2006,755994.6
Least Developed Countries (FAO),,2007,826221.9
Least Developed Countries (FAO),,2008,750155.94
Least Developed Countries (FAO),,2009,894831.6
Least Developed Countries (FAO),,2010,928212.06
Least Developed Countries (FAO),,2011,829709.44
Least Developed Countries (FAO),,2012,965955.06
Least Developed Countries (FAO),,2013,1055023.8
Least Developed Countries (FAO),,2014,1094414.4
Least Developed Countries (FAO),,2015,1156544.8
Least Developed Countries (FAO),,2016,1293128.6
Least Developed Countries (FAO),,2017,1547445
Least Developed Countries (FAO),,2018,1746516.8
Least Developed Countries (FAO),,2019,1825344.1
Least Developed Countries (FAO),,2020,2020430.6
Least Developed Countries (FAO),,2021,2236583.5
Least Developed Countries (FAO),,2022,2509141
Least Developed Countries (FAO),,2023,2892632.2
Least Developed Countries (FAO),,2024,2547583.5
Liberia,LBR,1961,1000
Liberia,LBR,1962,1000
Liberia,LBR,1963,1000
Liberia,LBR,1964,1000
Liberia,LBR,1965,1000
Liberia,LBR,1966,1000
Liberia,LBR,1967,1100
Liberia,LBR,1968,1100
Liberia,LBR,1969,1200
Liberia,LBR,1970,1200
Liberia,LBR,1971,1300
Liberia,LBR,1972,1300
Liberia,LBR,1973,1300
Liberia,LBR,1974,1400
Liberia,LBR,1975,1400
Liberia,LBR,1976,1500
Liberia,LBR,1977,1500
Liberia,LBR,1978,1600
Liberia,LBR,1979,1700
Liberia,LBR,1980,1800
Liberia,LBR,1981,1900
Liberia,LBR,1982,2000
Liberia,LBR,1983,2000
Liberia,LBR,1984,2000
Liberia,LBR,1985,2000
Liberia,LBR,1986,2000
Liberia,LBR,1987,2000
Liberia,LBR,1988,2000
Liberia,LBR,1989,2000
Liberia,LBR,1990,1500
Liberia,LBR,1991,1680.59
Liberia,LBR,1992,1834.19
Liberia,LBR,1993,2000
Liberia,LBR,1994,2155.42
Liberia,LBR,1995,2320.33
Liberia,LBR,1996,2481.95
Liberia,LBR,1997,2635.44
Liberia,LBR,1998,2775.97
Liberia,LBR,1999,3000
Liberia,LBR,2000,2956.68
Liberia,LBR,2001,2984.13
Liberia,LBR,2002,3000.88
Liberia,LBR,2003,3012.83
Liberia,LBR,2004,2995.07
Liberia,LBR,2005,3033.08
Liberia,LBR,2006,3100
Liberia,LBR,2007,3200
Liberia,LBR,2008,3250
Liberia,LBR,2009,3000
Liberia,LBR,2010,3000
Liberia,LBR,2011,3100
Liberia,LBR,2012,3200
Liberia,LBR,2013,3300
Liberia,LBR,2014,3361.94
Liberia,LBR,2015,3242.14
Liberia,LBR,2016,3156.91
Liberia,LBR,2017,3253.66
Liberia,LBR,2018,3318.76
Liberia,LBR,2019,3374.99
Liberia,LBR,2020,3425.2
Liberia,LBR,2021,3371.18
Liberia,LBR,2022,3386.82
Liberia,LBR,2023,3406.28
Liberia,LBR,2024,3425.73
Lithuania,LTU,2018,3450
Lithuania,LTU,2019,2310
Lithuania,LTU,2020,2560
Lithuania,LTU,2021,2230
Lithuania,LTU,2022,2290
Lithuania,LTU,2023,1710
Lithuania,LTU,2024,2040
Low Income Food Deficit Countries (FAO),,1961,184182
Low Income Food Deficit Countries (FAO),,1962,189963
Low Income Food Deficit Countries (FAO),,1963,196901
Low Income Food Deficit Countries (FAO),,1964,207281
Low Income Food Deficit Countries (FAO),,1965,216567
Low Income Food Deficit Countries (FAO),,1966,226880
Low Income Food Deficit Countries (FAO),,1967,244384
Low Income Food Deficit Countries (FAO),,1968,264359
Low Income Food Deficit Countries (FAO),,1969,268200
Low Income Food Deficit Countries (FAO),,1970,290011
Low Income Food Deficit Countries (FAO),,1971,300645
Low Income Food Deficit Countries (FAO),,1972,304536
Low Income Food Deficit Countries (FAO),,1973,269450
Low Income Food Deficit Countries (FAO),,1974,331597
Low Income Food Deficit Countries (FAO),,1975,353537
Low Income Food Deficit Countries (FAO),,1976,382652
Low Income Food Deficit Countries (FAO),,1977,401775
Low Income Food Deficit Countries (FAO),,1978,439912
Low Income Food Deficit Countries (FAO),,1979,455560
Low Income Food Deficit Countries (FAO),,1980,473438
Low Income Food Deficit Countries (FAO),,1981,473581
Low Income Food Deficit Countries (FAO),,1982,497899
Low Income Food Deficit Countries (FAO),,1983,497831
Low Income Food Deficit Countries (FAO),,1984,565194
Low Income Food Deficit Countries (FAO),,1985,560392
Low Income Food Deficit Countries (FAO),,1986,555979
Low Income Food Deficit Countries (FAO),,1987,612352
Low Income Food Deficit Countries (FAO),,1988,650407
Low Income Food Deficit Countries (FAO),,1989,652195
Low Income Food Deficit Countries (FAO),,1990,705622
Low Income Food Deficit Countries (FAO),,1991,701381.06
Low Income Food Deficit Countries (FAO),,1992,621427.5
Low Income Food Deficit Countries (FAO),,1993,629607.9
Low Income Food Deficit Countries (FAO),,1994,671634.25
Low Income Food Deficit Countries (FAO),,1995,659053.6
Low Income Food Deficit Countries (FAO),,1996,664034
Low Income Food Deficit Countries (FAO),,1997,633518.3
Low Income Food Deficit Countries (FAO),,1998,641520.6
Low Income Food Deficit Countries (FAO),,1999,647751.4
Low Income Food Deficit Countries (FAO),,2000,693350.25
Low Income Food Deficit Countries (FAO),,2001,709055
Low Income Food Deficit Countries (FAO),,2002,686753.9
Low Income Food Deficit Countries (FAO),,2003,714546.4
Low Income Food Deficit Countries (FAO),,2004,733266.9
Low Income Food Deficit Countries (FAO),,2005,702391.25
Low Income Food Deficit Countries (FAO),,2006,752297.4
Low Income Food Deficit Countries (FAO),,2007,903774.2
Low Income Food Deficit Countries (FAO),,2008,724385.8
Low Income Food Deficit Countries (FAO),,2009,756658.6
Low Income Food Deficit Countries (FAO),,2010,746560.2
Low Income Food Deficit Countries (FAO),,2011,774051.25
Low Income Food Deficit Countries (FAO),,2012,852584.6
Low Income Food Deficit Countries (FAO),,2013,860290.1
Low Income Food Deficit Countries (FAO),,2014,916158.56
Low Income Food Deficit Countries (FAO),,2015,976047.25
Low Income Food Deficit Countries (FAO),,2016,1062807.8
Low Income Food Deficit Countries (FAO),,2017,1174521.5
Low Income Food Deficit Countries (FAO),,2018,1353805.6
Low Income Food Deficit Countries (FAO),,2019,1586155.6
Low Income Food Deficit Countries (FAO),,2020,1793704.1
Low Income Food Deficit Countries (FAO),,2021,1923530.8
Low Income Food Deficit Countries (FAO),,2022,2098004
Low Income Food Deficit Countries (FAO),,2023,2190152.8
Low Income Food Deficit Countries (FAO),,2024,2437638
Low-income countries,OWID_LIC,1961,174110
Low-income countries,OWID_LIC,1962,179182
Low-income countries,OWID_LIC,1963,183620
Low-income countries,OWID_LIC,1964,194900
Low-income countries,OWID_LIC,1965,204700
Low-income countries,OWID_LIC,1966,214760
Low-income countries,OWID_LIC,1967,231963
Low-income countries,OWID_LIC,1968,250800
Low-income countries,OWID_LIC,1969,252785
Low-income countries,OWID_LIC,1970,264570
Low-income countries,OWID_LIC,1971,273676
Low-income countries,OWID_LIC,1972,275023
Low-income countries,OWID_LIC,1973,240007
Low-income countries,OWID_LIC,1974,289275
Low-income countries,OWID_LIC,1975,300516
Low-income countries,OWID_LIC,1976,315541
Low-income countries,OWID_LIC,1977,329332
Low-income countries,OWID_LIC,1978,338763
Low-income countries,OWID_LIC,1979,346855
Low-income countries,OWID_LIC,1980,359340
Low-income countries,OWID_LIC,1981,373240
Low-income countries,OWID_LIC,1982,385505
Low-income countries,OWID_LIC,1983,400450
Low-income countries,OWID_LIC,1984,461829
Low-income countries,OWID_LIC,1985,450905
Low-income countries,OWID_LIC,1986,460213
Low-income countries,OWID_LIC,1987,472121
Low-income countries,OWID_LIC,1988,488579
Low-income countries,OWID_LIC,1989,471022
Low-income countries,OWID_LIC,1990,539235
Low-income countries,OWID_LIC,1991,540194.1
Low-income countries,OWID_LIC,1992,523413.8
Low-income countries,OWID_LIC,1993,496822.53
Low-income countries,OWID_LIC,1994,520979.47
Low-income countries,OWID_LIC,1995,517888.66
Low-income countries,OWID_LIC,1996,520698.03
Low-income countries,OWID_LIC,1997,482537.97
Low-income countries,OWID_LIC,1998,470894.3
Low-income countries,OWID_LIC,1999,476025.44
Low-income countries,OWID_LIC,2000,520950.6
Low-income countries,OWID_LIC,2001,534209.8
Low-income countries,OWID_LIC,2002,566098.8
Low-income countries,OWID_LIC,2003,630905.4
Low-income countries,OWID_LIC,2004,603852.8
Low-income countries,OWID_LIC,2005,598643.25
Low-income countries,OWID_LIC,2006,638632.4
Low-income countries,OWID_LIC,2007,673577.2
Low-income countries,OWID_LIC,2008,551613.94
Low-income countries,OWID_LIC,2009,566944.6
Low-income countries,OWID_LIC,2010,580849.06
Low-income countries,OWID_LIC,2011,597530.5
Low-income countries,OWID_LIC,2012,640121.2
Low-income countries,OWID_LIC,2013,646609.9
Low-income countries,OWID_LIC,2014,673447.75
Low-income countries,OWID_LIC,2015,704241.5
Low-income countries,OWID_LIC,2016,730972.2
Low-income countries,OWID_LIC,2017,802403.8
Low-income countries,OWID_LIC,2018,838700.9
Low-income countries,OWID_LIC,2019,1037241.7
Low-income countries,OWID_LIC,2020,1130565.4
Low-income countries,OWID_LIC,2021,1099536.5
Low-income countries,OWID_LIC,2022,1252886.2
Low-income countries,OWID_LIC,2023,1113908.1
Low-income countries,OWID_LIC,2024,1200010.1
Lower-middle-income countries,OWID_LMC,1961,81935
Lower-middle-income countries,OWID_LMC,1962,103526
Lower-middle-income countries,OWID_LMC,1963,111390
Lower-middle-income countries,OWID_LMC,1964,91974
Lower-middle-income countries,OWID_LMC,1965,87106
Lower-middle-income countries,OWID_LMC,1966,94419
Lower-middle-income countries,OWID_LMC,1967,97714
Lower-middle-income countries,OWID_LMC,1968,100776
Lower-middle-income countries,OWID_LMC,1969,108034
Lower-middle-income countries,OWID_LMC,1970,108242
Lower-middle-income countries,OWID_LMC,1971,112451
Lower-middle-income countries,OWID_LMC,1972,131748
Lower-middle-income countries,OWID_LMC,1973,147140
Lower-middle-income countries,OWID_LMC,1974,175272
Lower-middle-income countries,OWID_LMC,1975,233724
Lower-middle-income countries,OWID_LMC,1976,291565
Lower-middle-income countries,OWID_LMC,1977,375387
Lower-middle-income countries,OWID_LMC,1978,588052
Lower-middle-income countries,OWID_LMC,1979,620729
Lower-middle-income countries,OWID_LMC,1980,790666
Lower-middle-income countries,OWID_LMC,1981,731931
Lower-middle-income countries,OWID_LMC,1982,974220
Lower-middle-income countries,OWID_LMC,1983,1003154
Lower-middle-income countries,OWID_LMC,1984,1372030
Lower-middle-income countries,OWID_LMC,1985,1471385
Lower-middle-income countries,OWID_LMC,1986,1390652
Lower-middle-income countries,OWID_LMC,1987,1463190
Lower-middle-income countries,OWID_LMC,1988,2215110
Lower-middle-income countries,OWID_LMC,1989,2699374
Lower-middle-income countries,OWID_LMC,1990,3402222
Lower-middle-income countries,OWID_LMC,1991,3416333.8
Lower-middle-income countries,OWID_LMC,1992,4205480
Lower-middle-income countries,OWID_LMC,1993,5784024.5
Lower-middle-income countries,OWID_LMC,1994,5245478.5
Lower-middle-income countries,OWID_LMC,1995,6700255
Lower-middle-income countries,OWID_LMC,1996,7062869
Lower-middle-income countries,OWID_LMC,1997,8341307.5
Lower-middle-income countries,OWID_LMC,1998,9193758
Lower-middle-income countries,OWID_LMC,1999,9122860
Lower-middle-income countries,OWID_LMC,2000,7445503.5
Lower-middle-income countries,OWID_LMC,2001,8108862
Lower-middle-income countries,OWID_LMC,2002,6932729
Lower-middle-income countries,OWID_LMC,2003,10476085
Lower-middle-income countries,OWID_LMC,2004,9788865
Lower-middle-income countries,OWID_LMC,2005,11567941
Lower-middle-income countries,OWID_LMC,2006,11674639
Lower-middle-income countries,OWID_LMC,2007,13926580
Lower-middle-income countries,OWID_LMC,2008,12578415
Lower-middle-income countries,OWID_LMC,2009,13262641
Lower-middle-income countries,OWID_LMC,2010,15812182
Lower-middle-income countries,OWID_LMC,2011,15473790
Lower-middle-income countries,OWID_LMC,2012,18958030
Lower-middle-income countries,OWID_LMC,2013,16247584
Lower-middle-income countries,OWID_LMC,2014,14863268
Lower-middle-income countries,OWID_LMC,2015,13342428
Lower-middle-income countries,OWID_LMC,2016,18439838
Lower-middle-income countries,OWID_LMC,2017,15900726
Lower-middle-income countries,OWID_LMC,2018,18699318
Lower-middle-income countries,OWID_LMC,2019,16671478
Lower-middle-income countries,OWID_LMC,2020,18259356
Lower-middle-income countries,OWID_LMC,2021,19312472
Lower-middle-income countries,OWID_LMC,2022,21790178
Lower-middle-income countries,OWID_LMC,2023,20874424
Lower-middle-income countries,OWID_LMC,2024,21608184
Luxembourg,LUX,2020,30
Luxembourg,LUX,2021,20
Luxembourg,LUX,2022,20
Luxembourg,LUX,2023,50
Luxembourg,LUX,2024,50
Madagascar,MDG,1961,0
Madagascar,MDG,1962,0
Madagascar,MDG,1963,0
Madagascar,MDG,1964,0
Madagascar,MDG,1965,0
Madagascar,MDG,1966,0
Madagascar,MDG,1967,0
Madagascar,MDG,1968,0
Madagascar,MDG,1969,0
Madagascar,MDG,1970,0
Madagascar,MDG,1971,0
Madagascar,MDG,1972,0
Madagascar,MDG,1973,0
Madagascar,MDG,1974,0
Madagascar,MDG,1975,15
Madagascar,MDG,1976,20
Madagascar,MDG,1977,30
Madagascar,MDG,1978,35
Madagascar,MDG,1979,55
Madagascar,MDG,1980,70
Madagascar,MDG,1981,75
Madagascar,MDG,1982,80
Madagascar,MDG,1983,50
Madagascar,MDG,1984,60
Madagascar,MDG,1985,60
Madagascar,MDG,1986,60
Madagascar,MDG,1987,60
Madagascar,MDG,1988,60
Madagascar,MDG,1989,60
Madagascar,MDG,1990,50
Madagascar,MDG,1991,44.33
Madagascar,MDG,1992,44.33
Madagascar,MDG,1993,44.32
Madagascar,MDG,1994,44.32
Madagascar,MDG,1995,44.32
Madagascar,MDG,1996,44.32
Madagascar,MDG,1997,44.32
Madagascar,MDG,1998,44.33
Madagascar,MDG,1999,49.24
Madagascar,MDG,2000,50
Madagascar,MDG,2001,49.27
Madagascar,MDG,2002,49.11
Madagascar,MDG,2003,48.94
Madagascar,MDG,2004,48.76
Madagascar,MDG,2005,48.59
Madagascar,MDG,2006,48.4
Madagascar,MDG,2007,48.19
Madagascar,MDG,2008,47.93
Madagascar,MDG,2009,47.6
Madagascar,MDG,2010,47.13
Madagascar,MDG,2011,46.43
Madagascar,MDG,2012,45
Madagascar,MDG,2013,44
Madagascar,MDG,2014,46.79
Madagascar,MDG,2015,48.5
Madagascar,MDG,2016,46.43
Madagascar,MDG,2017,47.24
Madagascar,MDG,2018,47.46
Madagascar,MDG,2019,47.6
Madagascar,MDG,2020,47.79
Madagascar,MDG,2021,47.76
Madagascar,MDG,2022,47.76
Madagascar,MDG,2023,47.83
Madagascar,MDG,2024,47.91
Malawi,MWI,2003,41000
Malawi,MWI,2004,49000
Malawi,MWI,2005,40000
Malawi,MWI,2006,55000
Malawi,MWI,2007,71295
Malawi,MWI,2008,64489
Malawi,MWI,2009,85098
Malawi,MWI,2010,73356
Malawi,MWI,2011,75665
Malawi,MWI,2012,106592
Malawi,MWI,2013,111977
Malawi,MWI,2014,132185
Malawi,MWI,2015,120952
Malawi,MWI,2016,132417
Malawi,MWI,2017,208556
Malawi,MWI,2018,175475
Malawi,MWI,2019,263458
Malawi,MWI,2020,264372
Malawi,MWI,2021,264497
Malawi,MWI,2022,303084
Malawi,MWI,2023,235487
Malawi,MWI,2024,305000
Malaysia,MYS,1961,19
Malaysia,MYS,1962,20
Malaysia,MYS,1963,12
Malaysia,MYS,1964,12
Malaysia,MYS,1965,30
Malaysia,MYS,1966,30
Malaysia,MYS,1967,25
Malaysia,MYS,1968,40
Malaysia,MYS,1969,50
Malaysia,MYS,1970,85
Malaysia,MYS,1971,50
Malaysia,MYS,1972,60
Malaysia,MYS,1973,70
Malaysia,MYS,1974,400
Malaysia,MYS,1975,130
Malaysia,MYS,1976,260
Malaysia,MYS,1977,70
Malaysia,MYS,1978,70
Malaysia,MYS,1979,15
Malaysia,MYS,1980,40
Malaysia,MYS,1981,100
Malaysia,MYS,1982,5
Malaysia,MYS,1983,80
Malaysia,MYS,1984,9
Malaysia,MYS,1985,27
Malaysia,MYS,1986,6
Malaysia,MYS,1987,4
Malaysia,MYS,1988,3
Malaysia,MYS,1989,3
Malaysia,MYS,1990,2
Malaysia,MYS,1991,0
Mali,MLI,1980,800
Mali,MLI,1981,800
Mali,MLI,1982,800
Mali,MLI,1983,800
Mali,MLI,1984,800
Mali,MLI,1985,800
Mali,MLI,1986,800
Mali,MLI,1987,1000
Mali,MLI,1988,1200
Mali,MLI,1989,1200
Mali,MLI,1990,1500
Mali,MLI,1991,1395.23
Mali,MLI,1992,1448.82
Mali,MLI,1993,1700
Mali,MLI,1994,1613.25
Mali,MLI,1995,1800
Mali,MLI,1996,1759.63
Mali,MLI,1997,1834.58
Mali,MLI,1998,2000
Mali,MLI,1999,2003.55
Mali,MLI,2000,2074.92
Mali,MLI,2001,2100
Mali,MLI,2002,2257.85
Mali,MLI,2003,2372.59
Mali,MLI,2004,2500
Mali,MLI,2005,2124
Mali,MLI,2006,2004
Mali,MLI,2007,5188
Mali,MLI,2008,1937
Mali,MLI,2009,1874
Mali,MLI,2010,1871
Mali,MLI,2011,3048.56
Mali,MLI,2012,3387.18
Mali,MLI,2013,2580
Mali,MLI,2014,2175
Mali,MLI,2015,5261
Mali,MLI,2016,11769
Mali,MLI,2017,5801
Mali,MLI,2018,6693
Mali,MLI,2019,10440
Mali,MLI,2020,14685
Mali,MLI,2021,15904
Mali,MLI,2022,20070
Mali,MLI,2023,23726
Mali,MLI,2024,22813.58
Malta,MLT,2018,0
Malta,MLT,2019,0
Malta,MLT,2020,0
Malta,MLT,2021,0
Malta,MLT,2022,0
Malta,MLT,2023,0
Malta,MLT,2024,0
Mexico,MEX,1961,19737
Mexico,MEX,1962,56721
Mexico,MEX,1963,56258
Mexico,MEX,1964,60207
Mexico,MEX,1965,57875
Mexico,MEX,1966,94848
Mexico,MEX,1967,131023
Mexico,MEX,1968,275162
Mexico,MEX,1969,286710
Mexico,MEX,1970,214603
Mexico,MEX,1971,255878
Mexico,MEX,1972,376810
Mexico,MEX,1973,585474
Mexico,MEX,1974,491084
Mexico,MEX,1975,598694
Mexico,MEX,1976,302492
Mexico,MEX,1977,516275
Mexico,MEX,1978,333960
Mexico,MEX,1979,707142
Mexico,MEX,1980,322205
Mexico,MEX,1981,706697
Mexico,MEX,1982,649497
Mexico,MEX,1983,687595
Mexico,MEX,1984,684921
Mexico,MEX,1985,928616
Mexico,MEX,1986,708761
Mexico,MEX,1987,828362
Mexico,MEX,1988,226390
Mexico,MEX,1989,992391
Mexico,MEX,1990,575366
Mexico,MEX,1991,724969
Mexico,MEX,1992,593540
Mexico,MEX,1993,497566
Mexico,MEX,1994,522583
Mexico,MEX,1995,189774
Mexico,MEX,1996,56074
Mexico,MEX,1997,184526
Mexico,MEX,1998,150296
Mexico,MEX,1999,132824
Mexico,MEX,2000,102314
Mexico,MEX,2001,121671
Mexico,MEX,2002,86546
Mexico,MEX,2003,126006
Mexico,MEX,2004,133347
Mexico,MEX,2005,187235
Mexico,MEX,2006,81113
Mexico,MEX,2007,88371
Mexico,MEX,2008,153022
Mexico,MEX,2009,120900
Mexico,MEX,2010,167665
Mexico,MEX,2011,205234
Mexico,MEX,2012,247500
Mexico,MEX,2013,239248
Mexico,MEX,2014,387366.38
Mexico,MEX,2015,341088.2
Mexico,MEX,2016,509113.66
Mexico,MEX,2017,432927.47
Mexico,MEX,2018,324010.5
Mexico,MEX,2019,232679.9
Mexico,MEX,2020,246018.88
Mexico,MEX,2021,288202.56
Mexico,MEX,2022,175544.5
Mexico,MEX,2023,199162.6
Mexico,MEX,2024,265332.9
Middle Africa (FAO),,1961,1180
Middle Africa (FAO),,1962,1322
Middle Africa (FAO),,1963,1420
Middle Africa (FAO),,1964,2200
Middle Africa (FAO),,1965,2000
Middle Africa (FAO),,1966,2060
Middle Africa (FAO),,1967,2163
Middle Africa (FAO),,1968,2000
Middle Africa (FAO),,1969,1500
Middle Africa (FAO),,1970,1600
Middle Africa (FAO),,1971,1700
Middle Africa (FAO),,1972,1900
Middle Africa (FAO),,1973,1700
Middle Africa (FAO),,1974,1800
Middle Africa (FAO),,1975,1700
Middle Africa (FAO),,1976,1600
Middle Africa (FAO),,1977,6600
Middle Africa (FAO),,1978,7815
Middle Africa (FAO),,1979,7892
Middle Africa (FAO),,1980,8186
Middle Africa (FAO),,1981,8500
Middle Africa (FAO),,1982,9000
Middle Africa (FAO),,1983,5100
Middle Africa (FAO),,1984,5400
Middle Africa (FAO),,1985,6276
Middle Africa (FAO),,1986,11040
Middle Africa (FAO),,1987,11541
Middle Africa (FAO),,1988,14987
Middle Africa (FAO),,1989,16288
Middle Africa (FAO),,1990,18334
Middle Africa (FAO),,1991,18957
Middle Africa (FAO),,1992,20492
Middle Africa (FAO),,1993,22838
Middle Africa (FAO),,1994,23492
Middle Africa (FAO),,1995,24900
Middle Africa (FAO),,1996,18979
Middle Africa (FAO),,1997,19596
Middle Africa (FAO),,1998,16161
Middle Africa (FAO),,1999,18085
Middle Africa (FAO),,2000,20144
Middle Africa (FAO),,2001,21445.09
Middle Africa (FAO),,2002,23818.22
Middle Africa (FAO),,2003,24614.46
Middle Africa (FAO),,2004,25859
Middle Africa (FAO),,2005,26951.43
Middle Africa (FAO),,2006,28902.84
Middle Africa (FAO),,2007,33934.2
Middle Africa (FAO),,2008,42589.32
Middle Africa (FAO),,2009,38190.75
Middle Africa (FAO),,2010,40153.98
Middle Africa (FAO),,2011,43297
Middle Africa (FAO),,2012,41293
Middle Africa (FAO),,2013,49001
Middle Africa (FAO),,2014,51919.25
Middle Africa (FAO),,2015,61102.66
Middle Africa (FAO),,2016,82480.68
Middle Africa (FAO),,2017,119514.17
Middle Africa (FAO),,2018,123355.08
Middle Africa (FAO),,2019,131653.89
Middle Africa (FAO),,2020,160822.38
Middle Africa (FAO),,2021,185156.31
Middle Africa (FAO),,2022,165391.3
Middle Africa (FAO),,2023,183812.25
Middle Africa (FAO),,2024,195962.88
Moldova,MDA,1992,7932
Moldova,MDA,1993,9287
Moldova,MDA,1994,4000
Moldova,MDA,1995,3094
Moldova,MDA,1996,2462
Moldova,MDA,1997,2702
Moldova,MDA,1998,5951
Moldova,MDA,1999,13657
Moldova,MDA,2000,11644
Moldova,MDA,2001,9511
Moldova,MDA,2002,12574
Moldova,MDA,2003,19396
Moldova,MDA,2004,40206
Moldova,MDA,2005,65592
Moldova,MDA,2006,79773
Moldova,MDA,2007,39774
Moldova,MDA,2008,58146
Moldova,MDA,2009,49157
Moldova,MDA,2010,110647
Moldova,MDA,2011,78721
Moldova,MDA,2012,48227
Moldova,MDA,2013,65475
Moldova,MDA,2014,109258
Moldova,MDA,2015,47894
Moldova,MDA,2016,42125
Moldova,MDA,2017,46524
Moldova,MDA,2018,57684
Moldova,MDA,2019,64239
Moldova,MDA,2020,33360
Moldova,MDA,2021,50523
Moldova,MDA,2022,32354
Moldova,MDA,2023,38419
Moldova,MDA,2024,31555
Morocco,MAR,1961,0
Morocco,MAR,1962,0
Morocco,MAR,1963,0
Morocco,MAR,1964,0
Morocco,MAR,1965,0
Morocco,MAR,1966,0
Morocco,MAR,1967,0
Morocco,MAR,1968,0
Morocco,MAR,1969,0
Morocco,MAR,1970,0
Morocco,MAR,1971,0
Morocco,MAR,1972,0
Morocco,MAR,1973,0
Morocco,MAR,1974,0
Morocco,MAR,1975,0
Morocco,MAR,1976,0
Morocco,MAR,1977,0
Morocco,MAR,1978,0
Morocco,MAR,1979,0
Morocco,MAR,1980,0
Morocco,MAR,1981,500
Morocco,MAR,1982,300
Morocco,MAR,1983,500
Morocco,MAR,1984,800
Morocco,MAR,1985,1000
Morocco,MAR,1986,2000
Morocco,MAR,1987,4000
Morocco,MAR,1988,3000
Morocco,MAR,1989,0
Morocco,MAR,1990,8560
Morocco,MAR,1991,15000
Morocco,MAR,1992,4300
Morocco,MAR,1993,4000
Morocco,MAR,1994,4000
Morocco,MAR,1995,4010
Morocco,MAR,1996,2460
Morocco,MAR,1997,1000
Morocco,MAR,1998,800
Morocco,MAR,1999,1120
Morocco,MAR,2000,1200
Morocco,MAR,2001,1000
Morocco,MAR,2002,1000
Morocco,MAR,2003,1000
Morocco,MAR,2004,1000
Morocco,MAR,2005,1000
Morocco,MAR,2006,1000
Morocco,MAR,2007,1000
Morocco,MAR,2008,1000
Morocco,MAR,2009,1000
Morocco,MAR,2010,1000
Morocco,MAR,2011,1000
Morocco,MAR,2012,1000
Morocco,MAR,2013,1000
Morocco,MAR,2014,1000
Morocco,MAR,2015,1000
Morocco,MAR,2016,1000
Morocco,MAR,2017,1000
Morocco,MAR,2018,1000
Morocco,MAR,2019,1000
Morocco,MAR,2020,1000
Morocco,MAR,2021,1000
Morocco,MAR,2022,1000
Morocco,MAR,2023,1000
Morocco,MAR,2024,1000
Mozambique,MOZ,2016,55000
Mozambique,MOZ,2017,50000
Mozambique,MOZ,2018,55000
Mozambique,MOZ,2019,75000
Mozambique,MOZ,2020,115000
Mozambique,MOZ,2021,50000
Mozambique,MOZ,2022,130000
Mozambique,MOZ,2023,60000
Mozambique,MOZ,2024,70000
Myanmar,MMR,1961,1138
Myanmar,MMR,1962,10669
Myanmar,MMR,1963,11209
Myanmar,MMR,1964,7893
Myanmar,MMR,1965,7389
Myanmar,MMR,1966,9124
Myanmar,MMR,1967,8943
Myanmar,MMR,1968,10567
Myanmar,MMR,1969,10669
Myanmar,MMR,1970,12701
Myanmar,MMR,1971,12705
Myanmar,MMR,1972,12998
Myanmar,MMR,1973,13717
Myanmar,MMR,1974,11685
Myanmar,MMR,1975,13439
Myanmar,MMR,1976,12432
Myanmar,MMR,1977,16541
Myanmar,MMR,1978,15817
Myanmar,MMR,1979,15717
Myanmar,MMR,1980,15023
Myanmar,MMR,1981,17212
Myanmar,MMR,1982,19271
Myanmar,MMR,1983,20582
Myanmar,MMR,1984,22070
Myanmar,MMR,1985,23466
Myanmar,MMR,1986,22835
Myanmar,MMR,1987,27013
Myanmar,MMR,1988,27239
Myanmar,MMR,1989,26955
Myanmar,MMR,1990,25515
Myanmar,MMR,1991,26500
Myanmar,MMR,1992,29800
Myanmar,MMR,1993,33600
Myanmar,MMR,1994,48900
Myanmar,MMR,1995,64700
Myanmar,MMR,1996,61500
Myanmar,MMR,1997,73400
Myanmar,MMR,1998,83900
Myanmar,MMR,1999,97400
Myanmar,MMR,2000,108500
Myanmar,MMR,2001,118700
Myanmar,MMR,2002,122000
Myanmar,MMR,2003,146500
Myanmar,MMR,2004,157800
Myanmar,MMR,2005,185900
Myanmar,MMR,2006,200800
Myanmar,MMR,2007,213600
Myanmar,MMR,2008,240000
Myanmar,MMR,2009,253700
Myanmar,MMR,2010,254500
Myanmar,MMR,2011,161900
Myanmar,MMR,2012,162600
Myanmar,MMR,2013,160600
Myanmar,MMR,2014,156500
Myanmar,MMR,2015,154300
Myanmar,MMR,2016,149185
Myanmar,MMR,2017,145465
Myanmar,MMR,2018,143717.31
Myanmar,MMR,2019,141939
Myanmar,MMR,2020,135132
Myanmar,MMR,2021,133664
Myanmar,MMR,2022,135925
Myanmar,MMR,2023,135000
Myanmar,MMR,2024,140000
Nepal,NPL,1961,2000
Nepal,NPL,1962,2000
Nepal,NPL,1963,2000
Nepal,NPL,1964,2500
Nepal,NPL,1965,2500
Nepal,NPL,1966,2500
Nepal,NPL,1967,3000
Nepal,NPL,1968,3000
Nepal,NPL,1969,3500
Nepal,NPL,1970,3500
Nepal,NPL,1971,4000
Nepal,NPL,1972,4000
Nepal,NPL,1973,4500
Nepal,NPL,1974,4500
Nepal,NPL,1975,4500
Nepal,NPL,1976,4500
Nepal,NPL,1977,4500
Nepal,NPL,1978,5000
Nepal,NPL,1979,5000
Nepal,NPL,1980,5000
Nepal,NPL,1981,5000
Nepal,NPL,1982,5000
Nepal,NPL,1983,5000
Nepal,NPL,1984,6200
Nepal,NPL,1985,7300
Nepal,NPL,1986,8100
Nepal,NPL,1987,10100
Nepal,NPL,1988,11700
Nepal,NPL,1989,12700
Nepal,NPL,1990,12840
Nepal,NPL,1991,12730
Nepal,NPL,1992,11430
Nepal,NPL,1993,11750
Nepal,NPL,1994,11213
Nepal,NPL,1995,14090
Nepal,NPL,1996,13710
Nepal,NPL,1997,14420
Nepal,NPL,1998,15533
Nepal,NPL,1999,17820
Nepal,NPL,2000,16780
Nepal,NPL,2001,17470
Nepal,NPL,2002,18022
Nepal,NPL,2003,18681
Nepal,NPL,2004,19363
Nepal,NPL,2005,19820
Nepal,NPL,2006,20580
Nepal,NPL,2007,20961
Nepal,NPL,2008,21003
Nepal,NPL,2009,21456
Nepal,NPL,2010,22041
Nepal,NPL,2011,28318
Nepal,NPL,2012,28270
Nepal,NPL,2013,29221
Nepal,NPL,2014,28237.05
Nepal,NPL,2015,28319.36
Nepal,NPL,2016,28916.9
Nepal,NPL,2017,29061.48
Nepal,NPL,2018,27681
Nepal,NPL,2019,31567
Nepal,NPL,2020,34544
Nepal,NPL,2021,30648
Nepal,NPL,2022,35138
Nepal,NPL,2023,36671.61
Nepal,NPL,2024,28520
Net Food Importing Developing Countries (FAO),,1961,29603
Net Food Importing Developing Countries (FAO),,1962,40157
Net Food Importing Developing Countries (FAO),,1963,44759
Net Food Importing Developing Countries (FAO),,1964,38723
Net Food Importing Developing Countries (FAO),,1965,34244
Net Food Importing Developing Countries (FAO),,1966,38906
Net Food Importing Developing Countries (FAO),,1967,42266
Net Food Importing Developing Countries (FAO),,1968,44075
Net Food Importing Developing Countries (FAO),,1969,47212
Net Food Importing Developing Countries (FAO),,1970,49313
Net Food Importing Developing Countries (FAO),,1971,48096
Net Food Importing Developing Countries (FAO),,1972,56248
Net Food Importing Developing Countries (FAO),,1973,58261
Net Food Importing Developing Countries (FAO),,1974,56934
Net Food Importing Developing Countries (FAO),,1975,61474
Net Food Importing Developing Countries (FAO),,1976,73023
Net Food Importing Developing Countries (FAO),,1977,100624
Net Food Importing Developing Countries (FAO),,1978,154771
Net Food Importing Developing Countries (FAO),,1979,178663
Net Food Importing Developing Countries (FAO),,1980,169314
Net Food Importing Developing Countries (FAO),,1981,229138
Net Food Importing Developing Countries (FAO),,1982,277716
Net Food Importing Developing Countries (FAO),,1983,248533
Net Food Importing Developing Countries (FAO),,1984,232384
Net Food Importing Developing Countries (FAO),,1985,245419
Net Food Importing Developing Countries (FAO),,1986,240353
Net Food Importing Developing Countries (FAO),,1987,265458
Net Food Importing Developing Countries (FAO),,1988,281934
Net Food Importing Developing Countries (FAO),,1989,265861
Net Food Importing Developing Countries (FAO),,1990,327770
Net Food Importing Developing Countries (FAO),,1991,383094.84
Net Food Importing Developing Countries (FAO),,1992,310533.84
Net Food Importing Developing Countries (FAO),,1993,303384.8
Net Food Importing Developing Countries (FAO),,1994,322568
Net Food Importing Developing Countries (FAO),,1995,342628.62
Net Food Importing Developing Countries (FAO),,1996,334632.94
Net Food Importing Developing Countries (FAO),,1997,368836.25
Net Food Importing Developing Countries (FAO),,1998,350652.9
Net Food Importing Developing Countries (FAO),,1999,366471.5
Net Food Importing Developing Countries (FAO),,2000,396517.25
Net Food Importing Developing Countries (FAO),,2001,395809.38
Net Food Importing Developing Countries (FAO),,2002,447754.62
Net Food Importing Developing Countries (FAO),,2003,582266.06
Net Food Importing Developing Countries (FAO),,2004,640106.8
Net Food Importing Developing Countries (FAO),,2005,866657.7
Net Food Importing Developing Countries (FAO),,2006,825255.7
Net Food Importing Developing Countries (FAO),,2007,932916.3
Net Food Importing Developing Countries (FAO),,2008,849578.06
Net Food Importing Developing Countries (FAO),,2009,992511.94
Net Food Importing Developing Countries (FAO),,2010,1045861.25
Net Food Importing Developing Countries (FAO),,2011,930234.75
Net Food Importing Developing Countries (FAO),,2012,1033597.06
Net Food Importing Developing Countries (FAO),,2013,1136345.5
Net Food Importing Developing Countries (FAO),,2014,1163348.1
Net Food Importing Developing Countries (FAO),,2015,1237393.4
Net Food Importing Developing Countries (FAO),,2016,1366323.6
Net Food Importing Developing Countries (FAO),,2017,1623316.5
Net Food Importing Developing Countries (FAO),,2018,1824947.5
Net Food Importing Developing Countries (FAO),,2019,1885661.9
Net Food Importing Developing Countries (FAO),,2020,2089047.9
Net Food Importing Developing Countries (FAO),,2021,2330238.5
Net Food Importing Developing Countries (FAO),,2022,2660455.2
Net Food Importing Developing Countries (FAO),,2023,3124966.5
Net Food Importing Developing Countries (FAO),,2024,2673726
New Zealand,NZL,1961,0
New Zealand,NZL,1962,0
New Zealand,NZL,1963,0
New Zealand,NZL,1964,0
New Zealand,NZL,1965,0
New Zealand,NZL,1966,0
New Zealand,NZL,1967,0
New Zealand,NZL,1968,0
New Zealand,NZL,1969,0
New Zealand,NZL,1970,0
New Zealand,NZL,1971,0
New Zealand,NZL,1972,0
New Zealand,NZL,1973,0
New Zealand,NZL,1974,1048
New Zealand,NZL,1975,360
New Zealand,NZL,1976,150
New Zealand,NZL,1977,150
New Zealand,NZL,1978,60
New Zealand,NZL,1979,150
New Zealand,NZL,1980,150
New Zealand,NZL,1981,300
New Zealand,NZL,1982,160
New Zealand,NZL,1983,180
New Zealand,NZL,1984,140
New Zealand,NZL,1985,70
New Zealand,NZL,1986,70
New Zealand,NZL,1987,0
New Zealand,NZL,1988,0
New Zealand,NZL,1989,0
New Zealand,NZL,1990,0
New Zealand,NZL,1991,0
New Zealand,NZL,1992,0
Nicaragua,NIC,1961,0
Nicaragua,NIC,1962,0
Nicaragua,NIC,1963,0
Nicaragua,NIC,1964,0
Nicaragua,NIC,1965,0
Nicaragua,NIC,1966,0
Nicaragua,NIC,1967,0
Nicaragua,NIC,1968,0
Nicaragua,NIC,1969,0
Nicaragua,NIC,1970,0
Nicaragua,NIC,1971,0
Nicaragua,NIC,1972,0
Nicaragua,NIC,1973,0
Nicaragua,NIC,1974,0
Nicaragua,NIC,1975,1100
Nicaragua,NIC,1976,1100
Nicaragua,NIC,1977,1000
Nicaragua,NIC,1978,1000
Nicaragua,NIC,1979,1000
Nicaragua,NIC,1980,1000
Nicaragua,NIC,1981,2000
Nicaragua,NIC,1982,3000
Nicaragua,NIC,1983,5000
Nicaragua,NIC,1984,6000
Nicaragua,NIC,1985,8000
Nicaragua,NIC,1986,9200
Nicaragua,NIC,1987,11800
Nicaragua,NIC,1988,17000
Nicaragua,NIC,1989,15910
Nicaragua,NIC,1990,11500
Nicaragua,NIC,1991,8979
Nicaragua,NIC,1992,5190
Nicaragua,NIC,1993,10400
Nicaragua,NIC,1994,18098
Nicaragua,NIC,1995,20545
Nicaragua,NIC,1996,21791
Nicaragua,NIC,1997,29005
Nicaragua,NIC,1998,27052
Nicaragua,NIC,1999,19700
Nicaragua,NIC,2000,6427
Nicaragua,NIC,2001,4158
Nicaragua,NIC,2002,4520
Nicaragua,NIC,2003,7273
Nicaragua,NIC,2004,7855
Nicaragua,NIC,2005,5621
Nicaragua,NIC,2006,2276
Nicaragua,NIC,2007,2072
Nicaragua,NIC,2008,3203
Nicaragua,NIC,2009,2300
Nicaragua,NIC,2010,4035.45
Nicaragua,NIC,2011,4945.45
Nicaragua,NIC,2012,7137
Nicaragua,NIC,2013,7095.39
Nicaragua,NIC,2014,2831.06
Nicaragua,NIC,2015,5692.59
Nicaragua,NIC,2016,5692.59
Nicaragua,NIC,2017,5692.59
Nicaragua,NIC,2018,5693
Nicaragua,NIC,2019,10000
Nicaragua,NIC,2020,10000
Nicaragua,NIC,2021,10000
Nicaragua,NIC,2022,10000
Nicaragua,NIC,2023,10000
Nigeria,NGA,1961,57000
Nigeria,NGA,1962,69000
Nigeria,NGA,1963,70000
Nigeria,NGA,1964,59000
Nigeria,NGA,1965,56000
Nigeria,NGA,1966,60000
Nigeria,NGA,1967,60000
Nigeria,NGA,1968,65000
Nigeria,NGA,1969,62000
Nigeria,NGA,1970,58000
Nigeria,NGA,1971,63000
Nigeria,NGA,1972,63000
Nigeria,NGA,1973,64000
Nigeria,NGA,1974,65000
Nigeria,NGA,1975,65000
Nigeria,NGA,1976,70000
Nigeria,NGA,1977,70000
Nigeria,NGA,1978,72000
Nigeria,NGA,1979,73000
Nigeria,NGA,1980,75000
Nigeria,NGA,1981,78000
Nigeria,NGA,1982,82000
Nigeria,NGA,1983,42000
Nigeria,NGA,1984,43000
Nigeria,NGA,1985,60000
Nigeria,NGA,1986,68000
Nigeria,NGA,1987,107000
Nigeria,NGA,1988,150000
Nigeria,NGA,1989,300000
Nigeria,NGA,1990,218000
Nigeria,NGA,1991,145000
Nigeria,NGA,1992,154000
Nigeria,NGA,1993,163000
Nigeria,NGA,1994,178000
Nigeria,NGA,1995,287000
Nigeria,NGA,1996,322000
Nigeria,NGA,1997,361000
Nigeria,NGA,1998,405000
Nigeria,NGA,1999,410000
Nigeria,NGA,2000,429000
Nigeria,NGA,2001,436000
Nigeria,NGA,2002,464000
Nigeria,NGA,2003,494000
Nigeria,NGA,2004,528000
Nigeria,NGA,2005,565000
Nigeria,NGA,2006,605000
Nigeria,NGA,2007,580000
Nigeria,NGA,2008,591000
Nigeria,NGA,2009,426590
Nigeria,NGA,2010,365080
Nigeria,NGA,2011,492852
Nigeria,NGA,2012,650000
Nigeria,NGA,2013,517960
Nigeria,NGA,2014,623815
Nigeria,NGA,2015,588523
Nigeria,NGA,2016,936887
Nigeria,NGA,2017,993955
Nigeria,NGA,2018,1053560
Nigeria,NGA,2019,1048510
Nigeria,NGA,2020,1262280
Nigeria,NGA,2021,1166050
Nigeria,NGA,2022,1320000
Nigeria,NGA,2023,1500000
Nigeria,NGA,2024,1150000
North America,OWID_NAM,1961,18668530
North America,OWID_NAM,1962,18449546
North America,OWID_NAM,1963,19220392
North America,OWID_NAM,1964,19326066
North America,OWID_NAM,1965,23290420
North America,OWID_NAM,1966,25610120
North America,OWID_NAM,1967,26925996
North America,OWID_NAM,1968,30647816
North America,OWID_NAM,1969,31334408
North America,OWID_NAM,1970,31172512
North America,OWID_NAM,1971,32544456
North America,OWID_NAM,1972,35332576
North America,OWID_NAM,1973,43100096
North America,OWID_NAM,1974,33873750
North America,OWID_NAM,1975,43106520
North America,OWID_NAM,1976,35625532
North America,OWID_NAM,1977,49196052
North America,OWID_NAM,1978,51711440
North America,OWID_NAM,1979,62892344
North America,OWID_NAM,1980,49936108
North America,OWID_NAM,1981,55752396
North America,OWID_NAM,1982,61113452
North America,OWID_NAM,1983,45950760
North America,OWID_NAM,1984,52261450
North America,OWID_NAM,1985,59083492
North America,OWID_NAM,1986,54553230
North America,OWID_NAM,1987,54874344
North America,OWID_NAM,1988,43578110
North America,OWID_NAM,1989,54610030
North America,OWID_NAM,1990,54309784
North America,OWID_NAM,1991,56306536
North America,OWID_NAM,1992,61715060
North America,OWID_NAM,1993,53387336
North America,OWID_NAM,1994,71281450
North America,OWID_NAM,1995,61730260
North America,OWID_NAM,1996,67082224
North America,OWID_NAM,1997,76185410
North America,OWID_NAM,1998,77548840
North America,OWID_NAM,1999,75193540
North America,OWID_NAM,2000,77903060
North America,OWID_NAM,2001,80469290
North America,OWID_NAM,2002,77477370
North America,OWID_NAM,2003,69229940
North America,OWID_NAM,2004,88240740
North America,OWID_NAM,2005,86895544
North America,OWID_NAM,2006,90590290
North America,OWID_NAM,2007,75676580
North America,OWID_NAM,2008,84281144
North America,OWID_NAM,2009,95217120
North America,OWID_NAM,2010,95330616
North America,OWID_NAM,2011,89011740
North America,OWID_NAM,2012,88176344
North America,OWID_NAM,2013,97040184
North America,OWID_NAM,2014,113362000
North America,OWID_NAM,2015,113807590
North America,OWID_NAM,2016,124095944
North America,OWID_NAM,2017,128278850
North America,OWID_NAM,2018,128318030
North America,OWID_NAM,2019,103109240
North America,OWID_NAM,2020,121425900
North America,OWID_NAM,2021,128093770
North America,OWID_NAM,2022,123028240
North America,OWID_NAM,2023,120543110
North America,OWID_NAM,2024,126749860
North Korea,PRK,1961,170000
North Korea,PRK,1962,175000
North Korea,PRK,1963,180000
North Korea,PRK,1964,190000
North Korea,PRK,1965,200000
North Korea,PRK,1966,210000
North Korea,PRK,1967,225000
North Korea,PRK,1968,240000
North Korea,PRK,1969,245000
North Korea,PRK,1970,255000
North Korea,PRK,1971,265000
North Korea,PRK,1972,263000
North Korea,PRK,1973,230000
North Korea,PRK,1974,280000
North Korea,PRK,1975,290000
North Korea,PRK,1976,300000
North Korea,PRK,1977,310000
North Korea,PRK,1978,320000
North Korea,PRK,1979,330000
North Korea,PRK,1980,340000
North Korea,PRK,1981,350000
North Korea,PRK,1982,360000
North Korea,PRK,1983,380000
North Korea,PRK,1984,440000
North Korea,PRK,1985,425000
North Korea,PRK,1986,432000
North Korea,PRK,1987,445000
North Korea,PRK,1988,448000
North Korea,PRK,1989,420000
North Korea,PRK,1990,455000
North Korea,PRK,1991,440000
North Korea,PRK,1992,400000
North Korea,PRK,1993,380000
North Korea,PRK,1994,400000
North Korea,PRK,1995,390000
North Korea,PRK,1996,400000
North Korea,PRK,1997,360000
North Korea,PRK,1998,340000
North Korea,PRK,1999,340000
North Korea,PRK,2000,350000
North Korea,PRK,2001,343000
North Korea,PRK,2002,350000
North Korea,PRK,2003,352000
North Korea,PRK,2004,350000
North Korea,PRK,2005,340000
North Korea,PRK,2006,345000
North Korea,PRK,2007,345000
North Korea,PRK,2008,350000
North Korea,PRK,2009,350000
North Korea,PRK,2010,350000
North Korea,PRK,2011,350000
North Korea,PRK,2012,350000
North Korea,PRK,2013,350000
North Korea,PRK,2014,350000
North Korea,PRK,2015,350000
North Korea,PRK,2016,282000
North Korea,PRK,2017,223325
North Korea,PRK,2018,135279.7
North Korea,PRK,2019,263919.5
North Korea,PRK,2020,229892.3
North Korea,PRK,2021,190000
North Korea,PRK,2022,180000
North Korea,PRK,2023,180000
North Korea,PRK,2024,180000
North Macedonia,MKD,2001,100
North Macedonia,MKD,2002,0
North Macedonia,MKD,2003,0
North Macedonia,MKD,2004,400
North Macedonia,MKD,2005,400
North Macedonia,MKD,2006,900
North Macedonia,MKD,2007,400
North Macedonia,MKD,2008,200
North Macedonia,MKD,2009,192
North Macedonia,MKD,2010,699
North Macedonia,MKD,2011,840
North Macedonia,MKD,2012,717
North Macedonia,MKD,2013,237
North Macedonia,MKD,2014,149
North Macedonia,MKD,2015,25
North Macedonia,MKD,2016,1
North Macedonia,MKD,2017,34
North Macedonia,MKD,2018,63.55
North Macedonia,MKD,2019,78.95
North Macedonia,MKD,2020,50
North Macedonia,MKD,2021,50
North Macedonia,MKD,2022,57.18
North Macedonia,MKD,2023,62.53
North Macedonia,MKD,2024,55.29
Northern Africa (FAO),,1961,0
Northern Africa (FAO),,1962,0
Northern Africa (FAO),,1963,0
Northern Africa (FAO),,1964,0
Northern Africa (FAO),,1965,0
Northern Africa (FAO),,1966,0
Northern Africa (FAO),,1967,0
Northern Africa (FAO),,1968,0
Northern Africa (FAO),,1969,0
Northern Africa (FAO),,1970,0
Northern Africa (FAO),,1971,0
Northern Africa (FAO),,1972,1355
Northern Africa (FAO),,1973,2498
Northern Africa (FAO),,1974,2063
Northern Africa (FAO),,1975,4808
Northern Africa (FAO),,1976,11407
Northern Africa (FAO),,1977,26498
Northern Africa (FAO),,1978,78897
Northern Africa (FAO),,1979,106033
Northern Africa (FAO),,1980,92377
Northern Africa (FAO),,1981,130860
Northern Africa (FAO),,1982,178300
Northern Africa (FAO),,1983,162500
Northern Africa (FAO),,1984,143800
Northern Africa (FAO),,1985,141000
Northern Africa (FAO),,1986,135400
Northern Africa (FAO),,1987,138000
Northern Africa (FAO),,1988,132011
Northern Africa (FAO),,1989,91415
Northern Africa (FAO),,1990,115250
Northern Africa (FAO),,1991,135038
Northern Africa (FAO),,1992,63243
Northern Africa (FAO),,1993,54475
Northern Africa (FAO),,1994,71245
Northern Africa (FAO),,1995,67437
Northern Africa (FAO),,1996,42178
Northern Africa (FAO),,1997,35727
Northern Africa (FAO),,1998,48552
Northern Africa (FAO),,1999,20012
Northern Africa (FAO),,2000,11718
Northern Africa (FAO),,2001,15885
Northern Africa (FAO),,2002,18691
Northern Africa (FAO),,2003,29681
Northern Africa (FAO),,2004,44425
Northern Africa (FAO),,2005,52000
Northern Africa (FAO),,2006,24020
Northern Africa (FAO),,2007,26607
Northern Africa (FAO),,2008,30169
Northern Africa (FAO),,2009,23436
Northern Africa (FAO),,2010,44342
Northern Africa (FAO),,2011,30785
Northern Africa (FAO),,2012,27000
Northern Africa (FAO),,2013,33757
Northern Africa (FAO),,2014,40872
Northern Africa (FAO),,2015,47843
Northern Africa (FAO),,2016,46165
Northern Africa (FAO),,2017,37388
Northern Africa (FAO),,2018,47997
Northern Africa (FAO),,2019,37260
Northern Africa (FAO),,2020,37420
Northern Africa (FAO),,2021,63586
Northern Africa (FAO),,2022,117681
Northern Africa (FAO),,2023,189158
Northern Africa (FAO),,2024,76000
Northern America (FAO),,1961,18648444
Northern America (FAO),,1962,18392824
Northern America (FAO),,1963,19164134
Northern America (FAO),,1964,19265860
Northern America (FAO),,1965,23232544
Northern America (FAO),,1966,25515272
Northern America (FAO),,1967,26794972
Northern America (FAO),,1968,30372656
Northern America (FAO),,1969,31047568
Northern America (FAO),,1970,30957780
Northern America (FAO),,1971,32288440
Northern America (FAO),,1972,34955628
Northern America (FAO),,1973,42514470
Northern America (FAO),,1974,33382516
Northern America (FAO),,1975,42506544
Northern America (FAO),,1976,35321396
Northern America (FAO),,1977,48677936
Northern America (FAO),,1978,51375580
Northern America (FAO),,1979,62183304
Northern America (FAO),,1980,49611904
Northern America (FAO),,1981,55042800
Northern America (FAO),,1982,60459104
Northern America (FAO),,1983,45253400
Northern America (FAO),,1984,51565000
Northern America (FAO),,1985,58140000
Northern America (FAO),,1986,53827800
Northern America (FAO),,1987,54006708
Northern America (FAO),,1988,43305610
Northern America (FAO),,1989,53568700
Northern America (FAO),,1990,53678000
Northern America (FAO),,1991,55524730
Northern America (FAO),,1992,61066970
Northern America (FAO),,1993,52830290
Northern America (FAO),,1994,70697220
Northern America (FAO),,1995,61471000
Northern America (FAO),,1996,66950440
Northern America (FAO),,1997,75913480
Northern America (FAO),,1998,77334780
Northern America (FAO),,1999,75004360
Northern America (FAO),,2000,77758290
Northern America (FAO),,2001,80306670
Northern America (FAO),,2002,77345730
Northern America (FAO),,2003,69056020
Northern America (FAO),,2004,88059530
Northern America (FAO),,2005,86662180
Northern America (FAO),,2006,90466120
Northern America (FAO),,2007,75545380
Northern America (FAO),,2008,84084600
Northern America (FAO),,2009,95051150
Northern America (FAO),,2010,95107890
Northern America (FAO),,2011,88757900
Northern America (FAO),,2012,87877270
Northern America (FAO),,2013,96745250
Northern America (FAO),,2014,112922670
Northern America (FAO),,2015,113410240
Northern America (FAO),,2016,123528000
Northern America (FAO),,2017,127781570
Northern America (FAO),,2018,127931090
Northern America (FAO),,2019,102812090
Northern America (FAO),,2020,121107440
Northern America (FAO),,2021,127727630
Northern America (FAO),,2022,122763880
Northern America (FAO),,2023,120253150
Northern America (FAO),,2024,126404456
Northern Europe (FAO),,1992,0
Northern Europe (FAO),,1993,0
Northern Europe (FAO),,1994,0
Northern Europe (FAO),,1995,0
Northern Europe (FAO),,1996,0
Northern Europe (FAO),,1997,0
Northern Europe (FAO),,2018,3450
Northern Europe (FAO),,2019,2310
Northern Europe (FAO),,2020,2560
Northern Europe (FAO),,2021,2230
Northern Europe (FAO),,2022,2290
Northern Europe (FAO),,2023,1710
Northern Europe (FAO),,2024,2040
Oceania,OWID_OCE,1961,200
Oceania,OWID_OCE,1962,260
Oceania,OWID_OCE,1963,599
Oceania,OWID_OCE,1964,748
Oceania,OWID_OCE,1965,1112
Oceania,OWID_OCE,1966,770
Oceania,OWID_OCE,1967,775
Oceania,OWID_OCE,1968,887
Oceania,OWID_OCE,1969,1740
Oceania,OWID_OCE,1970,5028
Oceania,OWID_OCE,1971,9207
Oceania,OWID_OCE,1972,33629
Oceania,OWID_OCE,1973,37937
Oceania,OWID_OCE,1974,63589
Oceania,OWID_OCE,1975,74083
Oceania,OWID_OCE,1976,44757
Oceania,OWID_OCE,1977,55396
Oceania,OWID_OCE,1978,76560
Oceania,OWID_OCE,1979,98872
Oceania,OWID_OCE,1980,82112
Oceania,OWID_OCE,1981,73481
Oceania,OWID_OCE,1982,77249
Oceania,OWID_OCE,1983,53397
Oceania,OWID_OCE,1984,88775
Oceania,OWID_OCE,1985,109910
Oceania,OWID_OCE,1986,105304
Oceania,OWID_OCE,1987,89800
Oceania,OWID_OCE,1988,68952
Oceania,OWID_OCE,1989,129511
Oceania,OWID_OCE,1990,77413
Oceania,OWID_OCE,1991,62016
Oceania,OWID_OCE,1992,62600
Oceania,OWID_OCE,1993,48889
Oceania,OWID_OCE,1994,81263
Oceania,OWID_OCE,1995,27247
Oceania,OWID_OCE,1996,44606
Oceania,OWID_OCE,1997,74000
Oceania,OWID_OCE,1998,54000
Oceania,OWID_OCE,1999,108800
Oceania,OWID_OCE,2000,104800
Oceania,OWID_OCE,2001,48649
Oceania,OWID_OCE,2002,63061
Oceania,OWID_OCE,2003,9212
Oceania,OWID_OCE,2004,59807
Oceania,OWID_OCE,2005,44689
Oceania,OWID_OCE,2006,50149
Oceania,OWID_OCE,2007,25907
Oceania,OWID_OCE,2008,34700
Oceania,OWID_OCE,2009,80105
Oceania,OWID_OCE,2010,59600
Oceania,OWID_OCE,2011,29750
Oceania,OWID_OCE,2012,86100
Oceania,OWID_OCE,2013,91800
Oceania,OWID_OCE,2014,31949
Oceania,OWID_OCE,2015,37439
Oceania,OWID_OCE,2016,29403
Oceania,OWID_OCE,2017,31335
Oceania,OWID_OCE,2018,28926
Oceania,OWID_OCE,2019,15161
Oceania,OWID_OCE,2020,17351
Oceania,OWID_OCE,2021,40245
Oceania,OWID_OCE,2022,57218
Oceania,OWID_OCE,2023,52015
Oceania,OWID_OCE,2024,65311.47
Oceania (FAO),,1961,200
Oceania (FAO),,1962,260
Oceania (FAO),,1963,599
Oceania (FAO),,1964,748
Oceania (FAO),,1965,1112
Oceania (FAO),,1966,770
Oceania (FAO),,1967,775
Oceania (FAO),,1968,887
Oceania (FAO),,1969,1740
Oceania (FAO),,1970,5028
Oceania (FAO),,1971,9207
Oceania (FAO),,1972,33629
Oceania (FAO),,1973,37937
Oceania (FAO),,1974,63589
Oceania (FAO),,1975,74083
Oceania (FAO),,1976,44757
Oceania (FAO),,1977,55396
Oceania (FAO),,1978,76560
Oceania (FAO),,1979,98872
Oceania (FAO),,1980,82112
Oceania (FAO),,1981,73481
Oceania (FAO),,1982,77249
Oceania (FAO),,1983,53397
Oceania (FAO),,1984,88775
Oceania (FAO),,1985,109910
Oceania (FAO),,1986,105304
Oceania (FAO),,1987,89800
Oceania (FAO),,1988,68952
Oceania (FAO),,1989,129511
Oceania (FAO),,1990,77413
Oceania (FAO),,1991,62016
Oceania (FAO),,1992,62600
Oceania (FAO),,1993,48889
Oceania (FAO),,1994,81263
Oceania (FAO),,1995,27247
Oceania (FAO),,1996,44606
Oceania (FAO),,1997,74000
Oceania (FAO),,1998,54000
Oceania (FAO),,1999,108800
Oceania (FAO),,2000,104800
Oceania (FAO),,2001,48649
Oceania (FAO),,2002,63061
Oceania (FAO),,2003,9212
Oceania (FAO),,2004,59807
Oceania (FAO),,2005,44689
Oceania (FAO),,2006,50149
Oceania (FAO),,2007,25907
Oceania (FAO),,2008,34700
Oceania (FAO),,2009,80105
Oceania (FAO),,2010,59600
Oceania (FAO),,2011,29750
Oceania (FAO),,2012,86100
Oceania (FAO),,2013,91800
Oceania (FAO),,2014,31949
Oceania (FAO),,2015,37439
Oceania (FAO),,2016,29403
Oceania (FAO),,2017,31335
Oceania (FAO),,2018,28926
Oceania (FAO),,2019,15161
Oceania (FAO),,2020,17351
Oceania (FAO),,2021,40245
Oceania (FAO),,2022,57218
Oceania (FAO),,2023,52015
Oceania (FAO),,2024,65311.47
Pakistan,PAK,1961,450
Pakistan,PAK,1962,450
Pakistan,PAK,1963,450
Pakistan,PAK,1964,500
Pakistan,PAK,1965,550
Pakistan,PAK,1966,550
Pakistan,PAK,1967,650
Pakistan,PAK,1968,750
Pakistan,PAK,1969,850
Pakistan,PAK,1970,900
Pakistan,PAK,1971,927
Pakistan,PAK,1972,932
Pakistan,PAK,1973,1159
Pakistan,PAK,1974,1002
Pakistan,PAK,1975,443
Pakistan,PAK,1976,403
Pakistan,PAK,1977,615
Pakistan,PAK,1978,1290
Pakistan,PAK,1979,1755
Pakistan,PAK,1980,1326
Pakistan,PAK,1981,1342
Pakistan,PAK,1982,1535
Pakistan,PAK,1983,1350
Pakistan,PAK,1984,1571
Pakistan,PAK,1985,1602
Pakistan,PAK,1986,2585
Pakistan,PAK,1987,3775
Pakistan,PAK,1988,1526
Pakistan,PAK,1989,1169
Pakistan,PAK,1990,849
Pakistan,PAK,1991,946
Pakistan,PAK,1992,1327
Pakistan,PAK,1993,2373
Pakistan,PAK,1994,5298
Pakistan,PAK,1995,7228
Pakistan,PAK,1996,2694
Pakistan,PAK,1997,7311
Pakistan,PAK,1998,8229
Pakistan,PAK,1999,1544
Pakistan,PAK,2000,1537
Pakistan,PAK,2001,1404
Pakistan,PAK,2002,1266
Pakistan,PAK,2003,351
Pakistan,PAK,2004,371
Pakistan,PAK,2005,264
Pakistan,PAK,2006,421
Pakistan,PAK,2007,32
Pakistan,PAK,2008,29
Pakistan,PAK,2009,31
Pakistan,PAK,2010,51
Pakistan,PAK,2011,89
Pakistan,PAK,2012,64
Pakistan,PAK,2013,65
Pakistan,PAK,2014,63
Pakistan,PAK,2015,22
Pakistan,PAK,2016,40
Pakistan,PAK,2017,19
Pakistan,PAK,2018,28
Pakistan,PAK,2019,15
Pakistan,PAK,2020,201
Pakistan,PAK,2021,48
Pakistan,PAK,2022,9
Pakistan,PAK,2023,7
Pakistan,PAK,2024,3
Panama,PAN,1961,0
Panama,PAN,1962,0
Panama,PAN,1963,0
Panama,PAN,1964,0
Panama,PAN,1965,0
Panama,PAN,1966,0
Panama,PAN,1967,0
Panama,PAN,1968,0
Panama,PAN,1969,0
Panama,PAN,1970,0
Panama,PAN,1971,0
Panama,PAN,1972,0
Panama,PAN,1973,0
Panama,PAN,1974,0
Panama,PAN,1975,0
Panama,PAN,1976,0
Panama,PAN,1977,0
Panama,PAN,1978,0
Panama,PAN,1979,0
Panama,PAN,1980,0
Panama,PAN,1981,0
Panama,PAN,1982,0
Panama,PAN,1983,0
Panama,PAN,1984,0
Panama,PAN,1985,0
Panama,PAN,1986,0
Panama,PAN,1987,0
Panama,PAN,1988,0
Panama,PAN,1989,0
Panama,PAN,1990,0
Panama,PAN,1991,68
Panama,PAN,1992,100
Panama,PAN,1993,110.97
Panama,PAN,1994,113.85
Panama,PAN,1995,112.31
Panama,PAN,1996,110
Panama,PAN,1997,103.53
Panama,PAN,1998,100
Panama,PAN,1999,96.48
Panama,PAN,2000,94.49
Panama,PAN,2001,93.36
Panama,PAN,2002,92.79
Panama,PAN,2003,93.67
Panama,PAN,2004,94.59
Panama,PAN,2005,95.82
Panama,PAN,2006,97.32
Panama,PAN,2007,98.95
Panama,PAN,2008,100.61
Panama,PAN,2009,102.17
Panama,PAN,2010,103.51
Panama,PAN,2011,104.51
Panama,PAN,2012,105
Panama,PAN,2013,105
Panama,PAN,2014,102.8
Panama,PAN,2015,96.56
Panama,PAN,2016,101.45
Panama,PAN,2017,100.27
Panama,PAN,2018,95.31
Panama,PAN,2019,99.01
Panama,PAN,2020,100.42
Panama,PAN,2021,93.85
Panama,PAN,2022,97.76
Panama,PAN,2023,97.34
Panama,PAN,2024,96.32
Paraguay,PRY,1961,2100
Paraguay,PRY,1962,2900
Paraguay,PRY,1963,8267
Paraguay,PRY,1964,19098
Paraguay,PRY,1965,21654
Paraguay,PRY,1966,21555
Paraguay,PRY,1967,18411
Paraguay,PRY,1968,28508
Paraguay,PRY,1969,34177
Paraguay,PRY,1970,41293
Paraguay,PRY,1971,75300
Paraguay,PRY,1972,97100
Paraguay,PRY,1973,122541
Paraguay,PRY,1974,181262
Paraguay,PRY,1975,220086
Paraguay,PRY,1976,283547
Paraguay,PRY,1977,376859
Paraguay,PRY,1978,333130
Paraguay,PRY,1979,549200
Paraguay,PRY,1980,537300
Paraguay,PRY,1981,761200
Paraguay,PRY,1982,756600
Paraguay,PRY,1983,849733
Paraguay,PRY,1984,975404
Paraguay,PRY,1985,1172467
Paraguay,PRY,1986,810000
Paraguay,PRY,1987,1310000
Paraguay,PRY,1988,1407362
Paraguay,PRY,1989,1614573
Paraguay,PRY,1990,1794618
Paraguay,PRY,1991,1032676
Paraguay,PRY,1992,1192074
Paraguay,PRY,1993,1793544
Paraguay,PRY,1994,1795792
Paraguay,PRY,1995,2212109
Paraguay,PRY,1996,2394794
Paraguay,PRY,1997,2670003
Paraguay,PRY,1998,2855742
Paraguay,PRY,1999,3053005
Paraguay,PRY,2000,2980058
Paraguay,PRY,2001,3511050
Paraguay,PRY,2002,3300000
Paraguay,PRY,2003,4204865
Paraguay,PRY,2004,3583680
Paraguay,PRY,2005,3988000
Paraguay,PRY,2006,3800000
Paraguay,PRY,2007,6000000
Paraguay,PRY,2008,6311794
Paraguay,PRY,2009,3855000
Paraguay,PRY,2010,7460435
Paraguay,PRY,2011,8309793
Paraguay,PRY,2012,4344960
Paraguay,PRY,2013,9086000
Paraguay,PRY,2014,9975000
Paraguay,PRY,2015,8856302
Paraguay,PRY,2016,9163030
Paraguay,PRY,2017,10478000
Paraguay,PRY,2018,11045971
Paraguay,PRY,2019,8520350
Paraguay,PRY,2020,11024460
Paraguay,PRY,2021,10537080
Paraguay,PRY,2022,5219684
Paraguay,PRY,2023,10197050
Paraguay,PRY,2024,11100256
Peru,PER,1961,1000
Peru,PER,1962,1000
Peru,PER,1963,1000
Peru,PER,1964,1000
Peru,PER,1965,575
Peru,PER,1966,899
Peru,PER,1967,1006
Peru,PER,1968,282
Peru,PER,1969,151
Peru,PER,1970,399
Peru,PER,1971,817
Peru,PER,1972,607
Peru,PER,1973,938
Peru,PER,1974,1793
Peru,PER,1975,1473
Peru,PER,1976,2869
Peru,PER,1977,3026
Peru,PER,1978,4950
Peru,PER,1979,7299
Peru,PER,1980,10739
Peru,PER,1981,14560
Peru,PER,1982,8122
Peru,PER,1983,2399
Peru,PER,1984,1826
Peru,PER,1985,2115
Peru,PER,1986,3929
Peru,PER,1987,11681
Peru,PER,1988,5992
Peru,PER,1989,2770
Peru,PER,1990,2547
Peru,PER,1991,675
Peru,PER,1992,304
Peru,PER,1993,963
Peru,PER,1994,815
Peru,PER,1995,1358
Peru,PER,1996,2208
Peru,PER,1997,7270
Peru,PER,1998,2866
Peru,PER,1999,2819
Peru,PER,2000,3128
Peru,PER,2001,2687
Peru,PER,2002,1914
Peru,PER,2003,1929
Peru,PER,2004,2697
Peru,PER,2005,2059
Peru,PER,2006,3733
Peru,PER,2007,2683
Peru,PER,2008,3378
Peru,PER,2009,3441
Peru,PER,2010,2534
Peru,PER,2011,2994
Peru,PER,2012,2251
Peru,PER,2013,2709
Peru,PER,2014,2119
Peru,PER,2015,1911
Peru,PER,2016,1371.22
Peru,PER,2017,1581
Peru,PER,2018,1529.54
Peru,PER,2019,1475.27
Peru,PER,2020,1533.76
Peru,PER,2021,1683.49
Peru,PER,2022,1685.54
Peru,PER,2023,2722.43
Peru,PER,2024,2230.3
Philippines,PHL,1961,2070
Philippines,PHL,1962,1640
Philippines,PHL,1963,1490
Philippines,PHL,1964,1405
Philippines,PHL,1965,1132
Philippines,PHL,1966,1103
Philippines,PHL,1967,1200
Philippines,PHL,1968,1188
Philippines,PHL,1969,1195
Philippines,PHL,1970,1195
Philippines,PHL,1971,1376
Philippines,PHL,1972,1128
Philippines,PHL,1973,1306
Philippines,PHL,1974,2214
Philippines,PHL,1975,5657
Philippines,PHL,1976,8396
Philippines,PHL,1977,8133
Philippines,PHL,1978,7099
Philippines,PHL,1979,8033
Philippines,PHL,1980,9395
Philippines,PHL,1981,10057
Philippines,PHL,1982,11467
Philippines,PHL,1983,8104
Philippines,PHL,1984,7618
Philippines,PHL,1985,8280
Philippines,PHL,1986,6670
Philippines,PHL,1987,6736
Philippines,PHL,1988,5935
Philippines,PHL,1989,4049
Philippines,PHL,1990,4937
Philippines,PHL,1991,2284.09
Philippines,PHL,1992,1808.51
Philippines,PHL,1993,2132.89
Philippines,PHL,1994,2360.67
Philippines,PHL,1995,2983.33
Philippines,PHL,1996,1818.4
Philippines,PHL,1997,1614.86
Philippines,PHL,1998,1048
Philippines,PHL,1999,1041
Philippines,PHL,2000,953
Philippines,PHL,2001,897
Philippines,PHL,2002,990.51
Philippines,PHL,2003,973.69
Philippines,PHL,2004,978
Philippines,PHL,2005,988
Philippines,PHL,2006,1050
Philippines,PHL,2007,676
Philippines,PHL,2008,1015
Philippines,PHL,2009,842
Philippines,PHL,2010,812
Philippines,PHL,2011,684
Philippines,PHL,2012,567
Philippines,PHL,2013,806.74
Philippines,PHL,2014,694.68
Philippines,PHL,2015,545.34
Philippines,PHL,2016,544.13
Philippines,PHL,2017,666.18
Philippines,PHL,2018,657.74
Philippines,PHL,2019,658.54
Philippines,PHL,2020,554.45
Philippines,PHL,2021,407.45
Philippines,PHL,2022,626.43
Philippines,PHL,2023,615.64
Philippines,PHL,2024,505.74
Poland,POL,2003,260
Poland,POL,2004,429
Poland,POL,2005,334
Poland,POL,2006,336
Poland,POL,2007,525
Poland,POL,2008,102
Poland,POL,2009,209
Poland,POL,2010,249
Poland,POL,2011,331
Poland,POL,2012,1460
Poland,POL,2013,0
Poland,POL,2014,0
Poland,POL,2015,0
Poland,POL,2016,14747
Poland,POL,2017,20297
Poland,POL,2018,10390
Poland,POL,2019,15540
Poland,POL,2020,15960
Poland,POL,2021,20970
Poland,POL,2022,43780
Poland,POL,2023,47030
Poland,POL,2024,80960
Polynesia (FAO),,2018,23
Polynesia (FAO),,2019,25
Polynesia (FAO),,2020,28
Polynesia (FAO),,2021,26
Polynesia (FAO),,2022,18
Polynesia (FAO),,2023,15
Polynesia (FAO),,2024,11.47
Romania,ROU,1961,4600
Romania,ROU,1962,3000
Romania,ROU,1963,2856
Romania,ROU,1964,2700
Romania,ROU,1965,2700
Romania,ROU,1966,19800
Romania,ROU,1967,41400
Romania,ROU,1968,47100
Romania,ROU,1969,50900
Romania,ROU,1970,90500
Romania,ROU,1971,164700
Romania,ROU,1972,186200
Romania,ROU,1973,244300
Romania,ROU,1974,297800
Romania,ROU,1975,212800
Romania,ROU,1976,213000
Romania,ROU,1977,190941
Romania,ROU,1978,229822
Romania,ROU,1979,383250
Romania,ROU,1980,434800
Romania,ROU,1981,268179
Romania,ROU,1982,300679
Romania,ROU,1983,258813
Romania,ROU,1984,406500
Romania,ROU,1985,307500
Romania,ROU,1986,380400
Romania,ROU,1987,361200
Romania,ROU,1988,295100
Romania,ROU,1989,303900
Romania,ROU,1990,141173
Romania,ROU,1991,178593
Romania,ROU,1992,126159
Romania,ROU,1993,95370
Romania,ROU,1994,100078
Romania,ROU,1995,107861
Romania,ROU,1996,113084
Romania,ROU,1997,121148
Romania,ROU,1998,200820
Romania,ROU,1999,183403
Romania,ROU,2000,69473
Romania,ROU,2001,72688
Romania,ROU,2002,145932
Romania,ROU,2003,224908
Romania,ROU,2004,298506
Romania,ROU,2005,312781
Romania,ROU,2006,344909
Romania,ROU,2007,136094
Romania,ROU,2008,90579
Romania,ROU,2009,84268
Romania,ROU,2010,149940
Romania,ROU,2011,142636
Romania,ROU,2012,104330
Romania,ROU,2013,149931
Romania,ROU,2014,202892
Romania,ROU,2015,262061
Romania,ROU,2016,263380
Romania,ROU,2017,393495
Romania,ROU,2018,492680
Romania,ROU,2019,440120
Romania,ROU,2020,340820
Romania,ROU,2021,367740
Romania,ROU,2022,258530
Romania,ROU,2023,320800
Romania,ROU,2024,316760
Russia,RUS,1992,505360
Russia,RUS,1993,496791
Russia,RUS,1994,421542
Russia,RUS,1995,290240
Russia,RUS,1996,282892.9
Russia,RUS,1997,279535.7
Russia,RUS,1998,295030.6
Russia,RUS,1999,334395.7
Russia,RUS,2000,341754.1
Russia,RUS,2001,349634.8
Russia,RUS,2002,422529.8
Russia,RUS,2003,392476.6
Russia,RUS,2004,554235.6
Russia,RUS,2005,686098.5
Russia,RUS,2006,804536
Russia,RUS,2007,650180
Russia,RUS,2008,745990
Russia,RUS,2009,943660
Russia,RUS,2010,1222371.2
Russia,RUS,2011,1640965.5
Russia,RUS,2012,1683123.5
Russia,RUS,2013,1517152.2
Russia,RUS,2014,2363562
Russia,RUS,2015,2708169.5
Russia,RUS,2016,3142693
Russia,RUS,2017,3621712
Russia,RUS,2018,4026850
Russia,RUS,2019,4359956
Russia,RUS,2020,4307593
Russia,RUS,2021,4759908.5
Russia,RUS,2022,6003152.5
Russia,RUS,2023,6820000
Russia,RUS,2024,7000000
Rwanda,RWA,1961,230
Rwanda,RWA,1962,160
Rwanda,RWA,1963,100
Rwanda,RWA,1964,0
Rwanda,RWA,1965,0
Rwanda,RWA,1966,0
Rwanda,RWA,1967,0
Rwanda,RWA,1968,0
Rwanda,RWA,1969,385
Rwanda,RWA,1970,1070
Rwanda,RWA,1971,976
Rwanda,RWA,1972,1123
Rwanda,RWA,1973,1307
Rwanda,RWA,1974,1275
Rwanda,RWA,1975,2701
Rwanda,RWA,1976,3721
Rwanda,RWA,1977,4502
Rwanda,RWA,1978,2928
Rwanda,RWA,1979,3900
Rwanda,RWA,1980,5300
Rwanda,RWA,1981,6365
Rwanda,RWA,1982,7825
Rwanda,RWA,1983,5200
Rwanda,RWA,1984,5169
Rwanda,RWA,1985,8444
Rwanda,RWA,1986,5700
Rwanda,RWA,1987,6980
Rwanda,RWA,1988,7000
Rwanda,RWA,1989,9200
Rwanda,RWA,1990,18096
Rwanda,RWA,1991,18000
Rwanda,RWA,1992,34000
Rwanda,RWA,1993,12000
Rwanda,RWA,1994,7115
Rwanda,RWA,1995,8155
Rwanda,RWA,1996,3302
Rwanda,RWA,1997,6779
Rwanda,RWA,1998,9831
Rwanda,RWA,1999,8898
Rwanda,RWA,2000,13922
Rwanda,RWA,2001,16336
Rwanda,RWA,2002,17088
Rwanda,RWA,2003,19869
Rwanda,RWA,2004,18251
Rwanda,RWA,2005,23703
Rwanda,RWA,2006,27138
Rwanda,RWA,2007,39819
Rwanda,RWA,2008,50931
Rwanda,RWA,2009,54000
Rwanda,RWA,2010,57089
Rwanda,RWA,2011,37426
Rwanda,RWA,2012,18544
Rwanda,RWA,2013,24837.87
Rwanda,RWA,2014,17901
Rwanda,RWA,2015,21739
Rwanda,RWA,2016,21941.84
Rwanda,RWA,2017,23933.88
Rwanda,RWA,2018,22809.42
Rwanda,RWA,2019,24525.63
Rwanda,RWA,2020,23754.65
Rwanda,RWA,2021,26857
Rwanda,RWA,2022,34055.65
Rwanda,RWA,2023,29621.84
Rwanda,RWA,2024,36704.73
Senegal,SEN,1961,0
Senegal,SEN,1962,0
Senegal,SEN,1963,0
Senegal,SEN,1964,0
Senegal,SEN,1965,0
Senegal,SEN,1966,0
Senegal,SEN,1967,0
Senegal,SEN,1968,0
Senegal,SEN,1969,0
Senegal,SEN,1970,0
Senegal,SEN,1971,0
Senegal,SEN,1972,0
Senegal,SEN,1973,0
Senegal,SEN,1974,0
Senegal,SEN,1975,0
Senegal,SEN,1976,0
Senegal,SEN,1977,0
Senegal,SEN,1978,0
Senegal,SEN,1979,0
Senegal,SEN,1980,0
Senegal,SEN,1981,0
Senegal,SEN,1982,0
Senegal,SEN,1983,217
Senegal,SEN,1984,122
Senegal,SEN,1985,0
Senegal,SEN,1986,0
Senegal,SEN,1987,0
Senegal,SEN,1988,0
Senegal,SEN,1989,0
Senegal,SEN,1990,0
Senegal,SEN,1991,0
Senegal,SEN,1992,0
Serbia,SRB,2006,429639
Serbia,SRB,2007,303950
Serbia,SRB,2008,350946
Serbia,SRB,2009,349193
Serbia,SRB,2010,540859
Serbia,SRB,2011,440847
Serbia,SRB,2012,280638
Serbia,SRB,2013,385214
Serbia,SRB,2014,545898.5
Serbia,SRB,2015,454431
Serbia,SRB,2016,576446
Serbia,SRB,2017,461272
Serbia,SRB,2018,645607
Serbia,SRB,2019,700502.06
Serbia,SRB,2020,751577.75
Serbia,SRB,2021,540205.06
Serbia,SRB,2022,398556
Serbia,SRB,2023,599878
Serbia,SRB,2024,346808.38
Serbia and Montenegro,OWID_SRM,1992,89634
Serbia and Montenegro,OWID_SRM,1993,76940
Serbia and Montenegro,OWID_SRM,1994,83265
Serbia and Montenegro,OWID_SRM,1995,107254
Serbia and Montenegro,OWID_SRM,1996,152995
Serbia and Montenegro,OWID_SRM,1997,152763
Serbia and Montenegro,OWID_SRM,1998,159933
Serbia and Montenegro,OWID_SRM,1999,293957
Serbia and Montenegro,OWID_SRM,2000,170593
Serbia and Montenegro,OWID_SRM,2001,207051
Serbia and Montenegro,OWID_SRM,2002,244293
Serbia and Montenegro,OWID_SRM,2003,225963
Serbia and Montenegro,OWID_SRM,2004,317836
Serbia and Montenegro,OWID_SRM,2005,368023
Sierra Leone,SLE,2023,364.7
Sierra Leone,SLE,2024,7485.4
Slovakia,SVK,1993,1305
Slovakia,SVK,1994,1338
Slovakia,SVK,1995,1066
Slovakia,SVK,1996,1483
Slovakia,SVK,1997,1836
Slovakia,SVK,1998,5583
Slovakia,SVK,1999,6068
Slovakia,SVK,2000,4814
Slovakia,SVK,2001,10381
Slovakia,SVK,2002,15019
Slovakia,SVK,2003,12210
Slovakia,SVK,2004,13511
Slovakia,SVK,2005,18964
Slovakia,SVK,2006,20553
Slovakia,SVK,2007,11030
Slovakia,SVK,2008,11379
Slovakia,SVK,2009,15379
Slovakia,SVK,2010,24045
Slovakia,SVK,2011,36921
Slovakia,SVK,2012,41832
Slovakia,SVK,2013,39623
Slovakia,SVK,2014,83904.9
Slovakia,SVK,2015,62086
Slovakia,SVK,2016,92484
Slovakia,SVK,2017,102441
Slovakia,SVK,2018,106960
Slovakia,SVK,2019,119660
Slovakia,SVK,2020,132200
Slovakia,SVK,2021,165160
Slovakia,SVK,2022,98760
Slovakia,SVK,2023,132810
Slovakia,SVK,2024,152740
Slovenia,SVN,1992,44
Slovenia,SVN,1993,57
Slovenia,SVN,1994,11
Slovenia,SVN,1995,39
Slovenia,SVN,1996,11
Slovenia,SVN,1997,10
Slovenia,SVN,1998,9
Slovenia,SVN,1999,71
Slovenia,SVN,2000,69
Slovenia,SVN,2001,104
Slovenia,SVN,2002,161
Slovenia,SVN,2003,68
Slovenia,SVN,2004,226
Slovenia,SVN,2005,333
Slovenia,SVN,2006,527
Slovenia,SVN,2007,348
Slovenia,SVN,2008,137
Slovenia,SVN,2009,193
Slovenia,SVN,2010,290
Slovenia,SVN,2011,292
Slovenia,SVN,2012,343
Slovenia,SVN,2013,463
Slovenia,SVN,2014,1046
Slovenia,SVN,2015,4689
Slovenia,SVN,2016,7387
Slovenia,SVN,2017,7713
Slovenia,SVN,2018,5330
Slovenia,SVN,2019,4240
Slovenia,SVN,2020,5010
Slovenia,SVN,2021,4810
Slovenia,SVN,2022,5340
Slovenia,SVN,2023,7880
Slovenia,SVN,2024,11640
Small Island Developing States (FAO),,1961,1410
Small Island Developing States (FAO),,1962,1061
Small Island Developing States (FAO),,1963,1043
Small Island Developing States (FAO),,1964,1140
Small Island Developing States (FAO),,1965,1066
Small Island Developing States (FAO),,1966,1090
Small Island Developing States (FAO),,1967,1061
Small Island Developing States (FAO),,1968,1173
Small Island Developing States (FAO),,1969,1033
Small Island Developing States (FAO),,1970,1029
Small Island Developing States (FAO),,1971,1110
Small Island Developing States (FAO),,1972,1042
Small Island Developing States (FAO),,1973,1107
Small Island Developing States (FAO),,1974,1148
Small Island Developing States (FAO),,1975,1039
Small Island Developing States (FAO),,1976,1024
Small Island Developing States (FAO),,1977,1053
Small Island Developing States (FAO),,1978,1046
Small Island Developing States (FAO),,1979,1030
Small Island Developing States (FAO),,1980,1030
Small Island Developing States (FAO),,1981,1020
Small Island Developing States (FAO),,1982,1010
Small Island Developing States (FAO),,1983,1015
Small Island Developing States (FAO),,1984,1026
Small Island Developing States (FAO),,1985,1035
Small Island Developing States (FAO),,1986,1035
Small Island Developing States (FAO),,1987,1027
Small Island Developing States (FAO),,1988,1052
Small Island Developing States (FAO),,1989,1102
Small Island Developing States (FAO),,1990,1255
Small Island Developing States (FAO),,1991,1107
Small Island Developing States (FAO),,1992,1487
Small Island Developing States (FAO),,1993,1701
Small Island Developing States (FAO),,1994,844
Small Island Developing States (FAO),,1995,1101
Small Island Developing States (FAO),,1996,1492
Small Island Developing States (FAO),,1997,1620
Small Island Developing States (FAO),,1998,800
Small Island Developing States (FAO),,1999,2058
Small Island Developing States (FAO),,2000,1320
Small Island Developing States (FAO),,2001,1236
Small Island Developing States (FAO),,2002,1629
Small Island Developing States (FAO),,2003,2290
Small Island Developing States (FAO),,2004,1231.23
Small Island Developing States (FAO),,2005,1244.54
Small Island Developing States (FAO),,2006,1511.21
Small Island Developing States (FAO),,2007,1274.66
Small Island Developing States (FAO),,2008,830
Small Island Developing States (FAO),,2009,2425
Small Island Developing States (FAO),,2010,1700
Small Island Developing States (FAO),,2011,2161
Small Island Developing States (FAO),,2012,2113.26
Small Island Developing States (FAO),,2013,5220.41
Small Island Developing States (FAO),,2014,4870.74
Small Island Developing States (FAO),,2015,6098.74
Small Island Developing States (FAO),,2016,8754.39
Small Island Developing States (FAO),,2017,13942.75
Small Island Developing States (FAO),,2018,12693.58
Small Island Developing States (FAO),,2019,8728.37
Small Island Developing States (FAO),,2020,14544.47
Small Island Developing States (FAO),,2021,18700.94
Small Island Developing States (FAO),,2022,28933.6
Small Island Developing States (FAO),,2023,30971.38
Small Island Developing States (FAO),,2024,28278.44
South Africa,ZAF,1961,2631
South Africa,ZAF,1962,2631
South Africa,ZAF,1963,2359
South Africa,ZAF,1964,3000
South Africa,ZAF,1965,3000
South Africa,ZAF,1966,2800
South Africa,ZAF,1967,4500
South Africa,ZAF,1968,4100
South Africa,ZAF,1969,7300
South Africa,ZAF,1970,7700
South Africa,ZAF,1971,2900
South Africa,ZAF,1972,2000
South Africa,ZAF,1973,4600
South Africa,ZAF,1974,21400
South Africa,ZAF,1975,22700
South Africa,ZAF,1976,17900
South Africa,ZAF,1977,29700
South Africa,ZAF,1978,40100
South Africa,ZAF,1979,26400
South Africa,ZAF,1980,39900
South Africa,ZAF,1981,27600
South Africa,ZAF,1982,21448
South Africa,ZAF,1983,28700
South Africa,ZAF,1984,38900
South Africa,ZAF,1985,39900
South Africa,ZAF,1986,37900
South Africa,ZAF,1987,34900
South Africa,ZAF,1988,65300
South Africa,ZAF,1989,78600
South Africa,ZAF,1990,118200
South Africa,ZAF,1991,126000
South Africa,ZAF,1992,62900
South Africa,ZAF,1993,68600
South Africa,ZAF,1994,63100
South Africa,ZAF,1995,58200
South Africa,ZAF,1996,80000
South Africa,ZAF,1997,98000
South Africa,ZAF,1998,215000
South Africa,ZAF,1999,199000
South Africa,ZAF,2000,153925
South Africa,ZAF,2001,226210
South Africa,ZAF,2002,223000
South Africa,ZAF,2003,136520
South Africa,ZAF,2004,220000
South Africa,ZAF,2005,272500
South Africa,ZAF,2006,424000
South Africa,ZAF,2007,205000
South Africa,ZAF,2008,282000
South Africa,ZAF,2009,516000
South Africa,ZAF,2010,566000
South Africa,ZAF,2011,710000
South Africa,ZAF,2012,650000
South Africa,ZAF,2013,784500
South Africa,ZAF,2014,948000
South Africa,ZAF,2015,1070000
South Africa,ZAF,2016,742000
South Africa,ZAF,2017,1316000
South Africa,ZAF,2018,1540000
South Africa,ZAF,2019,1170345
South Africa,ZAF,2020,1245500
South Africa,ZAF,2021,1897000
South Africa,ZAF,2022,2230000
South Africa,ZAF,2023,2770000
South Africa,ZAF,2024,1848000
South America,OWID_SAM,1961,297380
South America,OWID_SAM,1962,384136
South America,OWID_SAM,1963,383030
South America,OWID_SAM,1964,381025
South America,OWID_SAM,1965,614471
South America,OWID_SAM,1966,689749
South America,OWID_SAM,1967,838094
South America,OWID_SAM,1968,808950
South America,OWID_SAM,1969,1234775
South America,OWID_SAM,1970,1713061
South America,OWID_SAM,1971,2319505
South America,OWID_SAM,1972,3509227
South America,OWID_SAM,1973,5514338
South America,OWID_SAM,1974,8688808
South America,OWID_SAM,1975,10810260
South America,OWID_SAM,1976,12339068
South America,OWID_SAM,1977,14442069
South America,OWID_SAM,1978,12590769
South America,OWID_SAM,1979,14754677
South America,OWID_SAM,1980,19490030
South America,OWID_SAM,1981,19784312
South America,OWID_SAM,1982,18002304
South America,OWID_SAM,1983,19634734
South America,OWID_SAM,1984,23748474
South America,OWID_SAM,1985,26225004
South America,OWID_SAM,1986,21676714
South America,OWID_SAM,1987,25458688
South America,OWID_SAM,1988,29805880
South America,OWID_SAM,1989,32806840
South America,OWID_SAM,1990,33067376
South America,OWID_SAM,1991,27529048
South America,OWID_SAM,1992,32311780
South America,OWID_SAM,1993,36202340
South America,OWID_SAM,1994,39480680
South America,OWID_SAM,1995,41103372
South America,OWID_SAM,1996,39035350
South America,OWID_SAM,1997,41188636
South America,OWID_SAM,1998,54125430
South America,OWID_SAM,1999,55151420
South America,OWID_SAM,2000,57281240
South America,OWID_SAM,2001,69662150
South America,OWID_SAM,2002,76922010
South America,OWID_SAM,2003,92936456
South America,OWID_SAM,2004,86864750
South America,OWID_SAM,2005,95790730
South America,OWID_SAM,2006,99203090
South America,OWID_SAM,2007,113921600
South America,OWID_SAM,2008,114590100
South America,OWID_SAM,2009,95300264
South America,OWID_SAM,2010,132556616
South America,OWID_SAM,2011,135622030
South America,OWID_SAM,2012,115246130
South America,OWID_SAM,2013,145882750
South America,OWID_SAM,2014,156239920
South America,OWID_SAM,2015,174114740
South America,OWID_SAM,2016,169894530
South America,OWID_SAM,2017,186189330
South America,OWID_SAM,2018,171153700
South America,OWID_SAM,2019,184079550
South America,OWID_SAM,2020,186600100
South America,OWID_SAM,2021,196729680
South America,OWID_SAM,2022,176783980
South America,OWID_SAM,2023,191927580
South America,OWID_SAM,2024,210342110
South America (FAO),,1961,297380
South America (FAO),,1962,384136
South America (FAO),,1963,383030
South America (FAO),,1964,381025
South America (FAO),,1965,614471
South America (FAO),,1966,689749
South America (FAO),,1967,838094
South America (FAO),,1968,808950
South America (FAO),,1969,1234775
South America (FAO),,1970,1713061
South America (FAO),,1971,2319505
South America (FAO),,1972,3509227
South America (FAO),,1973,5514338
South America (FAO),,1974,8688808
South America (FAO),,1975,10810260
South America (FAO),,1976,12339068
South America (FAO),,1977,14442069
South America (FAO),,1978,12590769
South America (FAO),,1979,14754677
South America (FAO),,1980,19490030
South America (FAO),,1981,19784312
South America (FAO),,1982,18002304
South America (FAO),,1983,19634734
South America (FAO),,1984,23748474
South America (FAO),,1985,26225004
South America (FAO),,1986,21676714
South America (FAO),,1987,25458688
South America (FAO),,1988,29805880
South America (FAO),,1989,32806840
South America (FAO),,1990,33067376
South America (FAO),,1991,27529048
South America (FAO),,1992,32311780
South America (FAO),,1993,36202340
South America (FAO),,1994,39480680
South America (FAO),,1995,41103376
South America (FAO),,1996,39035350
South America (FAO),,1997,41188636
South America (FAO),,1998,54125430
South America (FAO),,1999,55151420
South America (FAO),,2000,57281240
South America (FAO),,2001,69662140
South America (FAO),,2002,76922010
South America (FAO),,2003,92936456
South America (FAO),,2004,86864750
South America (FAO),,2005,95790730
South America (FAO),,2006,99203090
South America (FAO),,2007,113921600
South America (FAO),,2008,114590100
South America (FAO),,2009,95300264
South America (FAO),,2010,132556616
South America (FAO),,2011,135622030
South America (FAO),,2012,115246136
South America (FAO),,2013,145882740
South America (FAO),,2014,156239920
South America (FAO),,2015,174114740
South America (FAO),,2016,169894530
South America (FAO),,2017,186189330
South America (FAO),,2018,171153700
South America (FAO),,2019,184079550
South America (FAO),,2020,186600100
South America (FAO),,2021,196729660
South America (FAO),,2022,176783980
South America (FAO),,2023,191927580
South America (FAO),,2024,210342130
South Korea,KOR,1961,164836
South Korea,KOR,1962,155747
South Korea,KOR,1963,156372
South Korea,KOR,1964,162857
South Korea,KOR,1965,174456
South Korea,KOR,1966,161303
South Korea,KOR,1967,201452
South Korea,KOR,1968,245257
South Korea,KOR,1969,229046
South Korea,KOR,1970,231994
South Korea,KOR,1971,229000
South Korea,KOR,1972,223939
South Korea,KOR,1973,245822
South Korea,KOR,1974,318576
South Korea,KOR,1975,310555
South Korea,KOR,1976,294949
South Korea,KOR,1977,318735
South Korea,KOR,1978,292832
South Korea,KOR,1979,257069
South Korea,KOR,1980,216318
South Korea,KOR,1981,256851
South Korea,KOR,1982,233358
South Korea,KOR,1983,226368
South Korea,KOR,1984,253527
South Korea,KOR,1985,233863
South Korea,KOR,1986,198537
South Korea,KOR,1987,203478
South Korea,KOR,1988,239431
South Korea,KOR,1989,251552
South Korea,KOR,1990,232786
South Korea,KOR,1991,183171
South Korea,KOR,1992,175925
South Korea,KOR,1993,170151
South Korea,KOR,1994,154380
South Korea,KOR,1995,159640
South Korea,KOR,1996,160081
South Korea,KOR,1997,156489
South Korea,KOR,1998,140441
South Korea,KOR,1999,116120
South Korea,KOR,2000,113196
South Korea,KOR,2001,117723
South Korea,KOR,2002,115024
South Korea,KOR,2003,105089
South Korea,KOR,2004,138570
South Korea,KOR,2005,183338
South Korea,KOR,2006,156404
South Korea,KOR,2007,114245
South Korea,KOR,2008,132674
South Korea,KOR,2009,139251
South Korea,KOR,2010,105345
South Korea,KOR,2011,129394
South Korea,KOR,2012,122519
South Korea,KOR,2013,154067
South Korea,KOR,2014,139267
South Korea,KOR,2015,103504
South Korea,KOR,2016,75448
South Korea,KOR,2017,85644
South Korea,KOR,2018,89410
South Korea,KOR,2019,105340
South Korea,KOR,2020,80926
South Korea,KOR,2021,110781
South Korea,KOR,2022,129925
South Korea,KOR,2023,141477
South Korea,KOR,2024,154954
South-eastern Asia (FAO),,1961,481102
South-eastern Asia (FAO),,1962,465755
South-eastern Asia (FAO),,1963,423361
South-eastern Asia (FAO),,1964,458510
South-eastern Asia (FAO),,1965,461651
South-eastern Asia (FAO),,1966,493557
South-eastern Asia (FAO),,1967,508268
South-eastern Asia (FAO),,1968,501527
South-eastern Asia (FAO),,1969,477921
South-eastern Asia (FAO),,1970,585864
South-eastern Asia (FAO),,1971,604625
South-eastern Asia (FAO),,1972,627565
South-eastern Asia (FAO),,1973,684047
South-eastern Asia (FAO),,1974,738786
South-eastern Asia (FAO),,1975,745202
South-eastern Asia (FAO),,1976,683887
South-eastern Asia (FAO),,1977,674821
South-eastern Asia (FAO),,1978,826644
South-eastern Asia (FAO),,1979,831309
South-eastern Asia (FAO),,1980,816640
South-eastern Asia (FAO),,1981,924607
South-eastern Asia (FAO),,1982,748649
South-eastern Asia (FAO),,1983,814132
South-eastern Asia (FAO),,1984,1122355
South-eastern Asia (FAO),,1985,1306073
South-eastern Asia (FAO),,1986,1706323
South-eastern Asia (FAO),,1987,1644959
South-eastern Asia (FAO),,1988,1923153
South-eastern Asia (FAO),,1989,2126788
South-eastern Asia (FAO),,1990,2161885
South-eastern Asia (FAO),,1991,2141077
South-eastern Asia (FAO),,1992,2507987.5
South-eastern Asia (FAO),,1993,2407985
South-eastern Asia (FAO),,1994,2297845.8
South-eastern Asia (FAO),,1995,2281743.2
South-eastern Asia (FAO),,1996,2086180.4
South-eastern Asia (FAO),,1997,1942115.9
South-eastern Asia (FAO),,1998,1890979
South-eastern Asia (FAO),,1999,1989447
South-eastern Asia (FAO),,2000,1623133
South-eastern Asia (FAO),,2001,1409245
South-eastern Asia (FAO),,2002,1303942.5
South-eastern Asia (FAO),,2003,1340926.8
South-eastern Asia (FAO),,2004,1461578.2
South-eastern Asia (FAO),,2005,1707391.5
South-eastern Asia (FAO),,2006,1535983.2
South-eastern Asia (FAO),,2007,1414411.6
South-eastern Asia (FAO),,2008,1593745
South-eastern Asia (FAO),,2009,1780996
South-eastern Asia (FAO),,2010,1788162
South-eastern Asia (FAO),,2011,1507667.5
South-eastern Asia (FAO),,2012,1371809.2
South-eastern Asia (FAO),,2013,1309057.2
South-eastern Asia (FAO),,2014,1449255.4
South-eastern Asia (FAO),,2015,1437897.6
South-eastern Asia (FAO),,2016,1297341.5
South-eastern Asia (FAO),,2017,911703.8
South-eastern Asia (FAO),,2018,1321526.9
South-eastern Asia (FAO),,2019,718216.9
South-eastern Asia (FAO),,2020,578113.9
South-eastern Asia (FAO),,2021,484558.47
South-eastern Asia (FAO),,2022,564917.6
South-eastern Asia (FAO),,2023,584503
South-eastern Asia (FAO),,2024,490086.62
Southern Africa (FAO),,1961,2631
Southern Africa (FAO),,1962,2631
Southern Africa (FAO),,1963,2359
Southern Africa (FAO),,1964,3000
Southern Africa (FAO),,1965,3000
Southern Africa (FAO),,1966,2800
Southern Africa (FAO),,1967,4500
Southern Africa (FAO),,1968,4100
Southern Africa (FAO),,1969,7300
Southern Africa (FAO),,1970,7700
Southern Africa (FAO),,1971,2900
Southern Africa (FAO),,1972,2000
Southern Africa (FAO),,1973,4600
Southern Africa (FAO),,1974,21400
Southern Africa (FAO),,1975,22700
Southern Africa (FAO),,1976,17900
Southern Africa (FAO),,1977,29700
Southern Africa (FAO),,1978,40100
Southern Africa (FAO),,1979,26400
Southern Africa (FAO),,1980,39900
Southern Africa (FAO),,1981,27600
Southern Africa (FAO),,1982,21448
Southern Africa (FAO),,1983,28700
Southern Africa (FAO),,1984,38900
Southern Africa (FAO),,1985,39900
Southern Africa (FAO),,1986,37900
Southern Africa (FAO),,1987,34900
Southern Africa (FAO),,1988,65300
Southern Africa (FAO),,1989,78600
Southern Africa (FAO),,1990,118200
Southern Africa (FAO),,1991,126000
Southern Africa (FAO),,1992,62900
Southern Africa (FAO),,1993,68600
Southern Africa (FAO),,1994,63100
Southern Africa (FAO),,1995,58200
Southern Africa (FAO),,1996,80000
Southern Africa (FAO),,1997,98000
Southern Africa (FAO),,1998,215000
Southern Africa (FAO),,1999,199000
Southern Africa (FAO),,2000,153925
Southern Africa (FAO),,2001,226210
Southern Africa (FAO),,2002,223000
Southern Africa (FAO),,2003,136520
Southern Africa (FAO),,2004,220000
Southern Africa (FAO),,2005,272500
Southern Africa (FAO),,2006,424000
Southern Africa (FAO),,2007,205000
Southern Africa (FAO),,2008,282000
Southern Africa (FAO),,2009,516000
Southern Africa (FAO),,2010,566000
Southern Africa (FAO),,2011,710000
Southern Africa (FAO),,2012,650000
Southern Africa (FAO),,2013,784500
Southern Africa (FAO),,2014,948000
Southern Africa (FAO),,2015,1070000
Southern Africa (FAO),,2016,742000
Southern Africa (FAO),,2017,1316000
Southern Africa (FAO),,2018,1540000
Southern Africa (FAO),,2019,1170345
Southern Africa (FAO),,2020,1245500
Southern Africa (FAO),,2021,1897000
Southern Africa (FAO),,2022,2230000
Southern Africa (FAO),,2023,2770000
Southern Africa (FAO),,2024,1848000
Southern Asia (FAO),,1961,8480
Southern Asia (FAO),,1962,8480
Southern Asia (FAO),,1963,11480
Southern Asia (FAO),,1964,12030
Southern Asia (FAO),,1965,14080
Southern Asia (FAO),,1966,15080
Southern Asia (FAO),,1967,17700
Southern Asia (FAO),,1968,17800
Southern Asia (FAO),,1969,20400
Southern Asia (FAO),,1970,21470
Southern Asia (FAO),,1971,23017
Southern Asia (FAO),,1972,48093
Southern Asia (FAO),,1973,55386
Southern Asia (FAO),,1974,93763
Southern Asia (FAO),,1975,167605
Southern Asia (FAO),,1976,230640
Southern Asia (FAO),,1977,275227
Southern Asia (FAO),,1978,421171
Southern Asia (FAO),,1979,374489
Southern Asia (FAO),,1980,499009
Southern Asia (FAO),,1981,423632
Southern Asia (FAO),,1982,613649
Southern Asia (FAO),,1983,763390
Southern Asia (FAO),,1984,1083348
Southern Asia (FAO),,1985,1143025
Southern Asia (FAO),,1986,1002889
Southern Asia (FAO),,1987,975171
Southern Asia (FAO),,1988,1658154
Southern Asia (FAO),,1989,1912269
Southern Asia (FAO),,1990,2708490
Southern Asia (FAO),,1991,2571256.8
Southern Asia (FAO),,1992,3489374
Southern Asia (FAO),,1993,4911337.5
Southern Asia (FAO),,1994,4096645.2
Southern Asia (FAO),,1995,5211110.5
Southern Asia (FAO),,1996,5468753
Southern Asia (FAO),,1997,6607503
Southern Asia (FAO),,1998,7280157
Southern Asia (FAO),,1999,7192473
Southern Asia (FAO),,2000,5376387
Southern Asia (FAO),,2001,6068678.5
Southern Asia (FAO),,2002,4800166.5
Southern Asia (FAO),,2003,7985881.5
Southern Asia (FAO),,2004,7117224.5
Southern Asia (FAO),,2005,8534586
Southern Asia (FAO),,2006,9124852
Southern Asia (FAO),,2007,11231945
Southern Asia (FAO),,2008,10170067
Southern Asia (FAO),,2009,10221498
Southern Asia (FAO),,2010,12990634
Southern Asia (FAO),,2011,12428869
Southern Asia (FAO),,2012,14928489
Southern Asia (FAO),,2013,12113374
Southern Asia (FAO),,2014,10663740
Southern Asia (FAO),,2015,8836588
Southern Asia (FAO),,2016,13429277
Southern Asia (FAO),,2017,11213540
Southern Asia (FAO),,2018,13556534
Southern Asia (FAO),,2019,11550589
Southern Asia (FAO),,2020,12947915
Southern Asia (FAO),,2021,13312478
Southern Asia (FAO),,2022,15335526
Southern Asia (FAO),,2023,13409820
Southern Asia (FAO),,2024,15481019
Southern Europe (FAO),,1961,10185
Southern Europe (FAO),,1962,8305
Southern Europe (FAO),,1963,7255
Southern Europe (FAO),,1964,9835
Southern Europe (FAO),,1965,9895
Southern Europe (FAO),,1966,11014
Southern Europe (FAO),,1967,9105
Southern Europe (FAO),,1968,3140
Southern Europe (FAO),,1969,5664
Southern Europe (FAO),,1970,8101
Southern Europe (FAO),,1971,6537
Southern Europe (FAO),,1972,8687
Southern Europe (FAO),,1973,25991
Southern Europe (FAO),,1974,53182
Southern Europe (FAO),,1975,44431
Southern Europe (FAO),,1976,54385
Southern Europe (FAO),,1977,75004
Southern Europe (FAO),,1978,80242
Southern Europe (FAO),,1979,82176
Southern Europe (FAO),,1980,54215
Southern Europe (FAO),,1981,105943
Southern Europe (FAO),,1982,219711
Southern Europe (FAO),,1983,278224
Southern Europe (FAO),,1984,350314
Southern Europe (FAO),,1985,474133
Southern Europe (FAO),,1986,1043355
Southern Europe (FAO),,1987,1839101
Southern Europe (FAO),,1988,1614513
Southern Europe (FAO),,1989,1894827
Southern Europe (FAO),,1990,1977471
Southern Europe (FAO),,1991,1615213
Southern Europe (FAO),,1992,1250941
Southern Europe (FAO),,1993,722272.7
Southern Europe (FAO),,1994,839222.3
Southern Europe (FAO),,1995,881538.2
Southern Europe (FAO),,1996,1029364.5
Southern Europe (FAO),,1997,1354684.4
Southern Europe (FAO),,1998,1487828.5
Southern Europe (FAO),,1999,1300161.5
Southern Europe (FAO),,2000,1150398.1
Southern Europe (FAO),,2001,1205628.8
Southern Europe (FAO),,2002,969603.9
Southern Europe (FAO),,2003,711944.7
Southern Europe (FAO),,2004,926093.1
Southern Europe (FAO),,2005,1057345.6
Southern Europe (FAO),,2006,1171345.2
Southern Europe (FAO),,2007,813242.25
Southern Europe (FAO),,2008,814850.9
Southern Europe (FAO),,2009,944446.8
Southern Europe (FAO),,2010,1259615.9
Southern Europe (FAO),,2011,1163887.4
Southern Europe (FAO),,2012,809730.94
Southern Europe (FAO),,2013,1132725.4
Southern Europe (FAO),,2014,1631523.5
Southern Europe (FAO),,2015,1798565.8
Southern Europe (FAO),,2016,1940908.4
Southern Europe (FAO),,2017,1721502.8
Southern Europe (FAO),,2018,2113486.5
Southern Europe (FAO),,2019,2025179
Southern Europe (FAO),,2020,2072380.8
Southern Europe (FAO),,2021,1727661
Southern Europe (FAO),,2022,1582769.1
Southern Europe (FAO),,2023,1953856.6
Southern Europe (FAO),,2024,1784985.9
Spain,ESP,1961,0
Spain,ESP,1962,0
Spain,ESP,1963,0
Spain,ESP,1964,0
Spain,ESP,1965,0
Spain,ESP,1966,0
Spain,ESP,1967,0
Spain,ESP,1968,0
Spain,ESP,1969,0
Spain,ESP,1970,3022
Spain,ESP,1971,2196
Spain,ESP,1972,2856
Spain,ESP,1973,12814
Spain,ESP,1974,38727
Spain,ESP,1975,13901
Spain,ESP,1976,5826
Spain,ESP,1977,8186
Spain,ESP,1978,17088
Spain,ESP,1979,15208
Spain,ESP,1980,13780
Spain,ESP,1981,6253
Spain,ESP,1982,5149
Spain,ESP,1983,2108
Spain,ESP,1984,4655
Spain,ESP,1985,5438
Spain,ESP,1986,3344
Spain,ESP,1987,3611
Spain,ESP,1988,10400
Spain,ESP,1989,27300
Spain,ESP,1990,42200
Spain,ESP,1991,11800
Spain,ESP,1992,32900
Spain,ESP,1993,1541
Spain,ESP,1994,7580
Spain,ESP,1995,4704
Spain,ESP,1996,10141
Spain,ESP,1997,8353
Spain,ESP,1998,11400
Spain,ESP,1999,9600
Spain,ESP,2000,6677
Spain,ESP,2001,6637
Spain,ESP,2002,1600
Spain,ESP,2003,623
Spain,ESP,2004,394
Spain,ESP,2005,2797
Spain,ESP,2006,1519
Spain,ESP,2007,920
Spain,ESP,2008,748
Spain,ESP,2009,2767
Spain,ESP,2010,1812
Spain,ESP,2011,1740
Spain,ESP,2012,1333
Spain,ESP,2013,1400
Spain,ESP,2014,2650
Spain,ESP,2015,4106
Spain,ESP,2016,2868.56
Spain,ESP,2017,4599
Spain,ESP,2018,4350
Spain,ESP,2019,5170
Spain,ESP,2020,4620
Spain,ESP,2021,4770
Spain,ESP,2022,3790
Spain,ESP,2023,7670
Spain,ESP,2024,10940
Sri Lanka,LKA,1961,30
Sri Lanka,LKA,1962,30
Sri Lanka,LKA,1963,30
Sri Lanka,LKA,1964,30
Sri Lanka,LKA,1965,30
Sri Lanka,LKA,1966,30
Sri Lanka,LKA,1967,50
Sri Lanka,LKA,1968,50
Sri Lanka,LKA,1969,50
Sri Lanka,LKA,1970,70
Sri Lanka,LKA,1971,90
Sri Lanka,LKA,1972,161
Sri Lanka,LKA,1973,227
Sri Lanka,LKA,1974,1261
Sri Lanka,LKA,1975,1162
Sri Lanka,LKA,1976,737
Sri Lanka,LKA,1977,1112
Sri Lanka,LKA,1978,2881
Sri Lanka,LKA,1979,1333
Sri Lanka,LKA,1980,1083
Sri Lanka,LKA,1981,2388
Sri Lanka,LKA,1982,11120
Sri Lanka,LKA,1983,10608
Sri Lanka,LKA,1984,7982
Sri Lanka,LKA,1985,2723
Sri Lanka,LKA,1986,3804
Sri Lanka,LKA,1987,3719
Sri Lanka,LKA,1988,1720
Sri Lanka,LKA,1989,1500
Sri Lanka,LKA,1990,3200
Sri Lanka,LKA,1991,2000
Sri Lanka,LKA,1992,1350
Sri Lanka,LKA,1993,830
Sri Lanka,LKA,1994,976
Sri Lanka,LKA,1995,2367
Sri Lanka,LKA,1996,726
Sri Lanka,LKA,1997,420
Sri Lanka,LKA,1998,599
Sri Lanka,LKA,1999,800
Sri Lanka,LKA,2000,640
Sri Lanka,LKA,2001,620
Sri Lanka,LKA,2002,1160
Sri Lanka,LKA,2003,2960
Sri Lanka,LKA,2004,1890
Sri Lanka,LKA,2005,4990
Sri Lanka,LKA,2006,5180
Sri Lanka,LKA,2007,4800
Sri Lanka,LKA,2008,3030
Sri Lanka,LKA,2009,3790
Sri Lanka,LKA,2010,7520
Sri Lanka,LKA,2011,3840
Sri Lanka,LKA,2012,1670
Sri Lanka,LKA,2013,13445
Sri Lanka,LKA,2014,6790
Sri Lanka,LKA,2015,6763.97
Sri Lanka,LKA,2016,9830
Sri Lanka,LKA,2017,14363
Sri Lanka,LKA,2018,2500
Sri Lanka,LKA,2019,2197
Sri Lanka,LKA,2020,7879.1
Sri Lanka,LKA,2021,3793.6
Sri Lanka,LKA,2022,3842
Sri Lanka,LKA,2023,7780
Sri Lanka,LKA,2024,6196
Suriname,SUR,1961,60
Suriname,SUR,1962,61
Suriname,SUR,1963,43
Suriname,SUR,1964,140
Suriname,SUR,1965,66
Suriname,SUR,1966,90
Suriname,SUR,1967,61
Suriname,SUR,1968,173
Suriname,SUR,1969,33
Suriname,SUR,1970,29
Suriname,SUR,1971,40
Suriname,SUR,1972,37
Suriname,SUR,1973,58
Suriname,SUR,1974,61
Suriname,SUR,1975,26
Suriname,SUR,1976,21
Suriname,SUR,1977,50
Suriname,SUR,1978,46
Suriname,SUR,1979,30
Suriname,SUR,1980,30
Suriname,SUR,1981,20
Suriname,SUR,1982,10
Suriname,SUR,1983,15
Suriname,SUR,1984,26
Suriname,SUR,1985,35
Suriname,SUR,1986,35
Suriname,SUR,1987,27
Suriname,SUR,1988,52
Suriname,SUR,1989,21
Suriname,SUR,1990,33
Suriname,SUR,1991,79
Suriname,SUR,1992,64
Suriname,SUR,1993,55
Suriname,SUR,1994,44
Suriname,SUR,1995,28
Suriname,SUR,1996,38
Suriname,SUR,1997,41
Suriname,SUR,1998,45
Suriname,SUR,1999,36
Suriname,SUR,2000,25
Suriname,SUR,2001,50
Suriname,SUR,2002,55
Suriname,SUR,2003,45
Suriname,SUR,2004,35
Suriname,SUR,2005,25
Suriname,SUR,2006,14
Suriname,SUR,2007,11
Suriname,SUR,2008,6
Suriname,SUR,2009,22
Suriname,SUR,2010,21
Suriname,SUR,2011,11
Suriname,SUR,2012,15
Suriname,SUR,2013,10
Suriname,SUR,2014,9
Suriname,SUR,2015,9
Suriname,SUR,2016,7
Suriname,SUR,2017,7
Suriname,SUR,2018,7
Suriname,SUR,2019,11
Suriname,SUR,2020,5
Suriname,SUR,2021,5
Suriname,SUR,2022,4.79
Suriname,SUR,2023,2.96
Suriname,SUR,2024,2.35
Switzerland,CHE,1961,0
Switzerland,CHE,1962,0
Switzerland,CHE,1963,0
Switzerland,CHE,1964,0
Switzerland,CHE,1965,0
Switzerland,CHE,1966,0
Switzerland,CHE,1967,0
Switzerland,CHE,1968,0
Switzerland,CHE,1969,0
Switzerland,CHE,1970,0
Switzerland,CHE,1971,0
Switzerland,CHE,1972,0
Switzerland,CHE,1973,0
Switzerland,CHE,1974,0
Switzerland,CHE,1975,0
Switzerland,CHE,1976,0
Switzerland,CHE,1977,0
Switzerland,CHE,1978,0
Switzerland,CHE,1979,0
Switzerland,CHE,1980,0
Switzerland,CHE,1981,0
Switzerland,CHE,1982,0
Switzerland,CHE,1983,0
Switzerland,CHE,1984,0
Switzerland,CHE,1985,0
Switzerland,CHE,1986,0
Switzerland,CHE,1987,0
Switzerland,CHE,1988,1934
Switzerland,CHE,1989,2215
Switzerland,CHE,1990,2611
Switzerland,CHE,1991,3621
Switzerland,CHE,1992,4743
Switzerland,CHE,1993,4121
Switzerland,CHE,1994,4663
Switzerland,CHE,1995,4848
Switzerland,CHE,1996,4733
Switzerland,CHE,1997,6197
Switzerland,CHE,1998,7514
Switzerland,CHE,1999,7553
Switzerland,CHE,2000,3750
Switzerland,CHE,2001,1250
Switzerland,CHE,2002,4860
Switzerland,CHE,2003,5934
Switzerland,CHE,2004,7100
Switzerland,CHE,2005,4000
Switzerland,CHE,2006,3000
Switzerland,CHE,2007,2600
Switzerland,CHE,2008,2900
Switzerland,CHE,2009,3000
Switzerland,CHE,2010,3076
Switzerland,CHE,2011,3300
Switzerland,CHE,2012,3050
Switzerland,CHE,2013,3553
Switzerland,CHE,2014,3882
Switzerland,CHE,2015,4054
Switzerland,CHE,2016,4500
Switzerland,CHE,2017,5642
Switzerland,CHE,2018,3740
Switzerland,CHE,2019,5350
Switzerland,CHE,2020,5247
Switzerland,CHE,2021,5832
Switzerland,CHE,2022,6175
Switzerland,CHE,2023,6949
Switzerland,CHE,2024,7479
Syria,SYR,1961,0
Syria,SYR,1962,0
Syria,SYR,1963,0
Syria,SYR,1964,0
Syria,SYR,1965,0
Syria,SYR,1966,0
Syria,SYR,1967,0
Syria,SYR,1968,0
Syria,SYR,1969,0
Syria,SYR,1970,0
Syria,SYR,1971,0
Syria,SYR,1972,0
Syria,SYR,1973,0
Syria,SYR,1974,0
Syria,SYR,1975,0
Syria,SYR,1976,0
Syria,SYR,1977,0
Syria,SYR,1978,0
Syria,SYR,1979,0
Syria,SYR,1980,0
Syria,SYR,1981,0
Syria,SYR,1982,0
Syria,SYR,1983,0
Syria,SYR,1984,0
Syria,SYR,1985,0
Syria,SYR,1986,0
Syria,SYR,1987,0
Syria,SYR,1988,4529
Syria,SYR,1989,10229
Syria,SYR,1990,10775
Syria,SYR,1991,5804
Syria,SYR,1992,11194
Syria,SYR,1993,10702
Syria,SYR,1994,13471
Syria,SYR,1995,11247
Syria,SYR,1996,9364
Syria,SYR,1997,6185
Syria,SYR,1998,7233
Syria,SYR,1999,2513
Syria,SYR,2000,3804
Syria,SYR,2001,3693
Syria,SYR,2002,4712
Syria,SYR,2003,3465
Syria,SYR,2004,3698
Syria,SYR,2005,3814
Syria,SYR,2006,3140
Syria,SYR,2007,2058
Syria,SYR,2008,1369
Syria,SYR,2009,1623
Syria,SYR,2010,3147
Syria,SYR,2011,2225
Syria,SYR,2012,820
Syria,SYR,2013,545
Syria,SYR,2014,303
Syria,SYR,2015,475
Syria,SYR,2016,3550
Syria,SYR,2017,3901
Syria,SYR,2018,1727
Syria,SYR,2019,2086
Syria,SYR,2020,6227
Syria,SYR,2021,4458
Syria,SYR,2022,2350
Syria,SYR,2023,2133
Syria,SYR,2024,3610
Taiwan,TWN,1961,53900
Taiwan,TWN,1962,53011
Taiwan,TWN,1963,52645
Taiwan,TWN,1964,57616
Taiwan,TWN,1965,65709
Taiwan,TWN,1966,63271
Taiwan,TWN,1967,75226
Taiwan,TWN,1968,72995
Taiwan,TWN,1969,67111
Taiwan,TWN,1970,65174
Taiwan,TWN,1971,60990
Taiwan,TWN,1972,60221
Taiwan,TWN,1973,60596
Taiwan,TWN,1974,66918
Taiwan,TWN,1975,61920
Taiwan,TWN,1976,52998
Taiwan,TWN,1977,51718
Taiwan,TWN,1978,40824
Taiwan,TWN,1979,31782
Taiwan,TWN,1980,25934
Taiwan,TWN,1981,15883
Taiwan,TWN,1982,12043
Taiwan,TWN,1983,8592
Taiwan,TWN,1984,9545
Taiwan,TWN,1985,12210
Taiwan,TWN,1986,14890
Taiwan,TWN,1987,18043
Taiwan,TWN,1988,14641
Taiwan,TWN,1989,10956
Taiwan,TWN,1990,8140
Taiwan,TWN,1991,8333
Taiwan,TWN,1992,8562
Taiwan,TWN,1993,12715
Taiwan,TWN,1994,12005
Taiwan,TWN,1995,8894
Taiwan,TWN,1996,9693
Taiwan,TWN,1997,4722
Taiwan,TWN,1998,1463
Taiwan,TWN,1999,352
Taiwan,TWN,2000,295
Taiwan,TWN,2001,328
Taiwan,TWN,2002,368
Taiwan,TWN,2003,341
Taiwan,TWN,2004,280
Taiwan,TWN,2005,213
Taiwan,TWN,2006,187
Taiwan,TWN,2007,147
Taiwan,TWN,2008,141
Taiwan,TWN,2009,221
Taiwan,TWN,2010,204
Taiwan,TWN,2011,105
Taiwan,TWN,2012,159
Taiwan,TWN,2013,879
Taiwan,TWN,2014,1173
Taiwan,TWN,2015,2725
Taiwan,TWN,2016,3061
Taiwan,TWN,2017,4674
Taiwan,TWN,2018,4404
Taiwan,TWN,2019,4776
Taiwan,TWN,2020,4447.42
Taiwan,TWN,2021,4194
Taiwan,TWN,2022,5430
Taiwan,TWN,2023,5955
Taiwan,TWN,2024,5000
Tajikistan,TJK,1992,2
Tajikistan,TJK,1993,4
Tajikistan,TJK,1994,10
Tajikistan,TJK,1995,7
Tajikistan,TJK,1996,25
Tajikistan,TJK,1997,14
Tajikistan,TJK,1998,23
Tajikistan,TJK,1999,15
Tajikistan,TJK,2000,21
Tajikistan,TJK,2001,17
Tajikistan,TJK,2002,18
Tajikistan,TJK,2003,1
Tajikistan,TJK,2004,1
Tajikistan,TJK,2005,0
Tajikistan,TJK,2006,1
Tajikistan,TJK,2007,14
Tajikistan,TJK,2008,1
Tajikistan,TJK,2009,30
Tajikistan,TJK,2010,21.65
Tajikistan,TJK,2011,36.4
Tajikistan,TJK,2012,20
Tajikistan,TJK,2013,20.52
Tajikistan,TJK,2014,19.91
Tajikistan,TJK,2015,22.04
Tajikistan,TJK,2016,21.09
Tajikistan,TJK,2017,20.96
Tajikistan,TJK,2018,21.37
Tajikistan,TJK,2019,20.26
Tajikistan,TJK,2020,20.86
Tajikistan,TJK,2021,20.83
Tajikistan,TJK,2022,20.65
Tajikistan,TJK,2023,20.78
Tajikistan,TJK,2024,20.75
Tanzania,TZA,1961,2600
Tanzania,TZA,1962,2200
Tanzania,TZA,1963,4000
Tanzania,TZA,1964,1700
Tanzania,TZA,1965,1200
Tanzania,TZA,1966,443
Tanzania,TZA,1967,254
Tanzania,TZA,1968,126
Tanzania,TZA,1969,177
Tanzania,TZA,1970,343
Tanzania,TZA,1971,1091
Tanzania,TZA,1972,1282
Tanzania,TZA,1973,1142
Tanzania,TZA,1974,1003
Tanzania,TZA,1975,863
Tanzania,TZA,1976,606
Tanzania,TZA,1977,1059
Tanzania,TZA,1978,599
Tanzania,TZA,1979,1057
Tanzania,TZA,1980,839
Tanzania,TZA,1981,1080
Tanzania,TZA,1982,198
Tanzania,TZA,1983,438
Tanzania,TZA,1984,300
Tanzania,TZA,1985,563
Tanzania,TZA,1986,465
Tanzania,TZA,1987,1300
Tanzania,TZA,1988,1528
Tanzania,TZA,1989,1340
Tanzania,TZA,1990,2000
Tanzania,TZA,1991,2100
Tanzania,TZA,1992,1800
Tanzania,TZA,1993,2000
Tanzania,TZA,1994,2100
Tanzania,TZA,1995,1854.96
Tanzania,TZA,1996,2406.08
Tanzania,TZA,1997,1900
Tanzania,TZA,1998,2000
Tanzania,TZA,1999,2044
Tanzania,TZA,2000,1493
Tanzania,TZA,2001,941
Tanzania,TZA,2002,390
Tanzania,TZA,2003,843
Tanzania,TZA,2004,930
Tanzania,TZA,2005,2630
Tanzania,TZA,2006,5000
Tanzania,TZA,2007,3000
Tanzania,TZA,2008,5390
Tanzania,TZA,2009,3900
Tanzania,TZA,2010,3100
Tanzania,TZA,2011,2500
Tanzania,TZA,2012,5624
Tanzania,TZA,2013,5830
Tanzania,TZA,2014,6025
Tanzania,TZA,2015,6030
Tanzania,TZA,2016,6710.76
Tanzania,TZA,2017,6135
Tanzania,TZA,2018,21321
Tanzania,TZA,2019,22953
Tanzania,TZA,2020,45000
Tanzania,TZA,2021,75000
Tanzania,TZA,2022,60000
Tanzania,TZA,2023,38850.05
Tanzania,TZA,2024,42738.1
Thailand,THA,1961,24200
Thailand,THA,1962,30000
Thailand,THA,1963,33000
Thailand,THA,1964,31300
Thailand,THA,1965,19100
Thailand,THA,1966,37900
Thailand,THA,1967,52800
Thailand,THA,1968,44800
Thailand,THA,1969,48200
Thailand,THA,1970,50400
Thailand,THA,1971,54300
Thailand,THA,1972,72400
Thailand,THA,1973,104164
Thailand,THA,1974,110448
Thailand,THA,1975,113945
Thailand,THA,1976,113604
Thailand,THA,1977,96295
Thailand,THA,1978,158929
Thailand,THA,1979,102149
Thailand,THA,1980,100022
Thailand,THA,1981,131527
Thailand,THA,1982,113392
Thailand,THA,1983,179126
Thailand,THA,1984,246448
Thailand,THA,1985,309424
Thailand,THA,1986,356484
Thailand,THA,1987,337745
Thailand,THA,1988,516811
Thailand,THA,1989,672368
Thailand,THA,1990,530112
Thailand,THA,1991,435587
Thailand,THA,1992,480148
Thailand,THA,1993,513099
Thailand,THA,1994,527580
Thailand,THA,1995,385560
Thailand,THA,1996,359094
Thailand,THA,1997,337790
Thailand,THA,1998,321235
Thailand,THA,1999,319015
Thailand,THA,2000,312432
Thailand,THA,2001,260696
Thailand,THA,2002,259863
Thailand,THA,2003,230516
Thailand,THA,2004,217514
Thailand,THA,2005,228375
Thailand,THA,2006,217298
Thailand,THA,2007,203660
Thailand,THA,2008,188795
Thailand,THA,2009,178224
Thailand,THA,2010,158833
Thailand,THA,2011,97282
Thailand,THA,2012,64251
Thailand,THA,2013,53358
Thailand,THA,2014,58295
Thailand,THA,2015,56963
Thailand,THA,2016,37765
Thailand,THA,2017,42829
Thailand,THA,2018,41165
Thailand,THA,2019,26283
Thailand,THA,2020,22800
Thailand,THA,2021,21234
Thailand,THA,2022,20699
Thailand,THA,2023,16899
Thailand,THA,2024,16347
Togo,TGO,2004,210
Togo,TGO,2005,220
Togo,TGO,2006,225
Togo,TGO,2007,250
Togo,TGO,2008,500
Togo,TGO,2009,1000
Togo,TGO,2010,2000
Togo,TGO,2011,4389.91
Togo,TGO,2012,8268.98
Togo,TGO,2013,12724.51
Togo,TGO,2014,18584.48
Togo,TGO,2015,25000
Togo,TGO,2016,41083.61
Togo,TGO,2017,60348.06
Togo,TGO,2018,92373.29
Togo,TGO,2019,123051.62
Togo,TGO,2020,154545
Togo,TGO,2021,207604
Togo,TGO,2022,236450
Togo,TGO,2023,260000
Togo,TGO,2024,284341.75
Turkey,TUR,1961,4500
Turkey,TUR,1962,4000
Turkey,TUR,1963,5550
Turkey,TUR,1964,5000
Turkey,TUR,1965,5000
Turkey,TUR,1966,4700
Turkey,TUR,1967,5500
Turkey,TUR,1968,8500
Turkey,TUR,1969,11000
Turkey,TUR,1970,12000
Turkey,TUR,1971,11000
Turkey,TUR,1972,12800
Turkey,TUR,1973,7400
Turkey,TUR,1974,8500
Turkey,TUR,1975,6750
Turkey,TUR,1976,8500
Turkey,TUR,1977,5500
Turkey,TUR,1978,3400
Turkey,TUR,1979,3300
Turkey,TUR,1980,2300
Turkey,TUR,1981,15000
Turkey,TUR,1982,36000
Turkey,TUR,1983,46000
Turkey,TUR,1984,60000
Turkey,TUR,1985,125000
Turkey,TUR,1986,200000
Turkey,TUR,1987,250000
Turkey,TUR,1988,150000
Turkey,TUR,1989,161000
Turkey,TUR,1990,162000
Turkey,TUR,1991,110000
Turkey,TUR,1992,95000
Turkey,TUR,1993,63000
Turkey,TUR,1994,70000
Turkey,TUR,1995,75000
Turkey,TUR,1996,50000
Turkey,TUR,1997,40000
Turkey,TUR,1998,60000
Turkey,TUR,1999,66000
Turkey,TUR,2000,44500
Turkey,TUR,2001,50000
Turkey,TUR,2002,75000
Turkey,TUR,2003,85000
Turkey,TUR,2004,50000
Turkey,TUR,2005,29000
Turkey,TUR,2006,47300
Turkey,TUR,2007,30666
Turkey,TUR,2008,34461
Turkey,TUR,2009,38442
Turkey,TUR,2010,86540
Turkey,TUR,2011,102260
Turkey,TUR,2012,122114
Turkey,TUR,2013,180000
Turkey,TUR,2014,150000
Turkey,TUR,2015,161000
Turkey,TUR,2016,165000
Turkey,TUR,2017,140000
Turkey,TUR,2018,140000
Turkey,TUR,2019,150000
Turkey,TUR,2020,155225
Turkey,TUR,2021,182000
Turkey,TUR,2022,155000
Turkey,TUR,2023,137500
Turkey,TUR,2024,180000
USSR,OWID_USS,1961,344000
USSR,OWID_USS,1962,475000
USSR,OWID_USS,1963,445000
USSR,OWID_USS,1964,285000
USSR,OWID_USS,1965,421000
USSR,OWID_USS,1966,586000
USSR,OWID_USS,1967,543000
USSR,OWID_USS,1968,528000
USSR,OWID_USS,1969,434000
USSR,OWID_USS,1970,595000
USSR,OWID_USS,1971,535000
USSR,OWID_USS,1972,258000
USSR,OWID_USS,1973,424000
USSR,OWID_USS,1974,360000
USSR,OWID_USS,1975,780000
USSR,OWID_USS,1976,480000
USSR,OWID_USS,1977,540000
USSR,OWID_USS,1978,634000
USSR,OWID_USS,1979,467000
USSR,OWID_USS,1980,525000
USSR,OWID_USS,1981,491000
USSR,OWID_USS,1982,536000
USSR,OWID_USS,1983,560000
USSR,OWID_USS,1984,473000
USSR,OWID_USS,1985,465000
USSR,OWID_USS,1986,703000
USSR,OWID_USS,1987,712000
USSR,OWID_USS,1988,883800
USSR,OWID_USS,1989,956400
USSR,OWID_USS,1990,875000
USSR,OWID_USS,1991,814000
Uganda,UGA,1961,1000
Uganda,UGA,1962,1000
Uganda,UGA,1963,400
Uganda,UGA,1964,1000
Uganda,UGA,1965,1000
Uganda,UGA,1966,1000
Uganda,UGA,1967,3000
Uganda,UGA,1968,7000
Uganda,UGA,1969,4000
Uganda,UGA,1970,5000
Uganda,UGA,1971,4000
Uganda,UGA,1972,7000
Uganda,UGA,1973,5000
Uganda,UGA,1974,4000
Uganda,UGA,1975,4000
Uganda,UGA,1976,8000
Uganda,UGA,1977,6000
Uganda,UGA,1978,6000
Uganda,UGA,1979,3000
Uganda,UGA,1980,3000
Uganda,UGA,1981,5000
Uganda,UGA,1982,6000
Uganda,UGA,1983,7000
Uganda,UGA,1984,8000
Uganda,UGA,1985,8000
Uganda,UGA,1986,9528
Uganda,UGA,1987,8000
Uganda,UGA,1988,14000
Uganda,UGA,1989,15788
Uganda,UGA,1990,36944
Uganda,UGA,1991,59000
Uganda,UGA,1992,59000
Uganda,UGA,1993,67000
Uganda,UGA,1994,75000
Uganda,UGA,1995,79000
Uganda,UGA,1996,87000
Uganda,UGA,1997,84000
Uganda,UGA,1998,92000
Uganda,UGA,1999,101000
Uganda,UGA,2000,128000
Uganda,UGA,2001,144000
Uganda,UGA,2002,166000
Uganda,UGA,2003,187000
Uganda,UGA,2004,158000
Uganda,UGA,2005,158000
Uganda,UGA,2006,175000
Uganda,UGA,2007,176000
Uganda,UGA,2008,22000
Uganda,UGA,2009,27000
Uganda,UGA,2010,27000
Uganda,UGA,2011,31847
Uganda,UGA,2012,23000
Uganda,UGA,2013,23205
Uganda,UGA,2014,27929
Uganda,UGA,2015,28013
Uganda,UGA,2016,25730
Uganda,UGA,2017,28097
Uganda,UGA,2018,108000
Uganda,UGA,2019,127000
Uganda,UGA,2020,138000
Uganda,UGA,2021,138000
Uganda,UGA,2022,172000
Uganda,UGA,2023,194000
Uganda,UGA,2024,155000
Ukraine,UKR,1992,76370
Ukraine,UKR,1993,61000
Ukraine,UKR,1994,31320
Ukraine,UKR,1995,22300
Ukraine,UKR,1996,15000
Ukraine,UKR,1997,18340
Ukraine,UKR,1998,35570
Ukraine,UKR,1999,45380
Ukraine,UKR,2000,64400
Ukraine,UKR,2001,73900
Ukraine,UKR,2002,124700
Ukraine,UKR,2003,231800
Ukraine,UKR,2004,363310
Ukraine,UKR,2005,612600
Ukraine,UKR,2006,889600
Ukraine,UKR,2007,722600
Ukraine,UKR,2008,812800
Ukraine,UKR,2009,1043500
Ukraine,UKR,2010,1680200
Ukraine,UKR,2011,2264400
Ukraine,UKR,2012,2410200
Ukraine,UKR,2013,2774300
Ukraine,UKR,2014,3881930
Ukraine,UKR,2015,3930600
Ukraine,UKR,2016,4276990
Ukraine,UKR,2017,3899370
Ukraine,UKR,2018,4460770
Ukraine,UKR,2019,3698710
Ukraine,UKR,2020,2797670
Ukraine,UKR,2021,3493200
Ukraine,UKR,2022,3443800
Ukraine,UKR,2023,4742550
Ukraine,UKR,2024,6635180
United States,USA,1961,18468000
United States,USA,1962,18213008
United States,USA,1963,19028000
United States,USA,1964,19076000
United States,USA,1965,23014000
United States,USA,1966,25270000
United States,USA,1967,26574768
United States,USA,1968,30126976
United States,USA,1969,30838992
United States,USA,1970,30675152
United States,USA,1971,32008768
United States,USA,1972,34580864
United States,USA,1973,42117936
United States,USA,1974,33102464
United States,USA,1975,42139730
United States,USA,1976,35071010
United States,USA,1977,48097936
United States,USA,1978,50860000
United States,USA,1979,61526304
United States,USA,1980,48921904
United States,USA,1981,54436000
United States,USA,1982,59611104
United States,USA,1983,44518400
United States,USA,1984,50648000
United States,USA,1985,57128000
United States,USA,1986,52868000
United States,USA,1987,52737010
United States,USA,1988,42153010
United States,USA,1989,52350000
United States,USA,1990,52416000
United States,USA,1991,54064730
United States,USA,1992,59611670
United States,USA,1993,50885390
United States,USA,1994,68443520
United States,USA,1995,59173500
United States,USA,1996,64780440
United States,USA,1997,73175780
United States,USA,1998,74598180
United States,USA,1999,72223460
United States,USA,2000,75055290
United States,USA,2001,78671470
United States,USA,2002,75010030
United States,USA,2003,66782720
United States,USA,2004,85015630
United States,USA,2005,83506580
United States,USA,2006,87000620
United States,USA,2007,72859180
United States,USA,2008,80748700
United States,USA,2009,91469550
United States,USA,2010,90663290
United States,USA,2011,84291400
United States,USA,2012,82790870
United States,USA,2013,91389350
United States,USA,2014,106877870
United States,USA,2015,106953940
United States,USA,2016,116931500
United States,USA,2017,120064970
United States,USA,2018,120514490
United States,USA,2019,96667090
United States,USA,2020,114748940
United States,USA,2021,121503600
United States,USA,2022,116220720
United States,USA,2023,113272630
United States,USA,2024,118836440
Upper-middle-income countries,OWID_UMC,1961,7354457
Upper-middle-income countries,OWID_UMC,1962,7881198
Upper-middle-income countries,OWID_UMC,1963,8205129
Upper-middle-income countries,OWID_UMC,1964,9051439
Upper-middle-income countries,OWID_UMC,1965,7695098
Upper-middle-income countries,OWID_UMC,1966,10131835
Upper-middle-income countries,OWID_UMC,1967,10287672
Upper-middle-income countries,OWID_UMC,1968,10149772
Upper-middle-income countries,OWID_UMC,1969,10061600
Upper-middle-income countries,OWID_UMC,1970,11821436
Upper-middle-income countries,OWID_UMC,1971,12322730
Upper-middle-income countries,OWID_UMC,1972,11230256
Upper-middle-income countries,OWID_UMC,1973,15582583
Upper-middle-income countries,OWID_UMC,1974,17794464
Upper-middle-income countries,OWID_UMC,1975,20254412
Upper-middle-income countries,OWID_UMC,1976,20564556
Upper-middle-income countries,OWID_UMC,1977,23571532
Upper-middle-income countries,OWID_UMC,1978,22102056
Upper-middle-income countries,OWID_UMC,1979,24301014
Upper-middle-income countries,OWID_UMC,1980,29108434
Upper-middle-income countries,OWID_UMC,1981,31306824
Upper-middle-income countries,OWID_UMC,1982,29206728
Upper-middle-income countries,OWID_UMC,1983,31802532
Upper-middle-income countries,OWID_UMC,1984,36063310
Upper-middle-income countries,OWID_UMC,1985,39744284
Upper-middle-income countries,OWID_UMC,1986,36772996
Upper-middle-income countries,OWID_UMC,1987,41222676
Upper-middle-income countries,OWID_UMC,1988,44746396
Upper-middle-income countries,OWID_UMC,1989,47347384
Upper-middle-income countries,OWID_UMC,1990,47945410
Upper-middle-income countries,OWID_UMC,1991,40995280
Upper-middle-income countries,OWID_UMC,1992,45703644
Upper-middle-income countries,OWID_UMC,1993,54241052
Upper-middle-income countries,OWID_UMC,1994,57859996
Upper-middle-income countries,OWID_UMC,1995,56402890
Upper-middle-income countries,OWID_UMC,1996,53697572
Upper-middle-income countries,OWID_UMC,1997,57251530
Upper-middle-income countries,OWID_UMC,1998,70539670
Upper-middle-income countries,OWID_UMC,1999,70855496
Upper-middle-income countries,OWID_UMC,2000,73462270
Upper-middle-income countries,OWID_UMC,2001,85766220
Upper-middle-income countries,OWID_UMC,2002,93968250
Upper-middle-income countries,OWID_UMC,2003,108496980
Upper-middle-income countries,OWID_UMC,2004,104614120
Upper-middle-income countries,OWID_UMC,2005,112751180
Upper-middle-income countries,OWID_UMC,2006,115467520
Upper-middle-income countries,OWID_UMC,2007,126959150
Upper-middle-income countries,OWID_UMC,2008,131299230
Upper-middle-income countries,OWID_UMC,2009,111117176
Upper-middle-income countries,OWID_UMC,2010,148961470
Upper-middle-income countries,OWID_UMC,2011,151982340
Upper-middle-income countries,OWID_UMC,2012,128695670
Upper-middle-income countries,OWID_UMC,2013,158085330
Upper-middle-income countries,OWID_UMC,2014,170035040
Upper-middle-income countries,OWID_UMC,2015,187279540
Upper-middle-income countries,OWID_UMC,2016,185096450
Upper-middle-income countries,OWID_UMC,2017,203042380
Upper-middle-income countries,OWID_UMC,2018,191580620
Upper-middle-income countries,OWID_UMC,2019,203447940
Upper-middle-income countries,OWID_UMC,2020,207547540
Upper-middle-income countries,OWID_UMC,2021,215381820
Upper-middle-income countries,OWID_UMC,2022,198222290
Upper-middle-income countries,OWID_UMC,2023,217837300
Upper-middle-income countries,OWID_UMC,2024,234826850
Uruguay,URY,1961,1000
Uruguay,URY,1962,1000
Uruguay,URY,1963,1000
Uruguay,URY,1964,1000
Uruguay,URY,1965,1000
Uruguay,URY,1966,1000
Uruguay,URY,1967,1000
Uruguay,URY,1968,1000
Uruguay,URY,1969,1000
Uruguay,URY,1970,1000
Uruguay,URY,1971,1000
Uruguay,URY,1972,1200
Uruguay,URY,1973,4000
Uruguay,URY,1974,5700
Uruguay,URY,1975,16500
Uruguay,URY,1976,23000
Uruguay,URY,1977,14200
Uruguay,URY,1978,28600
Uruguay,URY,1979,39694
Uruguay,URY,1980,49193
Uruguay,URY,1981,50000
Uruguay,URY,1982,28000
Uruguay,URY,1983,11914
Uruguay,URY,1984,10924
Uruguay,URY,1985,21465
Uruguay,URY,1986,35400
Uruguay,URY,1987,62780
Uruguay,URY,1988,72000
Uruguay,URY,1989,38500
Uruguay,URY,1990,37000
Uruguay,URY,1991,16500
Uruguay,URY,1992,17500
Uruguay,URY,1993,18500
Uruguay,URY,1994,16600
Uruguay,URY,1995,15500
Uruguay,URY,1996,13600
Uruguay,URY,1997,13000
Uruguay,URY,1998,19000
Uruguay,URY,1999,18999
Uruguay,URY,2000,6800
Uruguay,URY,2001,27600
Uruguay,URY,2002,71000
Uruguay,URY,2003,201000
Uruguay,URY,2004,377000
Uruguay,URY,2005,511000
Uruguay,URY,2006,676900
Uruguay,URY,2007,814920
Uruguay,URY,2008,772900
Uruguay,URY,2009,1028600
Uruguay,URY,2010,1793000
Uruguay,URY,2011,1541000
Uruguay,URY,2012,2112200
Uruguay,URY,2013,2765000
Uruguay,URY,2014,3162800
Uruguay,URY,2015,3109000
Uruguay,URY,2016,2208000
Uruguay,URY,2017,3212000
Uruguay,URY,2018,1334000
Uruguay,URY,2019,2828000
Uruguay,URY,2020,1990000
Uruguay,URY,2021,1707000
Uruguay,URY,2022,2776200
Uruguay,URY,2023,647800
Uruguay,URY,2024,3065000
Uzbekistan,UZB,2016,232
Uzbekistan,UZB,2017,6138
Uzbekistan,UZB,2018,11399
Uzbekistan,UZB,2019,10858
Uzbekistan,UZB,2020,7460
Uzbekistan,UZB,2021,29473
Uzbekistan,UZB,2022,34862.38
Uzbekistan,UZB,2023,18529.52
Uzbekistan,UZB,2024,12606.06
Venezuela,VEN,1961,0
Venezuela,VEN,1962,0
Venezuela,VEN,1963,0
Venezuela,VEN,1964,0
Venezuela,VEN,1965,0
Venezuela,VEN,1966,0
Venezuela,VEN,1967,0
Venezuela,VEN,1968,0
Venezuela,VEN,1969,0
Venezuela,VEN,1970,0
Venezuela,VEN,1971,0
Venezuela,VEN,1972,0
Venezuela,VEN,1973,0
Venezuela,VEN,1974,0
Venezuela,VEN,1975,0
Venezuela,VEN,1976,0
Venezuela,VEN,1977,0
Venezuela,VEN,1978,0
Venezuela,VEN,1979,0
Venezuela,VEN,1980,0
Venezuela,VEN,1981,0
Venezuela,VEN,1982,0
Venezuela,VEN,1983,0
Venezuela,VEN,1984,0
Venezuela,VEN,1985,0
Venezuela,VEN,1986,930
Venezuela,VEN,1987,1221
Venezuela,VEN,1988,10987
Venezuela,VEN,1989,8165
Venezuela,VEN,1990,3796
Venezuela,VEN,1991,9107
Venezuela,VEN,1992,1250
Venezuela,VEN,1993,4869
Venezuela,VEN,1994,3618
Venezuela,VEN,1995,2716
Venezuela,VEN,1996,6345
Venezuela,VEN,1997,6518
Venezuela,VEN,1998,5680
Venezuela,VEN,1999,5207
Venezuela,VEN,2000,4495
Venezuela,VEN,2001,4437
Venezuela,VEN,2002,4384
Venezuela,VEN,2003,3799
Venezuela,VEN,2004,3788
Venezuela,VEN,2005,3491
Venezuela,VEN,2006,23871
Venezuela,VEN,2007,60181
Venezuela,VEN,2008,50952
Venezuela,VEN,2009,54420
Venezuela,VEN,2010,51562
Venezuela,VEN,2011,49777
Venezuela,VEN,2012,23110
Venezuela,VEN,2013,17678
Venezuela,VEN,2014,4621
Venezuela,VEN,2015,9722
Venezuela,VEN,2016,1719.55
Venezuela,VEN,2017,7854.51
Venezuela,VEN,2018,11951
Venezuela,VEN,2019,4584
Venezuela,VEN,2020,6736.12
Venezuela,VEN,2021,6076
Venezuela,VEN,2022,6654
Venezuela,VEN,2023,9327
Venezuela,VEN,2024,11057.23
Vietnam,VNM,1961,14100
Vietnam,VNM,1962,13000
Vietnam,VNM,1963,12000
Vietnam,VNM,1964,14000
Vietnam,VNM,1965,15200
Vietnam,VNM,1966,16900
Vietnam,VNM,1967,17000
Vietnam,VNM,1968,16500
Vietnam,VNM,1969,15000
Vietnam,VNM,1970,14900
Vietnam,VNM,1971,13900
Vietnam,VNM,1972,14000
Vietnam,VNM,1973,15000
Vietnam,VNM,1974,16000
Vietnam,VNM,1975,13800
Vietnam,VNM,1976,20700
Vietnam,VNM,1977,21500
Vietnam,VNM,1978,21800
Vietnam,VNM,1979,19900
Vietnam,VNM,1980,32100
Vietnam,VNM,1981,55000
Vietnam,VNM,1982,76900
Vietnam,VNM,1983,63600
Vietnam,VNM,1984,69200
Vietnam,VNM,1985,79100
Vietnam,VNM,1986,84700
Vietnam,VNM,1987,95850
Vietnam,VNM,1988,85300
Vietnam,VNM,1989,82350
Vietnam,VNM,1990,86600
Vietnam,VNM,1991,80000
Vietnam,VNM,1992,80000
Vietnam,VNM,1993,105700
Vietnam,VNM,1994,124500
Vietnam,VNM,1995,125500
Vietnam,VNM,1996,113800
Vietnam,VNM,1997,113000
Vietnam,VNM,1998,146475
Vietnam,VNM,1999,147200
Vietnam,VNM,2000,149300
Vietnam,VNM,2001,173700
Vietnam,VNM,2002,205600
Vietnam,VNM,2003,219700
Vietnam,VNM,2004,245900
Vietnam,VNM,2005,292700
Vietnam,VNM,2006,258100
Vietnam,VNM,2007,275500
Vietnam,VNM,2008,267600
Vietnam,VNM,2009,215200
Vietnam,VNM,2010,298600
Vietnam,VNM,2011,266538.47
Vietnam,VNM,2012,173672
Vietnam,VNM,2013,168296.08
Vietnam,VNM,2014,156549
Vietnam,VNM,2015,146340.5
Vietnam,VNM,2016,160696.02
Vietnam,VNM,2017,101855.9
Vietnam,VNM,2018,81348.19
Vietnam,VNM,2019,77262.98
Vietnam,VNM,2020,65405.28
Vietnam,VNM,2021,59138.21
Vietnam,VNM,2022,52146.38
Vietnam,VNM,2023,48102.94
Vietnam,VNM,2024,46127
Western Africa (FAO),,1961,58000
Western Africa (FAO),,1962,70000
Western Africa (FAO),,1963,71000
Western Africa (FAO),,1964,60000
Western Africa (FAO),,1965,57000
Western Africa (FAO),,1966,61000
Western Africa (FAO),,1967,61100
Western Africa (FAO),,1968,66100
Western Africa (FAO),,1969,63200
Western Africa (FAO),,1970,59200
Western Africa (FAO),,1971,64300
Western Africa (FAO),,1972,64300
Western Africa (FAO),,1973,65300
Western Africa (FAO),,1974,66400
Western Africa (FAO),,1975,66400
Western Africa (FAO),,1976,71680
Western Africa (FAO),,1977,71800
Western Africa (FAO),,1978,74100
Western Africa (FAO),,1979,75450
Western Africa (FAO),,1980,80630
Western Africa (FAO),,1981,82603
Western Africa (FAO),,1982,85591
Western Africa (FAO),,1983,47617
Western Africa (FAO),,1984,49122
Western Africa (FAO),,1985,65694
Western Africa (FAO),,1986,73976
Western Africa (FAO),,1987,111394
Western Africa (FAO),,1988,155483
Western Africa (FAO),,1989,305903
Western Africa (FAO),,1990,228201
Western Africa (FAO),,1991,152671.81
Western Africa (FAO),,1992,165332.02
Western Africa (FAO),,1993,177573
Western Africa (FAO),,1994,187842.67
Western Africa (FAO),,1995,298145.34
Western Africa (FAO),,1996,331606.6
Western Africa (FAO),,1997,373450.03
Western Africa (FAO),,1998,418403.56
Western Africa (FAO),,1999,425753.3
Western Africa (FAO),,2000,444910.62
Western Africa (FAO),,2001,450541.12
Western Africa (FAO),,2002,478554.72
Western Africa (FAO),,2003,512499.4
Western Africa (FAO),,2004,542575.06
Western Africa (FAO),,2005,589933.7
Western Africa (FAO),,2006,622315
Western Africa (FAO),,2007,608765
Western Africa (FAO),,2008,734062
Western Africa (FAO),,2009,619142.4
Western Africa (FAO),,2010,603969.3
Western Africa (FAO),,2011,758677.8
Western Africa (FAO),,2012,912633
Western Africa (FAO),,2013,772665.2
Western Africa (FAO),,2014,904606.3
Western Africa (FAO),,2015,924816.25
Western Africa (FAO),,2016,1319568.2
Western Africa (FAO),,2017,1417618.4
Western Africa (FAO),,2018,1586506
Western Africa (FAO),,2019,1687677.2
Western Africa (FAO),,2020,1996959.1
Western Africa (FAO),,2021,2009456.6
Western Africa (FAO),,2022,2294220
Western Africa (FAO),,2023,2698219
Western Africa (FAO),,2024,2529144.2
Western Asia (FAO),,1961,4500
Western Asia (FAO),,1962,4000
Western Asia (FAO),,1963,5550
Western Asia (FAO),,1964,5000
Western Asia (FAO),,1965,5000
Western Asia (FAO),,1966,4700
Western Asia (FAO),,1967,5500
Western Asia (FAO),,1968,8500
Western Asia (FAO),,1969,11000
Western Asia (FAO),,1970,12000
Western Asia (FAO),,1971,11000
Western Asia (FAO),,1972,12800
Western Asia (FAO),,1973,7400
Western Asia (FAO),,1974,8502
Western Asia (FAO),,1975,6957
Western Asia (FAO),,1976,9141
Western Asia (FAO),,1977,6566
Western Asia (FAO),,1978,4700
Western Asia (FAO),,1979,4800
Western Asia (FAO),,1980,3900
Western Asia (FAO),,1981,16600
Western Asia (FAO),,1982,37600
Western Asia (FAO),,1983,47600
Western Asia (FAO),,1984,61500
Western Asia (FAO),,1985,126600
Western Asia (FAO),,1986,201700
Western Asia (FAO),,1987,251700
Western Asia (FAO),,1988,156279
Western Asia (FAO),,1989,173029
Western Asia (FAO),,1990,174675
Western Asia (FAO),,1991,117304
Western Asia (FAO),,1992,108465
Western Asia (FAO),,1993,75814
Western Asia (FAO),,1994,85415
Western Asia (FAO),,1995,88447
Western Asia (FAO),,1996,62264
Western Asia (FAO),,1997,50155
Western Asia (FAO),,1998,70234
Western Asia (FAO),,1999,70296
Western Asia (FAO),,2000,50961
Western Asia (FAO),,2001,55489
Western Asia (FAO),,2002,81683
Western Asia (FAO),,2003,92225
Western Asia (FAO),,2004,56027
Western Asia (FAO),,2005,35063.87
Western Asia (FAO),,2006,54218.23
Western Asia (FAO),,2007,35552.23
Western Asia (FAO),,2008,38161.23
Western Asia (FAO),,2009,41311.95
Western Asia (FAO),,2010,90704.67
Western Asia (FAO),,2011,106654.78
Western Asia (FAO),,2012,124957.02
Western Asia (FAO),,2013,182540.12
Western Asia (FAO),,2014,152372.92
Western Asia (FAO),,2015,163589.28
Western Asia (FAO),,2016,170613.84
Western Asia (FAO),,2017,145962.39
Western Asia (FAO),,2018,143791.19
Western Asia (FAO),,2019,154150.47
Western Asia (FAO),,2020,165515.34
Western Asia (FAO),,2021,189521.98
Western Asia (FAO),,2022,160413.94
Western Asia (FAO),,2023,142696.77
Western Asia (FAO),,2024,185673.9
Western Europe (FAO),,1961,0
Western Europe (FAO),,1962,0
Western Europe (FAO),,1963,0
Western Europe (FAO),,1964,0
Western Europe (FAO),,1965,0
Western Europe (FAO),,1966,0
Western Europe (FAO),,1967,0
Western Europe (FAO),,1968,0
Western Europe (FAO),,1969,0
Western Europe (FAO),,1970,0
Western Europe (FAO),,1971,0
Western Europe (FAO),,1972,0
Western Europe (FAO),,1973,795
Western Europe (FAO),,1974,5380
Western Europe (FAO),,1975,2945
Western Europe (FAO),,1976,3110
Western Europe (FAO),,1977,2860
Western Europe (FAO),,1978,4780
Western Europe (FAO),,1979,19996
Western Europe (FAO),,1980,18000
Western Europe (FAO),,1981,19000
Western Europe (FAO),,1982,20700
Western Europe (FAO),,1983,28600
Western Europe (FAO),,1984,45700
Western Europe (FAO),,1985,56400
Western Europe (FAO),,1986,96000
Western Europe (FAO),,1987,210400
Western Europe (FAO),,1988,245110
Western Europe (FAO),,1989,323102
Western Europe (FAO),,1990,270025
Western Europe (FAO),,1991,204153.3
Western Europe (FAO),,1992,174502.2
Western Europe (FAO),,1993,271009.6
Western Europe (FAO),,1994,368427.3
Western Europe (FAO),,1995,296442.7
Western Europe (FAO),,1996,258980.4
Western Europe (FAO),,1997,307130.5
Western Europe (FAO),,1998,337129.4
Western Europe (FAO),,1999,320527
Western Europe (FAO),,2000,238626
Western Europe (FAO),,2001,346418
Western Europe (FAO),,2002,249722
Western Europe (FAO),,2003,192766.6
Western Europe (FAO),,2004,199019
Western Europe (FAO),,2005,207101
Western Europe (FAO),,2006,191955
Western Europe (FAO),,2007,141105.03
Western Europe (FAO),,2008,121101
Western Europe (FAO),,2009,185174.7
Western Europe (FAO),,2010,239679.2
Western Europe (FAO),,2011,238198.9
Western Europe (FAO),,2012,215128.3
Western Europe (FAO),,2013,206405
Western Europe (FAO),,2014,367276.03
Western Europe (FAO),,2015,504079.2
Western Europe (FAO),,2016,539053.6
Western Europe (FAO),,2017,680260
Western Europe (FAO),,2018,647410
Western Europe (FAO),,2019,735760
Western Europe (FAO),,2020,707447
Western Europe (FAO),,2021,789632
Western Europe (FAO),,2022,750935
Western Europe (FAO),,2023,798779
Western Europe (FAO),,2024,786999
World,OWID_WRL,1961,26883158
World,OWID_WRL,1962,27120148
World,OWID_WRL,1963,28207072
World,OWID_WRL,1964,29079548
World,OWID_WRL,1965,31704924
World,OWID_WRL,1966,36412920
World,OWID_WRL,1967,37933320
World,OWID_WRL,1968,41420480
World,OWID_WRL,1969,41967348
World,OWID_WRL,1970,43696890
World,OWID_WRL,1971,45618770
World,OWID_WRL,1972,47257210
World,OWID_WRL,1973,59267890
World,OWID_WRL,1974,52639830
World,OWID_WRL,1975,64248540
World,OWID_WRL,1976,57399224
World,OWID_WRL,1977,73854800
World,OWID_WRL,1978,75449970
World,OWID_WRL,1979,88698344
World,OWID_WRL,1980,81040370
World,OWID_WRL,1981,88525040
World,OWID_WRL,1982,92121680
World,OWID_WRL,1983,79467064
World,OWID_WRL,1984,90752910
World,OWID_WRL,1985,101156850
World,OWID_WRL,1986,94446350
World,OWID_WRL,1987,100102460
World,OWID_WRL,1988,93521960
World,OWID_WRL,1989,107254264
World,OWID_WRL,1990,108456440
World,OWID_WRL,1991,102848990
World,OWID_WRL,1992,113986120
World,OWID_WRL,1993,115245090
World,OWID_WRL,1994,136356260
World,OWID_WRL,1995,126923180
World,OWID_WRL,1996,130173440
World,OWID_WRL,1997,144323170
World,OWID_WRL,1998,160125820
World,OWID_WRL,1999,157814080
World,OWID_WRL,2000,161312580
World,OWID_WRL,2001,177020740
World,OWID_WRL,2002,180950740
World,OWID_WRL,2003,190573540
World,OWID_WRL,2004,205548130
World,OWID_WRL,2005,214542770
World,OWID_WRL,2006,221552720
World,OWID_WRL,2007,219793280
World,OWID_WRL,2008,231223520
World,OWID_WRL,2009,223380780
World,OWID_WRL,2010,265092210
World,OWID_WRL,2011,261618180
World,OWID_WRL,2012,241376290
World,OWID_WRL,2013,277681470
World,OWID_WRL,2014,306288100
World,OWID_WRL,2015,323308200
World,OWID_WRL,2016,335977760
World,OWID_WRL,2017,357416300
World,OWID_WRL,2018,347660580
World,OWID_WRL,2019,334318500
World,OWID_WRL,2020,357351300
World,OWID_WRL,2021,373108930
World,OWID_WRL,2022,355756500
World,OWID_WRL,2023,370876100
World,OWID_WRL,2024,397671680
Yugoslavia,OWID_YGS,1961,9840
Yugoslavia,OWID_YGS,1962,7920
Yugoslavia,OWID_YGS,1963,7000
Yugoslavia,OWID_YGS,1964,9560
Yugoslavia,OWID_YGS,1965,9660
Yugoslavia,OWID_YGS,1966,10800
Yugoslavia,OWID_YGS,1967,8880
Yugoslavia,OWID_YGS,1968,2950
Yugoslavia,OWID_YGS,1969,5483
Yugoslavia,OWID_YGS,1970,4909
Yugoslavia,OWID_YGS,1971,4217
Yugoslavia,OWID_YGS,1972,5706
Yugoslavia,OWID_YGS,1973,12763
Yugoslavia,OWID_YGS,1974,13745
Yugoslavia,OWID_YGS,1975,30040
Yugoslavia,OWID_YGS,1976,48309
Yugoslavia,OWID_YGS,1977,66708
Yugoslavia,OWID_YGS,1978,63124
Yugoslavia,OWID_YGS,1979,66778
Yugoslavia,OWID_YGS,1980,34105
Yugoslavia,OWID_YGS,1981,92310
Yugoslavia,OWID_YGS,1982,197862
Yugoslavia,OWID_YGS,1983,210216
Yugoslavia,OWID_YGS,1984,228459
Yugoslavia,OWID_YGS,1985,174295
Yugoslavia,OWID_YGS,1986,224941
Yugoslavia,OWID_YGS,1987,237000
Yugoslavia,OWID_YGS,1988,179913
Yugoslavia,OWID_YGS,1989,208927
Yugoslavia,OWID_YGS,1990,156771
Yugoslavia,OWID_YGS,1991,187900
Zambia,ZMB,1961,0
Zambia,ZMB,1962,0
Zambia,ZMB,1963,0
Zambia,ZMB,1964,0
Zambia,ZMB,1965,0
Zambia,ZMB,1966,0
Zambia,ZMB,1967,0
Zambia,ZMB,1968,0
Zambia,ZMB,1969,0
Zambia,ZMB,1970,0
Zambia,ZMB,1971,0
Zambia,ZMB,1972,0
Zambia,ZMB,1973,173
Zambia,ZMB,1974,400
Zambia,ZMB,1975,683
Zambia,ZMB,1976,944
Zambia,ZMB,1977,1274
Zambia,ZMB,1978,2844
Zambia,ZMB,1979,1294
Zambia,ZMB,1980,1989
Zambia,ZMB,1981,3673
Zambia,ZMB,1982,7304
Zambia,ZMB,1983,7952
Zambia,ZMB,1984,13153
Zambia,ZMB,1985,14738
Zambia,ZMB,1986,15906
Zambia,ZMB,1987,13462
Zambia,ZMB,1988,21632
Zambia,ZMB,1989,20578
Zambia,ZMB,1990,26791
Zambia,ZMB,1991,27713
Zambia,ZMB,1992,7006
Zambia,ZMB,1993,26001
Zambia,ZMB,1994,24630
Zambia,ZMB,1995,21129
Zambia,ZMB,1996,40050
Zambia,ZMB,1997,29292
Zambia,ZMB,1998,12376
Zambia,ZMB,1999,26704
Zambia,ZMB,2000,28311
Zambia,ZMB,2001,2350
Zambia,ZMB,2002,9000
Zambia,ZMB,2003,12000
Zambia,ZMB,2004,24000
Zambia,ZMB,2005,89660
Zambia,ZMB,2006,57815
Zambia,ZMB,2007,55194
Zambia,ZMB,2008,56839
Zambia,ZMB,2009,118794
Zambia,ZMB,2010,111887
Zambia,ZMB,2011,116539
Zambia,ZMB,2012,203038
Zambia,ZMB,2013,261063
Zambia,ZMB,2014,214179
Zambia,ZMB,2015,226323
Zambia,ZMB,2016,267490
Zambia,ZMB,2017,351415.5
Zambia,ZMB,2018,302720.06
Zambia,ZMB,2019,281389.1
Zambia,ZMB,2020,296865.88
Zambia,ZMB,2021,411115
Zambia,ZMB,2022,475352.88
Zambia,ZMB,2023,760067.06
Zambia,ZMB,2024,169699.7
Zimbabwe,ZWE,1961,472
Zimbabwe,ZWE,1962,581
Zimbabwe,ZWE,1963,281
Zimbabwe,ZWE,1964,181
Zimbabwe,ZWE,1965,167
Zimbabwe,ZWE,1966,177
Zimbabwe,ZWE,1967,167
Zimbabwe,ZWE,1968,433
Zimbabwe,ZWE,1969,1738
Zimbabwe,ZWE,1970,8598
Zimbabwe,ZWE,1971,8878
Zimbabwe,ZWE,1972,10231
Zimbabwe,ZWE,1973,8801
Zimbabwe,ZWE,1974,21819
Zimbabwe,ZWE,1975,31558
Zimbabwe,ZWE,1976,44905
Zimbabwe,ZWE,1977,49884
Zimbabwe,ZWE,1978,78535
Zimbabwe,ZWE,1979,86556
Zimbabwe,ZWE,1980,97403
Zimbabwe,ZWE,1981,72881
Zimbabwe,ZWE,1982,91596
Zimbabwe,ZWE,1983,80626
Zimbabwe,ZWE,1984,89733
Zimbabwe,ZWE,1985,87601
Zimbabwe,ZWE,1986,73560
Zimbabwe,ZWE,1987,109198
Zimbabwe,ZWE,1988,121357
Zimbabwe,ZWE,1989,123725
Zimbabwe,ZWE,1990,113440
Zimbabwe,ZWE,1991,111464
Zimbabwe,ZWE,1992,51125
Zimbabwe,ZWE,1993,100881
Zimbabwe,ZWE,1994,110758
Zimbabwe,ZWE,1995,96555
Zimbabwe,ZWE,1996,96948
Zimbabwe,ZWE,1997,97063
Zimbabwe,ZWE,1998,116329
Zimbabwe,ZWE,1999,120685
Zimbabwe,ZWE,2000,135417
Zimbabwe,ZWE,2001,140793
Zimbabwe,ZWE,2002,84441
Zimbabwe,ZWE,2003,41197
Zimbabwe,ZWE,2004,85827
Zimbabwe,ZWE,2005,56730
Zimbabwe,ZWE,2006,70273
Zimbabwe,ZWE,2007,180404
Zimbabwe,ZWE,2008,100000
Zimbabwe,ZWE,2009,90000
Zimbabwe,ZWE,2010,57328
Zimbabwe,ZWE,2011,53849
Zimbabwe,ZWE,2012,77123.82
Zimbabwe,ZWE,2013,66739.73
Zimbabwe,ZWE,2014,71327.67
Zimbabwe,ZWE,2015,41768.24
Zimbabwe,ZWE,2016,47755
Zimbabwe,ZWE,2017,36478
Zimbabwe,ZWE,2018,69688
Zimbabwe,ZWE,2019,23043
Zimbabwe,ZWE,2020,59656
Zimbabwe,ZWE,2021,54404
Zimbabwe,ZWE,2022,54185.72
Zimbabwe,ZWE,2023,70999.5
Zimbabwe,ZWE,2024,69291